#
# A fatal error has been detected by the Java Runtime Environment:
#
#  SIGSEGV (0xb) at pc=0x0000774e06b501e0, pid=783869, tid=783981
#
# JRE version: OpenJDK Runtime Environment (21.0.8+9) (build 21.0.8+9-Ubuntu-0ubuntu124.04.1)
# Java VM: OpenJDK 64-Bit Server VM (21.0.8+9-Ubuntu-0ubuntu124.04.1, mixed mode, sharing, tiered, compressed oops, compressed class ptrs, parallel gc, linux-amd64)
# Problematic frame:
# V  [libjvm.so+0xb501e0]  klassVtable::update_inherited_vtable(Thread*, methodHandle const&, int, int, GrowableArray<InstanceKlass*>*)+0x1e0
#
# Core dump will be written. Default location: Core dumps may be processed with "/usr/share/apport/apport -p%p -s%s -c%c -d%d -P%P -u%u -g%g -F%F -- %E" (or dumping to /home/mulroney/h-drive/Year3/SCC331/331Distributed/part1/core.783869)
#
# If you would like to submit a bug report, please visit:
#   https://bugs.launchpad.net/ubuntu/+source/openjdk-21
#

---------------  S U M M A R Y ------------

Command Line: --add-modules=ALL-SYSTEM --add-opens=java.base/java.util=ALL-UNNAMED --add-opens=java.base/java.lang=ALL-UNNAMED --add-opens=java.base/sun.nio.fs=ALL-UNNAMED -Declipse.application=org.eclipse.jdt.ls.core.id1 -Dosgi.bundles.defaultStartLevel=4 -Declipse.product=org.eclipse.jdt.ls.core.product -Djava.import.generatesMetadataFilesAtProjectRoot=false -DDetectVMInstallationsJob.disabled=true -Dfile.encoding=utf8 -XX:+UseParallelGC -XX:GCTimeRatio=4 -XX:AdaptiveSizePolicyWeight=90 -Dsun.zip.disableMemoryMapping=true -Xmx2G -Xms100m -Xlog:disable -javaagent:/home/mulroney/.vscode/extensions/redhat.java-1.46.2025100108/lombok/lombok-1.18.39-4050.jar -XX:+HeapDumpOnOutOfMemoryError -XX:HeapDumpPath=/home/mulroney/.config/Code/User/workspaceStorage/12b0b9412c28d26dad82d985a9a21889/redhat.java -Daether.dependencyCollector.impl=bf -XX:+UnlockDiagnosticVMOptions -XX:+AllowArchivingWithJavaAgent -XX:+AutoCreateSharedArchive -XX:SharedArchiveFile=/home/mulroney/.config/Code/User/globalStorage/redhat.java/1.46.2025100108/jdtls.jsa /home/mulroney/.vscode/extensions/redhat.java-1.46.2025100108/server/plugins/org.eclipse.equinox.launcher_1.7.0.v20250519-0528.jar -configuration /home/mulroney/.config/Code/User/globalStorage/redhat.java/1.46.2025100108/config_linux -data /home/mulroney/.config/Code/User/workspaceStorage/12b0b9412c28d26dad82d985a9a21889/redhat.java/jdt_ws --pipe=/run/user/226300/lsp-7be999f2b216073acd9ae7df0b506173.sock

Host: 12th Gen Intel(R) Core(TM) i5-12500T, 12 cores, 15G, Ubuntu 24.04.3 LTS
Time: Fri Nov 21 13:44:52 2025 GMT elapsed time: 4.949677 seconds (0d 0h 0m 4s)

---------------  T H R E A D  ---------------

Current thread (0x0000774d20190610):  JavaThread "resolver-1" daemon [_thread_in_vm, id=783981, stack(0x0000774d74825000,0x0000774d74925000) (1024K)]

Stack: [0x0000774d74825000,0x0000774d74925000],  sp=0x0000774d749210f0,  free space=1008k
Native frames: (J=compiled Java code, j=interpreted, Vv=VM code, C=native code)
V  [libjvm.so+0xb501e0]  klassVtable::update_inherited_vtable(Thread*, methodHandle const&, int, int, GrowableArray<InstanceKlass*>*)+0x1e0
V  [libjvm.so+0xb52d83]  klassVtable::initialize_vtable(GrowableArray<InstanceKlass*>*)+0x133
V  [libjvm.so+0x8e35f7]  InstanceKlass::restore_unshareable_info(ClassLoaderData*, Handle, PackageEntry*, JavaThread*)+0xd7
V  [libjvm.so+0xf4d41d]  SystemDictionary::load_shared_class(InstanceKlass*, Handle, Handle, ClassFileStream const*, PackageEntry*, JavaThread*)+0x17d
V  [libjvm.so+0xf50c42]  SystemDictionaryShared::acquire_class_for_current_thread(InstanceKlass*, Handle, Handle, ClassFileStream const*, JavaThread*)+0xd2
V  [libjvm.so+0xf4b856]  SystemDictionary::resolve_class_from_stream(ClassFileStream*, Symbol*, Handle, ClassLoadInfo const&, JavaThread*)+0xa6
V  [libjvm.so+0x9fc2de]  jvm_define_class_common(char const*, _jobject*, signed char const*, int, _jobject*, char const*, JavaThread*)+0x20e
V  [libjvm.so+0x9fc54a]  JVM_DefineClassWithSource+0x6a
C  [libjava.so+0xf283]  Java_java_lang_ClassLoader_defineClass1+0x133
J 1046  java.lang.ClassLoader.defineClass1(Ljava/lang/ClassLoader;Ljava/lang/String;[BIILjava/security/ProtectionDomain;Ljava/lang/String;)Ljava/lang/Class; java.base@21.0.8 (0 bytes) @ 0x0000774df03325e0 [0x0000774df03324a0+0x0000000000000140]
J 1703 c1 java.lang.ClassLoader.defineClass(Ljava/lang/String;[BIILjava/security/ProtectionDomain;)Ljava/lang/Class; java.base@21.0.8 (43 bytes) @ 0x0000774de8ae89f4 [0x0000774de8ae86a0+0x0000000000000354]
J 2328 c1 org.eclipse.osgi.internal.loader.ModuleClassLoader.defineClass(Ljava/lang/String;[BLorg/eclipse/osgi/internal/loader/classpath/ClasspathEntry;)Lorg/eclipse/osgi/internal/loader/ModuleClassLoader$DefineClassResult; (67 bytes) @ 0x0000774de8c1b5cc [0x0000774de8c1b2a0+0x000000000000032c]
J 10965 c1 org.eclipse.osgi.internal.loader.classpath.ClasspathManager.defineClass(Ljava/lang/String;[BLorg/eclipse/osgi/internal/loader/classpath/ClasspathEntry;Lorg/eclipse/osgi/storage/bundlefile/BundleEntry;Ljava/util/List;)Ljava/lang/Class; (636 bytes) @ 0x0000774de9f09f14 [0x0000774de9f09600+0x0000000000000914]
J 4460 c2 org.eclipse.osgi.internal.loader.classpath.ClasspathManager.findClassImpl(Ljava/lang/String;Lorg/eclipse/osgi/internal/loader/classpath/ClasspathEntry;Ljava/util/List;)Ljava/lang/Class; (343 bytes) @ 0x0000774df0558b4c [0x0000774df05561c0+0x000000000000298c]
J 5547 c2 org.eclipse.osgi.internal.loader.classpath.ClasspathManager.findLocalClass(Ljava/lang/String;)Ljava/lang/Class; (210 bytes) @ 0x0000774df05738cc [0x0000774df0572ca0+0x0000000000000c2c]
J 2305 c1 org.eclipse.osgi.internal.loader.BundleLoader.findLocalClass(Ljava/lang/String;)Ljava/lang/Class; (166 bytes) @ 0x0000774de8c154c4 [0x0000774de8c14940+0x0000000000000b84]
J 5414 c2 org.eclipse.osgi.internal.loader.BundleLoader.findClass0(Ljava/lang/String;ZZ)Ljava/lang/Class; (491 bytes) @ 0x0000774df0586d74 [0x0000774df05854a0+0x00000000000018d4]
J 5154 c2 org.eclipse.osgi.internal.loader.ModuleClassLoader.loadClass(Ljava/lang/String;Z)Ljava/lang/Class; (36 bytes) @ 0x0000774df053912c [0x0000774df0539040+0x00000000000000ec]
J 4036 c2 java.lang.ClassLoader.loadClass(Ljava/lang/String;)Ljava/lang/Class; java.base@21.0.8 (7 bytes) @ 0x0000774df04a32ec [0x0000774df04a32a0+0x000000000000004c]
v  ~StubRoutines::call_stub 0x0000774defd37cc6
V  [libjvm.so+0x911e2a]  JavaCalls::call_helper(JavaValue*, methodHandle const&, JavaCallArguments*, JavaThread*)+0x2da
V  [libjvm.so+0x913812]  JavaCalls::call_virtual(JavaValue*, Handle, Klass*, Symbol*, Symbol*, Handle, JavaThread*)+0x1b2
V  [libjvm.so+0xf4d739]  SystemDictionary::load_instance_class_impl(Symbol*, Handle, JavaThread*)+0x189
V  [libjvm.so+0xf4bcc0]  SystemDictionary::load_instance_class(Symbol*, Handle, JavaThread*)+0x20
V  [libjvm.so+0xf4c7fc]  SystemDictionary::resolve_instance_class_or_null(Symbol*, Handle, Handle, JavaThread*)+0x9fc
V  [libjvm.so+0xf4dbc2]  SystemDictionary::resolve_or_fail(Symbol*, Handle, Handle, bool, JavaThread*)+0x52
V  [libjvm.so+0xfed716]  VerificationType::resolve_and_check_assignability(InstanceKlass*, Symbol*, Symbol*, bool, bool, bool, JavaThread*)+0x2a6
V  [libjvm.so+0xf57b6e]  SystemDictionaryShared::check_verification_constraints(InstanceKlass*, JavaThread*)+0x16e
V  [libjvm.so+0x8e43f1]  InstanceKlass::link_class_impl(JavaThread*)+0x4b1
V  [libjvm.so+0x8e9873]  InstanceKlass::initialize_impl(JavaThread*)+0x2e3
V  [libjvm.so+0x906e08]  InterpreterRuntime::_new(JavaThread*, ConstantPool*, int)+0x138
j  org.apache.http.impl.client.HttpClientBuilder.createMainExec(Lorg/apache/http/protocol/HttpRequestExecutor;Lorg/apache/http/conn/HttpClientConnectionManager;Lorg/apache/http/ConnectionReuseStrategy;Lorg/apache/http/conn/ConnectionKeepAliveStrategy;Lorg/apache/http/protocol/HttpProcessor;Lorg/apache/http/client/AuthenticationStrategy;Lorg/apache/http/client/AuthenticationStrategy;Lorg/apache/http/client/UserTokenHandler;)Lorg/apache/http/impl/execchain/ClientExecChain;+0
j  org.apache.http.impl.client.HttpClientBuilder.build()Lorg/apache/http/impl/client/CloseableHttpClient;+602
j  org.eclipse.aether.transport.http.HttpTransporter.<init>(Ljava/util/Map;Lorg/eclipse/aether/repository/RemoteRepository;Lorg/eclipse/aether/RepositorySystemSession;)V+1620
j  org.eclipse.aether.transport.http.HttpTransporterFactory.newInstance(Lorg/eclipse/aether/RepositorySystemSession;Lorg/eclipse/aether/repository/RemoteRepository;)Lorg/eclipse/aether/spi/connector/transport/Transporter;+24
j  org.eclipse.aether.internal.impl.DefaultTransporterProvider.newTransporter(Lorg/eclipse/aether/RepositorySystemSession;Lorg/eclipse/aether/repository/RemoteRepository;)Lorg/eclipse/aether/spi/connector/transport/Transporter;+124
j  org.eclipse.aether.connector.basic.BasicRepositoryConnector.<init>(Lorg/eclipse/aether/RepositorySystemSession;Lorg/eclipse/aether/repository/RemoteRepository;Lorg/eclipse/aether/spi/connector/transport/TransporterProvider;Lorg/eclipse/aether/spi/connector/layout/RepositoryLayoutProvider;Lorg/eclipse/aether/spi/connector/checksum/ChecksumPolicyProvider;Lorg/eclipse/aether/spi/io/FileProcessor;Ljava/util/Map;)V+42
j  org.eclipse.aether.connector.basic.BasicRepositoryConnectorFactory.newInstance(Lorg/eclipse/aether/RepositorySystemSession;Lorg/eclipse/aether/repository/RemoteRepository;)Lorg/eclipse/aether/spi/connector/RepositoryConnector;+40
j  org.eclipse.aether.internal.impl.DefaultRepositoryConnectorProvider.newRepositoryConnector(Lorg/eclipse/aether/RepositorySystemSession;Lorg/eclipse/aether/repository/RemoteRepository;)Lorg/eclipse/aether/spi/connector/RepositoryConnector;+209
j  org.eclipse.aether.internal.impl.DefaultArtifactResolver.performDownloads(Lorg/eclipse/aether/RepositorySystemSession;Lorg/eclipse/aether/internal/impl/DefaultArtifactResolver$ResolutionGroup;)V+78
j  org.eclipse.aether.internal.impl.DefaultArtifactResolver.resolve(Lorg/eclipse/aether/SyncContext;Lorg/eclipse/aether/SyncContext;Ljava/util/Collection;Lorg/eclipse/aether/RepositorySystemSession;Ljava/util/Collection;)Ljava/util/List;+1154
j  org.eclipse.aether.internal.impl.DefaultArtifactResolver.resolveArtifacts(Lorg/eclipse/aether/RepositorySystemSession;Ljava/util/Collection;)Ljava/util/List;+127
j  org.eclipse.aether.internal.impl.DefaultArtifactResolver.resolveArtifact(Lorg/eclipse/aether/RepositorySystemSession;Lorg/eclipse/aether/resolution/ArtifactRequest;)Lorg/eclipse/aether/resolution/ArtifactResult;+20
j  org.eclipse.aether.internal.impl.DefaultRepositorySystem.resolveArtifact(Lorg/eclipse/aether/RepositorySystemSession;Lorg/eclipse/aether/resolution/ArtifactRequest;)Lorg/eclipse/aether/resolution/ArtifactResult;+18
j  org.apache.maven.artifact.resolver.DefaultArtifactResolver.resolve(Lorg/apache/maven/artifact/Artifact;Ljava/util/List;Lorg/eclipse/aether/RepositorySystemSession;)V+257
j  org.apache.maven.artifact.resolver.DefaultArtifactResolver.access$000(Lorg/apache/maven/artifact/resolver/DefaultArtifactResolver;Lorg/apache/maven/artifact/Artifact;Ljava/util/List;Lorg/eclipse/aether/RepositorySystemSession;)V+4
j  org.apache.maven.artifact.resolver.DefaultArtifactResolver$ResolveTask.run()V+33
j  java.util.concurrent.ThreadPoolExecutor.runWorker(Ljava/util/concurrent/ThreadPoolExecutor$Worker;)V+92 java.base@21.0.8
j  java.util.concurrent.ThreadPoolExecutor$Worker.run()V+5 java.base@21.0.8
j  java.lang.Thread.runWith(Ljava/lang/Object;Ljava/lang/Runnable;)V+5 java.base@21.0.8
j  java.lang.Thread.run()V+19 java.base@21.0.8
v  ~StubRoutines::call_stub 0x0000774defd37cc6
V  [libjvm.so+0x911e2a]  JavaCalls::call_helper(JavaValue*, methodHandle const&, JavaCallArguments*, JavaThread*)+0x2da
V  [libjvm.so+0x913612]  JavaCalls::call_virtual(JavaValue*, Handle, Klass*, Symbol*, Symbol*, JavaThread*)+0x1a2
V  [libjvm.so+0x9ef2e3]  thread_entry(JavaThread*, JavaThread*)+0x93
V  [libjvm.so+0x929f66]  JavaThread::thread_main_inner()+0x1e6
V  [libjvm.so+0xf8dba7]  Thread::call_run()+0xa7
V  [libjvm.so+0xd044d5]  thread_native_entry(Thread*)+0xd5
C  [libc.so.6+0x9caa4]
Java frames: (J=compiled Java code, j=interpreted, Vv=VM code)
J 1046  java.lang.ClassLoader.defineClass1(Ljava/lang/ClassLoader;Ljava/lang/String;[BIILjava/security/ProtectionDomain;Ljava/lang/String;)Ljava/lang/Class; java.base@21.0.8 (0 bytes) @ 0x0000774df0332565 [0x0000774df03324a0+0x00000000000000c5]
J 1703 c1 java.lang.ClassLoader.defineClass(Ljava/lang/String;[BIILjava/security/ProtectionDomain;)Ljava/lang/Class; java.base@21.0.8 (43 bytes) @ 0x0000774de8ae89f4 [0x0000774de8ae86a0+0x0000000000000354]
J 2328 c1 org.eclipse.osgi.internal.loader.ModuleClassLoader.defineClass(Ljava/lang/String;[BLorg/eclipse/osgi/internal/loader/classpath/ClasspathEntry;)Lorg/eclipse/osgi/internal/loader/ModuleClassLoader$DefineClassResult; (67 bytes) @ 0x0000774de8c1b5cc [0x0000774de8c1b2a0+0x000000000000032c]
J 10965 c1 org.eclipse.osgi.internal.loader.classpath.ClasspathManager.defineClass(Ljava/lang/String;[BLorg/eclipse/osgi/internal/loader/classpath/ClasspathEntry;Lorg/eclipse/osgi/storage/bundlefile/BundleEntry;Ljava/util/List;)Ljava/lang/Class; (636 bytes) @ 0x0000774de9f09f14 [0x0000774de9f09600+0x0000000000000914]
J 4460 c2 org.eclipse.osgi.internal.loader.classpath.ClasspathManager.findClassImpl(Ljava/lang/String;Lorg/eclipse/osgi/internal/loader/classpath/ClasspathEntry;Ljava/util/List;)Ljava/lang/Class; (343 bytes) @ 0x0000774df0558b4c [0x0000774df05561c0+0x000000000000298c]
J 5547 c2 org.eclipse.osgi.internal.loader.classpath.ClasspathManager.findLocalClass(Ljava/lang/String;)Ljava/lang/Class; (210 bytes) @ 0x0000774df05738cc [0x0000774df0572ca0+0x0000000000000c2c]
J 2305 c1 org.eclipse.osgi.internal.loader.BundleLoader.findLocalClass(Ljava/lang/String;)Ljava/lang/Class; (166 bytes) @ 0x0000774de8c154c4 [0x0000774de8c14940+0x0000000000000b84]
J 5414 c2 org.eclipse.osgi.internal.loader.BundleLoader.findClass0(Ljava/lang/String;ZZ)Ljava/lang/Class; (491 bytes) @ 0x0000774df0586d74 [0x0000774df05854a0+0x00000000000018d4]
J 5154 c2 org.eclipse.osgi.internal.loader.ModuleClassLoader.loadClass(Ljava/lang/String;Z)Ljava/lang/Class; (36 bytes) @ 0x0000774df053912c [0x0000774df0539040+0x00000000000000ec]
J 4036 c2 java.lang.ClassLoader.loadClass(Ljava/lang/String;)Ljava/lang/Class; java.base@21.0.8 (7 bytes) @ 0x0000774df04a32ec [0x0000774df04a32a0+0x000000000000004c]
v  ~StubRoutines::call_stub 0x0000774defd37cc6
j  org.apache.http.impl.client.HttpClientBuilder.createMainExec(Lorg/apache/http/protocol/HttpRequestExecutor;Lorg/apache/http/conn/HttpClientConnectionManager;Lorg/apache/http/ConnectionReuseStrategy;Lorg/apache/http/conn/ConnectionKeepAliveStrategy;Lorg/apache/http/protocol/HttpProcessor;Lorg/apache/http/client/AuthenticationStrategy;Lorg/apache/http/client/AuthenticationStrategy;Lorg/apache/http/client/UserTokenHandler;)Lorg/apache/http/impl/execchain/ClientExecChain;+0
j  org.apache.http.impl.client.HttpClientBuilder.build()Lorg/apache/http/impl/client/CloseableHttpClient;+602
j  org.eclipse.aether.transport.http.HttpTransporter.<init>(Ljava/util/Map;Lorg/eclipse/aether/repository/RemoteRepository;Lorg/eclipse/aether/RepositorySystemSession;)V+1620
j  org.eclipse.aether.transport.http.HttpTransporterFactory.newInstance(Lorg/eclipse/aether/RepositorySystemSession;Lorg/eclipse/aether/repository/RemoteRepository;)Lorg/eclipse/aether/spi/connector/transport/Transporter;+24
j  org.eclipse.aether.internal.impl.DefaultTransporterProvider.newTransporter(Lorg/eclipse/aether/RepositorySystemSession;Lorg/eclipse/aether/repository/RemoteRepository;)Lorg/eclipse/aether/spi/connector/transport/Transporter;+124
j  org.eclipse.aether.connector.basic.BasicRepositoryConnector.<init>(Lorg/eclipse/aether/RepositorySystemSession;Lorg/eclipse/aether/repository/RemoteRepository;Lorg/eclipse/aether/spi/connector/transport/TransporterProvider;Lorg/eclipse/aether/spi/connector/layout/RepositoryLayoutProvider;Lorg/eclipse/aether/spi/connector/checksum/ChecksumPolicyProvider;Lorg/eclipse/aether/spi/io/FileProcessor;Ljava/util/Map;)V+42
j  org.eclipse.aether.connector.basic.BasicRepositoryConnectorFactory.newInstance(Lorg/eclipse/aether/RepositorySystemSession;Lorg/eclipse/aether/repository/RemoteRepository;)Lorg/eclipse/aether/spi/connector/RepositoryConnector;+40
j  org.eclipse.aether.internal.impl.DefaultRepositoryConnectorProvider.newRepositoryConnector(Lorg/eclipse/aether/RepositorySystemSession;Lorg/eclipse/aether/repository/RemoteRepository;)Lorg/eclipse/aether/spi/connector/RepositoryConnector;+209
j  org.eclipse.aether.internal.impl.DefaultArtifactResolver.performDownloads(Lorg/eclipse/aether/RepositorySystemSession;Lorg/eclipse/aether/internal/impl/DefaultArtifactResolver$ResolutionGroup;)V+78
j  org.eclipse.aether.internal.impl.DefaultArtifactResolver.resolve(Lorg/eclipse/aether/SyncContext;Lorg/eclipse/aether/SyncContext;Ljava/util/Collection;Lorg/eclipse/aether/RepositorySystemSession;Ljava/util/Collection;)Ljava/util/List;+1154
j  org.eclipse.aether.internal.impl.DefaultArtifactResolver.resolveArtifacts(Lorg/eclipse/aether/RepositorySystemSession;Ljava/util/Collection;)Ljava/util/List;+127
j  org.eclipse.aether.internal.impl.DefaultArtifactResolver.resolveArtifact(Lorg/eclipse/aether/RepositorySystemSession;Lorg/eclipse/aether/resolution/ArtifactRequest;)Lorg/eclipse/aether/resolution/ArtifactResult;+20
j  org.eclipse.aether.internal.impl.DefaultRepositorySystem.resolveArtifact(Lorg/eclipse/aether/RepositorySystemSession;Lorg/eclipse/aether/resolution/ArtifactRequest;)Lorg/eclipse/aether/resolution/ArtifactResult;+18
j  org.apache.maven.artifact.resolver.DefaultArtifactResolver.resolve(Lorg/apache/maven/artifact/Artifact;Ljava/util/List;Lorg/eclipse/aether/RepositorySystemSession;)V+257
j  org.apache.maven.artifact.resolver.DefaultArtifactResolver.access$000(Lorg/apache/maven/artifact/resolver/DefaultArtifactResolver;Lorg/apache/maven/artifact/Artifact;Ljava/util/List;Lorg/eclipse/aether/RepositorySystemSession;)V+4
j  org.apache.maven.artifact.resolver.DefaultArtifactResolver$ResolveTask.run()V+33
j  java.util.concurrent.ThreadPoolExecutor.runWorker(Ljava/util/concurrent/ThreadPoolExecutor$Worker;)V+92 java.base@21.0.8
j  java.util.concurrent.ThreadPoolExecutor$Worker.run()V+5 java.base@21.0.8
j  java.lang.Thread.runWith(Ljava/lang/Object;Ljava/lang/Runnable;)V+5 java.base@21.0.8
j  java.lang.Thread.run()V+19 java.base@21.0.8
v  ~StubRoutines::call_stub 0x0000774defd37cc6

siginfo: si_signo: 11 (SIGSEGV), si_code: 1 (SEGV_MAPERR), si_addr: 0x0000000000000008

Registers:
RAX=0x0000774d9c4c45a8, RBX=0x0000000000000000, RCX=0x0000774d20106428, RDX=0x00000000000001d0
RSP=0x0000774d749210f0, RBP=0x0000774d749211c0, RSI=0x0000000000000000, RDI=0x0000774d20190d10
R8 =0x0000774d9cfb6bc0, R9 =0x0000774d9c4c45a8, R10=0x0000774d74921220, R11=0x00000000805ba1a8
R12=0x0000774d74921280, R13=0x0000774d9d39b488, R14=0x000000000000000f, R15=0x0000000000000000
RIP=0x0000774e06b501e0, EFLAGS=0x0000000000010202, CSGSFS=0x002b000000000033, ERR=0x0000000000000004
  TRAPNO=0x000000000000000e

XMM[0]=0x0000774d20190610 0x0000774d9c4c4988
XMM[1]=0x0000000000000000 0x0000000000000000
XMM[2]=0x0000000000000000 0x0000774d20190610
XMM[3]=0x0000000000000000 0x0000000000000000
XMM[4]=0x2019000000000008 0x000000010000001a
XMM[5]=0x95aaf3af45790cf9 0x4fa92cf20cebb1b1
XMM[6]=0x1e23bc68b28d4331 0x459176a560a20a98
XMM[7]=0x9f46be6cd1083590 0x426c3dad84d40077
XMM[8]=0x0556e7e1b1780098 0x7508ea232c145a3d
XMM[9]=0x60d3e6a360d3e6a3 0x60d3e6a329aeca94
XMM[10]=0x0000000000000000 0x00000000c8dae3f1
XMM[11]=0x581d8ac3581d8ac3 0x581d8ac381cc5557
XMM[12]=0x0000000000000000 0x0000000029aeca94
XMM[13]=0x0000000000000000 0x0000000020074057
XMM[14]=0x0000000000000000 0xdef8cd353d8612b7
XMM[15]=0x0000000000000000 0x0000000000000000
  MXCSR=0x00001fa2


Register to memory mapping:

RAX=0x0000774d9c4c45a8 is a pointer to class: 
org.apache.http.impl.execchain.TunnelRefusedException {0x0000774d9c4c45a8}
 - instance size:     5
 - klass size:        77
 - access:            public synchronized 
 - flags:             has_nonstatic_fields should_verify_class has_localvariable_table 
 - state:             allocated
 - name:              'org/apache/http/impl/execchain/TunnelRefusedException'
 - super:             'org/apache/http/HttpException'
 - sub:               
 - arrays:            null
 - methods:           Array<T>(0x0000774d9f16c638)
 - method ordering:   Array<T>(0x0000774d9f16c650)
 - local interfaces:  Array<T>(0x0000774d9a61bd20)
 - trans. interfaces: Array<T>(0x0000774d9a629cf0)
 - secondary supers: Array<T>(0x0000774d9a629cf0)
 - hash_slot:         41
 - bitmap:            0x0000000100000000
 - constants:         constant pool [30] {0x0000774d9c4c4810} for 'org/apache/http/impl/execchain/TunnelRefusedException'
 - class loader data:  loader data: 0x0000774d38048660 for instance a 'org/eclipse/osgi/internal/loader/EquinoxClassLoader'{0x00000000805ba1a8}
 - source file:       'TunnelRefusedException.java'
 - inner classes:     Array<T>(0x0000774d9a61bca8)
 - nest members:     Array<T>(0x0000774d9a61bca8)
 - permitted subclasses:     Array<T>(0x0000774d9a61bca8)
 - java mirror:       a 'java/lang/Class'{0x00000000d5c7d7e0} = 'org/apache/http/impl/execchain/TunnelRefusedException'
 - vtable length      16  (start addr: 0x0000774d9c4c4778)
 - itable length      2 (start addr: 0x0000774d9c4c47f8)
 - ---- static fields (1 words):
 - private static final 'serialVersionUID' 'J' @112 
 - ---- non-static fields (7 words):
 - private transient 'depth' 'I' @12 
 - private transient 'backtrace' 'Ljava/lang/Object;' @16 
 - private 'detailMessage' 'Ljava/lang/String;' @20 
 - private 'cause' 'Ljava/lang/Throwable;' @24 
 - private 'stackTrace' '[Ljava/lang/StackTraceElement;' @28 
 - private 'suppressedExceptions' 'Ljava/util/List;' @32 
 - private final 'response' 'Lorg/apache/http/HttpResponse;' @36 
 - non-static oop maps: 16-36 
RBX=0x0 is null
RCX=0x0000774d20106428 points into unknown readable memory: 0x00000000805ba1a8 | a8 a1 5b 80 00 00 00 00
RDX=0x00000000000001d0 is an unknown value
RSP=0x0000774d749210f0 is pointing into the stack for thread: 0x0000774d20190610
RBP=0x0000774d749211c0 is pointing into the stack for thread: 0x0000774d20190610
RSI=0x0 is null
RDI=0x0000774d20190d10 points into unknown readable memory: 0x0000774d20000502 | 02 05 00 20 4d 77 00 00
R8 =0x0000774d9cfb6bc0 is pointing into metadata
R9 =0x0000774d9c4c45a8 is a pointer to class: 
org.apache.http.impl.execchain.TunnelRefusedException {0x0000774d9c4c45a8}
 - instance size:     5
 - klass size:        77
 - access:            public synchronized 
 - flags:             has_nonstatic_fields should_verify_class has_localvariable_table 
 - state:             allocated
 - name:              'org/apache/http/impl/execchain/TunnelRefusedException'
 - super:             'org/apache/http/HttpException'
 - sub:               
 - arrays:            null
 - methods:           Array<T>(0x0000774d9f16c638)
 - method ordering:   Array<T>(0x0000774d9f16c650)
 - local interfaces:  Array<T>(0x0000774d9a61bd20)
 - trans. interfaces: Array<T>(0x0000774d9a629cf0)
 - secondary supers: Array<T>(0x0000774d9a629cf0)
 - hash_slot:         41
 - bitmap:            0x0000000100000000
 - constants:         constant pool [30] {0x0000774d9c4c4810} for 'org/apache/http/impl/execchain/TunnelRefusedException'
 - class loader data:  loader data: 0x0000774d38048660 for instance a 'org/eclipse/osgi/internal/loader/EquinoxClassLoader'{0x00000000805ba1a8}
 - source file:       'TunnelRefusedException.java'
 - inner classes:     Array<T>(0x0000774d9a61bca8)
 - nest members:     Array<T>(0x0000774d9a61bca8)
 - permitted subclasses:     Array<T>(0x0000774d9a61bca8)
 - java mirror:       a 'java/lang/Class'{0x00000000d5c7d7e0} = 'org/apache/http/impl/execchain/TunnelRefusedException'
 - vtable length      16  (start addr: 0x0000774d9c4c4778)
 - itable length      2 (start addr: 0x0000774d9c4c47f8)
 - ---- static fields (1 words):
 - private static final 'serialVersionUID' 'J' @112 
 - ---- non-static fields (7 words):
 - private transient 'depth' 'I' @12 
 - private transient 'backtrace' 'Ljava/lang/Object;' @16 
 - private 'detailMessage' 'Ljava/lang/String;' @20 
 - private 'cause' 'Ljava/lang/Throwable;' @24 
 - private 'stackTrace' '[Ljava/lang/StackTraceElement;' @28 
 - private 'suppressedExceptions' 'Ljava/util/List;' @32 
 - private final 'response' 'Lorg/apache/http/HttpResponse;' @36 
 - non-static oop maps: 16-36 
R10=0x0000774d74921220 is pointing into the stack for thread: 0x0000774d20190610
R11=0x00000000805ba1a8 is an oop: org.eclipse.osgi.internal.loader.EquinoxClassLoader 
{0x00000000805ba1a8} - klass: 'org/eclipse/osgi/internal/loader/EquinoxClassLoader'
 - ---- fields (total size 14 words):
 - private 'defaultAssertionStatus' 'Z' @12  false (0x00)
 - injected 'loader_data' 'J' @16  131173536007776 (0x0000774d38048660)
 - private final 'parent' 'Ljava/lang/ClassLoader;' @24  a 'jdk/internal/loader/ClassLoaders$PlatformClassLoader'{0x00000000807a9980} (0x807a9980)
 - private final 'name' 'Ljava/lang/String;' @28  null (0x00000000)
 - private final 'unnamedModule' 'Ljava/lang/Module;' @32  a 'java/lang/Module'{0x00000000805ba218} (0x805ba218)
 - private final 'nameAndId' 'Ljava/lang/String;' @36  "org.eclipse.osgi.internal.loader.EquinoxClassLoader @21f32294"{0x00000000805ba250} (0x805ba250)
 - private final 'parallelLockMap' 'Ljava/util/concurrent/ConcurrentHashMap;' @40  a 'java/util/concurrent/ConcurrentHashMap'{0x00000000805ba2b8} (0x805ba2b8)
 - private final 'package2certs' 'Ljava/util/concurrent/ConcurrentHashMap;' @44  a 'java/util/concurrent/ConcurrentHashMap'{0x00000000805ba2f8} (0x805ba2f8)
 - private final 'classes' 'Ljava/util/ArrayList;' @48  a 'java/util/ArrayList'{0x00000000805ba338} (0x805ba338)
 - private final 'defaultDomain' 'Ljava/security/ProtectionDomain;' @52  a 'java/security/ProtectionDomain'{0x00000000805ba350} (0x805ba350)
 - private final 'packages' 'Ljava/util/concurrent/ConcurrentHashMap;' @56  a 'java/util/concurrent/ConcurrentHashMap'{0x00000000805ba3c0} (0x805ba3c0)
 - private final 'libraries' 'Ljdk/internal/loader/NativeLibraries;' @60  a 'jdk/internal/loader/NativeLibraries'{0x00000000805ba400} (0x805ba400)
 - final 'assertionLock' 'Ljava/lang/Object;' @64  a 'java/lang/Object'{0x00000000805ba460} (0x805ba460)
 - private 'packageAssertionStatus' 'Ljava/util/Map;' @68  null (0x00000000)
 - 'classAssertionStatus' 'Ljava/util/Map;' @72  null (0x00000000)
 - private volatile 'classLoaderValueMap' 'Ljava/util/concurrent/ConcurrentHashMap;' @76  a 'java/util/concurrent/ConcurrentHashMap'{0x0000000081428c08} (0x81428c08)
 - private final 'classNameLocks' 'Lorg/eclipse/osgi/internal/container/KeyBasedLockStore;' @80  a 'org/eclipse/osgi/internal/container/KeyBasedLockStore'{0x00000000805ba470} (0x805ba470)
 - private final 'pkgLock' 'Ljava/lang/Object;' @84  a 'java/lang/Object'{0x00000000805ba530} (0x805ba530)
 - public volatile 'lombok$shadowLoader' 'Ljava/lang/ClassLoader;' @88  null (0x00000000)
 - private final 'configuration' 'Lorg/eclipse/osgi/internal/framework/EquinoxConfiguration;' @92  a 'org/eclipse/osgi/internal/framework/EquinoxConfiguration'{0x00000000807c4e48} (0x807c4e48)
 - private final 'debug' 'Lorg/eclipse/osgi/internal/debug/Debug;' @96  a 'org/eclipse/osgi/internal/debug/Debug'{0x00000000807c5288} (0x807c5288)
 - private final 'delegate' 'Lorg/eclipse/osgi/internal/loader/BundleLoader;' @100  a 'org/eclipse/osgi/internal/loader/BundleLoader'{0x00000000805b2490} (0x805b2490)
 - private final 'generation' 'Lorg/eclipse/osgi/storage/BundleInfo$Generation;' @104  a 'org/eclipse/osgi/storage/BundleInfo$Generation'{0x00000000802fc078} (0x802fc078)
 - private final 'manager' 'Lorg/eclipse/osgi/internal/loader/classpath/ClasspathManager;' @108  a 'org/eclipse/osgi/internal/loader/classpath/ClasspathManager'{0x00000000805ba540} (0x805ba540)
R12=0x0000774d74921280 is pointing into the stack for thread: 0x0000774d20190610
R13=0x0000774d9d39b488 is pointing into metadata
R14=0x000000000000000f is an unknown value
R15=0x0 is null

Top of Stack: (sp=0x0000774d749210f0)
0x0000774d749210f0:   0000774d74921110 0000774e06cb771a
0x0000774d74921100:   0000774d38048660 0000774d20106420
0x0000774d74921110:   0000774d9cfb6bc0 0000774d9d39b488
0x0000774d74921120:   0000774d9d39b3c8 0000774d74921150
0x0000774d74921130:   0000774d9b081ce8 0000000000000000
0x0000774d74921140:   0000000000000000 01000000ffffffff
0x0000774d74921150:   0000774d20190610 0000774d20190d10
0x0000774d74921160:   0000774d201063b0 0000774d20106428
0x0000774d74921170:   0000774d20106498 00000000000000d8
0x0000774d74921180:   0000774d74921310 0000774e069263ec
0x0000774d74921190:   0000774d38048e50 0000774d74921280
0x0000774d749211a0:   000000000000000f 0000774d74921220
0x0000774d749211b0:   000000000000000f 0000774d9f16c640
0x0000774d749211c0:   0000774d74921260 0000774e06b52d83
0x0000774d749211d0:   0000774d20106418 0000774d2017e080
0x0000774d749211e0:   0000774d74921260 0000774e06b4e440
0x0000774d749211f0:   0000774cf400b780 0000774cf400b790
0x0000774d74921200:   0000774d9f16c648 0000774cf400b790
0x0000774d74921210:   0000000000000000 0000774d20190610
0x0000774d74921220:   0000774d9c4c4988 0000774d20190610
0x0000774d74921230:   0000774c90028318 0000774d20190610
0x0000774d74921240:   0000774d74921280 0000774d9c4c45a8
0x0000774d74921250:   0000774d9f16c648 0000000000000000
0x0000774d74921260:   0000774d749212c0 0000774e068e35f7
0x0000774d74921270:   0000774d74921380 0000774e0661cdba
0x0000774d74921280:   0000774d9c4c45a8 00000010000001d0
0x0000774d74921290:   0000000000000000 0000774d9c4c45a8
0x0000774d749212a0:   0000774d9c4c45a8 0000774d20190610
0x0000774d749212b0:   0000774d20106408 0000774d20106400
0x0000774d749212c0:   0000774d74921380 0000774e06f4d41d
0x0000774d749212d0:   0000774d74921310 0000774d749212f0
0x0000774d749212e0:   0000774d38048660 0000774c90028160 

Instructions: (pc=0x0000774e06b501e0)
0x0000774e06b500e0:   ff 4d 85 c9 0f 84 a6 02 00 00 48 8d 45 90 4c 89
0x0000774e06b500f0:   fe 4c 89 85 58 ff ff ff 48 89 c7 4c 89 8d 60 ff
0x0000774e06b50100:   ff ff 48 89 85 68 ff ff ff e8 f2 dc d4 ff 4c 8b
0x0000774e06b50110:   8d 60 ff ff ff 4c 8b 85 58 ff ff ff 49 8b 81 98
0x0000774e06b50120:   00 00 00 48 8b 78 08 48 85 ff 0f 84 58 02 00 00
0x0000774e06b50130:   4c 89 85 58 ff ff ff 4c 89 8d 60 ff ff ff ff 15
0x0000774e06b50140:   cc 4e 97 00 4c 8b 8d 60 ff ff ff 4c 8b 85 58 ff
0x0000774e06b50150:   ff ff 48 85 c0 49 89 c3 0f 84 2a 02 00 00 49 8b
0x0000774e06b50160:   bf 20 03 00 00 48 8b 4f 18 48 8b 47 20 48 29 c8
0x0000774e06b50170:   48 83 f8 07 0f 86 8e 02 00 00 48 8d 41 08 48 89
0x0000774e06b50180:   47 18 4c 89 19 49 8b 41 18 48 89 85 60 ff ff ff
0x0000774e06b50190:   85 db 0f 8e d8 01 00 00 4c 63 cb 4d 89 f2 31 db
0x0000774e06b501a0:   4d 89 ce 4d 89 e9 4d 89 c5 4c 8b 85 50 ff ff ff
0x0000774e06b501b0:   eb 52 66 0f 1f 44 00 00 48 8d 35 d9 5c 9d 00 80
0x0000774e06b501c0:   3e 00 75 58 83 e2 08 74 53 48 8b 85 70 ff ff ff
0x0000774e06b501d0:   48 8b b4 d8 d0 01 00 00 0f 1f 84 00 00 00 00 00
0x0000774e06b501e0:   48 8b 46 08 48 8b 50 08 0f b7 78 24 4c 3b 6c fa
0x0000774e06b501f0:   48 0f 84 91 00 00 00 48 83 c3 01 4c 39 f3 0f 84
0x0000774e06b50200:   6c 01 00 00 49 8b 04 24 4c 8d 3c dd 00 00 00 00
0x0000774e06b50210:   0f b7 90 c2 00 00 00 f6 c2 01 75 9c 49 63 54 24
0x0000774e06b50220:   08 4c 01 f8 48 8b 34 10 eb b6 66 0f 1f 44 00 00
0x0000774e06b50230:   48 8b 3a be fe ff ff ff e8 73 51 13 00 c6 45 8e
0x0000774e06b50240:   00 48 c7 45 80 00 00 00 00 e9 fb fd ff ff 66 90
0x0000774e06b50250:   c6 45 8f 01 41 f6 85 b1 00 00 00 02 0f 84 47 fe
0x0000774e06b50260:   ff ff 80 7d 8e 00 49 8b 3e 74 0a 83 7f 2c f7 0f
0x0000774e06b50270:   8c 30 fe ff ff be f7 ff ff ff e8 31 51 13 00 e9
0x0000774e06b50280:   21 fe ff ff 0f 1f 40 00 0f b7 40 26 4c 3b 44 c2
0x0000774e06b50290:   48 0f 85 60 ff ff ff 41 f6 81 b1 00 00 00 02 0f
0x0000774e06b502a0:   85 fb 00 00 00 8b 46 28 a8 02 0f 85 47 ff ff ff
0x0000774e06b502b0:   80 7d 8e 00 4c 8b 5a 18 0f 84 aa 01 00 00 49 8b
0x0000774e06b502c0:   12 8b 42 28 89 c6 83 e6 01 0f 84 81 01 00 00 c6
0x0000774e06b502d0:   45 8f 00 49 8b 04 24 0f b7 b0 c2 00 00 00 40 f6 


Stack slot to memory mapping:

stack at sp + 0 slots: 0x0000774d74921110 is pointing into the stack for thread: 0x0000774d20190610
stack at sp + 1 slots: 0x0000774e06cb771a: <offset 0x0000000000cb771a> in /usr/lib/jvm/java-21-openjdk-amd64/lib/server/libjvm.so at 0x0000774e06000000
stack at sp + 2 slots: 0x0000774d38048660 points into unknown readable memory: 0x0000774d38534638 | 38 46 53 38 4d 77 00 00
stack at sp + 3 slots: 0x0000774d20106420 points into unknown readable memory: 0x00000000d5c7d7e0 | e0 d7 c7 d5 00 00 00 00
stack at sp + 4 slots: 0x0000774d9cfb6bc0 is pointing into metadata
stack at sp + 5 slots: 0x0000774d9d39b488 is pointing into metadata
stack at sp + 6 slots: 0x0000774d9d39b3c8 is pointing into metadata
stack at sp + 7 slots: 0x0000774d74921150 is pointing into the stack for thread: 0x0000774d20190610


Compiled method (n/a) 4958 1046     n 0       java.lang.ClassLoader::defineClass1 (native)
 total in heap  [0x0000774df0332310,0x0000774df0332720] = 1040
 relocation     [0x0000774df0332468,0x0000774df03324a0] = 56
 main code      [0x0000774df03324a0,0x0000774df033271f] = 639
 stub code      [0x0000774df033271f,0x0000774df0332720] = 1

[Constant Pool (empty)]

[MachCode]
[Entry Point]
  # {method} {0x0000774d9a436c30} 'defineClass1' '(Ljava/lang/ClassLoader;Ljava/lang/String;[BIILjava/security/ProtectionDomain;Ljava/lang/String;)Ljava/lang/Class;' in 'java/lang/ClassLoader'
  # parm0:    rsi:rsi   = 'java/lang/ClassLoader'
  # parm1:    rdx:rdx   = 'java/lang/String'
  # parm2:    rcx:rcx   = '[B'
  # parm3:    r8        = int
  # parm4:    r9        = int
  # parm5:    rdi:rdi   = 'java/security/ProtectionDomain'
  # parm6:    [sp+0x70]   = 'java/lang/String'  (sp of caller)
  0x0000774df03324a0: 448b 5608 | 49bb 0000 | 009a 4d77 | 0000 4d03 | d349 3bc2 | 0f84 0600 

  0x0000774df03324b8: ;   {runtime_call ic_miss_stub}
  0x0000774df03324b8: 0000 e9c1 | 28a5 ff90 
[Verified Entry Point]
  0x0000774df03324c0: 8984 2400 | c0fe ff55 | 488b ec48 | 83ec 6090 | 4181 7f20 | 0200 0000 

  0x0000774df03324d8: ;   {runtime_call StubRoutines (final stubs)}
  0x0000774df03324d8: 7405 e801 | cba3 ff48 | 837d 1000 | 488d 4510 | 480f 4445 | 1048 8944 | 2410 4889 | 7c24 4048 
  0x0000774df03324f8: 83ff 0048 | 8d44 2440 | 480f 4444 | 2440 4889 | 4424 084c | 890c 244d | 8bc8 4889 | 4c24 2848 
  0x0000774df0332518: 83f9 004c | 8d44 2428 | 4c0f 4444 | 2428 4889 | 5424 2048 | 83fa 0048 | 8d4c 2420 | 480f 444c 
  0x0000774df0332538: 2420 4889 | 7424 1848 | 83fe 0048 | 8d54 2418 | 480f 4454 

  0x0000774df033254c: ;   {oop(a 'java/lang/Class'{0x0000000080080dd8} = 'java/lang/ClassLoader')}
  0x0000774df033254c: 2418 49be | d80d 0880 | 0000 0000 | 4c89 7424 | 484c 8d74 | 2448 498b | f6c5 f877 

  0x0000774df0332568: ;   {internal_word}
  0x0000774df0332568: 49ba 6525 | 33f0 4d77 | 0000 4d89 | 97a0 0300 | 0049 89a7 | 9803 0000 

  0x0000774df0332580: ;   {external_word}
  0x0000774df0332580: 803d ae8a | 1d17 000f | 843c 0000 | 0056 5251 | 4150 4151 

  0x0000774df0332594: ;   {metadata({method} {0x0000774d9a436c30} 'defineClass1' '(Ljava/lang/ClassLoader;Ljava/lang/String;[BIILjava/security/ProtectionDomain;Ljava/lang/String;)Ljava/lang/Class;' in 'java/lang/ClassLoader')}
  0x0000774df0332594: 48be 306c | 439a 4d77 | 0000 498b | ff40 f6c4 | 0f0f 8412 | 0000 0048 

  0x0000774df03325ac: ;   {runtime_call SharedRuntime::dtrace_method_entry(JavaThread*, Method*)}
  0x0000774df03325ac: 83ec 08e8 | fcfa a816 | 4883 c408 | e905 0000 

  0x0000774df03325bc: ;   {runtime_call SharedRuntime::dtrace_method_entry(JavaThread*, Method*)}
  0x0000774df03325bc: 00e8 eefa | a816 4159 | 4158 595a | 5e49 8dbf | b803 0000 | 41c7 8744 | 0400 0004 

  0x0000774df03325d8: ;   {runtime_call Java_java_lang_ClassLoader_defineClass1}
  0x0000774df03325d8: 0000 00e8 | 70fb 5317 | c5f8 7741 | c787 4404 | 0000 0500 | 0000 f083 | 4424 c000 | 493b af48 
  0x0000774df03325f8: 0400 000f | 870e 0000 | 0041 83bf | 4004 0000 | 000f 8424 | 0000 00c5 | f877 4889 | 45f8 498b 
  0x0000774df0332618: ff4c 8be4 | 4883 ec00 | 4883 e4f0 

  0x0000774df0332624: ;   {runtime_call JavaThread::check_special_condition_for_native_trans(JavaThread*)}
  0x0000774df0332624: e8e7 835f | 1649 8be4 | 4d33 e448 | 8b45 f841 | c787 4404 | 0000 0800 | 0000 4183 | bfc0 0400 
  0x0000774df0332644: 0002 0f84 | ad00 0000 

  0x0000774df033264c: ;   {external_word}
  0x0000774df033264c: 803d e289 | 1d17 000f | 8436 0000 | 0048 8945 

  0x0000774df033265c: ;   {metadata({method} {0x0000774d9a436c30} 'defineClass1' '(Ljava/lang/ClassLoader;Ljava/lang/String;[BIILjava/security/ProtectionDomain;Ljava/lang/String;)Ljava/lang/Class;' in 'java/lang/ClassLoader')}
  0x0000774df033265c: f848 be30 | 6c43 9a4d | 7700 0049 | 8bff 40f6 | c40f 0f84 | 1200 0000 | 4883 ec08 

  0x0000774df0332678: ;   {runtime_call SharedRuntime::dtrace_method_exit(JavaThread*, Method*)}
  0x0000774df0332678: e823 fba8 | 1648 83c4 | 08e9 0500 

  0x0000774df0332684: ;   {runtime_call SharedRuntime::dtrace_method_exit(JavaThread*, Method*)}
  0x0000774df0332684: 0000 e815 | fba8 1648 | 8b45 f849 | c787 9803 | 0000 0000 | 0000 49c7 | 87a0 0300 | 0000 0000 
  0x0000774df03326a4: 00c5 f877 | 4885 c00f | 8425 0000 | 00a8 030f | 8508 0000 | 0048 8b00 | e915 0000 | 00a8 010f 
  0x0000774df03326c4: 8509 0000 | 0048 8b40 | fee9 0400 | 0000 488b | 40ff 498b | 8f28 0400 | 00c7 8100 | 0100 0000 
  0x0000774df03326e4: 0000 00c9 | 4983 7f08 | 000f 8501 | 0000 00c3 

  0x0000774df03326f4: ;   {runtime_call StubRoutines (initial stubs)}
  0x0000774df03326f4: e907 55a0 | ffc5 f877 | 4889 45f8 | 4c8b e448 | 83ec 0048 

  0x0000774df0332708: ;   {runtime_call SharedRuntime::reguard_yellow_pages()}
  0x0000774df0332708: 83e4 f0e8 | 000a a916 | 498b e44d | 33e4 488b | 45f8 e92d | ffff fff4 
[/MachCode]


Compiled method (c1) 4961 1703       3       java.lang.ClassLoader::defineClass (43 bytes)
 total in heap  [0x0000774de8ae8490,0x0000774de8ae8de0] = 2384
 relocation     [0x0000774de8ae85e8,0x0000774de8ae8688] = 160
 main code      [0x0000774de8ae86a0,0x0000774de8ae8b38] = 1176
 stub code      [0x0000774de8ae8b38,0x0000774de8ae8ba8] = 112
 metadata       [0x0000774de8ae8ba8,0x0000774de8ae8bd8] = 48
 scopes data    [0x0000774de8ae8bd8,0x0000774de8ae8cc8] = 240
 scopes pcs     [0x0000774de8ae8cc8,0x0000774de8ae8da8] = 224
 dependencies   [0x0000774de8ae8da8,0x0000774de8ae8db8] = 16
 nul chk table  [0x0000774de8ae8db8,0x0000774de8ae8de0] = 40

[Constant Pool (empty)]

[MachCode]
[Entry Point]
  # {method} {0x0000774d9a436fb0} 'defineClass' '(Ljava/lang/String;[BIILjava/security/ProtectionDomain;)Ljava/lang/Class;' in 'java/lang/ClassLoader'
  # this:     rsi:rsi   = 'java/lang/ClassLoader'
  # parm0:    rdx:rdx   = 'java/lang/String'
  # parm1:    rcx:rcx   = '[B'
  # parm2:    r8        = int
  # parm3:    r9        = int
  # parm4:    rdi:rdi   = 'java/security/ProtectionDomain'
  #           [sp+0xc0]  (sp of caller)
  0x0000774de8ae86a0: 448b 5608 | 49bb 0000 | 009a 4d77 | 0000 4d03 | d34c 3bd0 

  0x0000774de8ae86b4: ;   {runtime_call ic_miss_stub}
  0x0000774de8ae86b4: 0f85 c6c6 | 2907 660f | 1f44 0000 
[Verified Entry Point]
  0x0000774de8ae86c0: 8984 2400 | c0fe ff55 | 4881 ecb0 | 0000 0090 | 4181 7f20 | 0200 0000 

  0x0000774de8ae86d8: ;   {runtime_call StubRoutines (final stubs)}
  0x0000774de8ae86d8: 7405 e801 | 6928 0748 | 8974 2478 

  0x0000774de8ae86e4: ;   {metadata(method data for {method} {0x0000774d9a436fb0} 'defineClass' '(Ljava/lang/String;[BIILjava/security/ProtectionDomain;)Ljava/lang/Class;' in 'java/lang/ClassLoader')}
  0x0000774de8ae86e4: 48bb 8895 | 1190 4d77 | 0000 8b83 | f400 0000 | 83c0 0289 | 83f4 0000 | 0025 fe07 | 0000 85c0 
  0x0000774de8ae8704: 0f84 5003 | 0000 4489 | 8c24 9400 | 0000 4489 | 8424 9000 | 0000 4889 | 8c24 8800 | 0000 488b 
  0x0000774de8ae8724: ;   {metadata(method data for {method} {0x0000774d9a436fb0} 'defineClass' '(Ljava/lang/String;[BIILjava/security/ProtectionDomain;)Ljava/lang/Class;' in 'java/lang/ClassLoader')}
  0x0000774de8ae8724: de48 b888 | 9511 904d | 7700 0048 | 8380 3801 | 0000 0148 | 8bda 488b | d348 8bcf | 488b fe48 
  0x0000774de8ae8744: 8bf7 4889 | 9c24 8000 

  0x0000774de8ae874c: ;   {optimized virtual_call}
  0x0000774de8ae874c: 0000 90e8 

  0x0000774de8ae8750: ; ImmutableOopMap {[120]=Oop [128]=Oop [136]=Oop }
                      ;*invokevirtual preDefineClass {reexecute=0 rethrow=0 return_oop=0}
                      ; - java.lang.ClassLoader::defineClass@4 (line 1025)
  0x0000774de8ae8750: 4c89 f1ff 

  0x0000774de8ae8754: ;   {other}
  0x0000774de8ae8754: 0f1f 8400 | c402 0000 | 4889 8424 | 9800 0000 | 488b 7424 

  0x0000774de8ae8768: ;   {metadata(method data for {method} {0x0000774d9a436fb0} 'defineClass' '(Ljava/lang/String;[BIILjava/security/ProtectionDomain;)Ljava/lang/Class;' in 'java/lang/ClassLoader')}
  0x0000774de8ae8768: 7848 ba88 | 9511 904d | 7700 0048 | 8382 7001 

  0x0000774de8ae8778: ;   {metadata(method data for {method} {0x0000774d9a436c98} 'defineClassSourceLocation' '(Ljava/security/ProtectionDomain;)Ljava/lang/String;' in 'java/lang/ClassLoader')}
  0x0000774de8ae8778: 0000 0148 | baf0 9c11 | 904d 7700 | 008b b2f4 | 0000 0083 | c602 89b2 | f400 0000 | 81e6 feff 
  0x0000774de8ae8798: 1f00 85f6 | 0f84 d902 | 0000 483b | 0048 8bd0 

  0x0000774de8ae87a8: ;   {metadata(method data for {method} {0x0000774d9a436c98} 'defineClassSourceLocation' '(Ljava/security/ProtectionDomain;)Ljava/lang/String;' in 'java/lang/ClassLoader')}
  0x0000774de8ae87a8: 48be f09c | 1190 4d77 | 0000 4883 | 8638 0100 | 0001 8b50 | 1048 85d2 

  0x0000774de8ae87c0: ;   {metadata(method data for {method} {0x0000774d9a436c98} 'defineClassSourceLocation' '(Ljava/security/ProtectionDomain;)Ljava/lang/String;' in 'java/lang/ClassLoader')}
  0x0000774de8ae87c0: 48be f09c | 1190 4d77 | 0000 48c7 | c780 0100 | 0075 0748 | c7c7 7001 | 0000 488b | 1c3e 488d 
  0x0000774de8ae87e0: 5b01 4889 | 1c3e 0f85 | 0f00 0000 

  0x0000774de8ae87ec: ;   {oop(nullptr)}
  0x0000774de8ae87ec: 48bb 0000 | 0000 0000 | 0000 e9a4 | 0100 0048 | 3b02 488b 

  0x0000774de8ae8800: ;   {metadata(method data for {method} {0x0000774d9a436c98} 'defineClassSourceLocation' '(Ljava/security/ProtectionDomain;)Ljava/lang/String;' in 'java/lang/ClassLoader')}
  0x0000774de8ae8800: f248 bff0 | 9c11 904d | 7700 0048 | 8387 9001 | 0000 018b | 720c 4885 

  0x0000774de8ae8818: ;   {metadata(method data for {method} {0x0000774d9a436c98} 'defineClassSourceLocation' '(Ljava/security/ProtectionDomain;)Ljava/lang/String;' in 'java/lang/ClassLoader')}
  0x0000774de8ae8818: f648 bff0 | 9c11 904d | 7700 0048 | c7c3 d801 | 0000 7507 | 48c7 c3c8 | 0100 0048 | 8b0c 1f48 
  0x0000774de8ae8838: 8d49 0148 | 890c 1f0f | 850f 0000 

  0x0000774de8ae8844: ;   {oop(nullptr)}
  0x0000774de8ae8844: 0048 bb00 | 0000 0000 | 0000 00e9 | 4b01 0000 

  0x0000774de8ae8854: ;   {metadata(method data for {method} {0x0000774d9a436c98} 'defineClassSourceLocation' '(Ljava/security/ProtectionDomain;)Ljava/lang/String;' in 'java/lang/ClassLoader')}
  0x0000774de8ae8854: 48bf f09c | 1190 4d77 | 0000 4883 | 87e8 0100 | 0001 483b | 0648 8bd6 

  0x0000774de8ae886c: ;   {metadata(method data for {method} {0x0000774d9a436c98} 'defineClassSourceLocation' '(Ljava/security/ProtectionDomain;)Ljava/lang/String;' in 'java/lang/ClassLoader')}
  0x0000774de8ae886c: 48bf f09c | 1190 4d77 | 0000 4883 | 8720 0200 

  0x0000774de8ae887c: ;   {metadata(method data for {method} {0x0000774d9a01ade0} 'toString' '()Ljava/lang/String;' in 'java/net/URL')}
  0x0000774de8ae887c: 0001 48ba | 909f 1190 | 4d77 0000 | 8bba f400 | 0000 83c7 | 0289 baf4 | 0000 0081 | e7fe ff1f 
  0x0000774de8ae889c: 0085 ff0f | 8406 0200 | 0048 8bd6 

  0x0000774de8ae88a8: ;   {metadata(method data for {method} {0x0000774d9a01ade0} 'toString' '()Ljava/lang/String;' in 'java/net/URL')}
  0x0000774de8ae88a8: 48bf 909f | 1190 4d77 | 0000 4883 | 8738 0100 

  0x0000774de8ae88b8: ;   {metadata(method data for {method} {0x0000774d9a42a838} 'toExternalForm' '()Ljava/lang/String;' in 'java/net/URL')}
  0x0000774de8ae88b8: 0001 48ba | 1814 1190 | 4d77 0000 | 8bba f400 | 0000 83c7 | 0289 baf4 | 0000 0081 | e7fe ff1f 
  0x0000774de8ae88d8: 0085 ff0f | 84eb 0100 | 008b 7e38 

  0x0000774de8ae88e4: ; implicit exception: dispatches to 0x0000774de8ae8aed
  0x0000774de8ae88e4: 483b 0748 

  0x0000774de8ae88e8: ;   {metadata(method data for {method} {0x0000774d9a42a838} 'toExternalForm' '()Ljava/lang/String;' in 'java/net/URL')}
  0x0000774de8ae88e8: 8bd7 48bb | 1814 1190 | 4d77 0000 | 8b52 0849 | ba00 0000 | 9a4d 7700 | 0049 03d2 | 483b 9348 
  0x0000774de8ae8908: 0100 0075 | 0d48 8383 | 5001 0000 | 01e9 6000 | 0000 483b | 9358 0100 | 0075 0d48 | 8383 6001 
  0x0000774de8ae8928: 0000 01e9 | 4a00 0000 | 4883 bb48 | 0100 0000 | 7517 4889 | 9348 0100 | 0048 c783 | 5001 0000 
  0x0000774de8ae8948: 0100 0000 | e929 0000 | 0048 83bb | 5801 0000 | 0075 1748 | 8993 5801 | 0000 48c7 | 8360 0100 
  0x0000774de8ae8968: 0001 0000 | 00e9 0800 | 0000 4883 | 8338 0100 | 0001 488b | d648 8bf7 | 0f1f 4400 | 0048 b840 
  0x0000774de8ae8988: 7e21 9a4d 

  0x0000774de8ae898c: ;   {virtual_call}
  0x0000774de8ae898c: 7700 00e8 

  0x0000774de8ae8990: ; ImmutableOopMap {[120]=Oop [128]=Oop [136]=Oop [152]=Oop }
                      ;*invokevirtual toExternalForm {reexecute=0 rethrow=0 return_oop=0}
                      ; - java.net.URL::toExternalForm@5 (line 1203)
                      ; - java.net.URL::toString@1 (line 1189)
                      ; - java.lang.ClassLoader::defineClassSourceLocation@22 (line 927)
                      ; - java.lang.ClassLoader::defineClass@12 (line 1026)
  0x0000774de8ae8990: 4c2d efff 

  0x0000774de8ae8994: ;   {other}
  0x0000774de8ae8994: 0f1f 8400 | 0405 0001 | 488b d848 | 8b84 2498 | 0000 0044 | 8b8c 2494 | 0000 0044 | 8b84 2490 
  0x0000774de8ae89b4: 0000 0048 | 8b8c 2488 | 0000 0048 | 8b94 2480 | 0000 0048 | 8b74 2478 

  0x0000774de8ae89cc: ;   {metadata(method data for {method} {0x0000774d9a436fb0} 'defineClass' '(Ljava/lang/String;[BIILjava/security/ProtectionDomain;)Ljava/lang/Class;' in 'java/lang/ClassLoader')}
  0x0000774de8ae89cc: 48bf 8895 | 1190 4d77 | 0000 4883 | 87a8 0100 | 0001 4c8b | de49 8bf3 | 488b f848 | 891c 240f 
  0x0000774de8ae89ec: ;   {static_call}
  0x0000774de8ae89ec: 1f40 00e8 

  0x0000774de8ae89f0: ; ImmutableOopMap {[120]=Oop [152]=Oop }
                      ;*invokestatic defineClass1 {reexecute=0 rethrow=0 return_oop=0}
                      ; - java.lang.ClassLoader::defineClass@27 (line 1027)
  0x0000774de8ae89f0: cc9a 8407 

  0x0000774de8ae89f4: ;   {other}
  0x0000774de8ae89f4: 0f1f 8400 | 6405 0002 | 488b 7424 

  0x0000774de8ae8a00: ;   {metadata(method data for {method} {0x0000774d9a436fb0} 'defineClass' '(Ljava/lang/String;[BIILjava/security/ProtectionDomain;)Ljava/lang/Class;' in 'java/lang/ClassLoader')}
  0x0000774de8ae8a00: 7848 ba88 | 9511 904d | 7700 0048 | 8382 b801 | 0000 0148 | 8bd0 488b | 8c24 9800 | 0000 488b 
  0x0000774de8ae8a20: 7424 7848 | 8984 24a0 | 0000 000f 

  0x0000774de8ae8a2c: ;   {optimized virtual_call}
  0x0000774de8ae8a2c: 1f40 00e8 

  0x0000774de8ae8a30: ; ImmutableOopMap {[160]=Oop }
                      ;*invokevirtual postDefineClass {reexecute=0 rethrow=0 return_oop=0}
                      ; - java.lang.ClassLoader::defineClass@37 (line 1028)
  0x0000774de8ae8a30: ec64 faff 

  0x0000774de8ae8a34: ;   {other}
  0x0000774de8ae8a34: 0f1f 8400 | a405 0003 | 488b 8424 | a000 0000 | 4881 c4b0 | 0000 005d 

  0x0000774de8ae8a4c: ;   {poll_return}
  0x0000774de8ae8a4c: 493b a748 | 0400 000f | 8799 0000 

  0x0000774de8ae8a58: ;   {metadata({method} {0x0000774d9a436fb0} 'defineClass' '(Ljava/lang/String;[BIILjava/security/ProtectionDomain;)Ljava/lang/Class;' in 'java/lang/ClassLoader')}
  0x0000774de8ae8a58: 00c3 49ba | b06f 439a | 4d77 0000 | 4c89 5424 | 0848 c704 | 24ff ffff 

  0x0000774de8ae8a70: ;   {runtime_call counter_overflow Runtime1 stub}
  0x0000774de8ae8a70: ffe8 0afa 

  0x0000774de8ae8a74: ; ImmutableOopMap {rsi=Oop rdx=Oop rcx=Oop rdi=Oop [120]=Oop }
                      ;*synchronization entry
                      ; - java.lang.ClassLoader::defineClass@-1 (line 1025)
  0x0000774de8ae8a74: 3407 e98f 

  0x0000774de8ae8a78: ;   {metadata({method} {0x0000774d9a436c98} 'defineClassSourceLocation' '(Ljava/security/ProtectionDomain;)Ljava/lang/String;' in 'java/lang/ClassLoader')}
  0x0000774de8ae8a78: fcff ff49 | ba98 6c43 | 9a4d 7700 | 004c 8954 | 2408 48c7 | 0424 ffff 

  0x0000774de8ae8a90: ;   {runtime_call counter_overflow Runtime1 stub}
  0x0000774de8ae8a90: ffff e8e9 

  0x0000774de8ae8a94: ; ImmutableOopMap {rax=Oop [120]=Oop [128]=Oop [136]=Oop [152]=Oop }
                      ;*synchronization entry
                      ; - java.lang.ClassLoader::defineClassSourceLocation@-1 (line 924)
                      ; - java.lang.ClassLoader::defineClass@12 (line 1026)
  0x0000774de8ae8a94: f934 07e9 | 06fd ffff 

  0x0000774de8ae8a9c: ;   {runtime_call throw_null_pointer_exception Runtime1 stub}
  0x0000774de8ae8a9c: e8df 9834 

  0x0000774de8ae8aa0: ; ImmutableOopMap {rax=Oop [120]=Oop [128]=Oop [136]=Oop [152]=Oop }
                      ;*invokevirtual getCodeSource {reexecute=0 rethrow=0 return_oop=0}
                      ; - java.lang.ClassLoader::defineClassSourceLocation@1 (line 924)
                      ; - java.lang.ClassLoader::defineClass@12 (line 1026)
                      ;   {runtime_call throw_null_pointer_exception Runtime1 stub}
  0x0000774de8ae8aa0: 07e8 da98 

  0x0000774de8ae8aa4: ; ImmutableOopMap {rax=Oop rdx=Oop [120]=Oop [128]=Oop [136]=Oop [152]=Oop }
                      ;*invokevirtual getLocation {reexecute=0 rethrow=0 return_oop=0}
                      ; - java.lang.ClassLoader::defineClassSourceLocation@12 (line 926)
                      ; - java.lang.ClassLoader::defineClass@12 (line 1026)
                      ;   {runtime_call throw_null_pointer_exception Runtime1 stub}
  0x0000774de8ae8aa4: 3407 e8d5 

  0x0000774de8ae8aa8: ; ImmutableOopMap {rsi=Oop [120]=Oop [128]=Oop [136]=Oop [152]=Oop }
                      ;*invokevirtual toString {reexecute=0 rethrow=0 return_oop=0}
                      ; - java.lang.ClassLoader::defineClassSourceLocation@22 (line 927)
                      ; - java.lang.ClassLoader::defineClass@12 (line 1026)
                      ;   {metadata({method} {0x0000774d9a01ade0} 'toString' '()Ljava/lang/String;' in 'java/net/URL')}
  0x0000774de8ae8aa8: 9834 0749 | bae0 ad01 | 9a4d 7700 | 004c 8954 | 2408 48c7 | 0424 ffff 

  0x0000774de8ae8ac0: ;   {runtime_call counter_overflow Runtime1 stub}
  0x0000774de8ae8ac0: ffff e8b9 

  0x0000774de8ae8ac4: ; ImmutableOopMap {rsi=Oop [120]=Oop [128]=Oop [136]=Oop [152]=Oop }
                      ;*synchronization entry
                      ; - java.net.URL::toString@-1 (line 1189)
                      ; - java.lang.ClassLoader::defineClassSourceLocation@22 (line 927)
                      ; - java.lang.ClassLoader::defineClass@12 (line 1026)
  0x0000774de8ae8ac4: f934 07e9 | d9fd ffff 

  0x0000774de8ae8acc: ;   {metadata({method} {0x0000774d9a42a838} 'toExternalForm' '()Ljava/lang/String;' in 'java/net/URL')}
  0x0000774de8ae8acc: 49ba 38a8 | 429a 4d77 | 0000 4c89 | 5424 0848 | c704 24ff 

  0x0000774de8ae8ae0: ;   {runtime_call counter_overflow Runtime1 stub}
  0x0000774de8ae8ae0: ffff ffe8 

  0x0000774de8ae8ae4: ; ImmutableOopMap {rsi=Oop [120]=Oop [128]=Oop [136]=Oop [152]=Oop }
                      ;*synchronization entry
                      ; - java.net.URL::toExternalForm@-1 (line 1203)
                      ; - java.net.URL::toString@1 (line 1189)
                      ; - java.lang.ClassLoader::defineClassSourceLocation@22 (line 927)
                      ; - java.lang.ClassLoader::defineClass@12 (line 1026)
  0x0000774de8ae8ae4: 98f9 3407 | e9f4 fdff 

  0x0000774de8ae8aec: ;   {runtime_call throw_null_pointer_exception Runtime1 stub}
  0x0000774de8ae8aec: ffe8 8e98 

  0x0000774de8ae8af0: ; ImmutableOopMap {rsi=Oop rdi=Oop [120]=Oop [128]=Oop [136]=Oop [152]=Oop }
                      ;*invokevirtual toExternalForm {reexecute=0 rethrow=0 return_oop=0}
                      ; - java.net.URL::toExternalForm@5 (line 1203)
                      ; - java.net.URL::toString@1 (line 1189)
                      ; - java.lang.ClassLoader::defineClassSourceLocation@22 (line 927)
                      ; - java.lang.ClassLoader::defineClass@12 (line 1026)
                      ;   {internal_word}
  0x0000774de8ae8af0: 3407 49ba | 4c8a aee8 | 4d77 0000 | 4d89 9760 

  0x0000774de8ae8b00: ;   {runtime_call SafepointBlob}
  0x0000774de8ae8b00: 0400 00e9 | f828 2a07 | 498b 87f8 | 0400 0049 | c787 f804 | 0000 0000 | 0000 49c7 | 8700 0500 
  0x0000774de8ae8b20: 0000 0000 | 0048 81c4 | b000 0000 

  0x0000774de8ae8b2c: ;   {runtime_call unwind_exception Runtime1 stub}
  0x0000774de8ae8b2c: 5de9 4e80 | 3407 f4f4 | f4f4 f4f4 
[Stub Code]
  0x0000774de8ae8b38: ;   {no_reloc}
  0x0000774de8ae8b38: 0f1f 4400 

  0x0000774de8ae8b3c: ;   {static_stub}
  0x0000774de8ae8b3c: 0048 bb00 | 0000 0000 

  0x0000774de8ae8b44: ;   {runtime_call nmethod}
  0x0000774de8ae8b44: 0000 00e9 | fbff ffff 

  0x0000774de8ae8b4c: ;   {static_stub}
  0x0000774de8ae8b4c: 48bb 0000 | 0000 0000 

  0x0000774de8ae8b54: ;   {runtime_call nmethod}
  0x0000774de8ae8b54: 0000 e9fb 

  0x0000774de8ae8b58: ;   {static_stub}
  0x0000774de8ae8b58: ffff ff48 | bb00 0000 | 0000 0000 

  0x0000774de8ae8b64: ;   {runtime_call nmethod}
  0x0000774de8ae8b64: 00e9 fbff 

  0x0000774de8ae8b68: ;   {static_stub}
  0x0000774de8ae8b68: ffff 48bb | 0000 0000 | 0000 0000 

  0x0000774de8ae8b74: ;   {runtime_call nmethod}
  0x0000774de8ae8b74: e9fb ffff 

  0x0000774de8ae8b78: ;   {runtime_call handle_exception_from_callee Runtime1 stub}
  0x0000774de8ae8b78: ffe8 02c5 

  0x0000774de8ae8b7c: ;   {external_word}
  0x0000774de8ae8b7c: 3407 48bf | 3c01 1207 | 4e77 0000 | 4883 e4f0 

  0x0000774de8ae8b8c: ;   {runtime_call MacroAssembler::debug64(char*, long, long*)}
  0x0000774de8ae8b8c: e85f 1d11 

  0x0000774de8ae8b90: ;   {section_word}
  0x0000774de8ae8b90: 1ef4 49ba | 928b aee8 | 4d77 0000 

  0x0000774de8ae8b9c: ;   {runtime_call DeoptimizationBlob}
  0x0000774de8ae8b9c: 4152 e9fd | 1a2a 07f4 | f4f4 f4f4 
[/MachCode]


Compiled method (c1) 4968 2328   !   3       org.eclipse.osgi.internal.loader.ModuleClassLoader::defineClass (67 bytes)
 total in heap  [0x0000774de8c1b090,0x0000774de8c1bc78] = 3048
 relocation     [0x0000774de8c1b1e8,0x0000774de8c1b298] = 176
 main code      [0x0000774de8c1b2a0,0x0000774de8c1b8b0] = 1552
 stub code      [0x0000774de8c1b8b0,0x0000774de8c1b918] = 104
 oops           [0x0000774de8c1b918,0x0000774de8c1b920] = 8
 metadata       [0x0000774de8c1b920,0x0000774de8c1b960] = 64
 scopes data    [0x0000774de8c1b960,0x0000774de8c1bab0] = 336
 scopes pcs     [0x0000774de8c1bab0,0x0000774de8c1bbc0] = 272
 dependencies   [0x0000774de8c1bbc0,0x0000774de8c1bbd8] = 24
 handler table  [0x0000774de8c1bbd8,0x0000774de8c1bc50] = 120
 nul chk table  [0x0000774de8c1bc50,0x0000774de8c1bc78] = 40

[Constant Pool (empty)]

[MachCode]
[Entry Point]
  # {method} {0x0000774d905f6450} 'defineClass' '(Ljava/lang/String;[BLorg/eclipse/osgi/internal/loader/classpath/ClasspathEntry;)Lorg/eclipse/osgi/internal/loader/ModuleClassLoader$DefineClassResult;' in 'org/eclipse/osgi/internal/loader/ModuleClassLoader'
  # this:     rsi:rsi   = 'org/eclipse/osgi/internal/loader/ModuleClassLoader'
  # parm0:    rdx:rdx   = 'java/lang/String'
  # parm1:    rcx:rcx   = '[B'
  # parm2:    r8:r8     = 'org/eclipse/osgi/internal/loader/classpath/ClasspathEntry'
  #           [sp+0xb0]  (sp of caller)
  0x0000774de8c1b2a0: 448b 5608 | 49bb 0000 | 009a 4d77 | 0000 4d03 | d34c 3bd0 

  0x0000774de8c1b2b4: ;   {runtime_call ic_miss_stub}
  0x0000774de8c1b2b4: 0f85 c69a | 1607 660f | 1f44 0000 
[Verified Entry Point]
  0x0000774de8c1b2c0: 8984 2400 | c0fe ff55 | 4881 eca0 | 0000 0090 | 4181 7f20 | 0200 0000 

  0x0000774de8c1b2d8: ;   {runtime_call StubRoutines (final stubs)}
  0x0000774de8c1b2d8: 7405 e801 

  0x0000774de8c1b2dc: ;   {metadata(method data for {method} {0x0000774d905f6450} 'defineClass' '(Ljava/lang/String;[BLorg/eclipse/osgi/internal/loader/classpath/ClasspathEntry;)Lorg/eclipse/osgi/internal/loader/ModuleClassLoader$DefineClassResult;' in 'org/eclipse/osgi/internal/loader/ModuleClassLoader')}
  0x0000774de8c1b2dc: 3d15 0748 | bf00 c080 | 904d 7700 | 008b 9ff4 | 0000 0083 | c302 899f | f400 0000 | 81e3 fe07 
  0x0000774de8c1b2fc: 0000 85db | 0f84 6304 | 0000 4c89 | 4424 7048 | 894c 2468 

  0x0000774de8c1b310: ;   {metadata(method data for {method} {0x0000774d905f6450} 'defineClass' '(Ljava/lang/String;[BLorg/eclipse/osgi/internal/loader/classpath/ClasspathEntry;)Lorg/eclipse/osgi/internal/loader/ModuleClassLoader$DefineClassResult;' in 'org/eclipse/osgi/internal/loader/ModuleClassLoader')}
  0x0000774de8c1b310: 488b fe48 | bb00 c080 | 904d 7700 | 008b 7f08 | 49ba 0000 | 009a 4d77 | 0000 4903 | fa48 3bbb 
  0x0000774de8c1b330: 4801 0000 | 750d 4883 | 8350 0100 | 0001 e960 | 0000 0048 | 3bbb 5801 | 0000 750d | 4883 8360 
  0x0000774de8c1b350: 0100 0001 | e94a 0000 | 0048 83bb | 4801 0000 | 0075 1748 | 89bb 4801 | 0000 48c7 | 8350 0100 
  0x0000774de8c1b370: 0001 0000 | 00e9 2900 | 0000 4883 | bb58 0100 | 0000 7517 | 4889 bb58 | 0100 0048 | c783 6001 
  0x0000774de8c1b390: 0000 0100 | 0000 e908 | 0000 0048 | 8383 3801 

  0x0000774de8c1b3a0: ;   {metadata(method data for {method} {0x0000774d905f7100} 'getClassLoadingLock' '(Ljava/lang/String;)Ljava/lang/Object;' in 'org/eclipse/osgi/internal/loader/ModuleClassLoader')}
  0x0000774de8c1b3a0: 0000 0148 | bf90 297c | 904d 7700 | 008b 9ff4 | 0000 0083 | c302 899f | f400 0000 | 81e3 feff 
  0x0000774de8c1b3c0: 1f00 85db | 0f84 c003 | 0000 8b7e | 5048 3b07 

  0x0000774de8c1b3d0: ;   {metadata(method data for {method} {0x0000774d905f7100} 'getClassLoadingLock' '(Ljava/lang/String;)Ljava/lang/Object;' in 'org/eclipse/osgi/internal/loader/ModuleClassLoader')}
  0x0000774de8c1b3d0: 488b df48 | b890 297c | 904d 7700 | 0048 8380 | 3801 0000 | 0148 8bda | 488b d348 | 8974 2458 
  0x0000774de8c1b3f0: 488b f748 | 895c 2460 | 0f1f 8000 

  0x0000774de8c1b3fc: ;   {optimized virtual_call}
  0x0000774de8c1b3fc: 0000 00e8 

  0x0000774de8c1b400: ; ImmutableOopMap {[88]=Oop [96]=Oop [104]=Oop [112]=Oop }
                      ;*invokevirtual getLock {reexecute=0 rethrow=0 return_oop=0}
                      ; - org.eclipse.osgi.internal.loader.ModuleClassLoader::getClassLoadingLock@5 (line 437)
                      ; - org.eclipse.osgi.internal.loader.ModuleClassLoader::defineClass@8 (line 312)
  0x0000774de8c1b400: fcaa 9407 

  0x0000774de8c1b404: ;   {other}
  0x0000774de8c1b404: 0f1f 8400 | 7403 0000 | 4889 4424 | 7848 8db4 | 2480 0000 | 0048 8bf8 | 4889 7e08 

  0x0000774de8c1b420: ; implicit exception: dispatches to 0x0000774de8c1b7b0
  0x0000774de8c1b420: 488b 0748 | 83c8 0148 | 8906 f048 | 0fb1 370f | 8412 0000 | 0048 2bc4 | 4825 07f0 | ffff 4889 
  0x0000774de8c1b440: 060f 856e | 0300 0049 | ff87 4805 | 0000 488b 

  0x0000774de8c1b450: ;   {metadata(method data for {method} {0x0000774d905f6450} 'defineClass' '(Ljava/lang/String;[BLorg/eclipse/osgi/internal/loader/classpath/ClasspathEntry;)Lorg/eclipse/osgi/internal/loader/ModuleClassLoader$DefineClassResult;' in 'org/eclipse/osgi/internal/loader/ModuleClassLoader')}
  0x0000774de8c1b450: 7424 5848 | bf00 c080 | 904d 7700 | 0048 8387 | 7001 0000 

  0x0000774de8c1b464: ;   {metadata(method data for {method} {0x0000774d9a4370b8} 'findLoadedClass' '(Ljava/lang/String;)Ljava/lang/Class;' in 'java/lang/ClassLoader')}
  0x0000774de8c1b464: 0148 be08 | 650a 904d | 7700 008b | bef4 0000 | 0083 c702 | 89be f400 | 0000 81e7 | feff 1f00 
  0x0000774de8c1b484: 85ff 0f84 | 3c03 0000 

  0x0000774de8c1b48c: ;   {metadata(method data for {method} {0x0000774d9a4370b8} 'findLoadedClass' '(Ljava/lang/String;)Ljava/lang/Class;' in 'java/lang/ClassLoader')}
  0x0000774de8c1b48c: 48be 0865 | 0a90 4d77 | 0000 4883 | 8638 0100 | 0001 488b | 7424 600f 

  0x0000774de8c1b4a4: ;   {static_call}
  0x0000774de8c1b4a4: 1f40 00e8 

  0x0000774de8c1b4a8: ; ImmutableOopMap {[88]=Oop [96]=Oop [104]=Oop [112]=Oop [120]=Oop [136]=Oop }
                      ;*invokestatic checkName {reexecute=0 rethrow=0 return_oop=0}
                      ; - java.lang.ClassLoader::findLoadedClass@1 (line 1298)
                      ; - org.eclipse.osgi.internal.loader.ModuleClassLoader::defineClass@17 (line 313)
  0x0000774de8c1b4a8: 94c2 5a00 

  0x0000774de8c1b4ac: ;   {other}
  0x0000774de8c1b4ac: 0f1f 8400 | 1c04 0001 

  0x0000774de8c1b4b4: ;   {metadata(method data for {method} {0x0000774d9a4370b8} 'findLoadedClass' '(Ljava/lang/String;)Ljava/lang/Class;' in 'java/lang/ClassLoader')}
  0x0000774de8c1b4b4: 85c0 48ba | 0865 0a90 | 4d77 0000 | 48c7 c648 | 0100 0075 | 0748 c7c6 | 5801 0000 | 488b 3c32 
  0x0000774de8c1b4d4: 488d 7f01 | 4889 3c32 | 0f85 0f00 

  0x0000774de8c1b4e0: ;   {oop(nullptr)}
  0x0000774de8c1b4e0: 0000 48be | 0000 0000 | 0000 0000 | e936 0000 | 0048 8b74 

  0x0000774de8c1b4f4: ;   {metadata(method data for {method} {0x0000774d9a4370b8} 'findLoadedClass' '(Ljava/lang/String;)Ljava/lang/Class;' in 'java/lang/ClassLoader')}
  0x0000774de8c1b4f4: 2458 48ba | 0865 0a90 | 4d77 0000 | 4883 8268 | 0100 0001 | 488b 5424 | 6048 8b74 | 2458 0f1f 
  0x0000774de8c1b514: ;   {optimized virtual_call}
  0x0000774de8c1b514: 4400 00e8 

  0x0000774de8c1b518: ; ImmutableOopMap {[88]=Oop [96]=Oop [104]=Oop [112]=Oop [120]=Oop [136]=Oop }
                      ;*invokevirtual findLoadedClass0 {reexecute=0 rethrow=0 return_oop=0}
                      ; - java.lang.ClassLoader::findLoadedClass@11 (line 1300)
                      ; - org.eclipse.osgi.internal.loader.ModuleClassLoader::defineClass@17 (line 313)
  0x0000774de8c1b518: a4ce 6c07 

  0x0000774de8c1b51c: ;   {other}
  0x0000774de8c1b51c: 0f1f 8400 | 8c04 0002 | 488b f048 

  0x0000774de8c1b528: ;   {metadata(method data for {method} {0x0000774d905f6450} 'defineClass' '(Ljava/lang/String;[BLorg/eclipse/osgi/internal/loader/classpath/ClasspathEntry;)Lorg/eclipse/osgi/internal/loader/ModuleClassLoader$DefineClassResult;' in 'org/eclipse/osgi/internal/loader/ModuleClassLoader')}
  0x0000774de8c1b528: 85f6 48ba | 00c0 8090 | 4d77 0000 | 48c7 c1b8 | 0100 0074 | 0748 c7c1 | a801 0000 | 4c8b 040a 
  0x0000774de8c1b548: 4d8d 4001 | 4c89 040a | 0f84 0e00 | 0000 488b | de41 b800 | 0000 00e9 | 7900 0000 | 4c8b 4424 
  0x0000774de8c1b568: 7048 8b4c | 2468 488b | 5424 6048 | 8b74 2458 

  0x0000774de8c1b578: ; implicit exception: dispatches to 0x0000774de8c1b7e9
  0x0000774de8c1b578: 448b 490c 

  0x0000774de8c1b57c: ; implicit exception: dispatches to 0x0000774de8c1b7ee
  0x0000774de8c1b57c: 493b 0049 

  0x0000774de8c1b580: ;   {metadata(method data for {method} {0x0000774d905f6450} 'defineClass' '(Ljava/lang/String;[BLorg/eclipse/osgi/internal/loader/classpath/ClasspathEntry;)Lorg/eclipse/osgi/internal/loader/ModuleClassLoader$DefineClassResult;' in 'org/eclipse/osgi/internal/loader/ModuleClassLoader')}
  0x0000774de8c1b580: 8bf8 48bb | 00c0 8090 | 4d77 0000 

  0x0000774de8c1b58c: ;   {metadata('org/eclipse/osgi/internal/loader/classpath/ClasspathEntry')}
  0x0000774de8c1b58c: 49ba b806 | 09a0 4d77 | 0000 4c89 | 93d8 0100 | 0048 8383 | e001 0000 | 0141 8b78 | 104c 8bc6 
  0x0000774de8c1b5ac: ;   {metadata(method data for {method} {0x0000774d905f6450} 'defineClass' '(Ljava/lang/String;[BLorg/eclipse/osgi/internal/loader/classpath/ClasspathEntry;)Lorg/eclipse/osgi/internal/loader/ModuleClassLoader$DefineClassResult;' in 'org/eclipse/osgi/internal/loader/ModuleClassLoader')}
  0x0000774de8c1b5ac: 48bb 00c0 | 8090 4d77 | 0000 4883 | 8300 0200 | 0001 41b8 | 0000 0000 

  0x0000774de8c1b5c4: ;   {optimized virtual_call}
  0x0000774de8c1b5c4: 6666 90e8 

  0x0000774de8c1b5c8: ; ImmutableOopMap {[120]=Oop [136]=Oop }
                      ;*invokevirtual defineClass {reexecute=0 rethrow=0 return_oop=0}
                      ; - org.eclipse.osgi.internal.loader.ModuleClassLoader::defineClass@37 (line 315)
  0x0000774de8c1b5c8: f4d0 ecff 

  0x0000774de8c1b5cc: ;   {other}
  0x0000774de8c1b5cc: 0f1f 8400 | 3c05 0003 | 488b d841 | b801 0000 | 0048 8d84 | 2480 0000 | 0048 8b10 | 4885 d20f 
  0x0000774de8c1b5ec: 840f 0000 | 0048 8b70 | 08f0 480f | b116 0f85 | f301 0000 | 49ff 8f48 

  0x0000774de8c1b604: ;   {metadata(method data for {method} {0x0000774d905f6450} 'defineClass' '(Ljava/lang/String;[BLorg/eclipse/osgi/internal/loader/classpath/ClasspathEntry;)Lorg/eclipse/osgi/internal/loader/ModuleClassLoader$DefineClassResult;' in 'org/eclipse/osgi/internal/loader/ModuleClassLoader')}
  0x0000774de8c1b604: 0500 0048 | ba00 c080 | 904d 7700 | 00ff 8238 

  0x0000774de8c1b614: ;   {metadata('org/eclipse/osgi/internal/loader/ModuleClassLoader$DefineClassResult')}
  0x0000774de8c1b614: 0200 0048 | ba08 6c0b | a04d 7700 | 0049 8b87 | b801 0000 | 488d 7818 | 493b bfc8 | 0100 000f 
  0x0000774de8c1b634: 87d0 0100 | 0049 89bf | b801 0000 | 48c7 0001 | 0000 0048 | 8bca 49ba | 0000 009a | 4d77 0000 
  0x0000774de8c1b654: 492b ca89 | 4808 4833 | c989 480c | 4833 c948 | 8948 1048 

  0x0000774de8c1b668: ;   {metadata(method data for {method} {0x0000774d905f6450} 'defineClass' '(Ljava/lang/String;[BLorg/eclipse/osgi/internal/loader/classpath/ClasspathEntry;)Lorg/eclipse/osgi/internal/loader/ModuleClassLoader$DefineClassResult;' in 'org/eclipse/osgi/internal/loader/ModuleClassLoader')}
  0x0000774de8c1b668: 8bf0 48bf | 00c0 8090 | 4d77 0000 | 4883 8750 | 0200 0001 

  0x0000774de8c1b67c: ;   {metadata(method data for {method} {0x0000774d90756b40} '<init>' '(Ljava/lang/Class;Z)V' in 'org/eclipse/osgi/internal/loader/ModuleClassLoader$DefineClassResult')}
  0x0000774de8c1b67c: 48be b8c2 | 8090 4d77 | 0000 8bbe | f400 0000 | 83c7 0289 | bef4 0000 | 0081 e7fe | ff1f 0085 
  0x0000774de8c1b69c: ff0f 8473 | 0100 0048 

  0x0000774de8c1b6a4: ;   {metadata(method data for {method} {0x0000774d90756b40} '<init>' '(Ljava/lang/Class;Z)V' in 'org/eclipse/osgi/internal/loader/ModuleClassLoader$DefineClassResult')}
  0x0000774de8c1b6a4: 8bf0 48bf | b8c2 8090 | 4d77 0000 | 4883 8738 | 0100 0001 

  0x0000774de8c1b6b8: ;   {metadata(method data for {method} {0x0000774d9a476d50} '<init>' '()V' in 'java/lang/Object')}
  0x0000774de8c1b6b8: 48be 987f | 0090 4d77 | 0000 8bbe | f400 0000 | 83c7 0289 | bef4 0000 | 0081 e7fe | ff1f 0085 
  0x0000774de8c1b6d8: ff0f 8458 | 0100 004c | 8bd3 4489 | 5010 488d | 3048 c1ee | 0948 bf00 | 9082 044e | 7700 00c6 
  0x0000774de8c1b6f8: 043e 0041 | 83e0 0144 | 8840 0c48 | 81c4 a000 

  0x0000774de8c1b708: ;   {poll_return}
  0x0000774de8c1b708: 0000 5d49 | 3ba7 4804 | 0000 0f87 | 4001 0000 | c349 8b87 | f804 0000 | 4d33 d24d | 8997 f804 
  0x0000774de8c1b728: 0000 4d33 | d24d 8997 | 0005 0000 | 488b f048 | 8d84 2480 | 0000 0048 | 8b38 4885 | ff0f 840f 
  0x0000774de8c1b748: 0000 0048 | 8b58 08f0 | 480f b13b | 0f85 1401 | 0000 49ff | 8f48 0500 | 0048 8bc6 | e938 0100 
  0x0000774de8c1b768: ;   {metadata({method} {0x0000774d905f6450} 'defineClass' '(Ljava/lang/String;[BLorg/eclipse/osgi/internal/loader/classpath/ClasspathEntry;)Lorg/eclipse/osgi/internal/loader/ModuleClassLoader$DefineClassResult;' in 'org/eclipse/osgi/internal/loader/ModuleClassLoader')}
  0x0000774de8c1b768: 0049 ba50 | 645f 904d | 7700 004c | 8954 2408 | 48c7 0424 | ffff ffff 

  0x0000774de8c1b780: ;   {runtime_call counter_overflow Runtime1 stub}
  0x0000774de8c1b780: e8fb cc21 

  0x0000774de8c1b784: ; ImmutableOopMap {rsi=Oop rdx=Oop rcx=Oop r8=Oop }
                      ;*synchronization entry
                      ; - org.eclipse.osgi.internal.loader.ModuleClassLoader::defineClass@-1 (line 310)
  0x0000774de8c1b784: 07e9 7cfb 

  0x0000774de8c1b788: ;   {metadata({method} {0x0000774d905f7100} 'getClassLoadingLock' '(Ljava/lang/String;)Ljava/lang/Object;' in 'org/eclipse/osgi/internal/loader/ModuleClassLoader')}
  0x0000774de8c1b788: ffff 49ba | 0071 5f90 | 4d77 0000 | 4c89 5424 | 0848 c704 | 24ff ffff 

  0x0000774de8c1b7a0: ;   {runtime_call counter_overflow Runtime1 stub}
  0x0000774de8c1b7a0: ffe8 dacc 

  0x0000774de8c1b7a4: ; ImmutableOopMap {rsi=Oop rdx=Oop [104]=Oop [112]=Oop }
                      ;*synchronization entry
                      ; - org.eclipse.osgi.internal.loader.ModuleClassLoader::getClassLoadingLock@-1 (line 437)
                      ; - org.eclipse.osgi.internal.loader.ModuleClassLoader::defineClass@8 (line 312)
  0x0000774de8c1b7a4: 2107 e91f 

  0x0000774de8c1b7a8: ;   {runtime_call throw_null_pointer_exception Runtime1 stub}
  0x0000774de8c1b7a8: fcff ffe8 

  0x0000774de8c1b7ac: ; ImmutableOopMap {rsi=Oop rdx=Oop rdi=Oop [104]=Oop [112]=Oop }
                      ;*invokevirtual getLock {reexecute=0 rethrow=0 return_oop=0}
                      ; - org.eclipse.osgi.internal.loader.ModuleClassLoader::getClassLoadingLock@5 (line 437)
                      ; - org.eclipse.osgi.internal.loader.ModuleClassLoader::defineClass@8 (line 312)
  0x0000774de8c1b7ac: d06b 2107 

  0x0000774de8c1b7b0: ;   {runtime_call throw_null_pointer_exception Runtime1 stub}
  0x0000774de8c1b7b0: e8cb 6b21 

  0x0000774de8c1b7b4: ; ImmutableOopMap {rdi=Oop [88]=Oop [96]=Oop [104]=Oop [112]=Oop [120]=Oop }
                      ;*monitorenter {reexecute=0 rethrow=0 return_oop=0}
                      ; - org.eclipse.osgi.internal.loader.ModuleClassLoader::defineClass@14 (line 312)
  0x0000774de8c1b7b4: 0748 897c | 2408 4889 

  0x0000774de8c1b7bc: ;   {runtime_call monitorenter_nofpu Runtime1 stub}
  0x0000774de8c1b7bc: 3424 e8bd 

  0x0000774de8c1b7c0: ; ImmutableOopMap {rdi=Oop [88]=Oop [96]=Oop [104]=Oop [112]=Oop [120]=Oop [136]=Oop }
                      ;*monitorenter {reexecute=0 rethrow=0 return_oop=0}
                      ; - org.eclipse.osgi.internal.loader.ModuleClassLoader::defineClass@14 (line 312)
  0x0000774de8c1b7c0: ad21 07e9 | 86fc ffff 

  0x0000774de8c1b7c8: ;   {metadata({method} {0x0000774d9a4370b8} 'findLoadedClass' '(Ljava/lang/String;)Ljava/lang/Class;' in 'java/lang/ClassLoader')}
  0x0000774de8c1b7c8: 49ba b870 | 439a 4d77 | 0000 4c89 | 5424 0848 | c704 24ff 

  0x0000774de8c1b7dc: ;   {runtime_call counter_overflow Runtime1 stub}
  0x0000774de8c1b7dc: ffff ffe8 

  0x0000774de8c1b7e0: ; ImmutableOopMap {[88]=Oop [96]=Oop [104]=Oop [112]=Oop [120]=Oop [136]=Oop }
                      ;*synchronization entry
                      ; - java.lang.ClassLoader::findLoadedClass@-1 (line 1298)
                      ; - org.eclipse.osgi.internal.loader.ModuleClassLoader::defineClass@17 (line 313)
  0x0000774de8c1b7e0: 9ccc 2107 | e9a3 fcff 

  0x0000774de8c1b7e8: ;   {runtime_call throw_null_pointer_exception Runtime1 stub}
  0x0000774de8c1b7e8: ffe8 926b 

  0x0000774de8c1b7ec: ; ImmutableOopMap {r8=Oop rcx=Oop rdx=Oop rsi=Oop [120]=Oop [136]=Oop }
                      ;*arraylength {reexecute=0 rethrow=0 return_oop=0}
                      ; - org.eclipse.osgi.internal.loader.ModuleClassLoader::defineClass@32 (line 315)
                      ;   {runtime_call throw_null_pointer_exception Runtime1 stub}
  0x0000774de8c1b7ec: 2107 e88d 

  0x0000774de8c1b7f0: ; ImmutableOopMap {r8=Oop rcx=Oop rdx=Oop rsi=Oop [120]=Oop [136]=Oop }
                      ;*invokevirtual getDomain {reexecute=0 rethrow=0 return_oop=0}
                      ; - org.eclipse.osgi.internal.loader.ModuleClassLoader::defineClass@34 (line 315)
  0x0000774de8c1b7f0: 6b21 0748 | 8d84 2480 | 0000 0048 

  0x0000774de8c1b7fc: ;   {runtime_call monitorexit_nofpu Runtime1 stub}
  0x0000774de8c1b7fc: 8904 24e8 | 7cb3 2107 | e9fe fdff | ff48 8bd2 

  0x0000774de8c1b80c: ;   {runtime_call fast_new_instance Runtime1 stub}
  0x0000774de8c1b80c: e86f 7721 

  0x0000774de8c1b810: ; ImmutableOopMap {rbx=Oop }
                      ;*new {reexecute=0 rethrow=0 return_oop=0}
                      ; - org.eclipse.osgi.internal.loader.ModuleClassLoader::defineClass@55 (line 319)
  0x0000774de8c1b810: 07e9 51fe 

  0x0000774de8c1b814: ;   {metadata({method} {0x0000774d90756b40} '<init>' '(Ljava/lang/Class;Z)V' in 'org/eclipse/osgi/internal/loader/ModuleClassLoader$DefineClassResult')}
  0x0000774de8c1b814: ffff 49ba | 406b 7590 | 4d77 0000 | 4c89 5424 | 0848 c704 | 24ff ffff 

  0x0000774de8c1b82c: ;   {runtime_call counter_overflow Runtime1 stub}
  0x0000774de8c1b82c: ffe8 4ecc 

  0x0000774de8c1b830: ; ImmutableOopMap {rbx=Oop rax=Oop }
                      ;*synchronization entry
                      ; - org.eclipse.osgi.internal.loader.ModuleClassLoader$DefineClassResult::<init>@-1 (line 96)
                      ; - org.eclipse.osgi.internal.loader.ModuleClassLoader::defineClass@63 (line 319)
  0x0000774de8c1b830: 2107 e96c 

  0x0000774de8c1b834: ;   {metadata({method} {0x0000774d9a476d50} '<init>' '()V' in 'java/lang/Object')}
  0x0000774de8c1b834: feff ff49 | ba50 6d47 | 9a4d 7700 | 004c 8954 | 2408 48c7 | 0424 ffff 

  0x0000774de8c1b84c: ;   {runtime_call counter_overflow Runtime1 stub}
  0x0000774de8c1b84c: ffff e82d 

  0x0000774de8c1b850: ; ImmutableOopMap {rbx=Oop rax=Oop }
                      ;*synchronization entry
                      ; - java.lang.Object::<init>@-1 (line 45)
                      ; - org.eclipse.osgi.internal.loader.ModuleClassLoader$DefineClassResult::<init>@1 (line 96)
                      ; - org.eclipse.osgi.internal.loader.ModuleClassLoader::defineClass@63 (line 319)
  0x0000774de8c1b850: cc21 07e9 | 87fe ffff 

  0x0000774de8c1b858: ;   {internal_word}
  0x0000774de8c1b858: 49ba 0bb7 | c1e8 4d77 | 0000 4d89 | 9760 0400 

  0x0000774de8c1b868: ;   {runtime_call SafepointBlob}
  0x0000774de8c1b868: 00e9 92fb | 1607 488d | 8424 8000 | 0000 4889 

  0x0000774de8c1b878: ;   {runtime_call monitorexit_nofpu Runtime1 stub}
  0x0000774de8c1b878: 0424 e801 | b321 07e9 | ddfe ffff | 498b 87f8 | 0400 0049 | c787 f804 | 0000 0000 | 0000 49c7 
  0x0000774de8c1b898: 8700 0500 | 0000 0000 | 0048 81c4 | a000 0000 

  0x0000774de8c1b8a8: ;   {runtime_call unwind_exception Runtime1 stub}
  0x0000774de8c1b8a8: 5de9 d252 | 2107 f4f4 
[Stub Code]
  0x0000774de8c1b8b0: ;   {no_reloc}
  0x0000774de8c1b8b0: 48bb 8053 | 6590 4d77 

  0x0000774de8c1b8b8: ;   {runtime_call I2C/C2I adapters}
  0x0000774de8c1b8b8: 0000 e9a8 

  0x0000774de8c1b8bc: ;   {static_stub}
  0x0000774de8c1b8bc: e716 0748 | bb50 6e43 | 9a4d 7700 

  0x0000774de8c1b8c8: ;   {runtime_call I2C/C2I adapters}
  0x0000774de8c1b8c8: 00e9 158c 

  0x0000774de8c1b8cc: ;   {static_stub}
  0x0000774de8c1b8cc: 1607 48bb | 0000 0000 | 0000 0000 

  0x0000774de8c1b8d8: ;   {runtime_call nmethod}
  0x0000774de8c1b8d8: e9fb ffff 

  0x0000774de8c1b8dc: ;   {static_stub}
  0x0000774de8c1b8dc: ff48 bb00 | 0000 0000 

  0x0000774de8c1b8e4: ;   {runtime_call nmethod}
  0x0000774de8c1b8e4: 0000 00e9 | fbff ffff 
[Exception Handler]
  0x0000774de8c1b8ec: ;   {runtime_call handle_exception_from_callee Runtime1 stub}
  0x0000774de8c1b8ec: e88f 9721 

  0x0000774de8c1b8f0: ;   {external_word}
  0x0000774de8c1b8f0: 0748 bf3c | 0112 074e | 7700 0048 

  0x0000774de8c1b8fc: ;   {runtime_call MacroAssembler::debug64(char*, long, long*)}
  0x0000774de8c1b8fc: 83e4 f0e8 | ecef fd1d 

  0x0000774de8c1b904: ;   {section_word}
  0x0000774de8c1b904: f449 ba05 | b9c1 e84d | 7700 0041 

  0x0000774de8c1b910: ;   {runtime_call DeoptimizationBlob}
  0x0000774de8c1b910: 52e9 8aed | 1607 f4f4 
[/MachCode]


---------------  P R O C E S S  ---------------

Threads class SMR info:
_java_thread_list=0x0000774d201910c0, length=53, elements={
0x0000774e0001c320, 0x0000774e001a85a0, 0x0000774e001a9770, 0x0000774e001aadf0,
0x0000774e001ad820, 0x0000774e001aedb0, 0x0000774e001b0500, 0x0000774e001b1ab0,
0x0000774e001c1e30, 0x0000774e0024bd10, 0x0000774e003e5460, 0x0000774e00440000,
0x0000774d4c024970, 0x0000774e00443f50, 0x0000774d383ca960, 0x0000774d3845efb0,
0x0000774d3816d640, 0x0000774d384bcab0, 0x0000774d384ccd30, 0x0000774d20001a00,
0x0000774d38565ef0, 0x0000774d1c001700, 0x0000774e0047b630, 0x0000774d20060630,
0x0000774d04001000, 0x0000774cf8000fe0, 0x0000774cfc000fe0, 0x0000774cf0000fe0,
0x0000774cf4000fe0, 0x0000774ce8000fe0, 0x0000774cec000fe0, 0x0000774ce0000fe0,
0x0000774e004c67d0, 0x0000774e004c6ed0, 0x0000774ce4001090, 0x0000774ccc000fe0,
0x0000774d08001310, 0x0000774d200d24c0, 0x0000774cfc05a500, 0x0000774d200d5950,
0x0000774d200f2080, 0x0000774cb4002fd0, 0x0000774cbc001fa0, 0x0000774d200f2ac0,
0x0000774d200f39e0, 0x0000774ca8000fe0, 0x0000774ca4000fe0, 0x0000774cac000fe0,
0x0000774c94000fe0, 0x0000774d68aebba0, 0x0000774cdc344df0, 0x0000774d582f6460,
0x0000774d20190610
}

Java Threads: ( => current thread )
  0x0000774e0001c320 JavaThread "main"                              [_thread_blocked, id=783870, stack(0x0000774e05b00000,0x0000774e05c00000) (1024K)]
  0x0000774e001a85a0 JavaThread "Reference Handler"          daemon [_thread_blocked, id=783874, stack(0x0000774d989eb000,0x0000774d98aeb000) (1024K)]
  0x0000774e001a9770 JavaThread "Finalizer"                  daemon [_thread_blocked, id=783875, stack(0x0000774d98300000,0x0000774d98400000) (1024K)]
  0x0000774e001aadf0 JavaThread "Signal Dispatcher"          daemon [_thread_blocked, id=783876, stack(0x0000774d98200000,0x0000774d98300000) (1024K)]
  0x0000774e001ad820 JavaThread "Service Thread"             daemon [_thread_blocked, id=783877, stack(0x0000774d98100000,0x0000774d98200000) (1024K)]
  0x0000774e001aedb0 JavaThread "Monitor Deflation Thread"   daemon [_thread_blocked, id=783878, stack(0x0000774d98000000,0x0000774d98100000) (1024K)]
  0x0000774e001b0500 JavaThread "C2 CompilerThread0"         daemon [_thread_in_native, id=783879, stack(0x0000774d77f00000,0x0000774d78000000) (1024K)]
  0x0000774e001b1ab0 JavaThread "C1 CompilerThread0"         daemon [_thread_blocked, id=783880, stack(0x0000774d77e00000,0x0000774d77f00000) (1024K)]
  0x0000774e001c1e30 JavaThread "Common-Cleaner"             daemon [_thread_blocked, id=783881, stack(0x0000774d77d00000,0x0000774d77e00000) (1024K)]
  0x0000774e0024bd10 JavaThread "Notification Thread"        daemon [_thread_blocked, id=783883, stack(0x0000774d77b00000,0x0000774d77c00000) (1024K)]
  0x0000774e003e5460 JavaThread "Active Thread: Equinox Container: 5e503821-f3cd-4106-8462-2bea857a7b2d"        [_thread_blocked, id=783889, stack(0x0000774d775fd000,0x0000774d776fd000) (1024K)]
  0x0000774e00440000 JavaThread "Refresh Thread: Equinox Container: 5e503821-f3cd-4106-8462-2bea857a7b2d" daemon [_thread_blocked, id=783890, stack(0x0000774d774fd000,0x0000774d775fd000) (1024K)]
  0x0000774d4c024970 JavaThread "Framework Event Dispatcher: Equinox Container: 5e503821-f3cd-4106-8462-2bea857a7b2d" daemon [_thread_blocked, id=783892, stack(0x0000774d772fc000,0x0000774d773fc000) (1024K)]
  0x0000774e00443f50 JavaThread "Start Level: Equinox Container: 5e503821-f3cd-4106-8462-2bea857a7b2d" daemon [_thread_blocked, id=783893, stack(0x0000774d771fc000,0x0000774d772fc000) (1024K)]
  0x0000774d383ca960 JavaThread "Bundle File Closer"         daemon [_thread_blocked, id=783895, stack(0x0000774d76ffb000,0x0000774d770fb000) (1024K)]
  0x0000774d3845efb0 JavaThread "SCR Component Actor"        daemon [_thread_blocked, id=783896, stack(0x0000774d76efb000,0x0000774d76ffb000) (1024K)]
  0x0000774d3816d640 JavaThread "Worker-JM"                         [_thread_blocked, id=783898, stack(0x0000774d76cfa000,0x0000774d76dfa000) (1024K)]
  0x0000774d384bcab0 JavaThread "Worker-0: Building"                [_thread_blocked, id=783899, stack(0x0000774d76bfa000,0x0000774d76cfa000) (1024K)]
  0x0000774d384ccd30 JavaThread "Worker-1: Refreshing workspace"        [_thread_blocked, id=783902, stack(0x0000774d768f8000,0x0000774d769f8000) (1024K)]
  0x0000774d20001a00 JavaThread "Worker-2"                          [_thread_blocked, id=783903, stack(0x0000774d767f8000,0x0000774d768f8000) (1024K)]
  0x0000774d38565ef0 JavaThread "Java indexing"              daemon [_thread_blocked, id=783905, stack(0x0000774d765f7000,0x0000774d766f7000) (1024K)]
  0x0000774d1c001700 JavaThread "Worker-3"                          [_thread_blocked, id=783906, stack(0x0000774d764f7000,0x0000774d765f7000) (1024K)]
  0x0000774e0047b630 JavaThread "pool-2-thread-1"                   [_thread_blocked, id=783907, stack(0x0000774d763f7000,0x0000774d764f7000) (1024K)]
  0x0000774d20060630 JavaThread "ForkJoinPool.commonPool-worker-1" daemon [_thread_blocked, id=783908, stack(0x0000774d762f7000,0x0000774d763f7000) (1024K)]
  0x0000774d04001000 JavaThread "ForkJoinPool.commonPool-worker-2" daemon [_thread_blocked, id=783909, stack(0x0000774d761f7000,0x0000774d762f7000) (1024K)]
  0x0000774cf8000fe0 JavaThread "ForkJoinPool.commonPool-worker-3" daemon [_thread_blocked, id=783910, stack(0x0000774d760f7000,0x0000774d761f7000) (1024K)]
  0x0000774cfc000fe0 JavaThread "ForkJoinPool.commonPool-worker-4" daemon [_thread_blocked, id=783911, stack(0x0000774d75ff7000,0x0000774d760f7000) (1024K)]
  0x0000774cf0000fe0 JavaThread "ForkJoinPool.commonPool-worker-5" daemon [_thread_blocked, id=783912, stack(0x0000774d75ef7000,0x0000774d75ff7000) (1024K)]
  0x0000774cf4000fe0 JavaThread "ForkJoinPool.commonPool-worker-6" daemon [_thread_blocked, id=783913, stack(0x0000774d75df7000,0x0000774d75ef7000) (1024K)]
  0x0000774ce8000fe0 JavaThread "ForkJoinPool.commonPool-worker-7" daemon [_thread_blocked, id=783914, stack(0x0000774d75cf7000,0x0000774d75df7000) (1024K)]
  0x0000774cec000fe0 JavaThread "ForkJoinPool.commonPool-worker-8" daemon [_thread_blocked, id=783915, stack(0x0000774d75bf7000,0x0000774d75cf7000) (1024K)]
  0x0000774ce0000fe0 JavaThread "ForkJoinPool.commonPool-worker-9" daemon [_thread_blocked, id=783916, stack(0x0000774d75af7000,0x0000774d75bf7000) (1024K)]
  0x0000774e004c67d0 JavaThread "WorkspaceEventsHandler"            [_thread_blocked, id=783917, stack(0x0000774d759f7000,0x0000774d75af7000) (1024K)]
  0x0000774e004c6ed0 JavaThread "pool-1-thread-1"                   [_thread_in_native, id=783918, stack(0x0000774d758f7000,0x0000774d759f7000) (1024K)]
  0x0000774ce4001090 JavaThread "ForkJoinPool.commonPool-worker-10" daemon [_thread_blocked, id=783933, stack(0x0000774d7558f000,0x0000774d7568f000) (1024K)]
  0x0000774ccc000fe0 JavaThread "ForkJoinPool.commonPool-worker-11" daemon [_thread_blocked, id=783934, stack(0x0000774d7548f000,0x0000774d7558f000) (1024K)]
  0x0000774d08001310 JavaThread "Worker-4"                          [_thread_blocked, id=783945, stack(0x0000774d74f25000,0x0000774d75025000) (1024K)]
  0x0000774d200d24c0 JavaThread "Worker-5"                          [_thread_blocked, id=783946, stack(0x0000774d757f7000,0x0000774d758f7000) (1024K)]
  0x0000774cfc05a500 JavaThread "Cleaner-0"                  daemon [_thread_blocked, id=783950, stack(0x0000774d75125000,0x0000774d75225000) (1024K)]
  0x0000774d200d5950 JavaThread "Compiler Source File Reader" daemon [_thread_blocked, id=783952, stack(0x0000774d75025000,0x0000774d75125000) (1024K)]
  0x0000774d200f2080 JavaThread "Compiler Source File Reader" daemon [_thread_blocked, id=783953, stack(0x0000774d756f7000,0x0000774d757f7000) (1024K)]
  0x0000774cb4002fd0 JavaThread "Compiler Source File Reader" daemon [_thread_blocked, id=783954, stack(0x0000774d7538f000,0x0000774d7548f000) (1024K)]
  0x0000774cbc001fa0 JavaThread "Compiler Source File Reader" daemon [_thread_blocked, id=783955, stack(0x0000774d7528f000,0x0000774d7538f000) (1024K)]
  0x0000774d200f2ac0 JavaThread "Compiler Source File Reader" daemon [_thread_blocked, id=783956, stack(0x0000774d74e25000,0x0000774d74f25000) (1024K)]
  0x0000774d200f39e0 JavaThread "Compiler Source File Reader" daemon [_thread_blocked, id=783957, stack(0x0000774d74d25000,0x0000774d74e25000) (1024K)]
  0x0000774ca8000fe0 JavaThread "Compiler Source File Reader" daemon [_thread_blocked, id=783958, stack(0x0000774d74c25000,0x0000774d74d25000) (1024K)]
  0x0000774ca4000fe0 JavaThread "Compiler Source File Reader" daemon [_thread_blocked, id=783959, stack(0x0000774d74b25000,0x0000774d74c25000) (1024K)]
  0x0000774cac000fe0 JavaThread "Compiler Source File Reader" daemon [_thread_blocked, id=783960, stack(0x0000774d74a25000,0x0000774d74b25000) (1024K)]
  0x0000774c94000fe0 JavaThread "Compiler Source File Reader" daemon [_thread_blocked, id=783961, stack(0x0000774d74925000,0x0000774d74a25000) (1024K)]
  0x0000774d68aebba0 JavaThread "C2 CompilerThread1"         daemon [_thread_in_native, id=783972, stack(0x0000774d77c00000,0x0000774d77d00000) (1024K)]
  0x0000774cdc344df0 JavaThread "pool-1-thread-2"                   [_thread_blocked, id=783973, stack(0x0000774d77a00000,0x0000774d77b00000) (1024K)]
  0x0000774d582f6460 JavaThread "Keep-Alive-Timer"           daemon [_thread_blocked, id=783980, stack(0x0000774d7419d000,0x0000774d7429d000) (1024K)]
=>0x0000774d20190610 JavaThread "resolver-1"                 daemon [_thread_in_vm, id=783981, stack(0x0000774d74825000,0x0000774d74925000) (1024K)]
Total: 53

Other Threads:
  0x0000774e0019f240 VMThread "VM Thread"                           [id=783873, stack(0x0000774d98aec000,0x0000774d98bec000) (1024K)]
  0x0000774e00043da0 WatcherThread "VM Periodic Task Thread"        [id=783872, stack(0x0000774e0427f000,0x0000774e0437f000) (1024K)]
  0x0000774e00034c00 WorkerThread "GC Thread#0"                     [id=783871, stack(0x0000774e04b29000,0x0000774e04c29000) (1024K)]
  0x0000774d88000f60 WorkerThread "GC Thread#1"                     [id=783885, stack(0x0000774d77900000,0x0000774d77a00000) (1024K)]
  0x0000774d88003000 WorkerThread "GC Thread#2"                     [id=783886, stack(0x0000774d777ff000,0x0000774d778ff000) (1024K)]
  0x0000774d88003b10 WorkerThread "GC Thread#3"                     [id=783887, stack(0x0000774d776fe000,0x0000774d777fe000) (1024K)]
  0x0000774d88004720 WorkerThread "GC Thread#4"                     [id=783891, stack(0x0000774d773fd000,0x0000774d774fd000) (1024K)]
  0x0000774d88005a70 WorkerThread "GC Thread#5"                     [id=783894, stack(0x0000774d770fc000,0x0000774d771fc000) (1024K)]
  0x0000774d880065e0 WorkerThread "GC Thread#6"                     [id=783897, stack(0x0000774d76dfb000,0x0000774d76efb000) (1024K)]
  0x0000774d88007150 WorkerThread "GC Thread#7"                     [id=783900, stack(0x0000774d76afa000,0x0000774d76bfa000) (1024K)]
  0x0000774d88008500 WorkerThread "GC Thread#8"                     [id=783901, stack(0x0000774d769f9000,0x0000774d76af9000) (1024K)]
  0x0000774d88009030 WorkerThread "GC Thread#9"                     [id=783904, stack(0x0000774d766f8000,0x0000774d767f8000) (1024K)]
Total: 12

Threads with active compile tasks:
C2 CompilerThread0  4977 11204   !   4       org.eclipse.jdt.internal.compiler.classfmt.ClassFileReader::<init> (1968 bytes)
C2 CompilerThread1  4977 11308   !   4       java.io.BufferedReader::readLine (72 bytes)
Total: 2

VM state: not at safepoint (normal execution)

VM Mutex/Monitor currently owned by a thread: None

Heap address: 0x0000000080000000, size: 2048 MB, Compressed Oops mode: 32-bit

CDS archive(s) mapped at: [0x0000774d9a000000-0x0000774d9aca0000-0x0000774d9fb28000), size 95584256, SharedBaseAddress: 0x0000774d9a000000, ArchiveRelocationMode: 1.
Compressed class space mapped at: 0x0000774da0000000-0x0000774de0000000, reserved size: 1073741824
Narrow klass base: 0x0000774d9a000000, Narrow klass shift: 0, Narrow klass range: 0x100000000

GC Precious Log:
 CardTable entry size: 512
 CPUs: 12 total, 12 available
 Memory: 15672M
 Large Page Support: Disabled
 NUMA Support: Disabled
 Compressed Oops: Enabled (32-bit)
 Alignments: Space 512K, Generation 512K, Heap 2M
 Heap Min Capacity: 100M
 Heap Initial Capacity: 100M
 Heap Max Capacity: 2G
 Pre-touch: Disabled
 Parallel Workers: 10

Heap:
 PSYoungGen      total 10752K, used 8190K [0x00000000d5580000, 0x00000000d6300000, 0x0000000100000000)
  eden space 9728K, 73% used [0x00000000d5580000,0x00000000d5c81340,0x00000000d5f00000)
  from space 1024K, 99% used [0x00000000d6080000,0x00000000d617e6c0,0x00000000d6180000)
  to   space 1536K, 0% used [0x00000000d6180000,0x00000000d6180000,0x00000000d6300000)
 ParOldGen       total 68608K, used 61328K [0x0000000080000000, 0x0000000084300000, 0x00000000d5580000)
  object space 68608K, 89% used [0x0000000080000000,0x0000000083be42f8,0x0000000084300000)
 Metaspace       used 25651K, committed 26752K, reserved 1114112K
  class space    used 2388K, committed 2880K, reserved 1048576K

Card table byte_map: [0x0000774e04c29000,0x0000774e0502a000] _byte_map_base: 0x0000774e04829000

Marking Bits: (ParMarkBitMap*) 0x0000774e0752d000
 Begin Bits: [0x0000774de0000000, 0x0000774de2000000)
 End Bits:   [0x0000774de2000000, 0x0000774de4000000)

Polling page: 0x0000774e078f6000

Metaspace:

Usage:
  Non-class:     22.72 MB used.
      Class:      2.33 MB used.
       Both:     25.05 MB used.

Virtual space:
  Non-class space:       64.00 MB reserved,      23.31 MB ( 36%) committed,  1 nodes.
      Class space:        1.00 GB reserved,       2.81 MB ( <1%) committed,  1 nodes.
             Both:        1.06 GB reserved,      26.12 MB (  2%) committed. 

Chunk freelists:
   Non-Class:  7.95 MB
       Class:  13.14 MB
        Both:  21.09 MB

MaxMetaspaceSize: unlimited
CompressedClassSpaceSize: 1.00 GB
Initial GC threshold: 21.00 MB
Current GC threshold: 35.00 MB
CDS: on
 - commit_granule_bytes: 65536.
 - commit_granule_words: 8192.
 - virtual_space_node_default_size: 8388608.
 - enlarge_chunks_in_place: 1.
 - use_allocation_guard: 0.


Internal statistics:

num_allocs_failed_limit: 3.
num_arena_births: 1030.
num_arena_deaths: 24.
num_vsnodes_births: 2.
num_vsnodes_deaths: 0.
num_space_committed: 418.
num_space_uncommitted: 0.
num_chunks_returned_to_freelist: 30.
num_chunks_taken_from_freelist: 2466.
num_chunk_merges: 8.
num_chunk_splits: 1449.
num_chunks_enlarged: 716.
num_inconsistent_stats: 0.

CodeHeap 'non-profiled nmethods': size=120028Kb used=7170Kb max_used=7170Kb free=112857Kb
 bounds [0x0000774df02c9000, 0x0000774df09d9000, 0x0000774df7800000]
CodeHeap 'profiled nmethods': size=120028Kb used=24470Kb max_used=24470Kb free=95557Kb
 bounds [0x0000774de8800000, 0x0000774de9ff0000, 0x0000774defd37000]
CodeHeap 'non-nmethods': size=5704Kb used=1492Kb max_used=1547Kb free=4211Kb
 bounds [0x0000774defd37000, 0x0000774deffa7000, 0x0000774df02c9000]
CodeCache: size=245760Kb, used=33132Kb, max_used=33187Kb, free=212625Kb
 total_blobs=12127, nmethods=11303, adapters=725, full_count=0
Compilation: enabled, stopped_count=0, restarted_count=0

Compilation events (20 events):
Event: 4.934 Thread 0x0000774e001b1ab0 11318       2       org.eclipse.lsp4j.jsonrpc.messages.Either::forLeft (10 bytes)
Event: 4.934 Thread 0x0000774e001b1ab0 nmethod 11318 0x0000774de9fdd810 code [0x0000774de9fdd9a0, 0x0000774de9fddaf8]
Event: 4.934 Thread 0x0000774e001b1ab0 11317       1       org.eclipse.lsp4j.CodeAction::getData (5 bytes)
Event: 4.934 Thread 0x0000774e001b1ab0 nmethod 11317 0x0000774df09bd490 code [0x0000774df09bd620, 0x0000774df09bd6e0]
Event: 4.934 Thread 0x0000774e001b1ab0 11319       2       java.lang.invoke.LambdaForm$MH/0x0000774da02b9c00::invoke (42 bytes)
Event: 4.935 Thread 0x0000774e001b1ab0 nmethod 11319 0x0000774de9fddb90 code [0x0000774de9fddd80, 0x0000774de9fde158]
Event: 4.935 Thread 0x0000774e001b1ab0 11321       2       java.lang.System$2::getUTF16Char (6 bytes)
Event: 4.935 Thread 0x0000774e001b1ab0 nmethod 11321 0x0000774de9fde410 code [0x0000774de9fde5a0, 0x0000774de9fde6b0]
Event: 4.935 Thread 0x0000774e001b1ab0 11320       2       java.lang.invoke.LambdaForm$MH/0x0000774da02c8000::invoke (42 bytes)
Event: 4.935 Thread 0x0000774e001b1ab0 nmethod 11320 0x0000774de9fde790 code [0x0000774de9fde980, 0x0000774de9fded58]
Event: 4.935 Thread 0x0000774e001b1ab0 11322   !   3       java.util.concurrent.ConcurrentHashMap::putVal (432 bytes)
Event: 4.936 Thread 0x0000774e001b1ab0 nmethod 11322 0x0000774de9fdf010 code [0x0000774de9fdf360, 0x0000774de9fe0ba0]
Event: 4.936 Thread 0x0000774e001b1ab0 11324   !   3       java.util.concurrent.ConcurrentHashMap::transfer (849 bytes)
Event: 4.937 Thread 0x0000774e001b1ab0 nmethod 11324 0x0000774de9fe1510 code [0x0000774de9fe1900, 0x0000774de9fe3a10]
Event: 4.937 Thread 0x0000774e001b1ab0 11325       2       jdk.internal.util.ArraysSupport::utf16hashCode (40 bytes)
Event: 4.938 Thread 0x0000774e001b1ab0 nmethod 11325 0x0000774de9fe4d10 code [0x0000774de9fe4ea0, 0x0000774de9fe4ff8]
Event: 4.938 Thread 0x0000774e001b1ab0 11323       2       java.lang.StringUTF16::hashCode (52 bytes)
Event: 4.938 Thread 0x0000774e001b1ab0 nmethod 11323 0x0000774de9fe5110 code [0x0000774de9fe52c0, 0x0000774de9fe5448]
Event: 4.939 Thread 0x0000774e001b1ab0 11326       2       org.eclipse.aether.util.ConfigUtils::getInteger (12 bytes)
Event: 4.940 Thread 0x0000774e001b1ab0 nmethod 11326 0x0000774de9fe5510 code [0x0000774de9fe56c0, 0x0000774de9fe5800]

GC Heap History (20 events):
Event: 3.715 GC heap before
{Heap before GC invocations=43 (full 1):
 PSYoungGen      total 16896K, used 16511K [0x00000000d5580000, 0x00000000d6980000, 0x0000000100000000)
  eden space 14336K, 100% used [0x00000000d5580000,0x00000000d6380000,0x00000000d6380000)
  from space 2560K, 84% used [0x00000000d6380000,0x00000000d659fc18,0x00000000d6600000)
  to   space 3072K, 0% used [0x00000000d6680000,0x00000000d6680000,0x00000000d6980000)
 ParOldGen       total 68608K, used 50055K [0x0000000080000000, 0x0000000084300000, 0x00000000d5580000)
  object space 68608K, 72% used [0x0000000080000000,0x00000000830e1ce0,0x0000000084300000)
 Metaspace       used 24064K, committed 25088K, reserved 1114112K
  class space    used 2230K, committed 2688K, reserved 1048576K
}
Event: 3.716 GC heap after
{Heap after GC invocations=43 (full 1):
 PSYoungGen      total 16384K, used 1760K [0x00000000d5580000, 0x00000000d6880000, 0x0000000100000000)
  eden space 14336K, 0% used [0x00000000d5580000,0x00000000d5580000,0x00000000d6380000)
  from space 2048K, 85% used [0x00000000d6680000,0x00000000d6838000,0x00000000d6880000)
  to   space 2048K, 0% used [0x00000000d6480000,0x00000000d6480000,0x00000000d6680000)
 ParOldGen       total 68608K, used 51285K [0x0000000080000000, 0x0000000084300000, 0x00000000d5580000)
  object space 68608K, 74% used [0x0000000080000000,0x0000000083215528,0x0000000084300000)
 Metaspace       used 24064K, committed 25088K, reserved 1114112K
  class space    used 2230K, committed 2688K, reserved 1048576K
}
Event: 3.742 GC heap before
{Heap before GC invocations=44 (full 1):
 PSYoungGen      total 16384K, used 16096K [0x00000000d5580000, 0x00000000d6880000, 0x0000000100000000)
  eden space 14336K, 100% used [0x00000000d5580000,0x00000000d6380000,0x00000000d6380000)
  from space 2048K, 85% used [0x00000000d6680000,0x00000000d6838000,0x00000000d6880000)
  to   space 2048K, 0% used [0x00000000d6480000,0x00000000d6480000,0x00000000d6680000)
 ParOldGen       total 68608K, used 51285K [0x0000000080000000, 0x0000000084300000, 0x00000000d5580000)
  object space 68608K, 74% used [0x0000000080000000,0x0000000083215528,0x0000000084300000)
 Metaspace       used 24142K, committed 25152K, reserved 1114112K
  class space    used 2234K, committed 2688K, reserved 1048576K
}
Event: 3.742 GC heap after
{Heap after GC invocations=44 (full 1):
 PSYoungGen      total 15360K, used 647K [0x00000000d5580000, 0x00000000d6700000, 0x0000000100000000)
  eden space 14336K, 0% used [0x00000000d5580000,0x00000000d5580000,0x00000000d6380000)
  from space 1024K, 63% used [0x00000000d6480000,0x00000000d6521ff8,0x00000000d6580000)
  to   space 1536K, 0% used [0x00000000d6580000,0x00000000d6580000,0x00000000d6700000)
 ParOldGen       total 68608K, used 51917K [0x0000000080000000, 0x0000000084300000, 0x00000000d5580000)
  object space 68608K, 75% used [0x0000000080000000,0x00000000832b3528,0x0000000084300000)
 Metaspace       used 24142K, committed 25152K, reserved 1114112K
  class space    used 2234K, committed 2688K, reserved 1048576K
}
Event: 3.973 GC heap before
{Heap before GC invocations=45 (full 1):
 PSYoungGen      total 15360K, used 14983K [0x00000000d5580000, 0x00000000d6700000, 0x0000000100000000)
  eden space 14336K, 100% used [0x00000000d5580000,0x00000000d6380000,0x00000000d6380000)
  from space 1024K, 63% used [0x00000000d6480000,0x00000000d6521ff8,0x00000000d6580000)
  to   space 1536K, 0% used [0x00000000d6580000,0x00000000d6580000,0x00000000d6700000)
 ParOldGen       total 68608K, used 51917K [0x0000000080000000, 0x0000000084300000, 0x00000000d5580000)
  object space 68608K, 75% used [0x0000000080000000,0x00000000832b3528,0x0000000084300000)
 Metaspace       used 24531K, committed 25536K, reserved 1114112K
  class space    used 2306K, committed 2752K, reserved 1048576K
}
Event: 3.975 GC heap after
{Heap after GC invocations=45 (full 1):
 PSYoungGen      total 11264K, used 1507K [0x00000000d5580000, 0x00000000d7080000, 0x0000000100000000)
  eden space 9728K, 0% used [0x00000000d5580000,0x00000000d5580000,0x00000000d5f00000)
  from space 1536K, 98% used [0x00000000d6580000,0x00000000d66f8d10,0x00000000d6700000)
  to   space 6656K, 0% used [0x00000000d5f00000,0x00000000d5f00000,0x00000000d6580000)
 ParOldGen       total 68608K, used 55824K [0x0000000080000000, 0x0000000084300000, 0x00000000d5580000)
  object space 68608K, 81% used [0x0000000080000000,0x0000000083684138,0x0000000084300000)
 Metaspace       used 24531K, committed 25536K, reserved 1114112K
  class space    used 2306K, committed 2752K, reserved 1048576K
}
Event: 4.037 GC heap before
{Heap before GC invocations=46 (full 1):
 PSYoungGen      total 11264K, used 11235K [0x00000000d5580000, 0x00000000d7080000, 0x0000000100000000)
  eden space 9728K, 100% used [0x00000000d5580000,0x00000000d5f00000,0x00000000d5f00000)
  from space 1536K, 98% used [0x00000000d6580000,0x00000000d66f8d10,0x00000000d6700000)
  to   space 6656K, 0% used [0x00000000d5f00000,0x00000000d5f00000,0x00000000d6580000)
 ParOldGen       total 68608K, used 55824K [0x0000000080000000, 0x0000000084300000, 0x00000000d5580000)
  object space 68608K, 81% used [0x0000000080000000,0x0000000083684138,0x0000000084300000)
 Metaspace       used 24800K, committed 25792K, reserved 1114112K
  class space    used 2330K, committed 2752K, reserved 1048576K
}
Event: 4.038 GC heap after
{Heap after GC invocations=46 (full 1):
 PSYoungGen      total 10752K, used 864K [0x00000000d5580000, 0x00000000d6600000, 0x0000000100000000)
  eden space 9728K, 0% used [0x00000000d5580000,0x00000000d5580000,0x00000000d5f00000)
  from space 1024K, 84% used [0x00000000d5f00000,0x00000000d5fd8000,0x00000000d6000000)
  to   space 2560K, 0% used [0x00000000d6380000,0x00000000d6380000,0x00000000d6600000)
 ParOldGen       total 68608K, used 56237K [0x0000000080000000, 0x0000000084300000, 0x00000000d5580000)
  object space 68608K, 81% used [0x0000000080000000,0x00000000836eb4b0,0x0000000084300000)
 Metaspace       used 24800K, committed 25792K, reserved 1114112K
  class space    used 2330K, committed 2752K, reserved 1048576K
}
Event: 4.067 GC heap before
{Heap before GC invocations=47 (full 1):
 PSYoungGen      total 10752K, used 10583K [0x00000000d5580000, 0x00000000d6600000, 0x0000000100000000)
  eden space 9728K, 99% used [0x00000000d5580000,0x00000000d5efdc08,0x00000000d5f00000)
  from space 1024K, 84% used [0x00000000d5f00000,0x00000000d5fd8000,0x00000000d6000000)
  to   space 2560K, 0% used [0x00000000d6380000,0x00000000d6380000,0x00000000d6600000)
 ParOldGen       total 68608K, used 56237K [0x0000000080000000, 0x0000000084300000, 0x00000000d5580000)
  object space 68608K, 81% used [0x0000000080000000,0x00000000836eb4b0,0x0000000084300000)
 Metaspace       used 24924K, committed 25984K, reserved 1114112K
  class space    used 2340K, committed 2816K, reserved 1048576K
}
Event: 4.068 GC heap after
{Heap after GC invocations=47 (full 1):
 PSYoungGen      total 11776K, used 1632K [0x00000000d5580000, 0x00000000d6580000, 0x0000000100000000)
  eden space 9728K, 0% used [0x00000000d5580000,0x00000000d5580000,0x00000000d5f00000)
  from space 2048K, 79% used [0x00000000d6380000,0x00000000d6518000,0x00000000d6580000)
  to   space 2048K, 0% used [0x00000000d6180000,0x00000000d6180000,0x00000000d6380000)
 ParOldGen       total 68608K, used 56997K [0x0000000080000000, 0x0000000084300000, 0x00000000d5580000)
  object space 68608K, 83% used [0x0000000080000000,0x00000000837a94c0,0x0000000084300000)
 Metaspace       used 24924K, committed 25984K, reserved 1114112K
  class space    used 2340K, committed 2816K, reserved 1048576K
}
Event: 4.105 GC heap before
{Heap before GC invocations=48 (full 1):
 PSYoungGen      total 11776K, used 11360K [0x00000000d5580000, 0x00000000d6580000, 0x0000000100000000)
  eden space 9728K, 100% used [0x00000000d5580000,0x00000000d5f00000,0x00000000d5f00000)
  from space 2048K, 79% used [0x00000000d6380000,0x00000000d6518000,0x00000000d6580000)
  to   space 2048K, 0% used [0x00000000d6180000,0x00000000d6180000,0x00000000d6380000)
 ParOldGen       total 68608K, used 56997K [0x0000000080000000, 0x0000000084300000, 0x00000000d5580000)
  object space 68608K, 83% used [0x0000000080000000,0x00000000837a94c0,0x0000000084300000)
 Metaspace       used 25027K, committed 26112K, reserved 1114112K
  class space    used 2350K, committed 2816K, reserved 1048576K
}
Event: 4.106 GC heap after
{Heap after GC invocations=48 (full 1):
 PSYoungGen      total 10752K, used 602K [0x00000000d5580000, 0x00000000d6400000, 0x0000000100000000)
  eden space 9728K, 0% used [0x00000000d5580000,0x00000000d5580000,0x00000000d5f00000)
  from space 1024K, 58% used [0x00000000d6180000,0x00000000d6216b38,0x00000000d6280000)
  to   space 1024K, 0% used [0x00000000d6300000,0x00000000d6300000,0x00000000d6400000)
 ParOldGen       total 68608K, used 58494K [0x0000000080000000, 0x0000000084300000, 0x00000000d5580000)
  object space 68608K, 85% used [0x0000000080000000,0x000000008391fa00,0x0000000084300000)
 Metaspace       used 25027K, committed 26112K, reserved 1114112K
  class space    used 2350K, committed 2816K, reserved 1048576K
}
Event: 4.198 GC heap before
{Heap before GC invocations=49 (full 1):
 PSYoungGen      total 10752K, used 10330K [0x00000000d5580000, 0x00000000d6400000, 0x0000000100000000)
  eden space 9728K, 100% used [0x00000000d5580000,0x00000000d5f00000,0x00000000d5f00000)
  from space 1024K, 58% used [0x00000000d6180000,0x00000000d6216b38,0x00000000d6280000)
  to   space 1024K, 0% used [0x00000000d6300000,0x00000000d6300000,0x00000000d6400000)
 ParOldGen       total 68608K, used 58494K [0x0000000080000000, 0x0000000084300000, 0x00000000d5580000)
  object space 68608K, 85% used [0x0000000080000000,0x000000008391fa00,0x0000000084300000)
 Metaspace       used 25196K, committed 26304K, reserved 1114112K
  class space    used 2366K, committed 2880K, reserved 1048576K
}
Event: 4.198 GC heap after
{Heap after GC invocations=49 (full 1):
 PSYoungGen      total 10752K, used 1001K [0x00000000d5580000, 0x00000000d6400000, 0x0000000100000000)
  eden space 9728K, 0% used [0x00000000d5580000,0x00000000d5580000,0x00000000d5f00000)
  from space 1024K, 97% used [0x00000000d6300000,0x00000000d63fa688,0x00000000d6400000)
  to   space 2048K, 0% used [0x00000000d6000000,0x00000000d6000000,0x00000000d6200000)
 ParOldGen       total 68608K, used 59105K [0x0000000080000000, 0x0000000084300000, 0x00000000d5580000)
  object space 68608K, 86% used [0x0000000080000000,0x00000000839b8710,0x0000000084300000)
 Metaspace       used 25196K, committed 26304K, reserved 1114112K
  class space    used 2366K, committed 2880K, reserved 1048576K
}
Event: 4.241 GC heap before
{Heap before GC invocations=50 (full 1):
 PSYoungGen      total 10752K, used 10716K [0x00000000d5580000, 0x00000000d6400000, 0x0000000100000000)
  eden space 9728K, 99% used [0x00000000d5580000,0x00000000d5efc9d0,0x00000000d5f00000)
  from space 1024K, 97% used [0x00000000d6300000,0x00000000d63fa688,0x00000000d6400000)
  to   space 2048K, 0% used [0x00000000d6000000,0x00000000d6000000,0x00000000d6200000)
 ParOldGen       total 68608K, used 59105K [0x0000000080000000, 0x0000000084300000, 0x00000000d5580000)
  object space 68608K, 86% used [0x0000000080000000,0x00000000839b8710,0x0000000084300000)
 Metaspace       used 25265K, committed 26432K, reserved 1114112K
  class space    used 2369K, committed 2880K, reserved 1048576K
}
Event: 4.241 GC heap after
{Heap after GC invocations=50 (full 1):
 PSYoungGen      total 11776K, used 1391K [0x00000000d5580000, 0x00000000d6380000, 0x0000000100000000)
  eden space 9728K, 0% used [0x00000000d5580000,0x00000000d5580000,0x00000000d5f00000)
  from space 2048K, 67% used [0x00000000d6000000,0x00000000d615bc58,0x00000000d6200000)
  to   space 1536K, 0% used [0x00000000d6200000,0x00000000d6200000,0x00000000d6380000)
 ParOldGen       total 68608K, used 59435K [0x0000000080000000, 0x0000000084300000, 0x00000000d5580000)
  object space 68608K, 86% used [0x0000000080000000,0x0000000083a0afd0,0x0000000084300000)
 Metaspace       used 25265K, committed 26432K, reserved 1114112K
  class space    used 2369K, committed 2880K, reserved 1048576K
}
Event: 4.643 GC heap before
{Heap before GC invocations=51 (full 1):
 PSYoungGen      total 11776K, used 11119K [0x00000000d5580000, 0x00000000d6380000, 0x0000000100000000)
  eden space 9728K, 100% used [0x00000000d5580000,0x00000000d5f00000,0x00000000d5f00000)
  from space 2048K, 67% used [0x00000000d6000000,0x00000000d615bc58,0x00000000d6200000)
  to   space 1536K, 0% used [0x00000000d6200000,0x00000000d6200000,0x00000000d6380000)
 ParOldGen       total 68608K, used 59435K [0x0000000080000000, 0x0000000084300000, 0x00000000d5580000)
  object space 68608K, 86% used [0x0000000080000000,0x0000000083a0afd0,0x0000000084300000)
 Metaspace       used 25482K, committed 26624K, reserved 1114112K
  class space    used 2376K, committed 2880K, reserved 1048576K
}
Event: 4.644 GC heap after
{Heap after GC invocations=51 (full 1):
 PSYoungGen      total 10240K, used 512K [0x00000000d5580000, 0x00000000d6280000, 0x0000000100000000)
  eden space 9728K, 0% used [0x00000000d5580000,0x00000000d5580000,0x00000000d5f00000)
  from space 512K, 100% used [0x00000000d6200000,0x00000000d6280000,0x00000000d6280000)
  to   space 1024K, 0% used [0x00000000d6080000,0x00000000d6080000,0x00000000d6180000)
 ParOldGen       total 68608K, used 60572K [0x0000000080000000, 0x0000000084300000, 0x00000000d5580000)
  object space 68608K, 88% used [0x0000000080000000,0x0000000083b272c8,0x0000000084300000)
 Metaspace       used 25482K, committed 26624K, reserved 1114112K
  class space    used 2376K, committed 2880K, reserved 1048576K
}
Event: 4.927 GC heap before
{Heap before GC invocations=52 (full 1):
 PSYoungGen      total 10240K, used 10240K [0x00000000d5580000, 0x00000000d6280000, 0x0000000100000000)
  eden space 9728K, 100% used [0x00000000d5580000,0x00000000d5f00000,0x00000000d5f00000)
  from space 512K, 100% used [0x00000000d6200000,0x00000000d6280000,0x00000000d6280000)
  to   space 1024K, 0% used [0x00000000d6080000,0x00000000d6080000,0x00000000d6180000)
 ParOldGen       total 68608K, used 60572K [0x0000000080000000, 0x0000000084300000, 0x00000000d5580000)
  object space 68608K, 88% used [0x0000000080000000,0x0000000083b272c8,0x0000000084300000)
 Metaspace       used 25596K, committed 26752K, reserved 1114112K
  class space    used 2383K, committed 2880K, reserved 1048576K
}
Event: 4.927 GC heap after
{Heap after GC invocations=52 (full 1):
 PSYoungGen      total 10752K, used 1017K [0x00000000d5580000, 0x00000000d6300000, 0x0000000100000000)
  eden space 9728K, 0% used [0x00000000d5580000,0x00000000d5580000,0x00000000d5f00000)
  from space 1024K, 99% used [0x00000000d6080000,0x00000000d617e6c0,0x00000000d6180000)
  to   space 1536K, 0% used [0x00000000d6180000,0x00000000d6180000,0x00000000d6300000)
 ParOldGen       total 68608K, used 61328K [0x0000000080000000, 0x0000000084300000, 0x00000000d5580000)
  object space 68608K, 89% used [0x0000000080000000,0x0000000083be42f8,0x0000000084300000)
 Metaspace       used 25596K, committed 26752K, reserved 1114112K
  class space    used 2383K, committed 2880K, reserved 1048576K
}

Dll operation events (11 events):
Event: 0.006 Loaded shared library /usr/lib/jvm/java-21-openjdk-amd64/lib/libjava.so
Event: 0.058 Loaded shared library /usr/lib/jvm/java-21-openjdk-amd64/lib/libjsvml.so
Event: 0.077 Loaded shared library /usr/lib/jvm/java-21-openjdk-amd64/lib/libzip.so
Event: 0.078 Loaded shared library /usr/lib/jvm/java-21-openjdk-amd64/lib/libinstrument.so
Event: 0.078 Loaded shared library /usr/lib/jvm/java-21-openjdk-amd64/lib/libnio.so
Event: 0.079 Loaded shared library /usr/lib/jvm/java-21-openjdk-amd64/lib/libzip.so
Event: 0.086 Loaded shared library /usr/lib/jvm/java-21-openjdk-amd64/lib/libjimage.so
Event: 0.104 Loaded shared library /usr/lib/jvm/java-21-openjdk-amd64/lib/libverify.so
Event: 0.284 Loaded shared library /usr/lib/jvm/java-21-openjdk-amd64/lib/libnet.so
Event: 0.421 Loaded shared library /home/mulroney/.config/Code/User/globalStorage/redhat.java/1.46.2025100108/config_linux/org.eclipse.equinox.launcher/org.eclipse.equinox.launcher.gtk.linux.x86_64_1.2.1500.v20250801-0854/eclipse_11916.so
Event: 4.080 Loaded shared library /usr/lib/jvm/java-21-openjdk-amd64/lib/libextnet.so

Deoptimization events (20 events):
Event: 4.919 Thread 0x0000774d20190610 Uncommon trap: trap_request=0xffffff45 fr.pc=0x0000774df04a38e8 relative=0x0000000000000068
Event: 4.919 Thread 0x0000774d20190610 Uncommon trap: reason=unstable_if action=reinterpret pc=0x0000774df04a38e8 method=java.lang.Thread.getContextClassLoader()Ljava/lang/ClassLoader; @ 6 c2
Event: 4.919 Thread 0x0000774d20190610 DEOPT PACKING pc=0x0000774df04a38e8 sp=0x0000774d749237b0
Event: 4.919 Thread 0x0000774d20190610 DEOPT UNPACKING pc=0x0000774defd8a399 sp=0x0000774d74923758 mode 2
Event: 4.926 Thread 0x0000774d20190610 Uncommon trap: trap_request=0xffffff45 fr.pc=0x0000774df07b224c relative=0x000000000000012c
Event: 4.926 Thread 0x0000774d20190610 Uncommon trap: reason=unstable_if action=reinterpret pc=0x0000774df07b224c method=java.util.Arrays.hashCode([Ljava/lang/Object;)I @ 1 c2
Event: 4.926 Thread 0x0000774d20190610 DEOPT PACKING pc=0x0000774df07b224c sp=0x0000774d74922c20
Event: 4.926 Thread 0x0000774d20190610 DEOPT UNPACKING pc=0x0000774defd8a399 sp=0x0000774d74922bb8 mode 2
Event: 4.930 Thread 0x0000774d20190610 Uncommon trap: trap_request=0xffffff45 fr.pc=0x0000774df087f5ec relative=0x0000000000000c2c
Event: 4.930 Thread 0x0000774d20190610 Uncommon trap: reason=unstable_if action=reinterpret pc=0x0000774df087f5ec method=sun.nio.cs.UTF_8$Decoder.decodeArrayLoop(Ljava/nio/ByteBuffer;Ljava/nio/CharBuffer;)Ljava/nio/charset/CoderResult; @ 164 c2
Event: 4.930 Thread 0x0000774d20190610 DEOPT PACKING pc=0x0000774df087f5ec sp=0x0000774d74922530
Event: 4.930 Thread 0x0000774d20190610 DEOPT UNPACKING pc=0x0000774defd8a399 sp=0x0000774d74922498 mode 2
Event: 4.935 Thread 0x0000774d20190610 Uncommon trap: trap_request=0xffffff45 fr.pc=0x0000774df0924670 relative=0x0000000000000b50
Event: 4.935 Thread 0x0000774d20190610 Uncommon trap: reason=unstable_if action=reinterpret pc=0x0000774df0924670 method=java.util.concurrent.ConcurrentHashMap.putVal(Ljava/lang/Object;Ljava/lang/Object;Z)Ljava/lang/Object; @ 401 c2
Event: 4.935 Thread 0x0000774d20190610 DEOPT PACKING pc=0x0000774df0924670 sp=0x0000774d74922880
Event: 4.935 Thread 0x0000774d20190610 DEOPT UNPACKING pc=0x0000774defd8a399 sp=0x0000774d74922810 mode 2
Event: 4.936 Thread 0x0000774d20190610 Uncommon trap: trap_request=0xffffff45 fr.pc=0x0000774df07b7ac4 relative=0x0000000000000b44
Event: 4.936 Thread 0x0000774d20190610 Uncommon trap: reason=unstable_if action=reinterpret pc=0x0000774df07b7ac4 method=java.util.concurrent.ConcurrentHashMap.transfer([Ljava/util/concurrent/ConcurrentHashMap$Node;[Ljava/util/concurrent/ConcurrentHashMap$Node;)V @ 352 c2
Event: 4.936 Thread 0x0000774d20190610 DEOPT PACKING pc=0x0000774df07b7ac4 sp=0x0000774d74922700
Event: 4.936 Thread 0x0000774d20190610 DEOPT UNPACKING pc=0x0000774defd8a399 sp=0x0000774d74922668 mode 2

Classes loaded (20 events):
Event: 1.094 Loading class com/sun/org/apache/xerces/internal/impl/msg/XMLMessages_en_GB
Event: 1.094 Loading class com/sun/org/apache/xerces/internal/impl/msg/XMLMessages_en_GB done
Event: 1.124 Loading class com/sun/org/apache/xml/internal/serializer/XMLEntities
Event: 1.124 Loading class com/sun/org/apache/xml/internal/serializer/XMLEntities done
Event: 1.124 Loading class com/sun/org/apache/xml/internal/serializer/XMLEntities
Event: 1.124 Loading class com/sun/org/apache/xml/internal/serializer/XMLEntities done
Event: 1.125 Loading class com/sun/org/apache/xml/internal/serializer/XMLEntities_en
Event: 1.125 Loading class com/sun/org/apache/xml/internal/serializer/XMLEntities_en done
Event: 1.125 Loading class com/sun/org/apache/xml/internal/serializer/XMLEntities_en
Event: 1.125 Loading class com/sun/org/apache/xml/internal/serializer/XMLEntities_en done
Event: 1.125 Loading class com/sun/org/apache/xml/internal/serializer/XMLEntities_en_GB
Event: 1.125 Loading class com/sun/org/apache/xml/internal/serializer/XMLEntities_en_GB done
Event: 1.125 Loading class com/sun/org/apache/xml/internal/serializer/XMLEntities_en_GB
Event: 1.125 Loading class com/sun/org/apache/xml/internal/serializer/XMLEntities_en_GB done
Event: 1.226 Loading class jdk/internal/event/ThreadSleepEvent
Event: 1.226 Loading class jdk/internal/event/ThreadSleepEvent done
Event: 4.169 Loading class jdk/internal/event/X509ValidationEvent
Event: 4.169 Loading class jdk/internal/event/X509ValidationEvent done
Event: 4.176 Loading class jdk/internal/event/TLSHandshakeEvent
Event: 4.176 Loading class jdk/internal/event/TLSHandshakeEvent done

Classes unloaded (12 events):
Event: 2.594 Thread 0x0000774e0019f240 Unloading class 0x0000774da022c000 'java/lang/invoke/LambdaForm$MH+0x0000774da022c000'
Event: 2.594 Thread 0x0000774e0019f240 Unloading class 0x0000774da0214400 'java/lang/invoke/LambdaForm$MH+0x0000774da0214400'
Event: 2.594 Thread 0x0000774e0019f240 Unloading class 0x0000774da0211c00 'java/lang/invoke/LambdaForm$MH+0x0000774da0211c00'
Event: 2.594 Thread 0x0000774e0019f240 Unloading class 0x0000774da0211400 'java/lang/invoke/LambdaForm$MH+0x0000774da0211400'
Event: 2.594 Thread 0x0000774e0019f240 Unloading class 0x0000774da0210c00 'java/lang/invoke/LambdaForm$MH+0x0000774da0210c00'
Event: 2.594 Thread 0x0000774e0019f240 Unloading class 0x0000774da0210400 'java/lang/invoke/LambdaForm$MH+0x0000774da0210400'
Event: 2.594 Thread 0x0000774e0019f240 Unloading class 0x0000774da020bc00 'java/lang/invoke/LambdaForm$MH+0x0000774da020bc00'
Event: 2.594 Thread 0x0000774e0019f240 Unloading class 0x0000774da020b800 'java/lang/invoke/LambdaForm$MH+0x0000774da020b800'
Event: 2.594 Thread 0x0000774e0019f240 Unloading class 0x0000774da00ec400 'java/lang/invoke/LambdaForm$MH+0x0000774da00ec400'
Event: 2.594 Thread 0x0000774e0019f240 Unloading class 0x0000774da00ec000 'java/lang/invoke/LambdaForm$MH+0x0000774da00ec000'
Event: 2.594 Thread 0x0000774e0019f240 Unloading class 0x0000774da00ebc00 'java/lang/invoke/LambdaForm$MH+0x0000774da00ebc00'
Event: 2.594 Thread 0x0000774e0019f240 Unloading class 0x0000774da00eb800 'java/lang/invoke/LambdaForm$MH+0x0000774da00eb800'

Classes redefined (1 events):
Event: 3.084 Thread 0x0000774e0019f240 redefined class name=java.io.FileOutputStream, count=1

Internal exceptions (20 events):
Event: 3.603 Thread 0x0000774c94000fe0 Exception <a 'sun/nio/fs/UnixException'{0x00000000d57cd608}> (0x00000000d57cd608) 
thrown [./src/hotspot/share/prims/jni.cpp, line 520]
Event: 3.603 Thread 0x0000774c94000fe0 Exception <a 'sun/nio/fs/UnixException'{0x00000000d57cf778}> (0x00000000d57cf778) 
thrown [./src/hotspot/share/prims/jni.cpp, line 520]
Event: 3.610 Thread 0x0000774c94000fe0 Exception <a 'sun/nio/fs/UnixException'{0x00000000d57dcbb8}> (0x00000000d57dcbb8) 
thrown [./src/hotspot/share/prims/jni.cpp, line 520]
Event: 3.611 Thread 0x0000774d200d5950 Exception <a 'sun/nio/fs/UnixException'{0x00000000d56e9ac0}> (0x00000000d56e9ac0) 
thrown [./src/hotspot/share/prims/jni.cpp, line 520]
Event: 3.611 Thread 0x0000774d200f39e0 Exception <a 'sun/nio/fs/UnixException'{0x00000000d575a6b8}> (0x00000000d575a6b8) 
thrown [./src/hotspot/share/prims/jni.cpp, line 520]
Event: 3.612 Thread 0x0000774d200f2ac0 Exception <a 'sun/nio/fs/UnixException'{0x00000000d57182f8}> (0x00000000d57182f8) 
thrown [./src/hotspot/share/prims/jni.cpp, line 520]
Event: 3.612 Thread 0x0000774d200f2080 Exception <a 'sun/nio/fs/UnixException'{0x00000000d56f0b48}> (0x00000000d56f0b48) 
thrown [./src/hotspot/share/prims/jni.cpp, line 520]
Event: 3.613 Thread 0x0000774cbc001fa0 Exception <a 'sun/nio/fs/UnixException'{0x00000000d5727ab0}> (0x00000000d5727ab0) 
thrown [./src/hotspot/share/prims/jni.cpp, line 520]
Event: 3.686 Thread 0x0000774d384bcab0 Exception <a 'java/io/FileNotFoundException'{0x00000000d5f16508}> (0x00000000d5f16508) 
thrown [./src/hotspot/share/prims/jni.cpp, line 520]
Event: 3.686 Thread 0x0000774d384bcab0 Exception <a 'java/io/FileNotFoundException'{0x00000000d5f176e8}> (0x00000000d5f176e8) 
thrown [./src/hotspot/share/prims/jni.cpp, line 520]
Event: 3.686 Thread 0x0000774d384bcab0 Exception <a 'java/io/FileNotFoundException'{0x00000000d5f18640}> (0x00000000d5f18640) 
thrown [./src/hotspot/share/prims/jni.cpp, line 520]
Event: 3.757 Thread 0x0000774d384bcab0 Exception <a 'java/lang/NoSuchMethodError'{0x00000000d5804338}: 'void java.lang.invoke.DelegatingMethodHandle$Holder.reinvoke_L(java.lang.Object, java.lang.Object, long)'> (0x00000000d5804338) 
thrown [./src/hotspot/share/interpreter/linkResolver.cpp, line 772]
Event: 3.923 Thread 0x0000774e004c6ed0 Exception <a 'java/lang/IncompatibleClassChangeError'{0x00000000d58f83d8}: Found class java.lang.Object, but interface was expected> (0x00000000d58f83d8) 
thrown [./src/hotspot/share/interpreter/linkResolver.cpp, line 840]
Event: 3.940 Thread 0x0000774e004c6ed0 Exception <a 'java/lang/ArrayIndexOutOfBoundsException'{0x00000000d5b70178}: Index 5157 out of bounds for length 5157> (0x00000000d5b70178) 
thrown [./src/hotspot/share/interpreter/interpreterRuntime.cpp, line 439]
Event: 3.956 Thread 0x0000774e004c6ed0 Exception <a 'java/lang/ArrayIndexOutOfBoundsException'{0x00000000d5e3b540}: Index 5157 out of bounds for length 5157> (0x00000000d5e3b540) 
thrown [./src/hotspot/share/interpreter/interpreterRuntime.cpp, line 439]
Event: 3.957 Thread 0x0000774e004c6ed0 Exception <a 'java/lang/ArrayIndexOutOfBoundsException'{0x00000000d5e432a8}: Index 5157 out of bounds for length 5157> (0x00000000d5e432a8) 
thrown [./src/hotspot/share/interpreter/interpreterRuntime.cpp, line 439]
Event: 3.957 Thread 0x0000774e004c6ed0 Exception <a 'java/lang/ArrayIndexOutOfBoundsException'{0x00000000d5e43880}: Index 5158 out of bounds for length 5157> (0x00000000d5e43880) 
thrown [./src/hotspot/share/interpreter/interpreterRuntime.cpp, line 439]
Event: 4.027 Thread 0x0000774e004c6ed0 Exception <a 'java/lang/IncompatibleClassChangeError'{0x00000000d5c7ff58}: Found class java.lang.Object, but interface was expected> (0x00000000d5c7ff58) 
thrown [./src/hotspot/share/interpreter/linkResolver.cpp, line 840]
Event: 4.256 Thread 0x0000774e004c6ed0 Exception <a 'java/lang/IncompatibleClassChangeError'{0x00000000d56bb580}: Found class java.lang.Object, but interface was expected> (0x00000000d56bb580) 
thrown [./src/hotspot/share/interpreter/linkResolver.cpp, line 840]
Event: 4.926 Thread 0x0000774d20190610 Implicit null exception at 0x0000774df07b213d to 0x0000774df07b223c

ZGC Phase Switch (0 events):
No events

VM Operations (20 events):
Event: 4.193 Executing VM operation: HandshakeAllThreads (Deoptimize)
Event: 4.193 Executing VM operation: HandshakeAllThreads (Deoptimize) done
Event: 4.195 Executing VM operation: HandshakeAllThreads (Deoptimize)
Event: 4.195 Executing VM operation: HandshakeAllThreads (Deoptimize) done
Event: 4.198 Executing VM operation: ParallelGCFailedAllocation (Allocation Failure)
Event: 4.198 Executing VM operation: ParallelGCFailedAllocation (Allocation Failure) done
Event: 4.204 Executing VM operation: HandshakeAllThreads (Deoptimize)
Event: 4.205 Executing VM operation: HandshakeAllThreads (Deoptimize) done
Event: 4.212 Executing VM operation: HandshakeAllThreads (Deoptimize)
Event: 4.212 Executing VM operation: HandshakeAllThreads (Deoptimize) done
Event: 4.240 Executing VM operation: ParallelGCFailedAllocation (Allocation Failure)
Event: 4.242 Executing VM operation: ParallelGCFailedAllocation (Allocation Failure) done
Event: 4.507 Executing VM operation: ICBufferFull
Event: 4.507 Executing VM operation: ICBufferFull done
Event: 4.643 Executing VM operation: ParallelGCFailedAllocation (Allocation Failure)
Event: 4.644 Executing VM operation: ParallelGCFailedAllocation (Allocation Failure) done
Event: 4.923 Executing VM operation: HandshakeAllThreads (Deoptimize)
Event: 4.923 Executing VM operation: HandshakeAllThreads (Deoptimize) done
Event: 4.927 Executing VM operation: ParallelGCFailedAllocation (Allocation Failure)
Event: 4.927 Executing VM operation: ParallelGCFailedAllocation (Allocation Failure) done

Memory protections (20 events):
Event: 3.597 Protecting memory [0x0000774d74d25000,0x0000774d74d29000] with protection modes 0
Event: 3.597 Protecting memory [0x0000774d74c25000,0x0000774d74c29000] with protection modes 0
Event: 3.597 Protecting memory [0x0000774d74b25000,0x0000774d74b29000] with protection modes 0
Event: 3.597 Protecting memory [0x0000774d74a25000,0x0000774d74a29000] with protection modes 0
Event: 3.598 Protecting memory [0x0000774d74925000,0x0000774d74929000] with protection modes 0
Event: 3.695 Protecting memory [0x0000774d74825000,0x0000774d74829000] with protection modes 0
Event: 3.695 Protecting memory [0x0000774d7419d000,0x0000774d741a1000] with protection modes 0
Event: 3.695 Protecting memory [0x0000774d7409d000,0x0000774d740a1000] with protection modes 0
Event: 3.695 Protecting memory [0x0000774cd7f00000,0x0000774cd7f04000] with protection modes 0
Event: 3.695 Protecting memory [0x0000774cd0300000,0x0000774cd0304000] with protection modes 0
Event: 3.710 Protecting memory [0x0000774d7409d000,0x0000774d740a1000] with protection modes 0
Event: 3.710 Protecting memory [0x0000774cd7f00000,0x0000774cd7f04000] with protection modes 0
Event: 3.710 Protecting memory [0x0000774d74825000,0x0000774d74829000] with protection modes 0
Event: 3.710 Protecting memory [0x0000774d7419d000,0x0000774d741a1000] with protection modes 0
Event: 3.710 Protecting memory [0x0000774cd0300000,0x0000774cd0304000] with protection modes 0
Event: 3.940 Protecting memory [0x0000774d77c00000,0x0000774d77c04000] with protection modes 0
Event: 4.030 Protecting memory [0x0000774d77a00000,0x0000774d77a04000] with protection modes 0
Event: 4.176 Protecting memory [0x0000774d7419d000,0x0000774d741a1000] with protection modes 0
Event: 4.194 Protecting memory [0x0000774d7419d000,0x0000774d741a1000] with protection modes 0
Event: 4.919 Protecting memory [0x0000774d74825000,0x0000774d74829000] with protection modes 0

Nmethod flushes (0 events):
No events

Events (20 events):
Event: 3.705 Thread 0x0000774d201092e0 Thread exited: 0x0000774d201092e0
Event: 3.705 Thread 0x0000774d20107fb0 Thread exited: 0x0000774d20107fb0
Event: 3.710 Thread 0x0000774d384bcab0 Thread added: 0x0000774d20105cb0
Event: 3.710 Thread 0x0000774d384bcab0 Thread added: 0x0000774d201092e0
Event: 3.710 Thread 0x0000774d384bcab0 Thread added: 0x0000774d2010a660
Event: 3.710 Thread 0x0000774d384bcab0 Thread added: 0x0000774d20107fb0
Event: 3.710 Thread 0x0000774d384bcab0 Thread added: 0x0000774d2010bbf0
Event: 3.728 Thread 0x0000774d20105cb0 Thread exited: 0x0000774d20105cb0
Event: 3.728 Thread 0x0000774d201092e0 Thread exited: 0x0000774d201092e0
Event: 3.728 Thread 0x0000774d2010bbf0 Thread exited: 0x0000774d2010bbf0
Event: 3.728 Thread 0x0000774d2010a660 Thread exited: 0x0000774d2010a660
Event: 3.728 Thread 0x0000774d20107fb0 Thread exited: 0x0000774d20107fb0
Event: 3.901 Thread 0x0000774d681b62c0 Thread exited: 0x0000774d681b62c0
Event: 3.902 Thread 0x0000774d680c7ef0 Thread exited: 0x0000774d680c7ef0
Event: 3.940 Thread 0x0000774e001b1ab0 Thread added: 0x0000774d68aebba0
Event: 4.030 Thread 0x0000774e004c6ed0 Thread added: 0x0000774cdc344df0
Event: 4.176 Thread 0x0000774cdc344df0 Thread added: 0x0000774d585f8f30
Event: 4.176 Thread 0x0000774d585f8f30 Thread exited: 0x0000774d585f8f30
Event: 4.194 Thread 0x0000774cdc344df0 Thread added: 0x0000774d582f6460
Event: 4.919 Thread 0x0000774d384bcab0 Thread added: 0x0000774d20190610


Dynamic libraries:
80000000-84300000 rw-p 00000000 00:00 0 
84300000-d5580000 ---p 00000000 00:00 0 
d5580000-d6300000 rw-p 00000000 00:00 0 
d6300000-100000000 ---p 00000000 00:00 0 
642b531ca000-642b531cb000 r--p 00000000 00:1c 249042                     /usr/lib/jvm/java-21-openjdk-amd64/bin/java
642b531cb000-642b531cc000 r-xp 00001000 00:1c 249042                     /usr/lib/jvm/java-21-openjdk-amd64/bin/java
642b531cc000-642b531cd000 r--p 00002000 00:1c 249042                     /usr/lib/jvm/java-21-openjdk-amd64/bin/java
642b531cd000-642b531ce000 r--p 00002000 00:1c 249042                     /usr/lib/jvm/java-21-openjdk-amd64/bin/java
642b531ce000-642b531cf000 rw-p 00003000 00:1c 249042                     /usr/lib/jvm/java-21-openjdk-amd64/bin/java
642b8bd1f000-642b8bd67000 rw-p 00000000 00:00 0                          [heap]
774c7c000000-774c7c021000 rw-p 00000000 00:00 0 
774c7c021000-774c80000000 ---p 00000000 00:00 0 
774c80000000-774c80021000 rw-p 00000000 00:00 0 
774c80021000-774c84000000 ---p 00000000 00:00 0 
774c84000000-774c84021000 rw-p 00000000 00:00 0 
774c84021000-774c88000000 ---p 00000000 00:00 0 
774c88000000-774c88021000 rw-p 00000000 00:00 0 
774c88021000-774c8c000000 ---p 00000000 00:00 0 
774c8c000000-774c8c021000 rw-p 00000000 00:00 0 
774c8c021000-774c90000000 ---p 00000000 00:00 0 
774c90000000-774c901e3000 rw-p 00000000 00:00 0 
774c901e3000-774c94000000 ---p 00000000 00:00 0 
774c94000000-774c94021000 rw-p 00000000 00:00 0 
774c94021000-774c98000000 ---p 00000000 00:00 0 
774c98000000-774c98021000 rw-p 00000000 00:00 0 
774c98021000-774c9c000000 ---p 00000000 00:00 0 
774c9c000000-774c9c021000 rw-p 00000000 00:00 0 
774c9c021000-774ca0000000 ---p 00000000 00:00 0 
774ca0000000-774ca0021000 rw-p 00000000 00:00 0 
774ca0021000-774ca4000000 ---p 00000000 00:00 0 
774ca4000000-774ca4021000 rw-p 00000000 00:00 0 
774ca4021000-774ca8000000 ---p 00000000 00:00 0 
774ca8000000-774ca8021000 rw-p 00000000 00:00 0 
774ca8021000-774cac000000 ---p 00000000 00:00 0 
774cac000000-774cac021000 rw-p 00000000 00:00 0 
774cac021000-774cb0000000 ---p 00000000 00:00 0 
774cb37ff000-774cb3800000 ---p 00000000 00:00 0 
774cb3800000-774cb3804000 ---p 00000000 00:00 0 
774cb3804000-774cb4000000 rw-p 00000000 00:00 0 
774cb4000000-774cb4021000 rw-p 00000000 00:00 0 
774cb4021000-774cb8000000 ---p 00000000 00:00 0 
774cb8000000-774cb8032000 rw-p 00000000 00:00 0 
774cb8032000-774cbc000000 ---p 00000000 00:00 0 
774cbc000000-774cbc021000 rw-p 00000000 00:00 0 
774cbc021000-774cc0000000 ---p 00000000 00:00 0 
774cc0000000-774cc0064000 rw-p 00000000 00:00 0 
774cc0064000-774cc4000000 ---p 00000000 00:00 0 
774cc4000000-774cc4021000 rw-p 00000000 00:00 0 
774cc4021000-774cc8000000 ---p 00000000 00:00 0 
774cc8000000-774cc8021000 rw-p 00000000 00:00 0 
774cc8021000-774ccc000000 ---p 00000000 00:00 0 
774ccc000000-774ccc021000 rw-p 00000000 00:00 0 
774ccc021000-774cd0000000 ---p 00000000 00:00 0 
774cd001c000-774cd0300000 rw-p 00000000 00:00 0 
774cd0300000-774cd0304000 ---p 00000000 00:00 0 
774cd0304000-774cd0400000 rw-p 00000000 00:00 0 
774cd0400000-774cd7eb2000 r--s 00000000 00:1c 699895                     /usr/lib/jvm/java-17-openjdk-amd64/lib/modules
774cd7f00000-774cd7f04000 ---p 00000000 00:00 0 
774cd7f04000-774cd8000000 rw-p 00000000 00:00 0 
774cd8000000-774cd8021000 rw-p 00000000 00:00 0 
774cd8021000-774cdc000000 ---p 00000000 00:00 0 
774cdc000000-774cdc39d000 rw-p 00000000 00:00 0 
774cdc39d000-774ce0000000 ---p 00000000 00:00 0 
774ce0000000-774ce0021000 rw-p 00000000 00:00 0 
774ce0021000-774ce4000000 ---p 00000000 00:00 0 
774ce4000000-774ce4021000 rw-p 00000000 00:00 0 
774ce4021000-774ce8000000 ---p 00000000 00:00 0 
774ce8000000-774ce8021000 rw-p 00000000 00:00 0 
774ce8021000-774cec000000 ---p 00000000 00:00 0 
774cec000000-774cec021000 rw-p 00000000 00:00 0 
774cec021000-774cf0000000 ---p 00000000 00:00 0 
774cf0000000-774cf0031000 rw-p 00000000 00:00 0 
774cf0031000-774cf4000000 ---p 00000000 00:00 0 
774cf4000000-774cf4056000 rw-p 00000000 00:00 0 
774cf4056000-774cf8000000 ---p 00000000 00:00 0 
774cf8000000-774cf80df000 rw-p 00000000 00:00 0 
774cf80df000-774cfc000000 ---p 00000000 00:00 0 
774cfc000000-774cfc0da000 rw-p 00000000 00:00 0 
774cfc0da000-774d00000000 ---p 00000000 00:00 0 
774d00000000-774d00021000 rw-p 00000000 00:00 0 
774d00021000-774d04000000 ---p 00000000 00:00 0 
774d04000000-774d04021000 rw-p 00000000 00:00 0 
774d04021000-774d08000000 ---p 00000000 00:00 0 
774d08000000-774d08021000 rw-p 00000000 00:00 0 
774d08021000-774d0c000000 ---p 00000000 00:00 0 
774d0c000000-774d0c02d000 rw-p 00000000 00:00 0 
774d0c02d000-774d10000000 ---p 00000000 00:00 0 
774d10000000-774d1007e000 rw-p 00000000 00:00 0 
774d1007e000-774d14000000 ---p 00000000 00:00 0 
774d14000000-774d14021000 rw-p 00000000 00:00 0 
774d14021000-774d18000000 ---p 00000000 00:00 0 
774d18000000-774d18021000 rw-p 00000000 00:00 0 
774d18021000-774d1c000000 ---p 00000000 00:00 0 
774d1c000000-774d1c054000 rw-p 00000000 00:00 0 
774d1c054000-774d20000000 ---p 00000000 00:00 0 
774d20000000-774d205d1000 rw-p 00000000 00:00 0 
774d205d1000-774d24000000 ---p 00000000 00:00 0 
774d24000000-774d24021000 rw-p 00000000 00:00 0 
774d24021000-774d28000000 ---p 00000000 00:00 0 
774d28000000-774d28021000 rw-p 00000000 00:00 0 
774d28021000-774d2c000000 ---p 00000000 00:00 0 
774d2c000000-774d2c021000 rw-p 00000000 00:00 0 
774d2c021000-774d30000000 ---p 00000000 00:00 0 
774d30000000-774d30021000 rw-p 00000000 00:00 0 
774d30021000-774d34000000 ---p 00000000 00:00 0 
774d34000000-774d34021000 rw-p 00000000 00:00 0 
774d34021000-774d38000000 ---p 00000000 00:00 0 
774d38000000-774d385c6000 rw-p 00000000 00:00 0 
774d385c6000-774d3c000000 ---p 00000000 00:00 0 
774d3c000000-774d3c021000 rw-p 00000000 00:00 0 
774d3c021000-774d40000000 ---p 00000000 00:00 0 
774d40000000-774d40021000 rw-p 00000000 00:00 0 
774d40021000-774d44000000 ---p 00000000 00:00 0 
774d44000000-774d44021000 rw-p 00000000 00:00 0 
774d44021000-774d48000000 ---p 00000000 00:00 0 
774d48000000-774d48021000 rw-p 00000000 00:00 0 
774d48021000-774d4c000000 ---p 00000000 00:00 0 
774d4c000000-774d4c02f000 rw-p 00000000 00:00 0 
774d4c02f000-774d50000000 ---p 00000000 00:00 0 
774d50000000-774d50021000 rw-p 00000000 00:00 0 
774d50021000-774d54000000 ---p 00000000 00:00 0 
774d54000000-774d54021000 rw-p 00000000 00:00 0 
774d54021000-774d58000000 ---p 00000000 00:00 0 
774d58000000-774d59717000 rw-p 00000000 00:00 0 
774d59717000-774d5c000000 ---p 00000000 00:00 0 
774d5c000000-774d5c021000 rw-p 00000000 00:00 0 
774d5c021000-774d60000000 ---p 00000000 00:00 0 
774d60000000-774d6191e000 rw-p 00000000 00:00 0 
774d6191e000-774d64000000 ---p 00000000 00:00 0 
774d64000000-774d64021000 rw-p 00000000 00:00 0 
774d64021000-774d68000000 ---p 00000000 00:00 0 
774d68000000-774d68b64000 rw-p 00000000 00:00 0 
774d68b64000-774d6c000000 ---p 00000000 00:00 0 
774d6c000000-774d6c021000 rw-p 00000000 00:00 0 
774d6c021000-774d70000000 ---p 00000000 00:00 0 
774d70000000-774d717e5000 rw-p 00000000 00:00 0 
774d717e5000-774d74000000 ---p 00000000 00:00 0 
774d7409d000-774d740a1000 ---p 00000000 00:00 0 
774d740a1000-774d7419d000 rw-p 00000000 00:00 0 
774d7419d000-774d741a1000 ---p 00000000 00:00 0 
774d741a1000-774d7429d000 rw-p 00000000 00:00 0 
774d7429d000-774d743d7000 r--p 00000000 00:1c 11216658                   /opt/traps/lib/libmoduleng64.so
774d743d7000-774d745fc000 r-xp 0013a000 00:1c 11216658                   /opt/traps/lib/libmoduleng64.so
774d745fc000-774d74757000 r--p 0035f000 00:1c 11216658                   /opt/traps/lib/libmoduleng64.so
774d74757000-774d747f7000 rw-p 004b9000 00:1c 11216658                   /opt/traps/lib/libmoduleng64.so
774d747f7000-774d74800000 rw-p 00000000 00:00 0 
774d74825000-774d74829000 ---p 00000000 00:00 0 
774d74829000-774d74925000 rw-p 00000000 00:00 0 
774d74925000-774d74929000 ---p 00000000 00:00 0 
774d74929000-774d74a25000 rw-p 00000000 00:00 0 
774d74a25000-774d74a29000 ---p 00000000 00:00 0 
774d74a29000-774d74b25000 rw-p 00000000 00:00 0 
774d74b25000-774d74b29000 ---p 00000000 00:00 0 
774d74b29000-774d74c25000 rw-p 00000000 00:00 0 
774d74c25000-774d74c29000 ---p 00000000 00:00 0 
774d74c29000-774d74d25000 rw-p 00000000 00:00 0 
774d74d25000-774d74d29000 ---p 00000000 00:00 0 
774d74d29000-774d74e25000 rw-p 00000000 00:00 0 
774d74e25000-774d74e29000 ---p 00000000 00:00 0 
774d74e29000-774d74f25000 rw-p 00000000 00:00 0 
774d74f25000-774d74f29000 ---p 00000000 00:00 0 
774d74f29000-774d75025000 rw-p 00000000 00:00 0 
774d75025000-774d75029000 ---p 00000000 00:00 0 
774d75029000-774d75125000 rw-p 00000000 00:00 0 
774d75125000-774d75129000 ---p 00000000 00:00 0 
774d75129000-774d75225000 rw-p 00000000 00:00 0 
774d7528f000-774d75293000 ---p 00000000 00:00 0 
774d75293000-774d7538f000 rw-p 00000000 00:00 0 
774d7538f000-774d75393000 ---p 00000000 00:00 0 
774d75393000-774d7548f000 rw-p 00000000 00:00 0 
774d7548f000-774d75493000 ---p 00000000 00:00 0 
774d75493000-774d7558f000 rw-p 00000000 00:00 0 
774d7558f000-774d75593000 ---p 00000000 00:00 0 
774d75593000-774d7568f000 rw-p 00000000 00:00 0 
774d756f7000-774d756fb000 ---p 00000000 00:00 0 
774d756fb000-774d757f7000 rw-p 00000000 00:00 0 
774d757f7000-774d757fb000 ---p 00000000 00:00 0 
774d757fb000-774d758f7000 rw-p 00000000 00:00 0 
774d758f7000-774d758fb000 ---p 00000000 00:00 0 
774d758fb000-774d759f7000 rw-p 00000000 00:00 0 
774d759f7000-774d759fb000 ---p 00000000 00:00 0 
774d759fb000-774d75af7000 rw-p 00000000 00:00 0 
774d75af7000-774d75afb000 ---p 00000000 00:00 0 
774d75afb000-774d75bf7000 rw-p 00000000 00:00 0 
774d75bf7000-774d75bfb000 ---p 00000000 00:00 0 
774d75bfb000-774d75cf7000 rw-p 00000000 00:00 0 
774d75cf7000-774d75cfb000 ---p 00000000 00:00 0 
774d75cfb000-774d75df7000 rw-p 00000000 00:00 0 
774d75df7000-774d75dfb000 ---p 00000000 00:00 0 
774d75dfb000-774d75ef7000 rw-p 00000000 00:00 0 
774d75ef7000-774d75efb000 ---p 00000000 00:00 0 
774d75efb000-774d75ff7000 rw-p 00000000 00:00 0 
774d75ff7000-774d75ffb000 ---p 00000000 00:00 0 
774d75ffb000-774d760f7000 rw-p 00000000 00:00 0 
774d760f7000-774d760fb000 ---p 00000000 00:00 0 
774d760fb000-774d761f7000 rw-p 00000000 00:00 0 
774d761f7000-774d761fb000 ---p 00000000 00:00 0 
774d761fb000-774d762f7000 rw-p 00000000 00:00 0 
774d762f7000-774d762fb000 ---p 00000000 00:00 0 
774d762fb000-774d763f7000 rw-p 00000000 00:00 0 
774d763f7000-774d763fb000 ---p 00000000 00:00 0 
774d763fb000-774d764f7000 rw-p 00000000 00:00 0 
774d764f7000-774d764fb000 ---p 00000000 00:00 0 
774d764fb000-774d765f7000 rw-p 00000000 00:00 0 
774d765f7000-774d765fb000 ---p 00000000 00:00 0 
774d765fb000-774d766f7000 rw-p 00000000 00:00 0 
774d766f7000-774d766f8000 ---p 00000000 00:00 0 
774d766f8000-774d767f8000 rw-p 00000000 00:00 0 
774d767f8000-774d767fc000 ---p 00000000 00:00 0 
774d767fc000-774d768f8000 rw-p 00000000 00:00 0 
774d768f8000-774d768fc000 ---p 00000000 00:00 0 
774d768fc000-774d769f8000 rw-p 00000000 00:00 0 
774d769f8000-774d769f9000 ---p 00000000 00:00 0 
774d769f9000-774d76af9000 rw-p 00000000 00:00 0 
774d76af9000-774d76afa000 ---p 00000000 00:00 0 
774d76afa000-774d76bfa000 rw-p 00000000 00:00 0 
774d76bfa000-774d76bfe000 ---p 00000000 00:00 0 
774d76bfe000-774d76cfa000 rw-p 00000000 00:00 0 
774d76cfa000-774d76cfe000 ---p 00000000 00:00 0 
774d76cfe000-774d76dfa000 rw-p 00000000 00:00 0 
774d76dfa000-774d76dfb000 ---p 00000000 00:00 0 
774d76dfb000-774d76efb000 rw-p 00000000 00:00 0 
774d76efb000-774d76eff000 ---p 00000000 00:00 0 
774d76eff000-774d76ffb000 rw-p 00000000 00:00 0 
774d76ffb000-774d76fff000 ---p 00000000 00:00 0 
774d76fff000-774d770fb000 rw-p 00000000 00:00 0 
774d770fb000-774d770fc000 ---p 00000000 00:00 0 
774d770fc000-774d771fc000 rw-p 00000000 00:00 0 
774d771fc000-774d77200000 ---p 00000000 00:00 0 
774d77200000-774d772fc000 rw-p 00000000 00:00 0 
774d772fc000-774d77300000 ---p 00000000 00:00 0 
774d77300000-774d773fc000 rw-p 00000000 00:00 0 
774d773fc000-774d773fd000 ---p 00000000 00:00 0 
774d773fd000-774d774fd000 rw-p 00000000 00:00 0 
774d774fd000-774d77501000 ---p 00000000 00:00 0 
774d77501000-774d775fd000 rw-p 00000000 00:00 0 
774d775fd000-774d77601000 ---p 00000000 00:00 0 
774d77601000-774d776fd000 rw-p 00000000 00:00 0 
774d776fd000-774d776fe000 ---p 00000000 00:00 0 
774d776fe000-774d777fe000 rw-p 00000000 00:00 0 
774d777fe000-774d777ff000 ---p 00000000 00:00 0 
774d777ff000-774d778ff000 rw-p 00000000 00:00 0 
774d778ff000-774d77900000 ---p 00000000 00:00 0 
774d77900000-774d77a00000 rw-p 00000000 00:00 0 
774d77a00000-774d77a04000 ---p 00000000 00:00 0 
774d77a04000-774d77b00000 rw-p 00000000 00:00 0 
774d77b00000-774d77b04000 ---p 00000000 00:00 0 
774d77b04000-774d77c00000 rw-p 00000000 00:00 0 
774d77c00000-774d77c04000 ---p 00000000 00:00 0 
774d77c04000-774d77d00000 rw-p 00000000 00:00 0 
774d77d00000-774d77d04000 ---p 00000000 00:00 0 
774d77d04000-774d77e00000 rw-p 00000000 00:00 0 
774d77e00000-774d77e04000 ---p 00000000 00:00 0 
774d77e04000-774d77f00000 rw-p 00000000 00:00 0 
774d77f00000-774d77f04000 ---p 00000000 00:00 0 
774d77f04000-774d78000000 rw-p 00000000 00:00 0 
774d78000000-774d78021000 rw-p 00000000 00:00 0 
774d78021000-774d7c000000 ---p 00000000 00:00 0 
774d7c000000-774d7c021000 rw-p 00000000 00:00 0 
774d7c021000-774d80000000 ---p 00000000 00:00 0 
774d80000000-774d80021000 rw-p 00000000 00:00 0 
774d80021000-774d84000000 ---p 00000000 00:00 0 
774d84000000-774d84021000 rw-p 00000000 00:00 0 
774d84021000-774d88000000 ---p 00000000 00:00 0 
774d88000000-774d88023000 rw-p 00000000 00:00 0 
774d88023000-774d8c000000 ---p 00000000 00:00 0 
774d8c000000-774d8c021000 rw-p 00000000 00:00 0 
774d8c021000-774d90000000 ---p 00000000 00:00 0 
774d90000000-774d90400000 rw-p 00000000 00:00 0 
774d90400000-774d91700000 rw-p 00000000 00:00 0 
774d91700000-774d91740000 rw-p 00000000 00:00 0 
774d91740000-774d91800000 ---p 00000000 00:00 0 
774d91800000-774d91810000 rw-p 00000000 00:00 0 
774d91810000-774d94000000 ---p 00000000 00:00 0 
774d94000000-774d94021000 rw-p 00000000 00:00 0 
774d94021000-774d98004000 ---p 00000000 00:00 0 
774d98004000-774d98100000 rw-p 00000000 00:00 0 
774d98100000-774d98104000 ---p 00000000 00:00 0 
774d98104000-774d98200000 rw-p 00000000 00:00 0 
774d98200000-774d98204000 ---p 00000000 00:00 0 
774d98204000-774d98300000 rw-p 00000000 00:00 0 
774d98300000-774d98304000 ---p 00000000 00:00 0 
774d98304000-774d98400000 rw-p 00000000 00:00 0 
774d98400000-774d98975000 r--p 00000000 00:1c 234016                     /usr/lib/locale/locale-archive
774d989eb000-774d989ef000 ---p 00000000 00:00 0 
774d989ef000-774d98aeb000 rw-p 00000000 00:00 0 
774d98aeb000-774d98aec000 ---p 00000000 00:00 0 
774d98aec000-774d98bec000 rw-p 00000000 00:00 0 
774d98bec000-774d9a000000 rw-p 00000000 00:00 0 
774d9a000000-774d9aca0000 rw-p 00001000 00:1c 249196                     /usr/lib/jvm/java-21-openjdk-amd64/lib/server/classes.jsa
774d9aca0000-774d9fb28000 rw-p 00001000 00:1c 12420846                   /home/mulroney/.config/Code/User/globalStorage/redhat.java/1.46.2025100108/jdtls.jsa
774d9fb28000-774da0000000 ---p 00000000 00:00 0 
774da0000000-774da0040000 rw-p 00000000 00:00 0 
774da0040000-774da0070000 rw-p 00000000 00:00 0 
774da0070000-774da0080000 ---p 00000000 00:00 0 
774da0080000-774da02e0000 rw-p 00000000 00:00 0 
774da02e0000-774de0000000 ---p 00000000 00:00 0 
774de0000000-774de4021000 rw-p 00000000 00:00 0 
774de4021000-774de8000000 ---p 00000000 00:00 0 
774de8078000-774de809b000 rw-p 00000000 00:00 0 
774de80f9000-774de8800000 rw-p 00000000 00:00 0 
774de8800000-774de9ff0000 rwxp 00000000 00:00 0 
774de9ff0000-774defd37000 ---p 00000000 00:00 0 
774defd37000-774deffa7000 rwxp 00000000 00:00 0 
774deffa7000-774df02c9000 ---p 00000000 00:00 0 
774df02c9000-774df09d9000 rwxp 00000000 00:00 0 
774df09d9000-774df7800000 ---p 00000000 00:00 0 
774df7800000-774dffe2a000 r--s 00000000 00:1c 249192                     /usr/lib/jvm/java-21-openjdk-amd64/lib/modules
774dffe2e000-774dffe33000 r--p 00000000 00:1c 249176                     /usr/lib/jvm/java-21-openjdk-amd64/lib/libjsvml.so
774dffe33000-774dffe74000 r-xp 00005000 00:1c 249176                     /usr/lib/jvm/java-21-openjdk-amd64/lib/libjsvml.so
774dffe74000-774dffefd000 r--p 00046000 00:1c 249176                     /usr/lib/jvm/java-21-openjdk-amd64/lib/libjsvml.so
774dffefd000-774dffefe000 r--p 000ce000 00:1c 249176                     /usr/lib/jvm/java-21-openjdk-amd64/lib/libjsvml.so
774dffefe000-774dffeff000 rw-p 000cf000 00:1c 249176                     /usr/lib/jvm/java-21-openjdk-amd64/lib/libjsvml.so
774dffeff000-774e004cf000 rw-p 00000000 00:00 0 
774e004cf000-774e04000000 ---p 00000000 00:00 0 
774e04034000-774e04038000 r--p 00000000 00:1c 11647604                   /usr/lib/x86_64-linux-gnu/libnss_resolve.so.2
774e04038000-774e04055000 r-xp 00004000 00:1c 11647604                   /usr/lib/x86_64-linux-gnu/libnss_resolve.so.2
774e04055000-774e0405d000 r--p 00021000 00:1c 11647604                   /usr/lib/x86_64-linux-gnu/libnss_resolve.so.2
774e0405d000-774e0405e000 r--p 00029000 00:1c 11647604                   /usr/lib/x86_64-linux-gnu/libnss_resolve.so.2
774e0405e000-774e0405f000 rw-p 0002a000 00:1c 11647604                   /usr/lib/x86_64-linux-gnu/libnss_resolve.so.2
774e0407c000-774e0427e000 rw-p 00000000 00:00 0 
774e0427e000-774e0427f000 ---p 00000000 00:00 0 
774e0427f000-774e0437f000 rw-p 00000000 00:00 0 
774e0437f000-774e04800000 rw-p 00000000 00:00 0 
774e04812000-774e0489f000 rw-p 00000000 00:00 0 
774e0489f000-774e04b28000 ---p 00000000 00:00 0 
774e04b28000-774e04b29000 ---p 00000000 00:00 0 
774e04b29000-774e04c29000 rw-p 00000000 00:00 0 
774e04c29000-774e04c4b000 rw-p 00000000 00:00 0 
774e04c4b000-774e04ed3000 ---p 00000000 00:00 0 
774e04ed3000-774e04edb000 rw-p 00000000 00:00 0 
774e04edb000-774e0502a000 ---p 00000000 00:00 0 
774e0502a000-774e05039000 rw-p 00000000 00:00 0 
774e05039000-774e05115000 ---p 00000000 00:00 0 
774e05115000-774e05145000 rw-p 00000000 00:00 0 
774e05145000-774e05200000 ---p 00000000 00:00 0 
774e05200000-774e05ad4000 r--s 00000000 00:1c 12300971                   /var/lib/sss/mc/passwd
774e05ae0000-774e05b00000 rw-p 00000000 00:00 0 
774e05b00000-774e05b04000 ---p 00000000 00:00 0 
774e05b04000-774e05c00000 rw-p 00000000 00:00 0 
774e05c00000-774e05c9d000 r--p 00000000 00:1c 15146                      /usr/lib/x86_64-linux-gnu/libstdc++.so.6.0.33
774e05c9d000-774e05de5000 r-xp 0009d000 00:1c 15146                      /usr/lib/x86_64-linux-gnu/libstdc++.so.6.0.33
774e05de5000-774e05e6c000 r--p 001e5000 00:1c 15146                      /usr/lib/x86_64-linux-gnu/libstdc++.so.6.0.33
774e05e6c000-774e05e77000 r--p 0026b000 00:1c 15146                      /usr/lib/x86_64-linux-gnu/libstdc++.so.6.0.33
774e05e77000-774e05e7a000 rw-p 00276000 00:1c 15146                      /usr/lib/x86_64-linux-gnu/libstdc++.so.6.0.33
774e05e7a000-774e05e7e000 rw-p 00000000 00:00 0 
774e05e7e000-774e05e7f000 r--p 00000000 00:1c 249162                     /usr/lib/jvm/java-21-openjdk-amd64/lib/libextnet.so
774e05e7f000-774e05e80000 r-xp 00001000 00:1c 249162                     /usr/lib/jvm/java-21-openjdk-amd64/lib/libextnet.so
774e05e80000-774e05e81000 r--p 00002000 00:1c 249162                     /usr/lib/jvm/java-21-openjdk-amd64/lib/libextnet.so
774e05e81000-774e05e82000 r--p 00002000 00:1c 249162                     /usr/lib/jvm/java-21-openjdk-amd64/lib/libextnet.so
774e05e82000-774e05e83000 rw-p 00003000 00:1c 249162                     /usr/lib/jvm/java-21-openjdk-amd64/lib/libextnet.so
774e05e83000-774e05ea3000 rw-p 00000000 00:00 0 
774e05ea3000-774e05ea7000 r--p 00000000 00:1c 12413670                   /home/mulroney/.config/Code/User/globalStorage/redhat.java/1.46.2025100108/config_linux/org.eclipse.equinox.launcher/org.eclipse.equinox.launcher.gtk.linux.x86_64_1.2.1500.v20250801-0854/eclipse_11916.so
774e05ea7000-774e05eb1000 r-xp 00004000 00:1c 12413670                   /home/mulroney/.config/Code/User/globalStorage/redhat.java/1.46.2025100108/config_linux/org.eclipse.equinox.launcher/org.eclipse.equinox.launcher.gtk.linux.x86_64_1.2.1500.v20250801-0854/eclipse_11916.so
774e05eb1000-774e05eb4000 r--p 0000e000 00:1c 12413670                   /home/mulroney/.config/Code/User/globalStorage/redhat.java/1.46.2025100108/config_linux/org.eclipse.equinox.launcher/org.eclipse.equinox.launcher.gtk.linux.x86_64_1.2.1500.v20250801-0854/eclipse_11916.so
774e05eb4000-774e05eb5000 r--p 00010000 00:1c 12413670                   /home/mulroney/.config/Code/User/globalStorage/redhat.java/1.46.2025100108/config_linux/org.eclipse.equinox.launcher/org.eclipse.equinox.launcher.gtk.linux.x86_64_1.2.1500.v20250801-0854/eclipse_11916.so
774e05eb5000-774e05eb6000 rw-p 00011000 00:1c 12413670                   /home/mulroney/.config/Code/User/globalStorage/redhat.java/1.46.2025100108/config_linux/org.eclipse.equinox.launcher/org.eclipse.equinox.launcher.gtk.linux.x86_64_1.2.1500.v20250801-0854/eclipse_11916.so
774e05eb6000-774e05eb7000 rw-p 00000000 00:00 0 
774e05eb7000-774e05ebb000 r--p 00000000 00:1c 249190                     /usr/lib/jvm/java-21-openjdk-amd64/lib/libverify.so
774e05ebb000-774e05ec2000 r-xp 00004000 00:1c 249190                     /usr/lib/jvm/java-21-openjdk-amd64/lib/libverify.so
774e05ec2000-774e05ec4000 r--p 0000b000 00:1c 249190                     /usr/lib/jvm/java-21-openjdk-amd64/lib/libverify.so
774e05ec4000-774e05ec6000 r--p 0000c000 00:1c 249190                     /usr/lib/jvm/java-21-openjdk-amd64/lib/libverify.so
774e05ec6000-774e05ec7000 rw-p 0000e000 00:1c 249190                     /usr/lib/jvm/java-21-openjdk-amd64/lib/libverify.so
774e05ec7000-774e05eca000 r--p 00000000 00:1c 249183                     /usr/lib/jvm/java-21-openjdk-amd64/lib/libnet.so
774e05eca000-774e05ed2000 r-xp 00003000 00:1c 249183                     /usr/lib/jvm/java-21-openjdk-amd64/lib/libnet.so
774e05ed2000-774e05ed4000 r--p 0000b000 00:1c 249183                     /usr/lib/jvm/java-21-openjdk-amd64/lib/libnet.so
774e05ed4000-774e05ed5000 r--p 0000c000 00:1c 249183                     /usr/lib/jvm/java-21-openjdk-amd64/lib/libnet.so
774e05ed5000-774e05ed6000 rw-p 0000d000 00:1c 249183                     /usr/lib/jvm/java-21-openjdk-amd64/lib/libnet.so
774e05ed6000-774e05f17000 rw-p 00000000 00:00 0 
774e05f17000-774e05f27000 r--p 00000000 00:1c 223663                     /usr/lib/x86_64-linux-gnu/libm.so.6
774e05f27000-774e05fa6000 r-xp 00010000 00:1c 223663                     /usr/lib/x86_64-linux-gnu/libm.so.6
774e05fa6000-774e05ffe000 r--p 0008f000 00:1c 223663                     /usr/lib/x86_64-linux-gnu/libm.so.6
774e05ffe000-774e05fff000 r--p 000e7000 00:1c 223663                     /usr/lib/x86_64-linux-gnu/libm.so.6
774e05fff000-774e06000000 rw-p 000e8000 00:1c 223663                     /usr/lib/x86_64-linux-gnu/libm.so.6
774e06000000-774e062a2000 r--p 00000000 00:1c 249199                     /usr/lib/jvm/java-21-openjdk-amd64/lib/server/libjvm.so
774e062a2000-774e07117000 r-xp 002a2000 00:1c 249199                     /usr/lib/jvm/java-21-openjdk-amd64/lib/server/libjvm.so
774e07117000-774e073f1000 r--p 01117000 00:1c 249199                     /usr/lib/jvm/java-21-openjdk-amd64/lib/server/libjvm.so
774e073f1000-774e074c5000 r--p 013f0000 00:1c 249199                     /usr/lib/jvm/java-21-openjdk-amd64/lib/server/libjvm.so
774e074c5000-774e074f5000 rw-p 014c4000 00:1c 249199                     /usr/lib/jvm/java-21-openjdk-amd64/lib/server/libjvm.so
774e074f5000-774e0755b000 rw-p 00000000 00:00 0 
774e0755f000-774e07566000 r--s 00000000 00:1c 223649                     /usr/lib/x86_64-linux-gnu/gconv/gconv-modules.cache
774e07566000-774e0756d000 r--p 00000000 00:1c 249184                     /usr/lib/jvm/java-21-openjdk-amd64/lib/libnio.so
774e0756d000-774e07576000 r-xp 00007000 00:1c 249184                     /usr/lib/jvm/java-21-openjdk-amd64/lib/libnio.so
774e07576000-774e0757a000 r--p 00010000 00:1c 249184                     /usr/lib/jvm/java-21-openjdk-amd64/lib/libnio.so
774e0757a000-774e0757b000 r--p 00014000 00:1c 249184                     /usr/lib/jvm/java-21-openjdk-amd64/lib/libnio.so
774e0757b000-774e0757c000 rw-p 00015000 00:1c 249184                     /usr/lib/jvm/java-21-openjdk-amd64/lib/libnio.so
774e0757c000-774e075a4000 rw-p 00000000 00:00 0 
774e075a4000-774e075ac000 r--p 00000000 00:1c 11647307                   /usr/lib/x86_64-linux-gnu/libnss_systemd.so.2
774e075ac000-774e075eb000 r-xp 00008000 00:1c 11647307                   /usr/lib/x86_64-linux-gnu/libnss_systemd.so.2
774e075eb000-774e075fb000 r--p 00047000 00:1c 11647307                   /usr/lib/x86_64-linux-gnu/libnss_systemd.so.2
774e075fb000-774e075ff000 r--p 00056000 00:1c 11647307                   /usr/lib/x86_64-linux-gnu/libnss_systemd.so.2
774e075ff000-774e07600000 rw-p 0005a000 00:1c 11647307                   /usr/lib/x86_64-linux-gnu/libnss_systemd.so.2
774e07600000-774e07628000 r--p 00000000 00:1c 223660                     /usr/lib/x86_64-linux-gnu/libc.so.6
774e07628000-774e07716000 r-xp 00028000 00:1c 223660                     /usr/lib/x86_64-linux-gnu/libc.so.6
774e07716000-774e07717000 r-xp 00116000 00:1c 223660                     /usr/lib/x86_64-linux-gnu/libc.so.6
774e07717000-774e077b0000 r-xp 00117000 00:1c 223660                     /usr/lib/x86_64-linux-gnu/libc.so.6
774e077b0000-774e077ff000 r--p 001b0000 00:1c 223660                     /usr/lib/x86_64-linux-gnu/libc.so.6
774e077ff000-774e07803000 r--p 001fe000 00:1c 223660                     /usr/lib/x86_64-linux-gnu/libc.so.6
774e07803000-774e07805000 rw-p 00202000 00:1c 223660                     /usr/lib/x86_64-linux-gnu/libc.so.6
774e07805000-774e07812000 rw-p 00000000 00:00 0 
774e07815000-774e07816000 r--p 00000000 00:1c 14997                      /usr/lib/x86_64-linux-gnu/libnss_mdns4_minimal.so.2
774e07816000-774e07818000 r-xp 00001000 00:1c 14997                      /usr/lib/x86_64-linux-gnu/libnss_mdns4_minimal.so.2
774e07818000-774e07819000 r--p 00003000 00:1c 14997                      /usr/lib/x86_64-linux-gnu/libnss_mdns4_minimal.so.2
774e07819000-774e0781a000 r--p 00003000 00:1c 14997                      /usr/lib/x86_64-linux-gnu/libnss_mdns4_minimal.so.2
774e0781a000-774e0781b000 rw-p 00004000 00:1c 14997                      /usr/lib/x86_64-linux-gnu/libnss_mdns4_minimal.so.2
774e0781b000-774e0781c000 r--p 00000000 00:1c 223662                     /usr/lib/x86_64-linux-gnu/libdl.so.2
774e0781c000-774e0781d000 r-xp 00001000 00:1c 223662                     /usr/lib/x86_64-linux-gnu/libdl.so.2
774e0781d000-774e0781e000 r--p 00002000 00:1c 223662                     /usr/lib/x86_64-linux-gnu/libdl.so.2
774e0781e000-774e0781f000 r--p 00002000 00:1c 223662                     /usr/lib/x86_64-linux-gnu/libdl.so.2
774e0781f000-774e07820000 rw-p 00003000 00:1c 223662                     /usr/lib/x86_64-linux-gnu/libdl.so.2
774e07820000-774e07822000 r--p 00000000 00:1c 249191                     /usr/lib/jvm/java-21-openjdk-amd64/lib/libzip.so
774e07822000-774e07827000 r-xp 00002000 00:1c 249191                     /usr/lib/jvm/java-21-openjdk-amd64/lib/libzip.so
774e07827000-774e07829000 r--p 00007000 00:1c 249191                     /usr/lib/jvm/java-21-openjdk-amd64/lib/libzip.so
774e07829000-774e0782a000 r--p 00008000 00:1c 249191                     /usr/lib/jvm/java-21-openjdk-amd64/lib/libzip.so
774e0782a000-774e0782b000 rw-p 00009000 00:1c 249191                     /usr/lib/jvm/java-21-openjdk-amd64/lib/libzip.so
774e0782b000-774e0782d000 r--p 00000000 00:1c 178687                     /usr/lib/x86_64-linux-gnu/libnss_sss.so.2
774e0782d000-774e07835000 r-xp 00002000 00:1c 178687                     /usr/lib/x86_64-linux-gnu/libnss_sss.so.2
774e07835000-774e07837000 r--p 0000a000 00:1c 178687                     /usr/lib/x86_64-linux-gnu/libnss_sss.so.2
774e07837000-774e07838000 r--p 0000b000 00:1c 178687                     /usr/lib/x86_64-linux-gnu/libnss_sss.so.2
774e07838000-774e07839000 rw-p 0000c000 00:1c 178687                     /usr/lib/x86_64-linux-gnu/libnss_sss.so.2
774e07839000-774e0783c000 r--p 00000000 00:1c 14631                      /usr/lib/x86_64-linux-gnu/libcap.so.2.66
774e0783c000-774e07842000 r-xp 00003000 00:1c 14631                      /usr/lib/x86_64-linux-gnu/libcap.so.2.66
774e07842000-774e07844000 r--p 00009000 00:1c 14631                      /usr/lib/x86_64-linux-gnu/libcap.so.2.66
774e07844000-774e07845000 r--p 0000b000 00:1c 14631                      /usr/lib/x86_64-linux-gnu/libcap.so.2.66
774e07845000-774e07846000 rw-p 0000c000 00:1c 14631                      /usr/lib/x86_64-linux-gnu/libcap.so.2.66
774e0784a000-774e0784b000 r--p 00000000 00:1c 223672                     /usr/lib/x86_64-linux-gnu/libpthread.so.0
774e0784b000-774e0784c000 r-xp 00001000 00:1c 223672                     /usr/lib/x86_64-linux-gnu/libpthread.so.0
774e0784c000-774e0784d000 r--p 00002000 00:1c 223672                     /usr/lib/x86_64-linux-gnu/libpthread.so.0
774e0784d000-774e0784e000 r--p 00002000 00:1c 223672                     /usr/lib/x86_64-linux-gnu/libpthread.so.0
774e0784e000-774e0784f000 rw-p 00003000 00:1c 223672                     /usr/lib/x86_64-linux-gnu/libpthread.so.0
774e0784f000-774e07854000 rw-p 00000000 00:00 0 
774e07854000-774e0785b000 ---p 00000000 00:00 0 
774e0785b000-774e07863000 rw-s 00000000 00:1c 12426363                   /tmp/hsperfdata_mulroney/783869
774e07863000-774e07870000 r--p 00000000 00:1c 249169                     /usr/lib/jvm/java-21-openjdk-amd64/lib/libjava.so
774e07870000-774e0787f000 r-xp 0000d000 00:1c 249169                     /usr/lib/jvm/java-21-openjdk-amd64/lib/libjava.so
774e0787f000-774e07884000 r--p 0001c000 00:1c 249169                     /usr/lib/jvm/java-21-openjdk-amd64/lib/libjava.so
774e07884000-774e07885000 r--p 00021000 00:1c 249169                     /usr/lib/jvm/java-21-openjdk-amd64/lib/libjava.so
774e07885000-774e07886000 rw-p 00022000 00:1c 249169                     /usr/lib/jvm/java-21-openjdk-amd64/lib/libjava.so
774e07886000-774e07887000 rw-p 00000000 00:00 0 
774e07887000-774e0788b000 r--p 00000000 00:1c 14753                      /usr/lib/x86_64-linux-gnu/libgcc_s.so.1
774e0788b000-774e078af000 r-xp 00004000 00:1c 14753                      /usr/lib/x86_64-linux-gnu/libgcc_s.so.1
774e078af000-774e078b3000 r--p 00028000 00:1c 14753                      /usr/lib/x86_64-linux-gnu/libgcc_s.so.1
774e078b3000-774e078b4000 r--p 0002b000 00:1c 14753                      /usr/lib/x86_64-linux-gnu/libgcc_s.so.1
774e078b4000-774e078b5000 rw-p 0002c000 00:1c 14753                      /usr/lib/x86_64-linux-gnu/libgcc_s.so.1
774e078b5000-774e078b7000 rw-p 00000000 00:00 0 
774e078b7000-774e078b9000 r--p 00000000 00:1c 249173                     /usr/lib/jvm/java-21-openjdk-amd64/lib/libjli.so
774e078b9000-774e078c3000 r-xp 00002000 00:1c 249173                     /usr/lib/jvm/java-21-openjdk-amd64/lib/libjli.so
774e078c3000-774e078c6000 r--p 0000c000 00:1c 249173                     /usr/lib/jvm/java-21-openjdk-amd64/lib/libjli.so
774e078c6000-774e078c7000 r--p 0000f000 00:1c 249173                     /usr/lib/jvm/java-21-openjdk-amd64/lib/libjli.so
774e078c7000-774e078c8000 rw-p 00010000 00:1c 249173                     /usr/lib/jvm/java-21-openjdk-amd64/lib/libjli.so
774e078c8000-774e078ca000 r--p 00000000 00:1c 15279                      /usr/lib/x86_64-linux-gnu/libz.so.1.3
774e078ca000-774e078dc000 r-xp 00002000 00:1c 15279                      /usr/lib/x86_64-linux-gnu/libz.so.1.3
774e078dc000-774e078e2000 r--p 00014000 00:1c 15279                      /usr/lib/x86_64-linux-gnu/libz.so.1.3
774e078e2000-774e078e3000 r--p 0001a000 00:1c 15279                      /usr/lib/x86_64-linux-gnu/libz.so.1.3
774e078e3000-774e078e4000 rw-p 0001b000 00:1c 15279                      /usr/lib/x86_64-linux-gnu/libz.so.1.3
774e078e7000-774e078e8000 r-xp 00000000 00:00 0 
774e078e8000-774e078e9000 r--p 00000000 00:1c 85225                      /usr/share/locale-langpack/en_GB/LC_MESSAGES/libc.mo
774e078e9000-774e078eb000 r--p 00000000 00:1c 249164                     /usr/lib/jvm/java-21-openjdk-amd64/lib/libinstrument.so
774e078eb000-774e078f1000 r-xp 00002000 00:1c 249164                     /usr/lib/jvm/java-21-openjdk-amd64/lib/libinstrument.so
774e078f1000-774e078f4000 r--p 00008000 00:1c 249164                     /usr/lib/jvm/java-21-openjdk-amd64/lib/libinstrument.so
774e078f4000-774e078f5000 r--p 0000a000 00:1c 249164                     /usr/lib/jvm/java-21-openjdk-amd64/lib/libinstrument.so
774e078f5000-774e078f6000 rw-p 0000b000 00:1c 249164                     /usr/lib/jvm/java-21-openjdk-amd64/lib/libinstrument.so
774e078f6000-774e078f7000 ---p 00000000 00:00 0 
774e078f7000-774e078f8000 r--p 00000000 00:00 0 
774e078f8000-774e078f9000 ---p 00000000 00:00 0 
774e078f9000-774e078fb000 r--p 00000000 00:1c 249172                     /usr/lib/jvm/java-21-openjdk-amd64/lib/libjimage.so
774e078fb000-774e078fe000 r-xp 00002000 00:1c 249172                     /usr/lib/jvm/java-21-openjdk-amd64/lib/libjimage.so
774e078fe000-774e078ff000 r--p 00005000 00:1c 249172                     /usr/lib/jvm/java-21-openjdk-amd64/lib/libjimage.so
774e078ff000-774e07900000 r--p 00006000 00:1c 249172                     /usr/lib/jvm/java-21-openjdk-amd64/lib/libjimage.so
774e07900000-774e07901000 rw-p 00007000 00:1c 249172                     /usr/lib/jvm/java-21-openjdk-amd64/lib/libjimage.so
774e07901000-774e07903000 rw-p 00000000 00:00 0 
774e07903000-774e07905000 r--p 00000000 00:00 0                          [vvar]
774e07905000-774e07907000 r--p 00000000 00:00 0                          [vvar_vclock]
774e07907000-774e07909000 r-xp 00000000 00:00 0                          [vdso]
774e07909000-774e0790a000 r--p 00000000 00:1c 223657                     /usr/lib/x86_64-linux-gnu/ld-linux-x86-64.so.2
774e0790a000-774e07935000 r-xp 00001000 00:1c 223657                     /usr/lib/x86_64-linux-gnu/ld-linux-x86-64.so.2
774e07935000-774e0793f000 r--p 0002c000 00:1c 223657                     /usr/lib/x86_64-linux-gnu/ld-linux-x86-64.so.2
774e0793f000-774e07941000 r--p 00036000 00:1c 223657                     /usr/lib/x86_64-linux-gnu/ld-linux-x86-64.so.2
774e07941000-774e07943000 rw-p 00038000 00:1c 223657                     /usr/lib/x86_64-linux-gnu/ld-linux-x86-64.so.2
7ffed3986000-7ffed39a8000 rw-p 00000000 00:00 0                          [stack]
ffffffffff600000-ffffffffff601000 --xp 00000000 00:00 0                  [vsyscall]
Total number of mappings: 481

JVMTI agents:
/home/mulroney/.vscode/extensions/redhat.java-1.46.2025100108/lombok/lombok-1.18.39-4050.jar path:none, loaded, initialized, instrumentlib options:none


VM Arguments:
jvm_args: --add-modules=ALL-SYSTEM --add-opens=java.base/java.util=ALL-UNNAMED --add-opens=java.base/java.lang=ALL-UNNAMED --add-opens=java.base/sun.nio.fs=ALL-UNNAMED -Declipse.application=org.eclipse.jdt.ls.core.id1 -Dosgi.bundles.defaultStartLevel=4 -Declipse.product=org.eclipse.jdt.ls.core.product -Djava.import.generatesMetadataFilesAtProjectRoot=false -DDetectVMInstallationsJob.disabled=true -Dfile.encoding=utf8 -XX:+UseParallelGC -XX:GCTimeRatio=4 -XX:AdaptiveSizePolicyWeight=90 -Dsun.zip.disableMemoryMapping=true -Xmx2G -Xms100m -Xlog:disable -javaagent:/home/mulroney/.vscode/extensions/redhat.java-1.46.2025100108/lombok/lombok-1.18.39-4050.jar -XX:+HeapDumpOnOutOfMemoryError -XX:HeapDumpPath=/home/mulroney/.config/Code/User/workspaceStorage/12b0b9412c28d26dad82d985a9a21889/redhat.java -Daether.dependencyCollector.impl=bf -XX:+UnlockDiagnosticVMOptions -XX:+AllowArchivingWithJavaAgent -XX:+AutoCreateSharedArchive -XX:SharedArchiveFile=/home/mulroney/.config/Code/User/globalStorage/redhat.java/1.46.2025100108/jdtls.jsa 
java_command: /home/mulroney/.vscode/extensions/redhat.java-1.46.2025100108/server/plugins/org.eclipse.equinox.launcher_1.7.0.v20250519-0528.jar -configuration /home/mulroney/.config/Code/User/globalStorage/redhat.java/1.46.2025100108/config_linux -data /home/mulroney/.config/Code/User/workspaceStorage/12b0b9412c28d26dad82d985a9a21889/redhat.java/jdt_ws --pipe=/run/user/226300/lsp-7be999f2b216073acd9ae7df0b506173.sock
java_class_path (initial): /home/mulroney/.vscode/extensions/redhat.java-1.46.2025100108/server/plugins/org.eclipse.equinox.launcher_1.7.0.v20250519-0528.jar
Launcher Type: SUN_STANDARD

[Global flags]
    uintx AdaptiveSizePolicyWeight                 = 90                                        {product} {command line}
     bool AllowArchivingWithJavaAgent              = true                             {JVMCI diagnostic} {command line}
     bool AutoCreateSharedArchive                  = false                               {JVMCI product} {command line}
     intx CICompilerCount                          = 4                                         {product} {ergonomic}
    uintx GCTimeRatio                              = 4                                         {product} {command line}
     bool HeapDumpOnOutOfMemoryError               = true                                   {manageable} {command line}
    ccstr HeapDumpPath                             = /home/mulroney/.config/Code/User/workspaceStorage/12b0b9412c28d26dad82d985a9a21889/redhat.java         {manageable} {command line}
   size_t InitialHeapSize                          = 104857600                                 {product} {command line}
   size_t MaxHeapSize                              = 2147483648                                {product} {command line}
   size_t MaxNewSize                               = 715653120                                 {product} {ergonomic}
   size_t MinHeapDeltaBytes                        = 524288                                    {product} {ergonomic}
   size_t MinHeapSize                              = 104857600                                 {product} {command line}
   size_t NewSize                                  = 34603008                                  {product} {ergonomic}
    uintx NonNMethodCodeHeapSize                   = 5839372                                {pd product} {ergonomic}
    uintx NonProfiledCodeHeapSize                  = 122909434                              {pd product} {ergonomic}
   size_t OldSize                                  = 70254592                                  {product} {ergonomic}
    uintx ProfiledCodeHeapSize                     = 122909434                              {pd product} {ergonomic}
    uintx ReservedCodeCacheSize                    = 251658240                              {pd product} {ergonomic}
     bool SegmentedCodeCache                       = true                                      {product} {ergonomic}
    ccstr SharedArchiveFile                        = /home/mulroney/.config/Code/User/globalStorage/redhat.java/1.46.2025100108/jdtls.jsa      {JVMCI product} {command line}
   size_t SoftMaxHeapSize                          = 2147483648                             {manageable} {ergonomic}
     bool THPStackMitigation                       = false                                  {diagnostic} {ergonomic}
     bool UnlockDiagnosticVMOptions                = true                                   {diagnostic} {command line}
     bool UseCompressedOops                        = true                           {product lp64_product} {ergonomic}
     bool UseParallelGC                            = true                                      {product} {command line}

Logging:
Log output configuration:
 #0: stdout all=off uptime,level,tags foldmultilines=false
 #1: stderr all=off uptime,level,tags foldmultilines=false

Environment Variables:
JAVA_HOME=/usr/lib/jvm/java-21-openjdk-amd64
PATH=/usr/local/sbin:/usr/local/bin:/usr/sbin:/usr/bin:/sbin:/bin:/usr/games:/usr/local/games:/snap/bin:/snap/bin
USERNAME=mulroney
SHELL=/bin/bash
DISPLAY=:0
LANG=en_GB.UTF-8

Active Locale:
LC_ALL=en_GB.UTF-8
LC_COLLATE=en_GB.UTF-8
LC_CTYPE=en_GB.UTF-8
LC_MESSAGES=en_GB.UTF-8
LC_MONETARY=en_GB.UTF-8
LC_NUMERIC=en_GB.UTF-8
LC_TIME=en_GB.UTF-8

Signal Handlers:
   SIGSEGV: crash_handler in libjvm.so, mask=11100100010111111101111111111110, flags=SA_RESTART|SA_SIGINFO, unblocked
    SIGBUS: crash_handler in libjvm.so, mask=11100100010111111101111111111110, flags=SA_RESTART|SA_SIGINFO, unblocked
    SIGFPE: crash_handler in libjvm.so, mask=11100100010111111101111111111110, flags=SA_RESTART|SA_SIGINFO, unblocked
   SIGPIPE: javaSignalHandler in libjvm.so, mask=11100100010111111101111111111110, flags=SA_RESTART|SA_SIGINFO, blocked
   SIGXFSZ: javaSignalHandler in libjvm.so, mask=11100100010111111101111111111110, flags=SA_RESTART|SA_SIGINFO, blocked
    SIGILL: crash_handler in libjvm.so, mask=11100100010111111101111111111110, flags=SA_RESTART|SA_SIGINFO, unblocked
   SIGUSR2: SR_handler in libjvm.so, mask=00000000000000000000000000000000, flags=SA_RESTART|SA_SIGINFO, blocked
    SIGHUP: UserHandler in libjvm.so, mask=11100100010111111101111111111110, flags=SA_RESTART|SA_SIGINFO, blocked
    SIGINT: UserHandler in libjvm.so, mask=11100100010111111101111111111110, flags=SA_RESTART|SA_SIGINFO, blocked
   SIGTERM: UserHandler in libjvm.so, mask=11100100010111111101111111111110, flags=SA_RESTART|SA_SIGINFO, blocked
   SIGQUIT: UserHandler in libjvm.so, mask=11100100010111111101111111111110, flags=SA_RESTART|SA_SIGINFO, blocked
   SIGTRAP: crash_handler in libjvm.so, mask=11100100010111111101111111111110, flags=SA_RESTART|SA_SIGINFO, unblocked


Periodic native trim disabled

---------------  S Y S T E M  ---------------

OS:
DISTRIB_ID=Ubuntu
DISTRIB_RELEASE=24.04
DISTRIB_CODENAME=noble
DISTRIB_DESCRIPTION="Ubuntu 24.04.3 LTS"
uname: Linux 6.14.0-35-generic #35~24.04.1-Ubuntu SMP PREEMPT_DYNAMIC Tue Oct 14 13:55:17 UTC 2 x86_64
OS uptime: 0 days 12:44 hours
libc: glibc 2.39 NPTL 2.39 
rlimit (soft/hard): STACK 8192k/infinity , CORE 0k/infinity , NPROC 61848/61848 , NOFILE 1048576/1048576 , AS infinity/infinity , CPU infinity/infinity , DATA infinity/infinity , FSIZE infinity/infinity , MEMLOCK 2006032k/2006032k
load average: 1.57 1.55 1.25

/proc/meminfo:
MemTotal:       16048256 kB
MemFree:          437804 kB
MemAvailable:    8006072 kB
Buffers:            6648 kB
Cached:          7754556 kB
SwapCached:            0 kB
Active:          4601100 kB
Inactive:        8088196 kB
Active(anon):    3536896 kB
Inactive(anon):  2522632 kB
Active(file):    1064204 kB
Inactive(file):  5565564 kB
Unevictable:      821300 kB
Mlocked:              20 kB
SwapTotal:             0 kB
SwapFree:              0 kB
Zswap:                 0 kB
Zswapped:              0 kB
Dirty:              1508 kB
Writeback:             0 kB
AnonPages:       5750340 kB
Mapped:          1539188 kB
Shmem:           1131328 kB
KReclaimable:    1283464 kB
Slab:            1737944 kB
SReclaimable:    1283464 kB
SUnreclaim:       454480 kB
KernelStack:       45840 kB
PageTables:       109824 kB
SecPageTables:      5944 kB
NFS_Unstable:          0 kB
Bounce:                0 kB
WritebackTmp:          0 kB
CommitLimit:     8024128 kB
Committed_AS:   64315036 kB
VmallocTotal:   34359738367 kB
VmallocUsed:      112948 kB
VmallocChunk:          0 kB
Percpu:            13056 kB
HardwareCorrupted:     0 kB
AnonHugePages:         0 kB
ShmemHugePages:        0 kB
ShmemPmdMapped:        0 kB
FileHugePages:         0 kB
FilePmdMapped:         0 kB
Unaccepted:            0 kB
HugePages_Total:       0
HugePages_Free:        0
HugePages_Rsvd:        0
HugePages_Surp:        0
Hugepagesize:       2048 kB
Hugetlb:               0 kB
DirectMap4k:      405476 kB
DirectMap2M:     8706048 kB
DirectMap1G:     7340032 kB

/sys/kernel/mm/transparent_hugepage/enabled: always [madvise] never
/sys/kernel/mm/transparent_hugepage/hpage_pmd_size: 2097152
/sys/kernel/mm/transparent_hugepage/defrag (defrag/compaction efforts parameter): always defer defer+madvise [madvise] never

Process Memory:
Virtual Size: 8517536K (peak: 8517652K)
Resident Set Size: 375932K (peak: 375932K) (anon: 330620K, file: 45312K, shmem: 0K)
Swapped out: 0K
C-Heap outstanding allocations: 107822K, retained: 39649K
glibc malloc tunables: (default)

/proc/sys/kernel/threads-max (system-wide limit on the number of threads): 123696
/proc/sys/vm/max_map_count (maximum number of memory map areas a process may have): 1048576
/proc/sys/vm/swappiness (control to define how aggressively the kernel swaps out anonymous memory): 60
/proc/sys/kernel/pid_max (system-wide limit on number of process identifiers): 4194304

container information not found.
Steal ticks since vm start: 0
Steal ticks percentage since vm start:  0.000

CPU: total 12 (initial active 12) (6 cores per cpu, 2 threads per core) family 6 model 151 stepping 5 microcode 0x3a, cx8, cmov, fxsr, ht, mmx, 3dnowpref, sse, sse2, sse3, ssse3, sse4.1, sse4.2, popcnt, lzcnt, tsc, tscinvbit, avx, avx2, aes, erms, clmul, bmi1, bmi2, adx, sha, fma, vzeroupper, clflush, clflushopt, clwb, serialize, rdtscp, rdpid, fsrm, f16c, pku, ospke, cet_ibt, cet_ss
CPU Model and flags from /proc/cpuinfo:
model name	: 12th Gen Intel(R) Core(TM) i5-12500T
flags		: fpu vme de pse tsc msr pae mce cx8 apic sep mtrr pge mca cmov pat pse36 clflush dts acpi mmx fxsr sse sse2 ss ht tm pbe syscall nx pdpe1gb rdtscp lm constant_tsc art arch_perfmon pebs bts rep_good nopl xtopology nonstop_tsc cpuid aperfmperf tsc_known_freq pni pclmulqdq dtes64 monitor ds_cpl vmx smx est tm2 ssse3 sdbg fma cx16 xtpr pdcm pcid sse4_1 sse4_2 x2apic movbe popcnt tsc_deadline_timer aes xsave avx f16c rdrand lahf_lm abm 3dnowprefetch cpuid_fault epb ssbd ibrs ibpb stibp ibrs_enhanced tpr_shadow flexpriority ept vpid ept_ad fsgsbase tsc_adjust bmi1 avx2 smep bmi2 erms invpcid rdseed adx smap clflushopt clwb intel_pt sha_ni xsaveopt xsavec xgetbv1 xsaves split_lock_detect user_shstk avx_vnni dtherm ida arat pln pts hwp hwp_notify hwp_act_window hwp_epp hwp_pkg_req hfi vnmi umip pku ospke waitpkg gfni vaes vpclmulqdq rdpid movdiri movdir64b fsrm md_clear serialize pconfig arch_lbr ibt flush_l1d arch_capabilities

Online cpus: 0-11
Offline cpus: 
BIOS frequency limitation: <Not Available>
Frequency switch latency (ns): 0
Available cpu frequencies: <Not Available>
Current governor: powersave
Core performance/turbo boost: <Not Available>

Memory: 4k page, physical 16048256k(8006072k free), swap 0k(0k free)
Page Sizes: 4k

vm_info: OpenJDK 64-Bit Server VM (21.0.8+9-Ubuntu-0ubuntu124.04.1) for linux-amd64 JRE (21.0.8+9-Ubuntu-0ubuntu124.04.1), built on 2025-07-16T21:55:59Z by "buildd" with gcc 13.3.0

END.
