#
# A fatal error has been detected by the Java Runtime Environment:
#
#  SIGSEGV (0xb) at pc=0x00007dfa1a7501e0, pid=801100, tid=801370
#
# JRE version: OpenJDK Runtime Environment (21.0.8+9) (build 21.0.8+9-Ubuntu-0ubuntu124.04.1)
# Java VM: OpenJDK 64-Bit Server VM (21.0.8+9-Ubuntu-0ubuntu124.04.1, mixed mode, sharing, tiered, compressed oops, compressed class ptrs, parallel gc, linux-amd64)
# Problematic frame:
# V  [libjvm.so+0xb501e0]  klassVtable::update_inherited_vtable(Thread*, methodHandle const&, int, int, GrowableArray<InstanceKlass*>*)+0x1e0
#
# Core dump will be written. Default location: Core dumps may be processed with "/usr/share/apport/apport -p%p -s%s -c%c -d%d -P%P -u%u -g%g -F%F -- %E" (or dumping to /home/mulroney/h-drive/Year3/SCC331/331Distributed/part1/core.801100)
#
# If you would like to submit a bug report, please visit:
#   https://bugs.launchpad.net/ubuntu/+source/openjdk-21
#

---------------  S U M M A R Y ------------

Command Line: --add-modules=ALL-SYSTEM --add-opens=java.base/java.util=ALL-UNNAMED --add-opens=java.base/java.lang=ALL-UNNAMED --add-opens=java.base/sun.nio.fs=ALL-UNNAMED -Declipse.application=org.eclipse.jdt.ls.core.id1 -Dosgi.bundles.defaultStartLevel=4 -Declipse.product=org.eclipse.jdt.ls.core.product -Djava.import.generatesMetadataFilesAtProjectRoot=false -DDetectVMInstallationsJob.disabled=true -Dfile.encoding=utf8 -XX:+UseParallelGC -XX:GCTimeRatio=4 -XX:AdaptiveSizePolicyWeight=90 -Dsun.zip.disableMemoryMapping=true -Xmx2G -Xms100m -Xlog:disable -javaagent:/home/mulroney/.vscode/extensions/redhat.java-1.46.2025100108/lombok/lombok-1.18.39-4050.jar -XX:+HeapDumpOnOutOfMemoryError -XX:HeapDumpPath=/home/mulroney/.config/Code/User/workspaceStorage/12b0b9412c28d26dad82d985a9a21889/redhat.java -Daether.dependencyCollector.impl=bf -XX:+UnlockDiagnosticVMOptions -XX:+AllowArchivingWithJavaAgent -XX:+AutoCreateSharedArchive -XX:SharedArchiveFile=/home/mulroney/.config/Code/User/globalStorage/redhat.java/1.46.2025100108/jdtls.jsa /home/mulroney/.vscode/extensions/redhat.java-1.46.2025100108/server/plugins/org.eclipse.equinox.launcher_1.7.0.v20250519-0528.jar -configuration /home/mulroney/.config/Code/User/globalStorage/redhat.java/1.46.2025100108/config_linux -data /home/mulroney/.config/Code/User/workspaceStorage/12b0b9412c28d26dad82d985a9a21889/redhat.java/jdt_ws --pipe=/run/user/226300/lsp-ab24053a0e30e3efc12b0017cf90c5cd.sock

Host: 12th Gen Intel(R) Core(TM) i5-12500T, 12 cores, 15G, Ubuntu 24.04.3 LTS
Time: Fri Nov 21 13:57:02 2025 GMT elapsed time: 4.654600 seconds (0d 0h 0m 4s)

---------------  T H R E A D  ---------------

Current thread (0x00007df93c0e2450):  JavaThread "resolver-1" daemon [_thread_in_vm, id=801370, stack(0x00007df99b700000,0x00007df99b800000) (1024K)]

Stack: [0x00007df99b700000,0x00007df99b800000],  sp=0x00007df99b7fc210,  free space=1008k
Native frames: (J=compiled Java code, j=interpreted, Vv=VM code, C=native code)
V  [libjvm.so+0xb501e0]  klassVtable::update_inherited_vtable(Thread*, methodHandle const&, int, int, GrowableArray<InstanceKlass*>*)+0x1e0
V  [libjvm.so+0xb52d83]  klassVtable::initialize_vtable(GrowableArray<InstanceKlass*>*)+0x133
V  [libjvm.so+0x8e35f7]  InstanceKlass::restore_unshareable_info(ClassLoaderData*, Handle, PackageEntry*, JavaThread*)+0xd7
V  [libjvm.so+0xf4d41d]  SystemDictionary::load_shared_class(InstanceKlass*, Handle, Handle, ClassFileStream const*, PackageEntry*, JavaThread*)+0x17d
V  [libjvm.so+0xf50c42]  SystemDictionaryShared::acquire_class_for_current_thread(InstanceKlass*, Handle, Handle, ClassFileStream const*, JavaThread*)+0xd2
V  [libjvm.so+0xf4b856]  SystemDictionary::resolve_class_from_stream(ClassFileStream*, Symbol*, Handle, ClassLoadInfo const&, JavaThread*)+0xa6
V  [libjvm.so+0x9fc2de]  jvm_define_class_common(char const*, _jobject*, signed char const*, int, _jobject*, char const*, JavaThread*)+0x20e
V  [libjvm.so+0x9fc54a]  JVM_DefineClassWithSource+0x6a
C  [libjava.so+0xf283]  Java_java_lang_ClassLoader_defineClass1+0x133
J 1056  java.lang.ClassLoader.defineClass1(Ljava/lang/ClassLoader;Ljava/lang/String;[BIILjava/security/ProtectionDomain;Ljava/lang/String;)Ljava/lang/Class; java.base@21.0.8 (0 bytes) @ 0x00007dfa04335960 [0x00007dfa04335820+0x0000000000000140]
J 6992 c2 java.lang.ClassLoader.defineClass(Ljava/lang/String;[BIILjava/security/ProtectionDomain;)Ljava/lang/Class; java.base@21.0.8 (43 bytes) @ 0x00007dfa046a8f14 [0x00007dfa046a7c00+0x0000000000001314]
J 7594 c2 org.eclipse.osgi.internal.loader.classpath.ClasspathManager.defineClass(Ljava/lang/String;[BLorg/eclipse/osgi/internal/loader/classpath/ClasspathEntry;Lorg/eclipse/osgi/storage/bundlefile/BundleEntry;Ljava/util/List;)Ljava/lang/Class; (636 bytes) @ 0x00007dfa0472c9d4 [0x00007dfa0472bcc0+0x0000000000000d14]
J 4528 c2 org.eclipse.osgi.internal.loader.classpath.ClasspathManager.findClassImpl(Ljava/lang/String;Lorg/eclipse/osgi/internal/loader/classpath/ClasspathEntry;Ljava/util/List;)Ljava/lang/Class; (343 bytes) @ 0x00007dfa0452e010 [0x00007dfa0452b6c0+0x0000000000002950]
J 4828 c2 org.eclipse.osgi.internal.loader.classpath.ClasspathManager.findLocalClass(Ljava/lang/String;)Ljava/lang/Class; (210 bytes) @ 0x00007dfa0453f02c [0x00007dfa0453df00+0x000000000000112c]
J 2307 c1 org.eclipse.osgi.internal.loader.BundleLoader.findLocalClass(Ljava/lang/String;)Ljava/lang/Class; (166 bytes) @ 0x00007df9fcc2dec4 [0x00007df9fcc2d340+0x0000000000000b84]
J 5448 c2 org.eclipse.osgi.internal.loader.BundleLoader.findClass0(Ljava/lang/String;ZZ)Ljava/lang/Class; (491 bytes) @ 0x00007dfa0457dbe4 [0x00007dfa0457c1e0+0x0000000000001a04]
J 5921 c2 org.eclipse.osgi.internal.loader.ModuleClassLoader.loadClass(Ljava/lang/String;Z)Ljava/lang/Class; (36 bytes) @ 0x00007dfa0459972c [0x00007dfa04599640+0x00000000000000ec]
J 4533 c2 java.lang.ClassLoader.loadClass(Ljava/lang/String;)Ljava/lang/Class; java.base@21.0.8 (7 bytes) @ 0x00007dfa044cb56c [0x00007dfa044cb520+0x000000000000004c]
v  ~StubRoutines::call_stub 0x00007dfa03d37cc6
V  [libjvm.so+0x911e2a]  JavaCalls::call_helper(JavaValue*, methodHandle const&, JavaCallArguments*, JavaThread*)+0x2da
V  [libjvm.so+0x913812]  JavaCalls::call_virtual(JavaValue*, Handle, Klass*, Symbol*, Symbol*, Handle, JavaThread*)+0x1b2
V  [libjvm.so+0xf4d739]  SystemDictionary::load_instance_class_impl(Symbol*, Handle, JavaThread*)+0x189
V  [libjvm.so+0xf4bcc0]  SystemDictionary::load_instance_class(Symbol*, Handle, JavaThread*)+0x20
V  [libjvm.so+0xf4c7fc]  SystemDictionary::resolve_instance_class_or_null(Symbol*, Handle, Handle, JavaThread*)+0x9fc
V  [libjvm.so+0xf4dbc2]  SystemDictionary::resolve_or_fail(Symbol*, Handle, Handle, bool, JavaThread*)+0x52
V  [libjvm.so+0xfed716]  VerificationType::resolve_and_check_assignability(InstanceKlass*, Symbol*, Symbol*, bool, bool, bool, JavaThread*)+0x2a6
V  [libjvm.so+0xf57b6e]  SystemDictionaryShared::check_verification_constraints(InstanceKlass*, JavaThread*)+0x16e
V  [libjvm.so+0x8e43f1]  InstanceKlass::link_class_impl(JavaThread*)+0x4b1
V  [libjvm.so+0x8e9873]  InstanceKlass::initialize_impl(JavaThread*)+0x2e3
V  [libjvm.so+0x906e08]  InterpreterRuntime::_new(JavaThread*, ConstantPool*, int)+0x138
j  org.apache.http.impl.client.HttpClientBuilder.createMainExec(Lorg/apache/http/protocol/HttpRequestExecutor;Lorg/apache/http/conn/HttpClientConnectionManager;Lorg/apache/http/ConnectionReuseStrategy;Lorg/apache/http/conn/ConnectionKeepAliveStrategy;Lorg/apache/http/protocol/HttpProcessor;Lorg/apache/http/client/AuthenticationStrategy;Lorg/apache/http/client/AuthenticationStrategy;Lorg/apache/http/client/UserTokenHandler;)Lorg/apache/http/impl/execchain/ClientExecChain;+0
j  org.apache.http.impl.client.HttpClientBuilder.build()Lorg/apache/http/impl/client/CloseableHttpClient;+602
j  org.eclipse.aether.transport.http.HttpTransporter.<init>(Ljava/util/Map;Lorg/eclipse/aether/repository/RemoteRepository;Lorg/eclipse/aether/RepositorySystemSession;)V+1620
j  org.eclipse.aether.transport.http.HttpTransporterFactory.newInstance(Lorg/eclipse/aether/RepositorySystemSession;Lorg/eclipse/aether/repository/RemoteRepository;)Lorg/eclipse/aether/spi/connector/transport/Transporter;+24
j  org.eclipse.aether.internal.impl.DefaultTransporterProvider.newTransporter(Lorg/eclipse/aether/RepositorySystemSession;Lorg/eclipse/aether/repository/RemoteRepository;)Lorg/eclipse/aether/spi/connector/transport/Transporter;+124
j  org.eclipse.aether.connector.basic.BasicRepositoryConnector.<init>(Lorg/eclipse/aether/RepositorySystemSession;Lorg/eclipse/aether/repository/RemoteRepository;Lorg/eclipse/aether/spi/connector/transport/TransporterProvider;Lorg/eclipse/aether/spi/connector/layout/RepositoryLayoutProvider;Lorg/eclipse/aether/spi/connector/checksum/ChecksumPolicyProvider;Lorg/eclipse/aether/spi/io/FileProcessor;Ljava/util/Map;)V+42
j  org.eclipse.aether.connector.basic.BasicRepositoryConnectorFactory.newInstance(Lorg/eclipse/aether/RepositorySystemSession;Lorg/eclipse/aether/repository/RemoteRepository;)Lorg/eclipse/aether/spi/connector/RepositoryConnector;+40
j  org.eclipse.aether.internal.impl.DefaultRepositoryConnectorProvider.newRepositoryConnector(Lorg/eclipse/aether/RepositorySystemSession;Lorg/eclipse/aether/repository/RemoteRepository;)Lorg/eclipse/aether/spi/connector/RepositoryConnector;+209
j  org.eclipse.aether.internal.impl.DefaultArtifactResolver.performDownloads(Lorg/eclipse/aether/RepositorySystemSession;Lorg/eclipse/aether/internal/impl/DefaultArtifactResolver$ResolutionGroup;)V+78
j  org.eclipse.aether.internal.impl.DefaultArtifactResolver.resolve(Lorg/eclipse/aether/SyncContext;Lorg/eclipse/aether/SyncContext;Ljava/util/Collection;Lorg/eclipse/aether/RepositorySystemSession;Ljava/util/Collection;)Ljava/util/List;+1154
j  org.eclipse.aether.internal.impl.DefaultArtifactResolver.resolveArtifacts(Lorg/eclipse/aether/RepositorySystemSession;Ljava/util/Collection;)Ljava/util/List;+127
j  org.eclipse.aether.internal.impl.DefaultArtifactResolver.resolveArtifact(Lorg/eclipse/aether/RepositorySystemSession;Lorg/eclipse/aether/resolution/ArtifactRequest;)Lorg/eclipse/aether/resolution/ArtifactResult;+20
j  org.eclipse.aether.internal.impl.DefaultRepositorySystem.resolveArtifact(Lorg/eclipse/aether/RepositorySystemSession;Lorg/eclipse/aether/resolution/ArtifactRequest;)Lorg/eclipse/aether/resolution/ArtifactResult;+18
j  org.apache.maven.artifact.resolver.DefaultArtifactResolver.resolve(Lorg/apache/maven/artifact/Artifact;Ljava/util/List;Lorg/eclipse/aether/RepositorySystemSession;)V+257
j  org.apache.maven.artifact.resolver.DefaultArtifactResolver.access$000(Lorg/apache/maven/artifact/resolver/DefaultArtifactResolver;Lorg/apache/maven/artifact/Artifact;Ljava/util/List;Lorg/eclipse/aether/RepositorySystemSession;)V+4
j  org.apache.maven.artifact.resolver.DefaultArtifactResolver$ResolveTask.run()V+33
j  java.util.concurrent.ThreadPoolExecutor.runWorker(Ljava/util/concurrent/ThreadPoolExecutor$Worker;)V+92 java.base@21.0.8
j  java.util.concurrent.ThreadPoolExecutor$Worker.run()V+5 java.base@21.0.8
j  java.lang.Thread.runWith(Ljava/lang/Object;Ljava/lang/Runnable;)V+5 java.base@21.0.8
j  java.lang.Thread.run()V+19 java.base@21.0.8
v  ~StubRoutines::call_stub 0x00007dfa03d37cc6
V  [libjvm.so+0x911e2a]  JavaCalls::call_helper(JavaValue*, methodHandle const&, JavaCallArguments*, JavaThread*)+0x2da
V  [libjvm.so+0x913612]  JavaCalls::call_virtual(JavaValue*, Handle, Klass*, Symbol*, Symbol*, JavaThread*)+0x1a2
V  [libjvm.so+0x9ef2e3]  thread_entry(JavaThread*, JavaThread*)+0x93
V  [libjvm.so+0x929f66]  JavaThread::thread_main_inner()+0x1e6
V  [libjvm.so+0xf8dba7]  Thread::call_run()+0xa7
V  [libjvm.so+0xd044d5]  thread_native_entry(Thread*)+0xd5
C  [libc.so.6+0x9caa4]
Java frames: (J=compiled Java code, j=interpreted, Vv=VM code)
J 1056  java.lang.ClassLoader.defineClass1(Ljava/lang/ClassLoader;Ljava/lang/String;[BIILjava/security/ProtectionDomain;Ljava/lang/String;)Ljava/lang/Class; java.base@21.0.8 (0 bytes) @ 0x00007dfa043358e5 [0x00007dfa04335820+0x00000000000000c5]
J 6992 c2 java.lang.ClassLoader.defineClass(Ljava/lang/String;[BIILjava/security/ProtectionDomain;)Ljava/lang/Class; java.base@21.0.8 (43 bytes) @ 0x00007dfa046a8f14 [0x00007dfa046a7c00+0x0000000000001314]
J 7594 c2 org.eclipse.osgi.internal.loader.classpath.ClasspathManager.defineClass(Ljava/lang/String;[BLorg/eclipse/osgi/internal/loader/classpath/ClasspathEntry;Lorg/eclipse/osgi/storage/bundlefile/BundleEntry;Ljava/util/List;)Ljava/lang/Class; (636 bytes) @ 0x00007dfa0472c9d4 [0x00007dfa0472bcc0+0x0000000000000d14]
J 4528 c2 org.eclipse.osgi.internal.loader.classpath.ClasspathManager.findClassImpl(Ljava/lang/String;Lorg/eclipse/osgi/internal/loader/classpath/ClasspathEntry;Ljava/util/List;)Ljava/lang/Class; (343 bytes) @ 0x00007dfa0452e010 [0x00007dfa0452b6c0+0x0000000000002950]
J 4828 c2 org.eclipse.osgi.internal.loader.classpath.ClasspathManager.findLocalClass(Ljava/lang/String;)Ljava/lang/Class; (210 bytes) @ 0x00007dfa0453f02c [0x00007dfa0453df00+0x000000000000112c]
J 2307 c1 org.eclipse.osgi.internal.loader.BundleLoader.findLocalClass(Ljava/lang/String;)Ljava/lang/Class; (166 bytes) @ 0x00007df9fcc2dec4 [0x00007df9fcc2d340+0x0000000000000b84]
J 5448 c2 org.eclipse.osgi.internal.loader.BundleLoader.findClass0(Ljava/lang/String;ZZ)Ljava/lang/Class; (491 bytes) @ 0x00007dfa0457dbe4 [0x00007dfa0457c1e0+0x0000000000001a04]
J 5921 c2 org.eclipse.osgi.internal.loader.ModuleClassLoader.loadClass(Ljava/lang/String;Z)Ljava/lang/Class; (36 bytes) @ 0x00007dfa0459972c [0x00007dfa04599640+0x00000000000000ec]
J 4533 c2 java.lang.ClassLoader.loadClass(Ljava/lang/String;)Ljava/lang/Class; java.base@21.0.8 (7 bytes) @ 0x00007dfa044cb56c [0x00007dfa044cb520+0x000000000000004c]
v  ~StubRoutines::call_stub 0x00007dfa03d37cc6
j  org.apache.http.impl.client.HttpClientBuilder.createMainExec(Lorg/apache/http/protocol/HttpRequestExecutor;Lorg/apache/http/conn/HttpClientConnectionManager;Lorg/apache/http/ConnectionReuseStrategy;Lorg/apache/http/conn/ConnectionKeepAliveStrategy;Lorg/apache/http/protocol/HttpProcessor;Lorg/apache/http/client/AuthenticationStrategy;Lorg/apache/http/client/AuthenticationStrategy;Lorg/apache/http/client/UserTokenHandler;)Lorg/apache/http/impl/execchain/ClientExecChain;+0
j  org.apache.http.impl.client.HttpClientBuilder.build()Lorg/apache/http/impl/client/CloseableHttpClient;+602
j  org.eclipse.aether.transport.http.HttpTransporter.<init>(Ljava/util/Map;Lorg/eclipse/aether/repository/RemoteRepository;Lorg/eclipse/aether/RepositorySystemSession;)V+1620
j  org.eclipse.aether.transport.http.HttpTransporterFactory.newInstance(Lorg/eclipse/aether/RepositorySystemSession;Lorg/eclipse/aether/repository/RemoteRepository;)Lorg/eclipse/aether/spi/connector/transport/Transporter;+24
j  org.eclipse.aether.internal.impl.DefaultTransporterProvider.newTransporter(Lorg/eclipse/aether/RepositorySystemSession;Lorg/eclipse/aether/repository/RemoteRepository;)Lorg/eclipse/aether/spi/connector/transport/Transporter;+124
j  org.eclipse.aether.connector.basic.BasicRepositoryConnector.<init>(Lorg/eclipse/aether/RepositorySystemSession;Lorg/eclipse/aether/repository/RemoteRepository;Lorg/eclipse/aether/spi/connector/transport/TransporterProvider;Lorg/eclipse/aether/spi/connector/layout/RepositoryLayoutProvider;Lorg/eclipse/aether/spi/connector/checksum/ChecksumPolicyProvider;Lorg/eclipse/aether/spi/io/FileProcessor;Ljava/util/Map;)V+42
j  org.eclipse.aether.connector.basic.BasicRepositoryConnectorFactory.newInstance(Lorg/eclipse/aether/RepositorySystemSession;Lorg/eclipse/aether/repository/RemoteRepository;)Lorg/eclipse/aether/spi/connector/RepositoryConnector;+40
j  org.eclipse.aether.internal.impl.DefaultRepositoryConnectorProvider.newRepositoryConnector(Lorg/eclipse/aether/RepositorySystemSession;Lorg/eclipse/aether/repository/RemoteRepository;)Lorg/eclipse/aether/spi/connector/RepositoryConnector;+209
j  org.eclipse.aether.internal.impl.DefaultArtifactResolver.performDownloads(Lorg/eclipse/aether/RepositorySystemSession;Lorg/eclipse/aether/internal/impl/DefaultArtifactResolver$ResolutionGroup;)V+78
j  org.eclipse.aether.internal.impl.DefaultArtifactResolver.resolve(Lorg/eclipse/aether/SyncContext;Lorg/eclipse/aether/SyncContext;Ljava/util/Collection;Lorg/eclipse/aether/RepositorySystemSession;Ljava/util/Collection;)Ljava/util/List;+1154
j  org.eclipse.aether.internal.impl.DefaultArtifactResolver.resolveArtifacts(Lorg/eclipse/aether/RepositorySystemSession;Ljava/util/Collection;)Ljava/util/List;+127
j  org.eclipse.aether.internal.impl.DefaultArtifactResolver.resolveArtifact(Lorg/eclipse/aether/RepositorySystemSession;Lorg/eclipse/aether/resolution/ArtifactRequest;)Lorg/eclipse/aether/resolution/ArtifactResult;+20
j  org.eclipse.aether.internal.impl.DefaultRepositorySystem.resolveArtifact(Lorg/eclipse/aether/RepositorySystemSession;Lorg/eclipse/aether/resolution/ArtifactRequest;)Lorg/eclipse/aether/resolution/ArtifactResult;+18
j  org.apache.maven.artifact.resolver.DefaultArtifactResolver.resolve(Lorg/apache/maven/artifact/Artifact;Ljava/util/List;Lorg/eclipse/aether/RepositorySystemSession;)V+257
j  org.apache.maven.artifact.resolver.DefaultArtifactResolver.access$000(Lorg/apache/maven/artifact/resolver/DefaultArtifactResolver;Lorg/apache/maven/artifact/Artifact;Ljava/util/List;Lorg/eclipse/aether/RepositorySystemSession;)V+4
j  org.apache.maven.artifact.resolver.DefaultArtifactResolver$ResolveTask.run()V+33
j  java.util.concurrent.ThreadPoolExecutor.runWorker(Ljava/util/concurrent/ThreadPoolExecutor$Worker;)V+92 java.base@21.0.8
j  java.util.concurrent.ThreadPoolExecutor$Worker.run()V+5 java.base@21.0.8
j  java.lang.Thread.runWith(Ljava/lang/Object;Ljava/lang/Runnable;)V+5 java.base@21.0.8
j  java.lang.Thread.run()V+19 java.base@21.0.8
v  ~StubRoutines::call_stub 0x00007dfa03d37cc6

siginfo: si_signo: 11 (SIGSEGV), si_code: 1 (SEGV_MAPERR), si_addr: 0x0000000000000008

Registers:
RAX=0x00007df9b04c45a8, RBX=0x0000000000000000, RCX=0x00007df9841a5048, RDX=0x00000000000001d0
RSP=0x00007df99b7fc210, RBP=0x00007df99b7fc2e0, RSI=0x0000000000000000, RDI=0x00007df93c0e2b50
R8 =0x00007df9b0fb6bc0, R9 =0x00007df9b04c45a8, R10=0x00007df99b7fc340, R11=0x00000000805a7d58
R12=0x00007df99b7fc3a0, R13=0x00007df9b139b488, R14=0x000000000000000f, R15=0x0000000000000000
RIP=0x00007dfa1a7501e0, EFLAGS=0x0000000000010202, CSGSFS=0x002b000000000033, ERR=0x0000000000000004
  TRAPNO=0x000000000000000e

XMM[0]=0x00007df93c0e2450 0x00007df9b04c4988
XMM[1]=0x0000000000000000 0x0000000000000000
XMM[2]=0x0000000000000000 0x00007df93c0e2450
XMM[3]=0x0000000000000000 0x0000000000000000
XMM[4]=0x3c0e000000000008 0x000000010000001a
XMM[5]=0x95aaf3af45790cf9 0x4fa92cf20cebb1b1
XMM[6]=0x1e23bc68b28d4331 0x459176a560a20a98
XMM[7]=0x9f46be6cd1083590 0x426c3dad84d40077
XMM[8]=0x0556e7e1b1780098 0x7508ea232c145a3d
XMM[9]=0x60d3e6a360d3e6a3 0x60d3e6a329aeca94
XMM[10]=0x0000000000000000 0x00000000c8dae3f1
XMM[11]=0x581d8ac3581d8ac3 0x581d8ac381cc5557
XMM[12]=0x0000000000000000 0x0000000029aeca94
XMM[13]=0x0000000000000000 0x0000000020074057
XMM[14]=0x0000000000000000 0xdef8cd353d8612b7
XMM[15]=0x0000000000000000 0x0000000000000000
  MXCSR=0x00001fa2


Register to memory mapping:

RAX=0x00007df9b04c45a8 is a pointer to class: 
org.apache.http.impl.execchain.TunnelRefusedException {0x00007df9b04c45a8}
 - instance size:     5
 - klass size:        77
 - access:            public synchronized 
 - flags:             has_nonstatic_fields should_verify_class has_localvariable_table 
 - state:             allocated
 - name:              'org/apache/http/impl/execchain/TunnelRefusedException'
 - super:             'org/apache/http/HttpException'
 - sub:               
 - arrays:            null
 - methods:           Array<T>(0x00007df9b316c638)
 - method ordering:   Array<T>(0x00007df9b316c650)
 - local interfaces:  Array<T>(0x00007df9ae61bd20)
 - trans. interfaces: Array<T>(0x00007df9ae629cf0)
 - secondary supers: Array<T>(0x00007df9ae629cf0)
 - hash_slot:         41
 - bitmap:            0x0000000100000000
 - constants:         constant pool [30] {0x00007df9b04c4810} for 'org/apache/http/impl/execchain/TunnelRefusedException'
 - class loader data:  loader data: 0x00007df95409a1d0 for instance a 'org/eclipse/osgi/internal/loader/EquinoxClassLoader'{0x00000000805a7d58}
 - source file:       'TunnelRefusedException.java'
 - inner classes:     Array<T>(0x00007df9ae61bca8)
 - nest members:     Array<T>(0x00007df9ae61bca8)
 - permitted subclasses:     Array<T>(0x00007df9ae61bca8)
 - java mirror:       a 'java/lang/Class'{0x00000000d6043280} = 'org/apache/http/impl/execchain/TunnelRefusedException'
 - vtable length      16  (start addr: 0x00007df9b04c4778)
 - itable length      2 (start addr: 0x00007df9b04c47f8)
 - ---- static fields (1 words):
 - private static final 'serialVersionUID' 'J' @112 
 - ---- non-static fields (7 words):
 - private transient 'depth' 'I' @12 
 - private transient 'backtrace' 'Ljava/lang/Object;' @16 
 - private 'detailMessage' 'Ljava/lang/String;' @20 
 - private 'cause' 'Ljava/lang/Throwable;' @24 
 - private 'stackTrace' '[Ljava/lang/StackTraceElement;' @28 
 - private 'suppressedExceptions' 'Ljava/util/List;' @32 
 - private final 'response' 'Lorg/apache/http/HttpResponse;' @36 
 - non-static oop maps: 16-36 
RBX=0x0 is null
RCX=0x00007df9841a5048 points into unknown readable memory: 0x00000000805a7d58 | 58 7d 5a 80 00 00 00 00
RDX=0x00000000000001d0 is an unknown value
RSP=0x00007df99b7fc210 is pointing into the stack for thread: 0x00007df93c0e2450
RBP=0x00007df99b7fc2e0 is pointing into the stack for thread: 0x00007df93c0e2450
RSI=0x0 is null
RDI=0x00007df93c0e2b50 points into unknown readable memory: 0x00007df93c000402 | 02 04 00 3c f9 7d 00 00
R8 =0x00007df9b0fb6bc0 is pointing into metadata
R9 =0x00007df9b04c45a8 is a pointer to class: 
org.apache.http.impl.execchain.TunnelRefusedException {0x00007df9b04c45a8}
 - instance size:     5
 - klass size:        77
 - access:            public synchronized 
 - flags:             has_nonstatic_fields should_verify_class has_localvariable_table 
 - state:             allocated
 - name:              'org/apache/http/impl/execchain/TunnelRefusedException'
 - super:             'org/apache/http/HttpException'
 - sub:               
 - arrays:            null
 - methods:           Array<T>(0x00007df9b316c638)
 - method ordering:   Array<T>(0x00007df9b316c650)
 - local interfaces:  Array<T>(0x00007df9ae61bd20)
 - trans. interfaces: Array<T>(0x00007df9ae629cf0)
 - secondary supers: Array<T>(0x00007df9ae629cf0)
 - hash_slot:         41
 - bitmap:            0x0000000100000000
 - constants:         constant pool [30] {0x00007df9b04c4810} for 'org/apache/http/impl/execchain/TunnelRefusedException'
 - class loader data:  loader data: 0x00007df95409a1d0 for instance a 'org/eclipse/osgi/internal/loader/EquinoxClassLoader'{0x00000000805a7d58}
 - source file:       'TunnelRefusedException.java'
 - inner classes:     Array<T>(0x00007df9ae61bca8)
 - nest members:     Array<T>(0x00007df9ae61bca8)
 - permitted subclasses:     Array<T>(0x00007df9ae61bca8)
 - java mirror:       a 'java/lang/Class'{0x00000000d6043280} = 'org/apache/http/impl/execchain/TunnelRefusedException'
 - vtable length      16  (start addr: 0x00007df9b04c4778)
 - itable length      2 (start addr: 0x00007df9b04c47f8)
 - ---- static fields (1 words):
 - private static final 'serialVersionUID' 'J' @112 
 - ---- non-static fields (7 words):
 - private transient 'depth' 'I' @12 
 - private transient 'backtrace' 'Ljava/lang/Object;' @16 
 - private 'detailMessage' 'Ljava/lang/String;' @20 
 - private 'cause' 'Ljava/lang/Throwable;' @24 
 - private 'stackTrace' '[Ljava/lang/StackTraceElement;' @28 
 - private 'suppressedExceptions' 'Ljava/util/List;' @32 
 - private final 'response' 'Lorg/apache/http/HttpResponse;' @36 
 - non-static oop maps: 16-36 
R10=0x00007df99b7fc340 is pointing into the stack for thread: 0x00007df93c0e2450
R11=0x00000000805a7d58 is an oop: org.eclipse.osgi.internal.loader.EquinoxClassLoader 
{0x00000000805a7d58} - klass: 'org/eclipse/osgi/internal/loader/EquinoxClassLoader'
 - ---- fields (total size 14 words):
 - private 'defaultAssertionStatus' 'Z' @12  false (0x00)
 - injected 'loader_data' 'J' @16  138509810246096 (0x00007df95409a1d0)
 - private final 'parent' 'Ljava/lang/ClassLoader;' @24  a 'jdk/internal/loader/ClassLoaders$PlatformClassLoader'{0x0000000080797e00} (0x80797e00)
 - private final 'name' 'Ljava/lang/String;' @28  null (0x00000000)
 - private final 'unnamedModule' 'Ljava/lang/Module;' @32  a 'java/lang/Module'{0x00000000805a7dc8} (0x805a7dc8)
 - private final 'nameAndId' 'Ljava/lang/String;' @36  "org.eclipse.osgi.internal.loader.EquinoxClassLoader @21f32294"{0x00000000805a7e00} (0x805a7e00)
 - private final 'parallelLockMap' 'Ljava/util/concurrent/ConcurrentHashMap;' @40  a 'java/util/concurrent/ConcurrentHashMap'{0x00000000805a7e68} (0x805a7e68)
 - private final 'package2certs' 'Ljava/util/concurrent/ConcurrentHashMap;' @44  a 'java/util/concurrent/ConcurrentHashMap'{0x00000000805a7ea8} (0x805a7ea8)
 - private final 'classes' 'Ljava/util/ArrayList;' @48  a 'java/util/ArrayList'{0x00000000805a7ee8} (0x805a7ee8)
 - private final 'defaultDomain' 'Ljava/security/ProtectionDomain;' @52  a 'java/security/ProtectionDomain'{0x00000000805a7f00} (0x805a7f00)
 - private final 'packages' 'Ljava/util/concurrent/ConcurrentHashMap;' @56  a 'java/util/concurrent/ConcurrentHashMap'{0x00000000805a7f70} (0x805a7f70)
 - private final 'libraries' 'Ljdk/internal/loader/NativeLibraries;' @60  a 'jdk/internal/loader/NativeLibraries'{0x00000000805a7fb0} (0x805a7fb0)
 - final 'assertionLock' 'Ljava/lang/Object;' @64  a 'java/lang/Object'{0x00000000805a8010} (0x805a8010)
 - private 'packageAssertionStatus' 'Ljava/util/Map;' @68  null (0x00000000)
 - 'classAssertionStatus' 'Ljava/util/Map;' @72  null (0x00000000)
 - private volatile 'classLoaderValueMap' 'Ljava/util/concurrent/ConcurrentHashMap;' @76  a 'java/util/concurrent/ConcurrentHashMap'{0x0000000081314480} (0x81314480)
 - private final 'classNameLocks' 'Lorg/eclipse/osgi/internal/container/KeyBasedLockStore;' @80  a 'org/eclipse/osgi/internal/container/KeyBasedLockStore'{0x00000000805a8020} (0x805a8020)
 - private final 'pkgLock' 'Ljava/lang/Object;' @84  a 'java/lang/Object'{0x00000000805a80e0} (0x805a80e0)
 - public volatile 'lombok$shadowLoader' 'Ljava/lang/ClassLoader;' @88  null (0x00000000)
 - private final 'configuration' 'Lorg/eclipse/osgi/internal/framework/EquinoxConfiguration;' @92  a 'org/eclipse/osgi/internal/framework/EquinoxConfiguration'{0x00000000807c5a98} (0x807c5a98)
 - private final 'debug' 'Lorg/eclipse/osgi/internal/debug/Debug;' @96  a 'org/eclipse/osgi/internal/debug/Debug'{0x00000000807c7a98} (0x807c7a98)
 - private final 'delegate' 'Lorg/eclipse/osgi/internal/loader/BundleLoader;' @100  a 'org/eclipse/osgi/internal/loader/BundleLoader'{0x00000000805a52b0} (0x805a52b0)
 - private final 'generation' 'Lorg/eclipse/osgi/storage/BundleInfo$Generation;' @104  a 'org/eclipse/osgi/storage/BundleInfo$Generation'{0x0000000080381168} (0x80381168)
 - private final 'manager' 'Lorg/eclipse/osgi/internal/loader/classpath/ClasspathManager;' @108  a 'org/eclipse/osgi/internal/loader/classpath/ClasspathManager'{0x00000000805a80f0} (0x805a80f0)
R12=0x00007df99b7fc3a0 is pointing into the stack for thread: 0x00007df93c0e2450
R13=0x00007df9b139b488 is pointing into metadata
R14=0x000000000000000f is an unknown value
R15=0x0 is null

Top of Stack: (sp=0x00007df99b7fc210)
0x00007df99b7fc210:   00007df99b7fc230 00007dfa1a8b771a
0x00007df99b7fc220:   00007df95409a1d0 00007df9841a5040
0x00007df99b7fc230:   00007df9b0fb6bc0 00007df9b139b488
0x00007df99b7fc240:   00007df9b139b3c8 00007df99b7fc270
0x00007df99b7fc250:   00007df9af081ce8 0000000000000000
0x00007df99b7fc260:   0000000000000000 01000000ffffffff
0x00007df99b7fc270:   00007df93c0e2450 00007df93c0e2b50
0x00007df99b7fc280:   00007df9841a4fd0 00007df9841a5048
0x00007df99b7fc290:   00007df9841a50b8 00000000000000d8
0x00007df99b7fc2a0:   00007df99b7fc430 00007dfa1a5263ec
0x00007df99b7fc2b0:   00007df954048220 00007df99b7fc3a0
0x00007df99b7fc2c0:   000000000000000f 00007df99b7fc340
0x00007df99b7fc2d0:   000000000000000f 00007df9b316c640
0x00007df99b7fc2e0:   00007df99b7fc380 00007dfa1a752d83
0x00007df99b7fc2f0:   00007df9841a5038 00007df93c0e47e0
0x00007df99b7fc300:   00007df99b7fc380 00007dfa1a74e440
0x00007df99b7fc310:   00007df984bd77e0 00007df984bd77f0
0x00007df99b7fc320:   00007df9b316c648 00007df984bd77f0
0x00007df99b7fc330:   0000000000000000 00007df93c0e2450
0x00007df99b7fc340:   00007df9b04c4988 00007df93c0e2450
0x00007df99b7fc350:   00007df97466eac8 00007df93c0e2450
0x00007df99b7fc360:   00007df99b7fc3a0 00007df9b04c45a8
0x00007df99b7fc370:   00007df9b316c648 0000000000000000
0x00007df99b7fc380:   00007df99b7fc3e0 00007dfa1a4e35f7
0x00007df99b7fc390:   00007df99b7fc4a0 00007dfa1a21cdba
0x00007df99b7fc3a0:   00007df9b04c45a8 00000010000001d0
0x00007df99b7fc3b0:   0000000000000000 00007df9b04c45a8
0x00007df99b7fc3c0:   00007df9b04c45a8 00007df93c0e2450
0x00007df99b7fc3d0:   00007df9841a5028 00007df9841a5020
0x00007df99b7fc3e0:   00007df99b7fc4a0 00007dfa1ab4d41d
0x00007df99b7fc3f0:   00007df99b7fc430 00007df99b7fc410
0x00007df99b7fc400:   00007df95409a1d0 00007df97466e8b0 

Instructions: (pc=0x00007dfa1a7501e0)
0x00007dfa1a7500e0:   ff 4d 85 c9 0f 84 a6 02 00 00 48 8d 45 90 4c 89
0x00007dfa1a7500f0:   fe 4c 89 85 58 ff ff ff 48 89 c7 4c 89 8d 60 ff
0x00007dfa1a750100:   ff ff 48 89 85 68 ff ff ff e8 f2 dc d4 ff 4c 8b
0x00007dfa1a750110:   8d 60 ff ff ff 4c 8b 85 58 ff ff ff 49 8b 81 98
0x00007dfa1a750120:   00 00 00 48 8b 78 08 48 85 ff 0f 84 58 02 00 00
0x00007dfa1a750130:   4c 89 85 58 ff ff ff 4c 89 8d 60 ff ff ff ff 15
0x00007dfa1a750140:   cc 4e 97 00 4c 8b 8d 60 ff ff ff 4c 8b 85 58 ff
0x00007dfa1a750150:   ff ff 48 85 c0 49 89 c3 0f 84 2a 02 00 00 49 8b
0x00007dfa1a750160:   bf 20 03 00 00 48 8b 4f 18 48 8b 47 20 48 29 c8
0x00007dfa1a750170:   48 83 f8 07 0f 86 8e 02 00 00 48 8d 41 08 48 89
0x00007dfa1a750180:   47 18 4c 89 19 49 8b 41 18 48 89 85 60 ff ff ff
0x00007dfa1a750190:   85 db 0f 8e d8 01 00 00 4c 63 cb 4d 89 f2 31 db
0x00007dfa1a7501a0:   4d 89 ce 4d 89 e9 4d 89 c5 4c 8b 85 50 ff ff ff
0x00007dfa1a7501b0:   eb 52 66 0f 1f 44 00 00 48 8d 35 d9 5c 9d 00 80
0x00007dfa1a7501c0:   3e 00 75 58 83 e2 08 74 53 48 8b 85 70 ff ff ff
0x00007dfa1a7501d0:   48 8b b4 d8 d0 01 00 00 0f 1f 84 00 00 00 00 00
0x00007dfa1a7501e0:   48 8b 46 08 48 8b 50 08 0f b7 78 24 4c 3b 6c fa
0x00007dfa1a7501f0:   48 0f 84 91 00 00 00 48 83 c3 01 4c 39 f3 0f 84
0x00007dfa1a750200:   6c 01 00 00 49 8b 04 24 4c 8d 3c dd 00 00 00 00
0x00007dfa1a750210:   0f b7 90 c2 00 00 00 f6 c2 01 75 9c 49 63 54 24
0x00007dfa1a750220:   08 4c 01 f8 48 8b 34 10 eb b6 66 0f 1f 44 00 00
0x00007dfa1a750230:   48 8b 3a be fe ff ff ff e8 73 51 13 00 c6 45 8e
0x00007dfa1a750240:   00 48 c7 45 80 00 00 00 00 e9 fb fd ff ff 66 90
0x00007dfa1a750250:   c6 45 8f 01 41 f6 85 b1 00 00 00 02 0f 84 47 fe
0x00007dfa1a750260:   ff ff 80 7d 8e 00 49 8b 3e 74 0a 83 7f 2c f7 0f
0x00007dfa1a750270:   8c 30 fe ff ff be f7 ff ff ff e8 31 51 13 00 e9
0x00007dfa1a750280:   21 fe ff ff 0f 1f 40 00 0f b7 40 26 4c 3b 44 c2
0x00007dfa1a750290:   48 0f 85 60 ff ff ff 41 f6 81 b1 00 00 00 02 0f
0x00007dfa1a7502a0:   85 fb 00 00 00 8b 46 28 a8 02 0f 85 47 ff ff ff
0x00007dfa1a7502b0:   80 7d 8e 00 4c 8b 5a 18 0f 84 aa 01 00 00 49 8b
0x00007dfa1a7502c0:   12 8b 42 28 89 c6 83 e6 01 0f 84 81 01 00 00 c6
0x00007dfa1a7502d0:   45 8f 00 49 8b 04 24 0f b7 b0 c2 00 00 00 40 f6 


Stack slot to memory mapping:

stack at sp + 0 slots: 0x00007df99b7fc230 is pointing into the stack for thread: 0x00007df93c0e2450
stack at sp + 1 slots: 0x00007dfa1a8b771a: <offset 0x0000000000cb771a> in /usr/lib/jvm/java-21-openjdk-amd64/lib/server/libjvm.so at 0x00007dfa19c00000
stack at sp + 2 slots: 0x00007df95409a1d0 points into unknown readable memory: 0x00007df954513fb8 | b8 3f 51 54 f9 7d 00 00
stack at sp + 3 slots: 0x00007df9841a5040 points into unknown readable memory: 0x00000000d6043280 | 80 32 04 d6 00 00 00 00
stack at sp + 4 slots: 0x00007df9b0fb6bc0 is pointing into metadata
stack at sp + 5 slots: 0x00007df9b139b488 is pointing into metadata
stack at sp + 6 slots: 0x00007df9b139b3c8 is pointing into metadata
stack at sp + 7 slots: 0x00007df99b7fc270 is pointing into the stack for thread: 0x00007df93c0e2450


Compiled method (n/a) 4663 1056     n 0       java.lang.ClassLoader::defineClass1 (native)
 total in heap  [0x00007dfa04335690,0x00007dfa04335aa0] = 1040
 relocation     [0x00007dfa043357e8,0x00007dfa04335820] = 56
 main code      [0x00007dfa04335820,0x00007dfa04335a9f] = 639
 stub code      [0x00007dfa04335a9f,0x00007dfa04335aa0] = 1

[Constant Pool (empty)]

[MachCode]
[Entry Point]
  # {method} {0x00007df9ae436c30} 'defineClass1' '(Ljava/lang/ClassLoader;Ljava/lang/String;[BIILjava/security/ProtectionDomain;Ljava/lang/String;)Ljava/lang/Class;' in 'java/lang/ClassLoader'
  # parm0:    rsi:rsi   = 'java/lang/ClassLoader'
  # parm1:    rdx:rdx   = 'java/lang/String'
  # parm2:    rcx:rcx   = '[B'
  # parm3:    r8        = int
  # parm4:    r9        = int
  # parm5:    rdi:rdi   = 'java/security/ProtectionDomain'
  # parm6:    [sp+0x70]   = 'java/lang/String'  (sp of caller)
  0x00007dfa04335820: 448b 5608 | 49bb 0000 | 00ae f97d | 0000 4d03 | d349 3bc2 | 0f84 0600 

  0x00007dfa04335838: ;   {runtime_call ic_miss_stub}
  0x00007dfa04335838: 0000 e941 | f5a4 ff90 
[Verified Entry Point]
  0x00007dfa04335840: 8984 2400 | c0fe ff55 | 488b ec48 | 83ec 6090 | 4181 7f20 | 0200 0000 

  0x00007dfa04335858: ;   {runtime_call StubRoutines (final stubs)}
  0x00007dfa04335858: 7405 e881 | 97a3 ff48 | 837d 1000 | 488d 4510 | 480f 4445 | 1048 8944 | 2410 4889 | 7c24 4048 
  0x00007dfa04335878: 83ff 0048 | 8d44 2440 | 480f 4444 | 2440 4889 | 4424 084c | 890c 244d | 8bc8 4889 | 4c24 2848 
  0x00007dfa04335898: 83f9 004c | 8d44 2428 | 4c0f 4444 | 2428 4889 | 5424 2048 | 83fa 0048 | 8d4c 2420 | 480f 444c 
  0x00007dfa043358b8: 2420 4889 | 7424 1848 | 83fe 0048 | 8d54 2418 | 480f 4454 

  0x00007dfa043358cc: ;   {oop(a 'java/lang/Class'{0x0000000080080dd8} = 'java/lang/ClassLoader')}
  0x00007dfa043358cc: 2418 49be | d80d 0880 | 0000 0000 | 4c89 7424 | 484c 8d74 | 2448 498b | f6c5 f877 

  0x00007dfa043358e8: ;   {internal_word}
  0x00007dfa043358e8: 49ba e558 | 3304 fa7d | 0000 4d89 | 97a0 0300 | 0049 89a7 | 9803 0000 

  0x00007dfa04335900: ;   {external_word}
  0x00007dfa04335900: 803d 2e57 | dd16 000f | 843c 0000 | 0056 5251 | 4150 4151 

  0x00007dfa04335914: ;   {metadata({method} {0x00007df9ae436c30} 'defineClass1' '(Ljava/lang/ClassLoader;Ljava/lang/String;[BIILjava/security/ProtectionDomain;Ljava/lang/String;)Ljava/lang/Class;' in 'java/lang/ClassLoader')}
  0x00007dfa04335914: 48be 306c | 43ae f97d | 0000 498b | ff40 f6c4 | 0f0f 8412 | 0000 0048 

  0x00007dfa0433592c: ;   {runtime_call SharedRuntime::dtrace_method_entry(JavaThread*, Method*)}
  0x00007dfa0433592c: 83ec 08e8 | 7cc7 6816 | 4883 c408 | e905 0000 

  0x00007dfa0433593c: ;   {runtime_call SharedRuntime::dtrace_method_entry(JavaThread*, Method*)}
  0x00007dfa0433593c: 00e8 6ec7 | 6816 4159 | 4158 595a | 5e49 8dbf | b803 0000 | 41c7 8744 | 0400 0004 

  0x00007dfa04335958: ;   {runtime_call Java_java_lang_ClassLoader_defineClass1}
  0x00007dfa04335958: 0000 00e8 | f077 e816 | c5f8 7741 | c787 4404 | 0000 0500 | 0000 f083 | 4424 c000 | 493b af48 
  0x00007dfa04335978: 0400 000f | 870e 0000 | 0041 83bf | 4004 0000 | 000f 8424 | 0000 00c5 | f877 4889 | 45f8 498b 
  0x00007dfa04335998: ff4c 8be4 | 4883 ec00 | 4883 e4f0 

  0x00007dfa043359a4: ;   {runtime_call JavaThread::check_special_condition_for_native_trans(JavaThread*)}
  0x00007dfa043359a4: e867 501f | 1649 8be4 | 4d33 e448 | 8b45 f841 | c787 4404 | 0000 0800 | 0000 4183 | bfc0 0400 
  0x00007dfa043359c4: 0002 0f84 | ad00 0000 

  0x00007dfa043359cc: ;   {external_word}
  0x00007dfa043359cc: 803d 6256 | dd16 000f | 8436 0000 | 0048 8945 

  0x00007dfa043359dc: ;   {metadata({method} {0x00007df9ae436c30} 'defineClass1' '(Ljava/lang/ClassLoader;Ljava/lang/String;[BIILjava/security/ProtectionDomain;Ljava/lang/String;)Ljava/lang/Class;' in 'java/lang/ClassLoader')}
  0x00007dfa043359dc: f848 be30 | 6c43 aef9 | 7d00 0049 | 8bff 40f6 | c40f 0f84 | 1200 0000 | 4883 ec08 

  0x00007dfa043359f8: ;   {runtime_call SharedRuntime::dtrace_method_exit(JavaThread*, Method*)}
  0x00007dfa043359f8: e8a3 c768 | 1648 83c4 | 08e9 0500 

  0x00007dfa04335a04: ;   {runtime_call SharedRuntime::dtrace_method_exit(JavaThread*, Method*)}
  0x00007dfa04335a04: 0000 e895 | c768 1648 | 8b45 f849 | c787 9803 | 0000 0000 | 0000 49c7 | 87a0 0300 | 0000 0000 
  0x00007dfa04335a24: 00c5 f877 | 4885 c00f | 8425 0000 | 00a8 030f | 8508 0000 | 0048 8b00 | e915 0000 | 00a8 010f 
  0x00007dfa04335a44: 8509 0000 | 0048 8b40 | fee9 0400 | 0000 488b | 40ff 498b | 8f28 0400 | 00c7 8100 | 0100 0000 
  0x00007dfa04335a64: 0000 00c9 | 4983 7f08 | 000f 8501 | 0000 00c3 

  0x00007dfa04335a74: ;   {runtime_call StubRoutines (initial stubs)}
  0x00007dfa04335a74: e987 21a0 | ffc5 f877 | 4889 45f8 | 4c8b e448 | 83ec 0048 

  0x00007dfa04335a88: ;   {runtime_call SharedRuntime::reguard_yellow_pages()}
  0x00007dfa04335a88: 83e4 f0e8 | 80d6 6816 | 498b e44d | 33e4 488b | 45f8 e92d | ffff fff4 
[/MachCode]


Compiled method (c2) 4667 6992       4       java.lang.ClassLoader::defineClass (43 bytes)
 total in heap  [0x00007dfa046a7490,0x00007dfa046b1d00] = 43120
 relocation     [0x00007dfa046a75e8,0x00007dfa046a7c00] = 1560
 main code      [0x00007dfa046a7c00,0x00007dfa046ae100] = 25856
 stub code      [0x00007dfa046ae100,0x00007dfa046ae2b8] = 440
 oops           [0x00007dfa046ae2b8,0x00007dfa046ae2e0] = 40
 metadata       [0x00007dfa046ae2e0,0x00007dfa046ae630] = 848
 scopes data    [0x00007dfa046ae630,0x00007dfa046b0630] = 8192
 scopes pcs     [0x00007dfa046b0630,0x00007dfa046b13e0] = 3504
 dependencies   [0x00007dfa046b13e0,0x00007dfa046b14b8] = 216
 handler table  [0x00007dfa046b14b8,0x00007dfa046b1b60] = 1704
 nul chk table  [0x00007dfa046b1b60,0x00007dfa046b1d00] = 416

[Constant Pool (empty)]

[MachCode]
[Entry Point]
  # {method} {0x00007df9ae436fb0} 'defineClass' '(Ljava/lang/String;[BIILjava/security/ProtectionDomain;)Ljava/lang/Class;' in 'java/lang/ClassLoader'
  # this:     rsi:rsi   = 'java/lang/ClassLoader'
  # parm0:    rdx:rdx   = 'java/lang/String'
  # parm1:    rcx:rcx   = '[B'
  # parm2:    r8        = int
  # parm3:    r9        = int
  # parm4:    rdi:rdi   = 'java/security/ProtectionDomain'
  #           [sp+0xc0]  (sp of caller)
  0x00007dfa046a7c00: 448b 5608 | 49bb 0000 | 00ae f97d | 0000 4d03 | d349 3bc2 

  0x00007dfa046a7c14: ;   {runtime_call ic_miss_stub}
  0x00007dfa046a7c14: 0f85 66d1 | 6dff 6690 | 0f1f 4000 
[Verified Entry Point]
  0x00007dfa046a7c20: 8984 2400 | c0fe ff55 | 4881 ecb0 | 0000 0090 | 4181 7f20 | 0200 0000 | 0f85 b264 | 0000 4889 
  0x00007dfa046a7c40: 7c24 0844 | 894c 2424 | 4489 4424 | 2048 894c | 2418 4889 | 7424 1048 | 8954 2428 | 4885 d20f 
  0x00007dfa046a7c60: 8438 2400 | 008b 6a14 

  0x00007dfa046a7c68: ; implicit exception: dispatches to 0x00007dfa046ad818
  0x00007dfa046a7c68: 448b 550c | 4585 d20f | 8653 4200 | 0044 0fbe | 4210 4585 | c00f 85ed | 3500 00c4 | c23a f7d2 
  0x00007dfa046a7c88: 413b d241 | 0f4f d285 | d20f 8e1b | 2400 0044 | 3bd2 0f82 | 8442 0000 | 4c8b d548 | 8d7d 10b8 
  0x00007dfa046a7ca8: 2f00 0000 | 488b df83 | fa10 0f8c | 7900 0000 | 83fa 200f | 8c36 0000 | 00c5 f96e | c8c4 e27d 
  0x00007dfa046a7cc8: 78c9 c5ed | efd2 8bca | 83e1 e083 | e21f c5fe | 6f03 c5fd | 74c1 c4e2 | 7d17 d00f | 8369 0000 
  0x00007dfa046a7ce8: 0048 83c3 | 2083 e920 | 75e4 e90d | 0000 00c5 | f96e c8c5 | e9ef d2c4 | e271 00ca | 83fa 100f 
  0x00007dfa046a7d08: 8c24 0000 | 008b ca83 

  0x00007dfa046a7d10: ;   {no_reloc}
  0x00007dfa046a7d10: e1f0 83e2 | 0fc5 fa6f | 03c5 f974 | c1c4 e279 | 17d0 0f83 | 2a00 0000 | 4883 c310 | 83e9 1075 
  0x00007dfa046a7d30: e485 d20f | 8412 0000 | 000f b60b | 3bc1 741c | 4883 c301 | 83ea 0174 | 02eb eebb | ffff ffff 
  0x00007dfa046a7d50: eb0d c5fd | d7c8 0fbc | c148 03d8 | 482b df83 | fbff 0f85 | 3845 0000 | 4c8b 5424 | 2845 8b52 
  0x00007dfa046a7d70: 144c 8b5c | 2428 4180 | 7b10 000f | 8563 4100 | 0041 8b6a | 0c85 ed0f | 867b 4100 | 0045 0fb6 
  0x00007dfa046a7d90: 5210 4183 | fa5b 0f84 | a845 0000 | 4c8b 5424 | 2841 8b6a | 1444 8b55 | 0c4c 8b5c | 2428 450f 
  0x00007dfa046a7db0: be43 10c4 | 423a f7da | 4183 c3fb | 4585 db7c | 5345 85c0 | 0f85 672e | 0000 4183 | fa04 0f86 
  0x00007dfa046a7dd0: 6c41 0000 | 807d 106a | 753a 807d | 1161 7534 | 807d 1276 | 752e 807d | 1361 7528 | 440f be5d 
  0x00007dfa046a7df0: 1441 83fb | 2e75 1dbe | 45ff ffff | 488b 6c24 | 1066 6690 

  0x00007dfa046a7e04: ;   {runtime_call UncommonTrapBlob}
  0x00007dfa046a7e04: c5f8 77e8 

  0x00007dfa046a7e08: ; ImmutableOopMap {rbp=Oop [8]=Oop [24]=Oop [40]=Oop }
                      ;*ifeq {reexecute=1 rethrow=0 return_oop=0}
                      ; - (reexecute) java.lang.ClassLoader::preDefineClass@46 (line 906)
                      ; - java.lang.ClassLoader::defineClass@4 (line 1025)
  0x00007dfa046a7e08: f424 6eff 

  0x00007dfa046a7e0c: ;   {other}
  0x00007dfa046a7e0c: 0f1f 8400 | 7c09 0000 | 4c8b 6c24 | 284c 8b54 | 2408 4d85 | d20f 8416 | 1b00 004c | 8954 2430 
  0x00007dfa046a7e2c: 4d85 ed0f | 845b 2200 | 004c 8b54 | 2430 458b | 5210 4489 | 5424 3841 | 8b4d 148b | 710c 450f 
  0x00007dfa046a7e4c: be45 10c4 | 623a f7de | 418d 6bff | 4585 c00f | 858b 4400 | 0044 8d56 | ff44 3bd5 | 440f 4fd5 
  0x00007dfa046a7e6c: 488b e945 | 85d2 0f8c | 2d22 0000 | 4533 c944 | 894c 2470 | 443b d60f | 837a 3900 | 0042 807c 
  0x00007dfa046a7e8c: 1110 2e74 | 184d 8b87 | 5004 0000 

  0x00007dfa046a7e98: ; ImmutableOopMap {rcx=NarrowOop rbp=Oop r13=Oop [16]=Oop [24]=Oop [40]=Oop [48]=Oop [56]=NarrowOop }
                      ;*goto {reexecute=1 rethrow=0 return_oop=0}
                      ; - (reexecute) java.lang.StringLatin1::lastIndexOf@35 (line 285)
                      ; - java.lang.String::lastIndexOf@13 (line 2573)
                      ; - java.lang.String::lastIndexOf@8 (line 2535)
                      ; - java.lang.ClassLoader::checkCerts@3 (line 1163)
                      ; - java.lang.ClassLoader::preDefineClass@113 (line 917)
                      ; - java.lang.ClassLoader::defineClass@4 (line 1025)
                      ;   {poll}
  0x00007dfa046a7e98: 41ff ca41 | 8500 4585 | d27d dd41 | baff ffff | ff41 83fa | ff0f 84b1 | 4400 0045 | 85d2 0f8c 
  0x00007dfa046a7eb8: 5c44 0000 | 453b d30f | 8fbf 4400 | 0045 3bd3 | 0f84 c220 | 0000 4585 | d20f 84f4 | 2600 0049 
  0x00007dfa046a7ed8: 8b9f b801 | 0000 4c8b | db49 83c3 | 184d 3b9f | c801 0000 | 0f83 bd33 | 0000 4d89 | 9fb8 0100 
  0x00007dfa046a7ef8: 0041 0f0d | 8bc0 0000 | 0048 c703 | 0100 0000 

  0x00007dfa046a7f08: ;   {metadata('java/lang/String')}
  0x00007dfa046a7f08: c743 0870 | ea00 0044 | 8963 0c4c | 8963 104c | 8d59 1044 | 3bd6 0f84 | 1217 0000 | 4181 fa00 
  0x00007dfa046a7f28: 0010 000f | 87cf 4100 | 004d 63c2 | 4889 ac24 | 8000 0000 | 413b f28b | ee41 0f4f | ea3b f50f 
  0x00007dfa046a7f48: 8227 4200 | 0044 3bd5 | 0f82 1e42 | 0000 4983 | c017 498b | d048 83e2 | f841 81fa | 0000 1000 
  0x00007dfa046a7f68: 0f87 d634 | 0000 4d8b | b7b8 0100 | 004d 8bce | 4c03 ca4d | 3b8f c801 | 0000 0f83 | bc34 0000 
  0x00007dfa046a7f88: 4d89 8fb8 | 0100 0041 | 0f0d 89c0 | 0000 0049 | c706 0100 | 0000 410f | 0d89 0001 

  0x00007dfa046a7fa4: ;   {metadata({type array byte})}
  0x00007dfa046a7fa4: 0000 41c7 | 4608 1823 | 0000 4589 | 560c 410f | 0d89 4001 | 0000 410f | 0d89 8001 | 0000 4d8b 
  0x00007dfa046a7fc4: ce49 83c1 | 1049 c1e8 | 0385 ed0f | 8433 4100 | 0041 3bea | 0f8c fc25 | 0000 4883 | c2f0 48c1 
  0x00007dfa046a7fe4: ea03 498b | fb49 8bf1 | c5f8 7749 | ba00 e3d6 | 03fa 7d00 | 0041 ffd2 

  0x00007dfa046a7ffc: ;   {other}
  0x00007dfa046a7ffc: 0f1f 8400 | 0000 0000 | 4488 6310 | 4d8b d644 | 8953 144c | 8bd3 49c1 | ea09 49bb | 0040 5118 
  0x00007dfa046a801c: fa7d 0000 | 4788 2413 | 448b 5424 | 3845 8b5a | 1445 85db | 0f85 a217 | 0000 458b | 5a10 4585 
  0x00007dfa046a803c: db0f 853d 

  0x00007dfa046a8040: ;   {oop(a 'java/security/cert/Certificate'[0] {0x00000000807f1dc8})}
  0x00007dfa046a8040: 2f00 0049 | bec8 1d7f | 8000 0000 | 004c 8b54 | 2410 458b | 5a2c 4585 | db0f 8449 | 3e00 004c 
  0x00007dfa046a8060: 8974 2438 | 4c89 6c24 | 0849 8bf3 | 488b d349 | 8bce 41b8 | 0100 0000 

  0x00007dfa046a8078: ;   {optimized virtual_call}
  0x00007dfa046a8078: c5f8 77e8 

  0x00007dfa046a807c: ; ImmutableOopMap {[8]=Oop [16]=Oop [24]=Oop [40]=Oop [48]=Oop [56]=Oop }
                      ;*invokevirtual putVal {reexecute=0 rethrow=0 return_oop=1}
                      ; - java.util.concurrent.ConcurrentHashMap::putIfAbsent@4 (line 1541)
                      ; - java.lang.ClassLoader::checkCerts@62 (line 1171)
                      ; - java.lang.ClassLoader::preDefineClass@113 (line 917)
                      ; - java.lang.ClassLoader::defineClass@4 (line 1025)
  0x00007dfa046a807c: 80e7 67f9 

  0x00007dfa046a8080: ;   {other}
  0x00007dfa046a8080: 0f1f 8400 | f00b 0002 | 4c8b e848 | 85c0 7430 | 448b 5808 

  0x00007dfa046a8094: ;   {metadata('java/security/cert/Certificate'[])}
  0x00007dfa046a8094: 4181 fbc8 | 5210 000f | 8537 5500 | 004c 8b74 | 2438 458b | 560c 458b | 4d0c 4585 | d20f 876f 
  0x00007dfa046a80b4: 1900 0045 | 85c9 0f87 | 1043 0000 | 4c8b 5424 | 3045 8b5a | 1045 8b6b | 0c45 85ed | 0f84 7a18 
  0x00007dfa046a80d4: 0000 458b | 5538 458b | 4208 498b 

  0x00007dfa046a80e0: ;   {metadata('sun/net/www/protocol/file/Handler')}
  0x00007dfa046a80e0: d541 81f8 | 407e 2100 | 0f85 0319 | 0000 498b | 87b8 0100 | 004c 8bd0 | 4983 c218 | 4d3b 97c8 
  0x00007dfa046a8100: 0100 000f | 832b 3200 | 004d 8997 | b801 0000 | 410f 0d8a | c000 0000 | 48c7 0001 

  0x00007dfa046a811c: ;   {metadata('java/lang/StringBuilder')}
  0x00007dfa046a811c: 0000 00c7 | 4008 3882 | 0000 4489 | 600c 4c89 | 6010 4889 | 4424 404d | 8b87 b801 | 0000 4d8b 
  0x00007dfa046a813c: d049 83c2 | 204d 3b97 | c801 0000 | 0f83 5132 | 0000 4d89 | 97b8 0100 | 0041 0f0d | 8ac0 0000 
  0x00007dfa046a815c: 0049 c700 | 0100 0000 | 410f 0d8a | 0001 0000 

  0x00007dfa046a816c: ;   {metadata({type array byte})}
  0x00007dfa046a816c: 41c7 4008 | 1823 0000 | 410f 0d8a | 4001 0000 | 41c7 400c | 1000 0000 | 410f 0d8a | 8001 0000 
  0x00007dfa046a818c: 4d89 6010 | 4d89 6018 | 418b 4d14 | 4d8b d04c | 8b5c 2440 | 4589 5314 | 4d8b d349 | c1ea 0949 
  0x00007dfa046a81ac: bb00 4051 | 18fa 7d00 | 0047 8824 | 1385 c90f | 848e 2300 | 0044 8b51 | 1445 8b5a | 0c44 0fbe 
  0x00007dfa046a81cc: 5110 c4c2 | 2af7 db44 | 8d5b f045 | 85db 0f8e | 6201 0000 | 895c 2450 | 4c89 4424 | 4848 8954 
  0x00007dfa046a81ec: 2438 4489 | 6c24 0848 | 8be9 894c | 240c 488b | 7424 408b | d366 6690 

  0x00007dfa046a8204: ;   {optimized virtual_call}
  0x00007dfa046a8204: c5f8 77e8 

  0x00007dfa046a8208: ; ImmutableOopMap {rbp=Oop [8]=NarrowOop [12]=NarrowOop [16]=Oop [24]=Oop [40]=Oop [48]=Oop [56]=Oop [64]=Oop [72]=Oop }
                      ;*invokevirtual newCapacity {reexecute=0 rethrow=0 return_oop=0}
                      ; - java.lang.AbstractStringBuilder::ensureCapacityInternal@24 (line 243)
                      ; - java.lang.AbstractStringBuilder::append@21 (line 587)
                      ; - java.lang.StringBuilder::append@2 (line 179)
                      ; - java.net.URLStreamHandler::toExternalForm@11 (line 480)
                      ; - java.net.URL::toExternalForm@5 (line 1203)
                      ; - java.net.URL::toString@1 (line 1189)
                      ; - java.lang.ClassLoader::defineClassSourceLocation@22 (line 927)
                      ; - java.lang.ClassLoader::defineClass@12 (line 1026)
  0x00007dfa046a8208: 74ce 6dff 

  0x00007dfa046a820c: ;   {other}
  0x00007dfa046a820c: 0f1f 8400 | 7c0d 0003 | 4c8b 5424 | 4045 0fbe | 5a10 4c8b | 4424 4849 | 83c0 10c4 | 6221 f7d8 
  0x00007dfa046a822c: 4183 fb10 | 0f84 e521 | 0000 4181 | fb00 0010 | 000f 87b9 | 4b00 004d | 63cb 41ba | 1000 0000 
  0x00007dfa046a824c: 453b d345 | 0f4f d341 | 83fa 100f | 876b 4b00 | 0045 3bda | 0f82 624b | 0000 4983 | c117 498b 
  0x00007dfa046a826c: d148 83e2 | f841 81fb | 0000 1000 | 0f87 4239 | 0000 498b | 9fb8 0100 | 0048 8bcb | 4803 ca49 
  0x00007dfa046a828c: 3b8f c801 | 0000 0f83 | 2839 0000 | 4989 8fb8 | 0100 000f | 0d89 c000 | 0000 48c7 | 0301 0000 
  0x00007dfa046a82ac: 000f 0d89 | 0001 0000 

  0x00007dfa046a82b4: ;   {metadata({type array byte})}
  0x00007dfa046a82b4: c743 0818 | 2300 0044 | 895b 0c0f | 0d89 4001 | 0000 0f0d | 8980 0100 | 0048 8bf3 | 4883 c610 
  0x00007dfa046a82d4: 49c1 e903 | 4585 d20f | 8423 4b00 | 0045 3bd3 | 0f8c 9228 | 0000 4883 | c2f0 48c1 | ea03 498b 
  0x00007dfa046a82f4: f8c5 f877 | 49ba 00e3 | d603 fa7d | 0000 41ff 

  0x00007dfa046a8304: ;   {other}
  0x00007dfa046a8304: d20f 1f84 | 0000 0000 | 004c 8b54 | 2440 4c8b | db4c 8b44 | 2440 4589 | 5814 49c1 | ea09 49bb 
  0x00007dfa046a8324: 0040 5118 | fa7d 0000 | 4788 2413 | 448b 6c24 | 088b 4c24 | 0c8b 5c24 | 5048 8b54 | 2438 4c8b 
  0x00007dfa046a8344: 5424 4045 | 0fbe 4210 | 440f be51 | 104c 8b5c | 2440 458b | 4b0c 453b | c20f 8509 | 4400 0045 
  0x00007dfa046a8364: 8b5b 1445 | 3bd0 0f85 | d441 0000 | 8b49 1444 | 8b51 0cc4 | c239 f7e9 

  0x00007dfa046a837c: ; implicit exception: dispatches to 0x00007dfa046ada38
  0x00007dfa046a837c: 458b 4b0c | 85ed 0f8c | 2c3d 0000 | 4889 5424 | 3841 8d3c | 2a44 3bcf | 0f82 1a3d | 0000 4585 
  0x00007dfa046a839c: d276 2a4c | 8bc1 488d | 7910 4963 | d24d 8bd3 | 498d 742b | 10c5 f877 | 49ba 80df | d603 fa7d 
  0x00007dfa046a83bc: 0000 41ff 

  0x00007dfa046a83c0: ;   {other}
  0x00007dfa046a83c0: d20f 1f84 | 0000 0000 | 004c 8b54 | 2440 4101 | 5a0c 4c8b | 5424 4045 | 8b52 1441 | 8b5a 0c4c 
  0x00007dfa046a83e0: 8b5c 2440 | 418b 530c | 450f be43 | 10c4 623a | f7db 448b | ca45 2bcb | 41ff c145 | 85c9 0f8e 
  0x00007dfa046a8400: 5801 0000 | 895c 2448 | 4489 5424 | 0c44 896c | 2408 ffc2 | 488b 7424 | 4066 6690 

  0x00007dfa046a841c: ;   {optimized virtual_call}
  0x00007dfa046a841c: c5f8 77e8 

  0x00007dfa046a8420: ; ImmutableOopMap {[8]=NarrowOop [12]=NarrowOop [16]=Oop [24]=Oop [40]=Oop [48]=Oop [56]=Oop [64]=Oop }
                      ;*invokevirtual newCapacity {reexecute=0 rethrow=0 return_oop=0}
                      ; - java.lang.AbstractStringBuilder::ensureCapacityInternal@24 (line 243)
                      ; - java.lang.AbstractStringBuilder::append@7 (line 806)
                      ; - java.lang.StringBuilder::append@2 (line 246)
                      ; - java.net.URLStreamHandler::toExternalForm@16 (line 480)
                      ; - java.net.URL::toExternalForm@5 (line 1203)
                      ; - java.net.URL::toString@1 (line 1189)
                      ; - java.lang.ClassLoader::defineClassSourceLocation@22 (line 927)
                      ; - java.lang.ClassLoader::defineClass@12 (line 1026)
  0x00007dfa046a8420: 5ccc 6dff 

  0x00007dfa046a8424: ;   {other}
  0x00007dfa046a8424: 0f1f 8400 | 940f 0004 | 4c8b 5424 | 4045 0fbe | 5a10 c462 | 21f7 c08b | 4c24 0c4c | 8bd1 4c89 
  0x00007dfa046a8444: 5424 784c | 8d59 1044 | 3b44 2448 | 0f84 661c | 0000 4181 | f800 0010 | 000f 8721 | 4700 004d 
  0x00007dfa046a8464: 63c8 448b | 5424 4845 | 3bd0 418b | ea41 0f4f | e844 3bd5 | 0f82 f249 | 0000 443b | c50f 82e9 
  0x00007dfa046a8484: 4900 0049 | 83c1 1749 | 8bd1 4883 | e2f8 4181 | f800 0010 | 000f 8792 | 3500 0049 | 8b9f b801 
  0x00007dfa046a84a4: 0000 4c8b | d34c 03d2 | 4d3b 97c8 | 0100 000f | 8378 3500 | 004d 8997 | b801 0000 | 410f 0d8a 
  0x00007dfa046a84c4: c000 0000 | 48c7 0301 | 0000 0041 | 0f0d 8a00 

  0x00007dfa046a84d4: ;   {metadata({type array byte})}
  0x00007dfa046a84d4: 0100 00c7 | 4308 1823 | 0000 4489 | 430c 410f | 0d8a 4001 | 0000 410f | 0d8a 8001 | 0000 488b 
  0x00007dfa046a84f4: f348 83c6 | 1049 c1e9 | 0385 ed0f | 8487 4600 | 0041 3be8 | 0f8c 6123 | 0000 4883 | c2f0 48c1 
  0x00007dfa046a8514: ea03 498b | fbc5 f877 | 49ba 00e3 | d603 fa7d | 0000 41ff 

  0x00007dfa046a8528: ;   {other}
  0x00007dfa046a8528: d20f 1f84 | 0000 0000 | 004c 8b54 | 2440 4d8b | da4c 8bd3 | 4c8b 4424 | 4045 8950 | 1449 c1eb 
  0x00007dfa046a8548: 0949 b800 | 4051 18fa | 7d00 0047 | 8824 1844 | 8b6c 2408 | 4c8b 5c24 | 4041 807b | 1000 0f85 
  0x00007dfa046a8568: 321f 0000 | 418b 6b0c | 448d 5d01 | 4c8b 4424 | 4045 8958 | 0c45 8b5a | 0c41 3beb | 0f83 ce39 
  0x00007dfa046a8588: 0000 41c6 | 442a 103a | 418b 5d24 | 85db 7411 | 448b 5314 

  0x00007dfa046a859c: ; implicit exception: dispatches to 0x00007dfa046ada70
  0x00007dfa046a859c: 458b 5a0c | 4585 db0f | 87d8 2600 

  0x00007dfa046a85a8: ;   {oop(""{0x0000000080000000})}
  0x00007dfa046a85a8: 0048 bd00 | 0000 8000 | 0000 0044 | 8b55 1445 | 8b52 0c4c | 8b5c 2440 | 458b 4b14 

  0x00007dfa046a85c4: ; implicit exception: dispatches to 0x00007dfa046ad8d8
  0x00007dfa046a85c4: 458b 590c | 440f be45 | 1048 8b4c | 2440 8b79 | 0cc4 423a | f7f2 0fbe | 4910 418d | 143e c4c2 
  0x00007dfa046a85e4: 72f7 db44 | 8bd2 442b | d345 85d2 | 0f8e 7601 | 0000 4489 | 7424 5444 | 895c 2450 | 4489 4c24 
  0x00007dfa046a8604: 0c48 896c | 2448 4489 | 6c24 0848 | 8b74 2440 

  0x00007dfa046a8614: ;   {optimized virtual_call}
  0x00007dfa046a8614: c5f8 77e8 

  0x00007dfa046a8618: ; ImmutableOopMap {[8]=NarrowOop [12]=NarrowOop [16]=Oop [24]=Oop [40]=Oop [48]=Oop [56]=Oop [64]=Oop [72]=Oop }
                      ;*invokevirtual newCapacity {reexecute=0 rethrow=0 return_oop=0}
                      ; - java.lang.AbstractStringBuilder::ensureCapacityInternal@24 (line 243)
                      ; - java.lang.AbstractStringBuilder::append@21 (line 587)
                      ; - java.lang.StringBuilder::append@2 (line 179)
                      ; - java.net.URLStreamHandler::toExternalForm@59 (line 483)
                      ; - java.net.URL::toExternalForm@5 (line 1203)
                      ; - java.net.URL::toString@1 (line 1189)
                      ; - java.lang.ClassLoader::defineClassSourceLocation@22 (line 927)
                      ; - java.lang.ClassLoader::defineClass@12 (line 1026)
  0x00007dfa046a8618: 64ca 6dff 

  0x00007dfa046a861c: ;   {other}
  0x00007dfa046a861c: 0f1f 8400 | 8c11 0005 | 4c8b 5424 | 4045 0fbe | 5210 c462 | 29f7 c08b | 4c24 0c4c | 8bd1 4c89 
  0x00007dfa046a863c: 9424 8800 | 0000 488d | 7910 443b | 4424 500f | 840b 1b00 | 0041 81f8 | 0000 1000 | 0f87 9a45 
  0x00007dfa046a865c: 0000 4d63 | d044 8b5c | 2450 453b | d841 8beb | 410f 4fe8 | 443b dd0f | 8243 4800 | 0044 3bc5 
  0x00007dfa046a867c: 0f82 3a48 | 0000 4983 | c217 498b | d248 83e2 | f841 81f8 | 0000 1000 | 0f87 e633 | 0000 498b 
  0x00007dfa046a869c: 9fb8 0100 | 004c 8bdb | 4c03 da4d | 3b9f c801 | 0000 0f83 | cc33 0000 | 4d89 9fb8 | 0100 0041 
  0x00007dfa046a86bc: 0f0d 8bc0 | 0000 0048 | c703 0100 | 0000 410f | 0d8b 0001 

  0x00007dfa046a86d0: ;   {metadata({type array byte})}
  0x00007dfa046a86d0: 0000 c743 | 0818 2300 | 0044 8943 | 0c41 0f0d | 8b40 0100 | 0041 0f0d | 8b80 0100 | 0048 8bf3 
  0x00007dfa046a86f0: 4883 c610 | 49c1 ea03 | 85ed 0f84 | 0045 0000 | 413b e80f | 8c01 2200 | 0048 83c2 | f048 c1ea 
  0x00007dfa046a8710: 03c5 f877 | 49ba 00e3 | d603 fa7d | 0000 41ff 

  0x00007dfa046a8720: ;   {other}
  0x00007dfa046a8720: d20f 1f84 | 0000 0000 | 004c 8b54 | 2440 410f | be4a 1041 | 8b7a 0c48 | 8b6c 2448 | 440f be45 
  0x00007dfa046a8740: 104c 8bd3 | 4c8b 5c24 | 4045 8953 | 144d 8bd3 | 49c1 ea09 | 49bb 0040 | 5118 fa7d | 0000 4788 
  0x00007dfa046a8760: 2413 448b | 6c24 0844 | 8b74 2454 | 413b c80f | 8543 3e00 | 004c 8b54 | 2440 458b | 4a14 443b 
  0x00007dfa046a8780: c10f 857d | 3c00 0044 | 8b55 1441 | 8b5a 0cc4 | e271 f7ef 

  0x00007dfa046a8794: ; implicit exception: dispatches to 0x00007dfa046ad908
  0x00007dfa046a8794: 458b 590c | 85ed 0f8c | f837 0000 | 448d 042b | 453b d80f | 82eb 3700 | 0085 db76 | 2a48 63d3 
  0x00007dfa046a87b4: 4d8b da49 | 8d7a 104d | 8bd1 498d | 7429 10c5 | f877 49ba | 80df d603 | fa7d 0000 

  0x00007dfa046a87d0: ;   {other}
  0x00007dfa046a87d0: 41ff d20f | 1f84 0000 | 0000 004c | 8b54 2440 | 4503 720c | 4589 720c | 458b 4d28 

  0x00007dfa046a87ec: ; implicit exception: dispatches to 0x00007dfa046adb58
  0x00007dfa046a87ec: 458b 5914 

  0x00007dfa046a87f0: ; implicit exception: dispatches to 0x00007dfa046ad928
  0x00007dfa046a87f0: 458b 530c | 4c8b 5c24 | 4041 8b7b | 148b 4f0c | 450f be41 | 1045 0fbe | 5b10 c4c2 | 3af7 dac4 
  0x00007dfa046a8810: 6222 f7d1 | 428d 1433 | 448b c245 | 2bc2 4585 | c00f 8e69 | 0100 0089 | 5c24 5089 | 4c24 4c89 
  0x00007dfa046a8830: 7c24 4844 | 896c 2408 | 4d8b d14c | 8954 2458 | 4489 4c24 | 0c48 8b74 | 2440 6690 

  0x00007dfa046a884c: ;   {optimized virtual_call}
  0x00007dfa046a884c: c5f8 77e8 

  0x00007dfa046a8850: ; ImmutableOopMap {[8]=NarrowOop [12]=NarrowOop [16]=Oop [24]=Oop [40]=Oop [48]=Oop [56]=Oop [64]=Oop [72]=NarrowOop [88]=Oop }
                      ;*invokevirtual newCapacity {reexecute=0 rethrow=0 return_oop=0}
                      ; - java.lang.AbstractStringBuilder::ensureCapacityInternal@24 (line 243)
                      ; - java.lang.AbstractStringBuilder::append@21 (line 587)
                      ; - java.lang.StringBuilder::append@2 (line 179)
                      ; - java.net.URLStreamHandler::toExternalForm@77 (line 484)
                      ; - java.net.URL::toExternalForm@5 (line 1203)
                      ; - java.net.URL::toString@1 (line 1189)
                      ; - java.lang.ClassLoader::defineClassSourceLocation@22 (line 927)
                      ; - java.lang.ClassLoader::defineClass@12 (line 1026)
  0x00007dfa046a8850: 6c53 c9ff 

  0x00007dfa046a8854: ;   {other}
  0x00007dfa046a8854: 0f1f 8400 | c413 0006 | 4c8b 5424 | 4045 0fbe | 5210 c462 | 29f7 d044 | 8b44 2448 | 4d8b d84c 
  0x00007dfa046a8874: 899c 2490 | 0000 0049 | 8d78 1044 | 3b54 244c | 0f84 9119 | 0000 4181 | fa00 0010 | 000f 87d5 
  0x00007dfa046a8894: 4300 004d | 63da 8b4c | 244c 413b | ca8b e941 | 0f4f ea3b | cd0f 8265 | 4600 0044 | 3bd5 0f82 
  0x00007dfa046a88b4: 5c46 0000 | 4983 c317 | 498b d348 | 83e2 f841 | 81fa 0000 | 1000 0f87 | 0032 0000 | 498b 9fb8 
  0x00007dfa046a88d4: 0100 004c | 8bc3 4c03 | c24d 3b87 | c801 0000 | 0f83 e631 | 0000 4d89 | 87b8 0100 | 0041 0f0d 
  0x00007dfa046a88f4: 88c0 0000 | 0048 c703 | 0100 0000 | 410f 0d88 | 0001 0000 

  0x00007dfa046a8908: ;   {metadata({type array byte})}
  0x00007dfa046a8908: c743 0818 | 2300 0044 | 8953 0c41 | 0f0d 8840 | 0100 0041 | 0f0d 8880 | 0100 0048 | 8bf3 4883 
  0x00007dfa046a8928: c610 49c1 | eb03 85ed | 0f84 3e43 | 0000 413b | ea0f 8c69 | 2000 0048 | 83c2 f048 | c1ea 03c5 
  0x00007dfa046a8948: f877 49ba | 00e3 d603 | fa7d 0000 

  0x00007dfa046a8954: ;   {other}
  0x00007dfa046a8954: 41ff d20f | 1f84 0000 | 0000 004c | 8b54 2440 | 4c8b db4c | 8b44 2440 | 4589 5814 | 49c1 ea09 
  0x00007dfa046a8974: 49bb 0040 | 5118 fa7d | 0000 4788 | 2413 448b | 6c24 0844 | 8b4c 240c | 8b5c 2450 | 4c8b 5424 
  0x00007dfa046a8994: 4041 0fbe | 4210 410f | be49 1041 | 8b7a 0c3b | c10f 8559 | 3c00 0045 | 8b42 143b | c80f 859d 
  0x00007dfa046a89b4: 3a00 0045 | 8b59 1441 | 8b4b 0cc4 | e279 f7ef 

  0x00007dfa046a89c4: ; implicit exception: dispatches to 0x00007dfa046ad970
  0x00007dfa046a89c4: 458b 480c | 85ed 0f8c | 1436 0000 | 8d3c 2944 | 3bcf 0f82 | 0836 0000 | 85c9 762a | 4d8b d349 
  0x00007dfa046a89e4: 8d7b 1048 | 63d1 4d8b | d049 8d74 | 2810 c5f8 | 7749 ba80 | dfd6 03fa | 7d00 0041 

  0x00007dfa046a8a00: ;   {other}
  0x00007dfa046a8a00: ffd2 0f1f | 8400 0000 | 0000 448b | d34c 8b5c | 2440 4503 | 530c 4589 | 530c 418b | 6d20 85ed 
  0x00007dfa046a8a20: 0f85 463c | 0000 418b | 5b14 8b4b | 0c45 0fbe | 5b10 c462 | 22f7 c145 | 8bda 452b | d845 85db 
  0x00007dfa046a8a40: 0f8e 5101 | 0000 894c | 2448 895c | 240c 418b | d244 896c | 2408 488b | 7424 4090 

  0x00007dfa046a8a5c: ;   {optimized virtual_call}
  0x00007dfa046a8a5c: c5f8 77e8 

  0x00007dfa046a8a60: ; ImmutableOopMap {[8]=NarrowOop [12]=NarrowOop [16]=Oop [24]=Oop [40]=Oop [48]=Oop [56]=Oop [64]=Oop }
                      ;*invokevirtual newCapacity {reexecute=0 rethrow=0 return_oop=0}
                      ; - java.lang.AbstractStringBuilder::ensureCapacityInternal@24 (line 243)
                      ; - java.lang.AbstractStringBuilder::append@21 (line 587)
                      ; - java.lang.StringBuilder::append@2 (line 179)
                      ; - java.net.URLStreamHandler::toExternalForm@113 (line 485)
                      ; - java.net.URL::toExternalForm@5 (line 1203)
                      ; - java.net.URL::toString@1 (line 1189)
                      ; - java.lang.ClassLoader::defineClassSourceLocation@22 (line 927)
                      ; - java.lang.ClassLoader::defineClass@12 (line 1026)
  0x00007dfa046a8a60: 1cc6 6dff 

  0x00007dfa046a8a64: ;   {other}
  0x00007dfa046a8a64: 0f1f 8400 | d415 0007 | 4c8b 5424 | 4045 0fbe | 5210 c462 | 29f7 d844 | 8b54 240c | 4d8b c24c 
  0x00007dfa046a8a84: 8944 2478 | 4d8d 4210 | 443b 5c24 | 480f 8443 | 1800 0041 | 81fb 0000 | 1000 0f87 | 3c42 0000 
  0x00007dfa046a8aa4: 4d63 cb8b | 4c24 4841 | 3bcb 8be9 | 410f 4feb | 3bcd 0f82 | 9c44 0000 | 443b dd0f | 8293 4400 
  0x00007dfa046a8ac4: 0049 83c1 | 1749 8bd1 | 4883 e2f8 | 4181 fb00 | 0010 000f | 8743 3000 | 0049 8b9f | b801 0000 
  0x00007dfa046a8ae4: 4c8b d34c | 03d2 4d3b | 97c8 0100 | 000f 8329 | 3000 004d | 8997 b801 | 0000 410f | 0d8a c000 
  0x00007dfa046a8b04: 0000 48c7 | 0301 0000 | 0041 0f0d | 8a00 0100 

  0x00007dfa046a8b14: ;   {metadata({type array byte})}
  0x00007dfa046a8b14: 00c7 4308 | 1823 0000 | 4489 5b0c | 410f 0d8a | 4001 0000 | 410f 0d8a | 8001 0000 | 488b f348 
  0x00007dfa046a8b34: 83c6 1049 | c1e9 0385 | ed0f 84a5 | 4100 0041 | 3beb 0f8c | fa1e 0000 | 4883 c2f0 | 48c1 ea03 
  0x00007dfa046a8b54: 498b f8c5 | f877 49ba | 00e3 d603 | fa7d 0000 

  0x00007dfa046a8b64: ;   {other}
  0x00007dfa046a8b64: 41ff d20f | 1f84 0000 | 0000 004c | 8b54 2440 | 4c8b c34c | 8b5c 2440 | 4589 4314 | 49c1 ea09 
  0x00007dfa046a8b84: 49bb 0040 | 5118 fa7d | 0000 4788 | 2413 448b | 6c24 084c | 8b54 2440 | 450f be42 | 1045 8b52 
  0x00007dfa046a8ba4: 0c45 85c0 | 0f85 f63a | 0000 4c8b | 5c24 4041 | 8b6b 1444 | 8b45 0c45 | 85d2 0f8c | 6c34 0000 
  0x00007dfa046a8bc4: 453b c20f | 8263 3400 | 0041 8b6d | 3085 ed0f | 8527 3b00 | 0041 8b4b | 1444 8b41 | 0c41 0fbe 
  0x00007dfa046a8be4: 6b10 458b | 4b0c c442 | 52f7 d845 | 8bd1 452b | d345 85d2 | 0f8e 5301 | 0000 4489 | 4424 0c89 
  0x00007dfa046a8c04: 4c24 0848 | 8b74 2440 | 418b d190 

  0x00007dfa046a8c10: ;   {optimized virtual_call}
  0x00007dfa046a8c10: c5f8 77e8 

  0x00007dfa046a8c14: ; ImmutableOopMap {[8]=NarrowOop [16]=Oop [24]=Oop [40]=Oop [48]=Oop [64]=Oop }
                      ;*invokevirtual newCapacity {reexecute=0 rethrow=0 return_oop=0}
                      ; - java.lang.AbstractStringBuilder::ensureCapacityInternal@24 (line 243)
                      ; - java.lang.AbstractStringBuilder::append@21 (line 587)
                      ; - java.lang.StringBuilder::append@2 (line 179)
                      ; - java.net.URLStreamHandler::toExternalForm@149 (line 486)
                      ; - java.net.URL::toExternalForm@5 (line 1203)
                      ; - java.net.URL::toString@1 (line 1189)
                      ; - java.lang.ClassLoader::defineClassSourceLocation@22 (line 927)
                      ; - java.lang.ClassLoader::defineClass@12 (line 1026)
  0x00007dfa046a8c14: 68c4 6dff 

  0x00007dfa046a8c18: ;   {other}
  0x00007dfa046a8c18: 0f1f 8400 | 8817 0008 | 4c8b 5424 | 4045 0fbe | 5210 c462 | 29f7 d08b | 4c24 084c | 8bd9 4c89 
  0x00007dfa046a8c38: 5c24 684c | 8d41 1044 | 3b54 240c | 0f84 3017 | 0000 4181 | fa00 0010 | 000f 87fd | 4000 004d 
  0x00007dfa046a8c58: 63ca 8b5c | 240c 413b | da8b eb41 | 0f4f ea3b | dd0f 8235 | 4300 0044 | 3bd5 0f82 | 2c43 0000 
  0x00007dfa046a8c78: 4983 c117 | 498b d148 | 83e2 f841 | 81fa 0000 | 1000 0f87 | e02e 0000 | 498b 9fb8 | 0100 004c 
  0x00007dfa046a8c98: 8bdb 4c03 | da4d 3b9f | c801 0000 | 0f83 c62e | 0000 4d89 | 9fb8 0100 | 0041 0f0d | 8bc0 0000 
  0x00007dfa046a8cb8: 0048 c703 | 0100 0000 | 410f 0d8b | 0001 0000 

  0x00007dfa046a8cc8: ;   {metadata({type array byte})}
  0x00007dfa046a8cc8: c743 0818 | 2300 0044 | 8953 0c41 | 0f0d 8b40 | 0100 0041 | 0f0d 8b80 | 0100 0048 | 8bf3 4883 
  0x00007dfa046a8ce8: c610 49c1 | e903 85ed | 0f84 6640 | 0000 413b | ea0f 8ce2 | 1d00 0048 | 83c2 f048 | c1ea 0349 
  0x00007dfa046a8d08: 8bf8 c5f8 | 7749 ba00 | e3d6 03fa | 7d00 0041 

  0x00007dfa046a8d18: ;   {other}
  0x00007dfa046a8d18: ffd2 0f1f | 8400 0000 | 0000 4c8b | 5424 4041 | 0fbe 6a10 | 458b 4a0c | 4c8b d34c | 8b5c 2440 
  0x00007dfa046a8d38: 4589 5314 | 4d8b d349 | c1ea 0949 | bb00 4051 | 18fa 7d00 | 0047 8824 | 1385 ed0f | 85db 3900 
  0x00007dfa046a8d58: 004c 8b54 | 2440 418b | 6a14 448b | 5d0c 4585 | c90f 8c01 | 3300 0045 | 3bd9 0f82 | f832 0000 
  0x00007dfa046a8d78: 498b 9fb8 | 0100 004c | 8bd3 4983 | c218 4d3b | 97c8 0100 | 000f 838d | 2600 004d | 8997 b801 
  0x00007dfa046a8d98: 0000 410f | 0d8a c000 | 0000 48c7 | 0301 0000 

  0x00007dfa046a8da8: ;   {metadata('java/lang/String')}
  0x00007dfa046a8da8: 00c7 4308 | 70ea 0000 | 4489 630c | 4c89 6310 | 4c8b 5424 | 4045 0fbe | 4210 458b | 4a14 458b 
  0x00007dfa046a8dc8: 5a0c 4585 | c00f 85f9 | 3600 0041 | 8b79 0c4d | 8bd1 4c89 | 5424 784d | 8d41 1044 | 3bdf 0f84 
  0x00007dfa046a8de8: 5009 0000 | 4585 db0f | 8c83 3a00 | 0041 81fb | 0000 1000 | 0f87 ba33 | 0000 4963 | cb41 3bfb 
  0x00007dfa046a8e08: 8bef 410f | 4feb 3bfd | 0f82 1734 | 0000 443b | dd0f 820e | 3400 0048 | 83c1 1748 | 8bd1 4883 
  0x00007dfa046a8e28: e2f8 4181 | fb00 0010 | 000f 8738 | 2900 004d | 8baf b801 | 0000 4d8b | d54c 03d2 | 4d3b 97c8 
  0x00007dfa046a8e48: 0100 000f | 831e 2900 | 004d 8997 | b801 0000 | 410f 0d8a | c000 0000 | 49c7 4500 | 0100 0000 
  0x00007dfa046a8e68: 410f 0d8a | 0001 0000 

  0x00007dfa046a8e70: ;   {metadata({type array byte})}
  0x00007dfa046a8e70: 41c7 4508 | 1823 0000 | 4589 5d0c | 410f 0d8a | 4001 0000 | 410f 0d8a | 8001 0000 | 4d8b d549 
  0x00007dfa046a8e90: 83c2 1048 | c1e9 0385 | ed0f 8425 | 3300 0041 | 3beb 0f8c | d017 0000 | 4883 c2f0 | 48c1 ea03 
  0x00007dfa046a8eb0: 498b f849 | 8bf2 c5f8 | 7749 ba00 | e3d6 03fa | 7d00 0041 

  0x00007dfa046a8ec4: ;   {other}
  0x00007dfa046a8ec4: ffd2 0f1f | 8400 0000 | 0000 4c8b | d34d 8bc5 | 4489 4314 | 49c1 ea09 | 49bb 0040 | 5118 fa7d 
  0x00007dfa046a8ee4: 0000 4788 | 2413 488b | 7424 1048 | 8b54 2428 | 488b 4c24 | 1844 8b44 | 2420 448b | 4c24 2448 
  0x00007dfa046a8f04: 8b7c 2430 | 4889 1c24 

  0x00007dfa046a8f0c: ;   {static_call}
  0x00007dfa046a8f0c: c5f8 77e8 

  0x00007dfa046a8f10: ; ImmutableOopMap {[16]=Oop [48]=Oop }
                      ;*invokestatic defineClass1 {reexecute=0 rethrow=0 return_oop=1}
                      ; - java.lang.ClassLoader::defineClass@27 (line 1027)
  0x00007dfa046a8f10: 2cc9 c8ff 

  0x00007dfa046a8f14: ;   {other}
  0x00007dfa046a8f14: 0f1f 8400 | 841a 0009 | 4889 4424 | 0844 8b58 | 3c45 85db | 0f85 2e02 | 0000 4c8b | 5010 458b 
  0x00007dfa046a8f34: 4208 4585 | c00f 8c75 | 3400 0044 | 8b58 2c45 | 85db 0f84 | 0811 0000 | 498b db44 | 8b43 1445 
  0x00007dfa046a8f54: 8b48 0c0f | be7b 10c4 | 4242 f7d9 | 458d 53ff | 85ff 0f85 | 383b 0000 | 498b c848 | 894c 2478 
  0x00007dfa046a8f74: 418d 49ff | 413b ca41 | 0f4f ca85 | c97c 3266 | 0f1f 8400 | 0000 0000 | 6666 6690 | 413b c90f 
  0x00007dfa046a8f94: 8338 2a00 | 0041 807c | 0810 2e74 | 1949 8bbf | 5004 0000 | ffc9 4c8b 

  0x00007dfa046a8fac: ; ImmutableOopMap {r10=Oop r8=NarrowOop rbx=Oop [8]=Oop [16]=Oop [48]=Oop [120]=Oop }
                      ;*goto {reexecute=1 rethrow=0 return_oop=0}
                      ; - (reexecute) java.lang.StringLatin1::lastIndexOf@35 (line 285)
                      ; - java.lang.String::lastIndexOf@13 (line 2573)
                      ; - java.lang.String::lastIndexOf@8 (line 2535)
                      ; - java.lang.Class::getPackageName@47 (line 1168)
                      ; - java.lang.ClassLoader::postDefineClass@2 (line 934)
                      ; - java.lang.ClassLoader::defineClass@37 (line 1028)
                      ;   {poll}
  0x00007dfa046a8fac: 5424 0885 | 0785 c97d | dbb9 ffff | ffff 83f9 | ff0f 845d | 3b00 0085 | c90f 8c1d | 3b00 0041 
  0x00007dfa046a8fcc: 3bcb 0f8f | 743b 0000 | 413b cb0f | 844b 0100 | 0085 c90f | 8435 1700 | 0049 8b9f | b801 0000 
  0x00007dfa046a8fec: 4c8b d349 | 83c2 184d | 3b97 c801 | 0000 0f83 | 4428 0000 | 4d89 97b8 | 0100 0041 | 0f0d 8ac0 
  0x00007dfa046a900c: 0000 0048 | c703 0100 

  0x00007dfa046a9014: ;   {metadata('java/lang/String')}
  0x00007dfa046a9014: 0000 c743 | 0870 ea00 | 0044 8963 | 0c4c 8963 | 104d 8d50 | 1041 3bc9 | 0f84 2509 | 0000 81f9 
  0x00007dfa046a9034: 0000 1000 | 0f87 9637 | 0000 4c63 | d944 3bc9 | 418b e90f | 4fe9 443b | cd0f 82f5 | 3700 003b 
  0x00007dfa046a9054: cd0f 82ed | 3700 0049 | 83c3 1749 | 8bd3 4883 | e2f8 81f9 | 0000 1000 | 0f87 4528 | 0000 4d8b 
  0x00007dfa046a9074: afb8 0100 | 004d 8bc5 | 4c03 c24d | 3b87 c801 | 0000 0f83 | 2b28 0000 | 4d89 87b8 | 0100 0041 
  0x00007dfa046a9094: 0f0d 88c0 | 0000 0049 | c745 0001 | 0000 0041 | 0f0d 8800 

  0x00007dfa046a90a8: ;   {metadata({type array byte})}
  0x00007dfa046a90a8: 0100 0041 | c745 0818 | 2300 0041 | 894d 0c41 | 0f0d 8840 | 0100 0041 | 0f0d 8880 | 0100 004d 
  0x00007dfa046a90c8: 8bc5 4983 | c010 49c1 | eb03 85ed | 0f84 0237 | 0000 3be9 | 0f8c 4716 | 0000 4883 | c2f0 48c1 
  0x00007dfa046a90e8: ea03 498b | fa49 8bf0 | c5f8 7749 | ba00 e3d6 | 03fa 7d00 | 0041 ffd2 

  0x00007dfa046a9100: ;   {other}
  0x00007dfa046a9100: 0f1f 8400 | 0000 0000 | 4488 6310 | 4d8b d544 | 8953 144c | 8bd3 49c1 | ea09 49bb | 0040 5118 
  0x00007dfa046a9120: fa7d 0000 | 4788 2413 | 488b f390 

  0x00007dfa046a912c: ;   {optimized virtual_call}
  0x00007dfa046a912c: c5f8 77e8 

  0x00007dfa046a9130: ; ImmutableOopMap {[8]=Oop [16]=Oop [48]=Oop }
                      ;*invokevirtual intern {reexecute=0 rethrow=0 return_oop=1}
                      ; - java.lang.Class::getPackageName@65 (line 1169)
                      ; - java.lang.ClassLoader::postDefineClass@2 (line 934)
                      ; - java.lang.ClassLoader::defineClass@37 (line 1028)
  0x00007dfa046a9130: 0c5d c4ff 

  0x00007dfa046a9134: ;   {other}
  0x00007dfa046a9134: 0f1f 8400 | a41c 000b | 4c8b d84c | 8b54 2408 | 4589 5a3c | 49c1 ea09 | 49bb 0040 | 5118 fa7d 
  0x00007dfa046a9154: 0000 4788 | 2413 eb03 | 498b c34c | 8b54 2410 | 458b 5a38 | 4585 db0f | 841f 2d00 | 004c 8bc8 
  0x00007dfa046a9174: ; implicit exception: dispatches to 0x00007dfa046ad800
  0x00007dfa046a9174: 8b40 0c4c | 8b54 2408 | 458b 4230 | 85c0 0f84 | 4d05 0000 | 418b 4b28 | 85c9 0f84 | 2501 0000 
  0x00007dfa046a9194: 8b69 0c85 | ed0f 8621 | 3100 008b | d0c1 ea10 | 33d0 ffcd | 81e2 ffff | ff7f 23ea | 4c63 d546 
  0x00007dfa046a91b4: 8b6c 9110 | 4585 ed0f | 84f8 0000 | 0045 8b55 | 0c44 3bd2 | 0f84 cf02 | 0000 4d8b | dd45 85d2 
  0x00007dfa046a91d4: 0f8c 0816 | 0000 458b | 5b18 4585 | db0f 84d2 | 0000 0049 | 8bdb 448b | 5b0c 498b | bf50 0400 
  0x00007dfa046a91f4: ; ImmutableOopMap {r8=NarrowOop r9=Oop rbx=Oop [8]=Oop [16]=Oop [48]=Oop }
                      ;*if_icmpne {reexecute=1 rethrow=0 return_oop=0}
                      ; - (reexecute) java.util.concurrent.ConcurrentHashMap::get@127 (line 946)
                      ; - java.lang.ClassLoader::getNamedPackage@5 (line 341)
                      ; - java.lang.ClassLoader::postDefineClass@9 (line 934)
                      ; - java.lang.ClassLoader::defineClass@37 (line 1028)
                      ;   {poll}
  0x00007dfa046a91f4: 0085 0744 | 3bda 7412 | 448b 5318 | 4585 d20f | 84b0 0000 | 0049 8bda | ebdc 8b6b | 104c 8bd5 
  0x00007dfa046a9214: 4d3b d10f | 8491 0000 | 0085 ed0f | 8403 3f00 | 0048 895c | 2448 8954 | 2440 4489 | 4424 1c4c 
  0x00007dfa046a9234: 894c 2438 | 4c8b 5424 | 084c 8954 | 2428 4c8b | 5424 304c | 8954 2420 | 4c8b 5424 | 104c 8954 
  0x00007dfa046a9254: 2408 488b | d549 8bf1 | 488b 6c24 | 2866 6690 

  0x00007dfa046a9264: ;   {optimized virtual_call}
  0x00007dfa046a9264: c5f8 77e8 

  0x00007dfa046a9268: ; ImmutableOopMap {rbp=Oop [8]=Oop [28]=NarrowOop [32]=Oop [56]=Oop [72]=Oop }
                      ;*invokevirtual equals {reexecute=0 rethrow=0 return_oop=0}
                      ; - java.util.concurrent.ConcurrentHashMap::get@149 (line 947)
                      ; - java.lang.ClassLoader::getNamedPackage@5 (line 341)
                      ; - java.lang.ClassLoader::postDefineClass@9 (line 934)
                      ; - java.lang.ClassLoader::defineClass@37 (line 1028)
  0x00007dfa046a9268: d43e c3ff 

  0x00007dfa046a926c: ;   {other}
  0x00007dfa046a926c: 0f1f 8400 | dc1d 000d | 4d8b 9750 

  0x00007dfa046a9278: ; ImmutableOopMap {rbp=Oop [8]=Oop [28]=NarrowOop [32]=Oop [56]=Oop [72]=Oop }
                      ;*ifeq {reexecute=1 rethrow=0 return_oop=0}
                      ; - (reexecute) java.util.concurrent.ConcurrentHashMap::get@152 (line 947)
                      ; - java.lang.ClassLoader::getNamedPackage@5 (line 341)
                      ; - java.lang.ClassLoader::postDefineClass@9 (line 934)
                      ; - java.lang.ClassLoader::defineClass@37 (line 1028)
                      ;   {poll}
  0x00007dfa046a9278: 0400 0041 | 8502 85c0 | 0f84 c91c | 0000 4c8b | 5424 084c | 8954 2410 | 4c8b 5424 | 204c 8954 
  0x00007dfa046a9298: 2430 4889 | 6c24 084c | 8b4c 2438 | 448b 4424 | 1c48 8b5c | 2448 8b6b | 1485 ed0f | 8515 0300 
  0x00007dfa046a92b8: 0049 8b87 | b801 0000 | 4c8b d049 | 83c2 184d | 3b97 c801 | 0000 0f83 | 9426 0000 | 4d89 97b8 
  0x00007dfa046a92d8: 0100 0041 | 0f0d 8ac0 | 0000 0048 | c700 0100 

  0x00007dfa046a92e8: ;   {metadata('java/lang/NamedPackage')}
  0x00007dfa046a92e8: 0000 c740 | 08e0 c201 | 0044 8960 | 0c4c 8960 | 104c 894c | 2418 4489 | 4424 2048 | 8944 2428 
  0x00007dfa046a9308: 488b 7424 | 1866 6690 

  0x00007dfa046a9310: ;   {optimized virtual_call}
  0x00007dfa046a9310: c5f8 77e8 

  0x00007dfa046a9314: ; ImmutableOopMap {[8]=Oop [16]=Oop [24]=Oop [32]=NarrowOop [40]=Oop [48]=Oop }
                      ;*invokevirtual isEmpty {reexecute=0 rethrow=0 return_oop=0}
                      ; - java.lang.NamedPackage::<init>@5 (line 48)
                      ; - java.lang.ClassLoader::getNamedPackage@22 (line 343)
                      ; - java.lang.ClassLoader::postDefineClass@9 (line 934)
                      ; - java.lang.ClassLoader::defineClass@37 (line 1028)
  0x00007dfa046a9314: 083b c9ff 

  0x00007dfa046a9318: ;   {other}
  0x00007dfa046a9318: 0f1f 8400 | 881e 000f | 85c0 0f84 | 700c 0000 | 448b 5c24 | 2045 85db | 0f84 ef36 | 0000 4d8b 
  0x00007dfa046a9338: d34c 8954 | 2438 498b | f266 6690 

  0x00007dfa046a9344: ;   {optimized virtual_call}
  0x00007dfa046a9344: c5f8 77e8 

  0x00007dfa046a9348: ; ImmutableOopMap {[8]=Oop [16]=Oop [24]=Oop [32]=NarrowOop [40]=Oop [48]=Oop [56]=Oop }
                      ;*invokevirtual isNamed {reexecute=0 rethrow=0 return_oop=0}
                      ; - java.lang.NamedPackage::<init>@12 (line 48)
                      ; - java.lang.ClassLoader::getNamedPackage@22 (line 343)
                      ; - java.lang.ClassLoader::postDefineClass@9 (line 934)
                      ; - java.lang.ClassLoader::defineClass@37 (line 1028)
  0x00007dfa046a9348: 34bd 6dff 

  0x00007dfa046a934c: ;   {other}
  0x00007dfa046a934c: 0f1f 8400 | bc1e 0010 | 85c0 0f84 | 3c0c 0000 | 498b 87b8 | 0100 004c | 8bd0 4983 | c228 4d3b 
  0x00007dfa046a936c: 97c8 0100 | 000f 831a | 2600 004d | 8997 b801 | 0000 410f | 0d8a c000 | 0000 48c7 | 0001 0000 
  0x00007dfa046a938c: ;   {metadata('java/lang/InternalError')}
  0x00007dfa046a938c: 00c7 4008 | 3009 0100 | 4489 600c | 4c89 6010 | 4c89 6018 | 4c89 6020 | 4889 4424 | 5049 8b87 
  0x00007dfa046a93ac: b801 0000 | 4c8b d049 | 83c2 184d | 3b97 c801 | 0000 0f83 | ed25 0000 | 4d89 97b8 | 0100 0041 
  0x00007dfa046a93cc: 0f0d 8ac0 | 0000 0048 | c700 0100 

  0x00007dfa046a93d8: ;   {metadata('java/lang/StringBuilder')}
  0x00007dfa046a93d8: 0000 c740 | 0838 8200 | 0044 8960 | 0c4c 8960 | 1048 8be8 | 488b f590 

  0x00007dfa046a93f0: ;   {optimized virtual_call}
  0x00007dfa046a93f0: c5f8 77e8 

  0x00007dfa046a93f4: ; ImmutableOopMap {rbp=Oop [8]=Oop [16]=Oop [24]=Oop [32]=NarrowOop [40]=Oop [48]=Oop [56]=Oop [80]=Oop }
                      ;*invokespecial <init> {reexecute=0 rethrow=0 return_oop=0}
                      ; - java.lang.NamedPackage::<init>@26 (line 49)
                      ; - java.lang.ClassLoader::getNamedPackage@22 (line 343)
                      ; - java.lang.ClassLoader::postDefineClass@9 (line 934)
                      ; - java.lang.ClassLoader::defineClass@37 (line 1028)
  0x00007dfa046a93f4: 88bc 6dff 

  0x00007dfa046a93f8: ;   {other}
  0x00007dfa046a93f8: 0f1f 8400 | 681f 0011 

  0x00007dfa046a9400: ;   {oop("unnamed package in  "{0x000000008006cac0})}
  0x00007dfa046a9400: 48ba c0ca | 0680 0000 | 0000 488b | f54c 8b54 | 2450 4c89 | 5424 4890 

  0x00007dfa046a9418: ;   {optimized virtual_call}
  0x00007dfa046a9418: c5f8 77e8 

  0x00007dfa046a941c: ; ImmutableOopMap {[8]=Oop [16]=Oop [24]=Oop [32]=NarrowOop [40]=Oop [48]=Oop [56]=Oop [72]=Oop [80]=Oop }
                      ;*invokevirtual append {reexecute=0 rethrow=0 return_oop=1}
                      ; - java.lang.NamedPackage::<init>@31 (line 49)
                      ; - java.lang.ClassLoader::getNamedPackage@22 (line 343)
                      ; - java.lang.ClassLoader::postDefineClass@9 (line 934)
                      ; - java.lang.ClassLoader::defineClass@37 (line 1028)
  0x00007dfa046a941c: 60bc 6dff 

  0x00007dfa046a9420: ;   {other}
  0x00007dfa046a9420: 0f1f 8400 | 901f 0012 | 4885 c00f | 8443 3600 | 0048 8bf0 | 488b 5424 | 384c 8b54 | 2448 4c89 
  0x00007dfa046a9440: 5424 3890 

  0x00007dfa046a9444: ;   {optimized virtual_call}
  0x00007dfa046a9444: c5f8 77e8 

  0x00007dfa046a9448: ; ImmutableOopMap {[8]=Oop [16]=Oop [24]=Oop [32]=NarrowOop [40]=Oop [48]=Oop [56]=Oop [72]=Oop }
                      ;*invokevirtual append {reexecute=0 rethrow=0 return_oop=1}
                      ; - java.lang.NamedPackage::<init>@35 (line 49)
                      ; - java.lang.ClassLoader::getNamedPackage@22 (line 343)
                      ; - java.lang.ClassLoader::postDefineClass@9 (line 934)
                      ; - java.lang.ClassLoader::defineClass@37 (line 1028)
  0x00007dfa046a9448: 34bc 6dff 

  0x00007dfa046a944c: ;   {other}
  0x00007dfa046a944c: 0f1f 8400 | bc1f 0013 | 4885 c00f | 842f 3600 | 0048 8bf0 

  0x00007dfa046a9460: ;   {optimized virtual_call}
  0x00007dfa046a9460: c5f8 77e8 

  0x00007dfa046a9464: ; ImmutableOopMap {[8]=Oop [16]=Oop [24]=Oop [32]=NarrowOop [40]=Oop [48]=Oop [56]=Oop }
                      ;*invokevirtual toString {reexecute=0 rethrow=0 return_oop=1}
                      ; - java.lang.NamedPackage::<init>@38 (line 49)
                      ; - java.lang.ClassLoader::getNamedPackage@22 (line 343)
                      ; - java.lang.ClassLoader::postDefineClass@9 (line 934)
                      ; - java.lang.ClassLoader::defineClass@37 (line 1028)
  0x00007dfa046a9464: 18bc 6dff 

  0x00007dfa046a9468: ;   {other}
  0x00007dfa046a9468: 0f1f 8400 | d81f 0014 | 488b 7424 | 3848 8bd0 

  0x00007dfa046a9478: ;   {optimized virtual_call}
  0x00007dfa046a9478: c5f8 77e8 

  0x00007dfa046a947c: ; ImmutableOopMap {[8]=Oop [16]=Oop [24]=Oop [32]=NarrowOop [40]=Oop [48]=Oop [56]=Oop }
                      ;*invokespecial <init> {reexecute=0 rethrow=0 return_oop=0}
                      ; - java.lang.NamedPackage::<init>@41 (line 49)
                      ; - java.lang.ClassLoader::getNamedPackage@22 (line 343)
                      ; - java.lang.ClassLoader::postDefineClass@9 (line 934)
                      ; - java.lang.ClassLoader::defineClass@37 (line 1028)
  0x00007dfa046a947c: 00bc 6dff 

  0x00007dfa046a9480: ;   {other}
  0x00007dfa046a9480: 0f1f 8400 | f01f 0015 | 488b 7424 | 38c5 f877 | 4881 c4b0 | 0000 005d 

  0x00007dfa046a9498: ;   {runtime_call _rethrow_Java}
  0x00007dfa046a9498: e963 9a79 | ff41 8b6d | 104c 8bd5 | 4d3b d10f | 8415 0100 | 0044 8b55 | 084c 8bdd | 4d3b cb0f 
  0x00007dfa046a94b8: 8405 0100 

  0x00007dfa046a94bc: ;   {metadata('java/lang/String')}
  0x00007dfa046a94bc: 0041 81fa | 70ea 0000 | 0f85 ce42 | 0000 450f | be51 1041 | 0fbe 6b10 | 443b d50f | 852b 3b00 
  0x00007dfa046a94dc: 0041 8b5b | 1445 8b59 | 1444 8b53 | 0c41 8b4b | 0c41 3bca | 0f85 4a35 | 0000 4c8b | d348 8d73 
  0x00007dfa046a94fc: 104d 8bd3 | 498d 7b10 | 85c9 0f84 | 9d00 0000 | 8bc1 83e0 | 1f83 e1e0 | 0f84 4b00 | 0000 488d 
  0x00007dfa046a951c: 3c0f 488d | 340e 48f7 | d9c5 fe6f | 0c0f c5fe | 6f04 0ec5 | f5ef c8c4 | e27d 17c9 | 0f85 7200 
  0x00007dfa046a953c: 0000 4883 | c120 75e1 | 85c0 0f84 | 5d00 0000 | c5fe 6f4c | 07e0 c5fe | 6f44 06e0 | c5f5 efc8 
  0x00007dfa046a955c: c4e2 7d17 | c975 4deb | 448b c883 | e1fc 7419 | 488d 3c0f | 488d 340e | 48f7 d98b | 1c0f 3b1c 
  0x00007dfa046a957c: 0e75 3148 | 83c1 0475 | f2a8 0274 | 120f b71f | 0fb7 0e3b | d975 1d48 | 8d7f 0248 | 8d76 02a8 
  0x00007dfa046a959c: 0174 0a0f | b61f 0fb6 | 0e3b d975 | 07b8 0100 | 0000 eb02 | 33c0 c5f5 | efc9 c5fd | efc0 85c0 
  0x00007dfa046a95bc: ;   {no_reloc}
  0x00007dfa046a95bc: 0f84 7a34 | 0000 418b | 6d14 85ed | 0f84 ebfc | ffff 448b | 5508 49bb | 0000 00ae | f97d 0000 
  0x00007dfa046a95dc: 4d03 da4d 

  0x00007dfa046a95e0: ;   {metadata('java/lang/NamedPackage')}
  0x00007dfa046a95e0: 8b53 3849 | bbe0 c201 | aef9 7d00 | 004d 3bd3 | 0f85 922c | 0000 4c8b | 5424 3045 | 8b52 1041 
  0x00007dfa046a9600: 8b4a 1485 | c90f 8570 | 0200 0045 | 8b4a 1045 | 85c9 0f85 | de1e 0000 | 488b 4424 | 08c5 f877 
  0x00007dfa046a9620: 4881 c4b0 | 0000 005d 

  0x00007dfa046a9628: ;   {poll_return}
  0x00007dfa046a9628: 493b a748 | 0400 000f | 87a5 4a00 | 00c3 4863 | d681 fe00 | 0010 000f | 87d7 2500 | 004c 8bd5 
  0x00007dfa046a9648: 498b afb8 | 0100 004c | 8d42 1749 | 83e0 f84c | 8bcd 4d03 | c84d 3b8f | c801 0000 | 0f83 af25 
  0x00007dfa046a9668: 0000 4d89 | 8fb8 0100 | 0041 0f0d | 89c0 0000 | 0048 c745 | 0001 0000 | 0041 0f0d | 8900 0100 
  0x00007dfa046a9688: ;   {metadata({type array byte})}
  0x00007dfa046a9688: 00c7 4508 | 1823 0000 | 8975 0c41 | 0f0d 8940 | 0100 0041 | 0f0d 8980 | 0100 0048 | 8bf5 4883 
  0x00007dfa046a96a8: c610 4883 | c207 48c1 | ea03 498b | fbc5 f877 | 49ba 00e3 | d603 fa7d | 0000 41ff 

  0x00007dfa046a96c4: ;   {other}
  0x00007dfa046a96c4: d20f 1f84 | 0000 0000 | 004c 8bf5 | e92f e9ff | ff45 0fb6 | 5111 4585 | d20f 8530 | 1000 0045 
  0x00007dfa046a96e4: 0fbe 5110 | 4585 d20f | 854f 3900 | 0044 8944 | 2424 4c89 | 4c24 1845 | 8b51 1449 | 8beb 4489 
  0x00007dfa046a9704: 5c24 2049 | 8bf2 6690 

  0x00007dfa046a970c: ;   {static_call}
  0x00007dfa046a970c: c5f8 77e8 

  0x00007dfa046a9710: ; ImmutableOopMap {rbp=Oop [8]=Oop [16]=Oop [24]=Oop [32]=NarrowOop [36]=NarrowOop [48]=Oop }
                      ;*invokestatic hashCode {reexecute=0 rethrow=0 return_oop=0}
                      ; - java.lang.String::hashCode@27 (line 2369)
                      ; - java.util.concurrent.ConcurrentHashMap::get@1 (line 936)
                      ; - java.lang.ClassLoader::getNamedPackage@5 (line 341)
                      ; - java.lang.ClassLoader::postDefineClass@9 (line 934)
                      ; - java.lang.ClassLoader::defineClass@37 (line 1028)
  0x00007dfa046a9710: 6cbf 6dff 

  0x00007dfa046a9714: ;   {other}
  0x00007dfa046a9714: 0f1f 8400 | 8422 0016 | 85c0 0f84 | a310 0000 | 4c8b 4c24 | 1841 8941 | 0c44 8b5c | 2420 448b 
  0x00007dfa046a9734: 4424 24e9 | 4cfa ffff | 4863 d781 | ff00 0010 | 000f 8775 | 2500 0049 | 8baf b801 | 0000 4c8d 
  0x00007dfa046a9754: 5217 4983 | e2f8 4c8b | dd4d 03da | 4d3b 9fc8 | 0100 000f | 8353 2500 | 004d 899f | b801 0000 
  0x00007dfa046a9774: 410f 0d8b | c000 0000 | 48c7 4500 | 0100 0000 | 410f 0d8b | 0001 0000 

  0x00007dfa046a978c: ;   {metadata({type array byte})}
  0x00007dfa046a978c: c745 0818 | 2300 0089 | 7d0c 410f | 0d8b 4001 | 0000 410f | 0d8b 8001 | 0000 488b | f548 83c6 
  0x00007dfa046a97ac: 1048 83c2 | 0748 c1ea | 0349 8bf8 | c5f8 7749 | ba00 e3d6 | 03fa 7d00 | 0041 ffd2 

  0x00007dfa046a97c8: ;   {other}
  0x00007dfa046a97c8: 0f1f 8400 | 0000 0000 | 4c8b ede9 | f6f6 ffff | 458b 530c | 458b 4b08 | 4963 d249 | 8beb 48c1 
  0x00007dfa046a97e8: e202 4181 | fa00 0004 | 000f 8745 | 2500 004d | 8bb7 b801 | 0000 4c8d | 4217 4983 | e0f8 498b 
  0x00007dfa046a9808: ce49 03c8 | 493b 8fc8 | 0100 000f | 8323 2500 | 0049 898f | b801 0000 | 0f0d 89c0 | 0000 0049 
  0x00007dfa046a9828: c706 0100 | 0000 4589 | 4e08 4589 | 560c 0f0d | 8900 0100 | 000f 0d89 | 4001 0000 | 0f0d 8980 
  0x00007dfa046a9848: 0100 0049 | 8d7b 1049 | 8bf6 4883 | c610 4883 | c207 48c1 | ea03 c5f8 | 7749 ba00 | e3d6 03fa 
  0x00007dfa046a9868: 7d00 0041 

  0x00007dfa046a986c: ;   {other}
  0x00007dfa046a986c: ffd2 0f1f | 8400 0000 | 0000 e9d2 | e7ff ff44 | 8b49 0c44 | 8b41 0848 | 8be9 4963 | d148 c1e2 
  0x00007dfa046a988c: 0241 81f9 | 0000 0400 | 0f87 1e25 | 0000 498b | 9fb8 0100 | 004c 8d52 | 1749 83e2 | f84c 8bdb 
  0x00007dfa046a98ac: 4d03 da4d | 3b9f c801 | 0000 0f83 | fc24 0000 | 4d89 9fb8 | 0100 0041 | 0f0d 8bc0 | 0000 0048 
  0x00007dfa046a98cc: c703 0100 | 0000 4489 | 4308 4489 | 4b0c 410f | 0d8b 0001 | 0000 410f | 0d8b 4001 | 0000 410f 
  0x00007dfa046a98ec: 0d8b 8001 | 0000 488d | 7910 488b | f348 83c6 | 1048 83c2 | 0748 c1ea | 03c5 f877 | 49ba 00e3 
  0x00007dfa046a990c: d603 fa7d | 0000 41ff 

  0x00007dfa046a9914: ;   {other}
  0x00007dfa046a9914: d20f 1f84 | 0000 0000 | 0048 8b74 | 2408 488b | d366 6690 

  0x00007dfa046a9928: ;   {optimized virtual_call}
  0x00007dfa046a9928: c5f8 77e8 

  0x00007dfa046a992c: ; ImmutableOopMap {[8]=Oop }
                      ;*invokevirtual setSigners {reexecute=0 rethrow=0 return_oop=0}
                      ; - java.lang.ClassLoader::setSigners@2 (line 1318)
                      ; - java.lang.ClassLoader::postDefineClass@35 (line 939)
                      ; - java.lang.ClassLoader::defineClass@37 (line 1028)
  0x00007dfa046a992c: 9002 c9ff 

  0x00007dfa046a9930: ;   {other}
  0x00007dfa046a9930: 0f1f 8400 | a024 0017 | e9db fcff | ff4c 8b54 | 2410 458b | 5234 4c89 | 5424 30e9 | dce4 ffff 
  0x00007dfa046a9950: 33db e993 | f5ff ff49 | 63d1 4181 | f900 0010 | 000f 87ac | 2400 0049 | 8baf b801 | 0000 4c8d 
  0x00007dfa046a9970: 5a17 4983 | e3f8 488b | cd49 03cb | 493b 8fc8 | 0100 000f | 838a 2400 | 0049 898f | b801 0000 
  0x00007dfa046a9990: 0f0d 89c0 | 0000 0048 | c745 0001 | 0000 000f | 0d89 0001 

  0x00007dfa046a99a4: ;   {metadata({type array byte})}
  0x00007dfa046a99a4: 0000 c745 | 0818 2300 | 0044 894d | 0c0f 0d89 | 4001 0000 | 0f0d 8980 | 0100 0048 | 8bf5 4883 
  0x00007dfa046a99c4: c610 4883 | c207 48c1 | ea03 498b | fac5 f877 | 49ba 00e3 | d603 fa7d | 0000 41ff 

  0x00007dfa046a99e0: ;   {other}
  0x00007dfa046a99e0: d20f 1f84 | 0000 0000 | 004c 8bed | e917 f7ff | ff49 8bf2 | 6690 c5f8 | 7748 b8ff | ffff ffff 
  0x00007dfa046a9a00: ;   {virtual_call}
  0x00007dfa046a9a00: ffff ffe8 

  0x00007dfa046a9a04: ; ImmutableOopMap {[16]=Oop [24]=Oop [40]=Oop [48]=Oop }
                      ;*invokevirtual toExternalForm {reexecute=0 rethrow=0 return_oop=1}
                      ; - java.net.URL::toExternalForm@5 (line 1203)
                      ; - java.net.URL::toString@1 (line 1189)
                      ; - java.lang.ClassLoader::defineClassSourceLocation@22 (line 927)
                      ; - java.lang.ClassLoader::defineClass@12 (line 1026)
  0x00007dfa046a9a04: 78b9 6dff 

  0x00007dfa046a9a08: ;   {other}
  0x00007dfa046a9a08: 0f1f 8400 | 7825 0018 | 488b d8e9 | d2f4 ffff | ffc2 413b | d27c 3533 | d2e9 ac02 | 0000 453b 
  0x00007dfa046a9a28: d10f 8581 | 3700 0045 | 8d5a ff45 | 3bda 0f83 | 7c36 0000 | 4585 c90f | 8673 3600 | 0045 8d59 
  0x00007dfa046a9a48: ff45 3bd9 | 0f83 9e36 | 0000 33d2 | 458b 5c96 | 1045 8b43 | 0841 8b6d | 1044 3bdd | 74b2 8b4d 
  0x00007dfa046a9a68: ;   {metadata('sun/security/x509/X509CertImpl')}
  0x00007dfa046a9a68: 0841 81f8 | 1008 ed00 | 0f85 7e3b | 0000 488b | dd4d 8bc3 | 418b 7820 | c5f9 6ec7 

  0x00007dfa046a9a84: ;   {metadata('sun/security/x509/X509CertImpl')}
  0x00007dfa046a9a84: 81f9 1008 | ed00 0f85 | d43b 0000 | 448b 4320 | 488b ef49 | 8bf0 488b | fd48 3bfe | 0f84 cb00 
  0x00007dfa046a9aa4: 0000 4885 | ff0f 84c9 | 0000 0048 | 85f6 0f84 | c000 0000 | 8b4f 0c3b | 4e0c 0f85 | b400 0000 
  0x00007dfa046a9ac4: 85c9 0f84 | a500 0000 | 488d 7f10 | 488d 7610 | 8bc1 83e0 | 1f83 e1e0 | 0f84 4b00 | 0000 488d 
  0x00007dfa046a9ae4: 3c0f 488d | 340e 48f7 | d9c5 fe6f | 140f c5fe | 6f0c 0ec5 | edef d1c4 | e27d 17d2 | 0f85 7200 
  0x00007dfa046a9b04: 0000 4883 | c120 75e1 | 85c0 0f84 | 5d00 0000 | c5fe 6f54 | 07e0 c5fe | 6f4c 06e0 | c5ed efd1 
  0x00007dfa046a9b24: c4e2 7d17 | d275 4deb | 448b c883 | e1fc 7419 | 488d 3c0f | 488d 340e | 48f7 d98b | 1c0f 3b1c 
  0x00007dfa046a9b44: 0e75 3148 | 83c1 0475 | f2a8 0274 | 120f b71f | 0fb7 0e3b | d975 1d48 | 8d7f 0248 | 8d76 02a8 
  0x00007dfa046a9b64: 0174 0a0f | b61f 0fb6 | 0e3b d975 | 07b8 0100 | 0000 eb02 | 33c0 c5ed | efd2 c5f5 

  0x00007dfa046a9b80: ;   {no_reloc}
  0x00007dfa046a9b80: efc9 85c0 | 0f85 8efe | ffff b901 | 0000 0041 | 3bc9 0f8d | c435 0000 | 41b8 0100 | 0000 6690 
  0x00007dfa046a9ba0: 438b 7c85 | 1044 3bdf | 0f84 6afe | ffff 8b4f | 0848 8bdf 

  0x00007dfa046a9bb4: ;   {metadata('sun/security/x509/X509CertImpl')}
  0x00007dfa046a9bb4: 81f9 1008 | ed00 0f85 | a73a 0000 | 8b4b 2048 | 8bf1 488b | fd48 3bfe | 0f84 cb00 | 0000 4885 
  0x00007dfa046a9bd4: ff0f 84c9 | 0000 0048 | 85f6 0f84 | c000 0000 | 8b4f 0c3b | 4e0c 0f85 | b400 0000 | 85c9 0f84 
  0x00007dfa046a9bf4: a500 0000 | 488d 7f10 | 488d 7610 | 8bc1 83e0 | 1f83 e1e0 | 0f84 4b00 | 0000 488d | 3c0f 488d 
  0x00007dfa046a9c14: 340e 48f7 | d9c5 fe6f | 140f c5fe | 6f0c 0ec5 | edef d1c4 | e27d 17d2 | 0f85 7200 | 0000 4883 
  0x00007dfa046a9c34: c120 75e1 | 85c0 0f84 | 5d00 0000 | c5fe 6f54 | 07e0 c5fe | 6f4c 06e0 | c5ed efd1 | c4e2 7d17 
  0x00007dfa046a9c54: d275 4deb | 448b c883 | e1fc 7419 | 488d 3c0f | 488d 340e | 48f7 d98b | 1c0f 3b1c | 0e75 3148 
  0x00007dfa046a9c74: 83c1 0475 | f2a8 0274 | 120f b71f | 0fb7 0e3b | d975 1d48 | 8d7f 0248 | 8d76 02a8 | 0174 0a0f 
  0x00007dfa046a9c94: b61f 0fb6 | 0e3b d975 | 07b8 0100 | 0000 eb02 | 33c0 c5ed | efd2 c5f5 | efc9 85c0 

  0x00007dfa046a9cb0: ;   {no_reloc}
  0x00007dfa046a9cb0: 0f85 62fd | ffff 41ff | c045 3bc1 | 0f8c defe | ffff e99b | 3400 00ff | c241 3bd1 | 0f8d eee3 
  0x00007dfa046a9cd0: ffff 458b | 5c95 1045 | 8b43 0841 | 8b6e 1044 | 3bdd 74e3 

  0x00007dfa046a9ce4: ; implicit exception: dispatches to 0x00007dfa046adcf0
                      ;   {metadata('sun/security/x509/X509CertImpl')}
  0x00007dfa046a9ce4: 8b5d 0841 | 81f8 1008 | ed00 0f85 | 3839 0000 | 488b cd4d | 8bc3 458b | 4020 c4c1 

  0x00007dfa046a9d00: ;   {metadata('sun/security/x509/X509CertImpl')}
  0x00007dfa046a9d00: 796e c081 | fb10 08ed | 000f 85b5 | 3900 0044 | 8b41 20c5 | f97e c348 | 8beb 498b | f048 8bfd 
  0x00007dfa046a9d20: 483b fe0f | 84cb 0000 | 0048 85ff | 0f84 c900 | 0000 4885 | f60f 84c0 | 0000 008b | 4f0c 3b4e 
  0x00007dfa046a9d40: 0c0f 85b4 | 0000 0085 | c90f 84a5 | 0000 0048 | 8d7f 1048 | 8d76 108b | c183 e01f | 83e1 e00f 
  0x00007dfa046a9d60: 844b 0000 | 0048 8d3c | 0f48 8d34 | 0e48 f7d9 | c5fe 6f14 | 0fc5 fe6f | 0c0e c5ed | efd1 c4e2 
  0x00007dfa046a9d80: 7d17 d20f | 8572 0000 | 0048 83c1 | 2075 e185 | c00f 845d | 0000 00c5 | fe6f 5407 | e0c5 fe6f 
  0x00007dfa046a9da0: 4c06 e0c5 | edef d1c4 | e27d 17d2 | 754d eb44 | 8bc8 83e1 | fc74 1948 | 8d3c 0f48 | 8d34 0e48 
  0x00007dfa046a9dc0: f7d9 8b1c | 0f3b 1c0e | 7531 4883 | c104 75f2 | a802 7412 | 0fb7 1f0f | b70e 3bd9 | 751d 488d 
  0x00007dfa046a9de0: 7f02 488d | 7602 a801 | 740a 0fb6 | 1f0f b60e | 3bd9 7507 | b801 0000 | 00eb 0233 | c0c5 edef 
  0x00007dfa046a9e00: ;   {no_reloc}
  0x00007dfa046a9e00: d2c5 f5ef | c985 c00f | 85ba feff | ff41 b801 | 0000 0045 | 3bc2 0f8d | 2601 0000 | 0f1f 4000 
  0x00007dfa046a9e20: 438b 7c86 | 1044 3bdf | 0f84 99fe | ffff 8b5f | 0848 8bcf 

  0x00007dfa046a9e34: ;   {metadata('sun/security/x509/X509CertImpl')}
  0x00007dfa046a9e34: 81fb 1008 | ed00 0f85 | 8738 0000 | 8b49 2048 | 8bf1 488b | fd48 3bfe | 0f84 cb00 | 0000 4885 
  0x00007dfa046a9e54: ff0f 84c9 | 0000 0048 | 85f6 0f84 | c000 0000 | 8b4f 0c3b | 4e0c 0f85 | b400 0000 | 85c9 0f84 
  0x00007dfa046a9e74: a500 0000 | 488d 7f10 | 488d 7610 | 8bc1 83e0 | 1f83 e1e0 | 0f84 4b00 | 0000 488d | 3c0f 488d 
  0x00007dfa046a9e94: 340e 48f7 | d9c5 fe6f | 140f c5fe | 6f0c 0ec5 | edef d1c4 | e27d 17d2 | 0f85 7200 | 0000 4883 
  0x00007dfa046a9eb4: c120 75e1 | 85c0 0f84 | 5d00 0000 | c5fe 6f54 | 07e0 c5fe | 6f4c 06e0 | c5ed efd1 | c4e2 7d17 
  0x00007dfa046a9ed4: d275 4deb | 448b c883 | e1fc 7419 | 488d 3c0f | 488d 340e | 48f7 d98b | 1c0f 3b1c | 0e75 3148 
  0x00007dfa046a9ef4: 83c1 0475 | f2a8 0274 | 120f b71f | 0fb7 0e3b | d975 1d48 | 8d7f 0248 | 8d76 02a8 | 0174 0a0f 
  0x00007dfa046a9f14: b61f 0fb6 | 0e3b d975 | 07b8 0100 | 0000 eb02 | 33c0 c5ed | efd2 c5f5 | efc9 85c0 

  0x00007dfa046a9f30: ;   {no_reloc}
  0x00007dfa046a9f30: 0f85 91fd | ffff 41ff | c045 3bc2 | 0f8c defe | ffff be45 | ffff ff48 | 8b6c 2410 | 48ff 7424 
  0x00007dfa046a9f50: 2848 8f44 | 2410 4c8b | 5c24 304c | 895c 2428 | 4c89 7424 | 304c 896c | 2438 4489 | 4c24 4089 
  0x00007dfa046a9f70: 5424 4444 | 8944 2448 | 4489 5424 | 4c66 6690 

  0x00007dfa046a9f80: ;   {runtime_call UncommonTrapBlob}
  0x00007dfa046a9f80: c5f8 77e8 

  0x00007dfa046a9f84: ; ImmutableOopMap {rbp=Oop [8]=Oop [16]=Oop [24]=Oop [40]=Oop [48]=Oop [56]=Oop }
                      ;*if_icmpge {reexecute=1 rethrow=0 return_oop=0}
                      ; - (reexecute) java.lang.ClassLoader::compareCerts@152 (line 1209)
                      ; - java.lang.ClassLoader::checkCerts@80 (line 1172)
                      ; - java.lang.ClassLoader::preDefineClass@113 (line 917)
                      ; - java.lang.ClassLoader::defineClass@4 (line 1025)
  0x00007dfa046a9f84: 7803 6eff 

  0x00007dfa046a9f88: ;   {other}
  0x00007dfa046a9f88: 0f1f 8400 | f82a 0019 | 498b dde9 | 8ce0 ffff | 488b 7424 | 1866 6690 

  0x00007dfa046a9fa0: ;   {optimized virtual_call}
  0x00007dfa046a9fa0: c5f8 77e8 

  0x00007dfa046a9fa4: ; ImmutableOopMap {[8]=Oop [16]=Oop [24]=Oop [32]=NarrowOop [40]=Oop [48]=Oop }
                      ;*invokevirtual intern {reexecute=0 rethrow=0 return_oop=1}
                      ; - java.lang.NamedPackage::<init>@47 (line 51)
                      ; - java.lang.ClassLoader::getNamedPackage@22 (line 343)
                      ; - java.lang.ClassLoader::postDefineClass@9 (line 934)
                      ; - java.lang.ClassLoader::defineClass@37 (line 1028)
  0x00007dfa046a9fa4: 984e c4ff 

  0x00007dfa046a9fa8: ;   {other}
  0x00007dfa046a9fa8: 0f1f 8400 | 182b 001a | 4c8b 4424 | 2844 8b4c | 2420 4589 | 4810 4c8b | d845 8958 | 0c4d 8bd0 
  0x00007dfa046a9fc8: 49c1 ea09 | 49bb 0040 | 5118 fa7d | 0000 4788 | 2413 4c8b | 5c24 1045 | 8b53 3845 | 85d2 0f84 
  0x00007dfa046a9fe8: 9c30 0000 | 498b f248 | 8b54 2418 | 498b c890 

  0x00007dfa046a9ff8: ;   {optimized virtual_call}
  0x00007dfa046a9ff8: c5f8 77e8 

  0x00007dfa046a9ffc: ; ImmutableOopMap {[8]=Oop [16]=Oop [32]=NarrowOop [40]=Oop [48]=Oop }
                      ;*invokevirtual putIfAbsent {reexecute=0 rethrow=0 return_oop=1}
                      ; - java.lang.ClassLoader::getNamedPackage@32 (line 345)
                      ; - java.lang.ClassLoader::postDefineClass@9 (line 934)
                      ; - java.lang.ClassLoader::defineClass@37 (line 1028)
  0x00007dfa046a9ffc: 40cc d5ff 

  0x00007dfa046aa000: ;   {other}
  0x00007dfa046aa000: 0f1f 8400 | 702b 001b | 4885 c00f | 84e5 f5ff | ff44 8b50 | 0849 bb00 | 0000 aef9 | 7d00 004d 
  0x00007dfa046aa020: 03da 4d8b 

  0x00007dfa046aa024: ;   {metadata('java/lang/NamedPackage')}
  0x00007dfa046aa024: 5338 49bb | e0c2 01ae | f97d 0000 | 4d3b d30f | 8567 3000 | 0048 8be8 | be54 ffff | ff66 6690 
  0x00007dfa046aa044: ;   {runtime_call UncommonTrapBlob}
  0x00007dfa046aa044: c5f8 77e8 

  0x00007dfa046aa048: ; ImmutableOopMap {rbp=Oop [8]=Oop [16]=Oop [32]=NarrowOop [40]=Oop [48]=Oop }
                      ;*ifnull {reexecute=1 rethrow=0 return_oop=0}
                      ; - (reexecute) java.lang.ClassLoader::getNamedPackage@42 (line 346)
                      ; - java.lang.ClassLoader::postDefineClass@9 (line 934)
                      ; - java.lang.ClassLoader::defineClass@37 (line 1028)
  0x00007dfa046aa048: b402 6eff 

  0x00007dfa046aa04c: ;   {other}
  0x00007dfa046aa04c: 0f1f 8400 | bc2b 001c | 488b f048 | 8be8 6690 

  0x00007dfa046aa05c: ;   {optimized virtual_call}
  0x00007dfa046aa05c: c5f8 77e8 

  0x00007dfa046aa060: ; ImmutableOopMap {rbp=Oop [8]=Oop [16]=Oop [48]=Oop }
                      ;*invokevirtual initClassName {reexecute=0 rethrow=0 return_oop=1}
                      ; - java.lang.Class::getName@14 (line 948)
                      ; - java.lang.Class::getPackageName@40 (line 1167)
                      ; - java.lang.ClassLoader::postDefineClass@2 (line 934)
                      ; - java.lang.ClassLoader::defineClass@37 (line 1028)
  0x00007dfa046aa060: 5c7f c4ff 

  0x00007dfa046aa064: ;   {other}
  0x00007dfa046aa064: 0f1f 8400 | d42b 001d | 488b d848 | 85c0 0f85 | d7ee ffff | bef6 ffff | ff66 6690 

  0x00007dfa046aa080: ;   {runtime_call UncommonTrapBlob}
  0x00007dfa046aa080: c5f8 77e8 

  0x00007dfa046aa084: ; ImmutableOopMap {}
                      ;*invokevirtual lastIndexOf {reexecute=0 rethrow=0 return_oop=0}
                      ; - java.lang.Class::getPackageName@47 (line 1168)
                      ; - java.lang.ClassLoader::postDefineClass@2 (line 934)
                      ; - java.lang.ClassLoader::defineClass@37 (line 1028)
  0x00007dfa046aa084: 7802 6eff 

  0x00007dfa046aa088: ;   {other}
  0x00007dfa046aa088: 0f1f 8400 | f82b 001e | 4533 db44 | 895c 2470 | e923 e0ff | ff45 33ed | e974 ddff | ff45 33c0 
  0x00007dfa046aa0a8: 4489 4424 | 70e9 f1dd | ffff bbff | ffff ffe9 | a3dc ffff | 4c63 4c24 | 4844 8b44 | 2448 4181 
  0x00007dfa046aa0c8: f800 0010 | 000f 8705 | 2800 0049 | 8b9f b801 | 0000 4d8d | 5117 4983 | e2f8 488b | fb49 03fa 
  0x00007dfa046aa0e8: 493b bfc8 | 0100 000f | 83e3 2700 | 0049 89bf | b801 0000 | 0f0d 8fc0 | 0000 0048 | c703 0100 
  0x00007dfa046aa108: 0000 0f0d | 8f00 0100 

  0x00007dfa046aa110: ;   {metadata({type array byte})}
  0x00007dfa046aa110: 00c7 4308 | 1823 0000 | 4489 430c | 0f0d 8f40 | 0100 000f | 0d8f 8001 | 0000 488b | f348 83c6 
  0x00007dfa046aa130: 1049 83c1 | 0749 c1e9 | 0349 8bfb | 498b d1c5 | f877 49ba | 00e3 d603 | fa7d 0000 

  0x00007dfa046aa14c: ;   {other}
  0x00007dfa046aa14c: 41ff d20f | 1f84 0000 | 0000 00e9 | d5e3 ffff | 4c63 4c24 | 5044 8b5c | 2450 4181 | fb00 0010 
  0x00007dfa046aa16c: 000f 879f | 2700 004d | 8b87 b801 | 0000 4d8d | 5117 4983 | e2f8 498b | d849 03da | 493b 9fc8 
  0x00007dfa046aa18c: 0100 000f | 837d 2700 | 0049 899f | b801 0000 | 0f0d 8bc0 | 0000 0049 | c700 0100 | 0000 0f0d 
  0x00007dfa046aa1ac: 8b00 0100 

  0x00007dfa046aa1b0: ;   {metadata({type array byte})}
  0x00007dfa046aa1b0: 0041 c740 | 0818 2300 | 0045 8958 | 0c0f 0d8b | 4001 0000 | 0f0d 8b80 | 0100 0048 | 8b6c 2440 
  0x00007dfa046aa1d0: 4889 7c24 | 584c 894c | 2460 498b | f048 83c6 | 1049 8bd8 | 4c8b 5424 | 6049 83c2 | 0749 c1ea 
  0x00007dfa046aa1f0: 0348 8b7c | 2458 498b | d2c5 f877 | 49ba 00e3 | d603 fa7d | 0000 41ff 

  0x00007dfa046aa208: ;   {other}
  0x00007dfa046aa208: d20f 1f84 | 0000 0000 | 0048 896c | 2440 e90e | e5ff ff4c | 634c 244c | 448b 5c24 | 4c41 81fb 
  0x00007dfa046aa228: 0000 1000 | 0f87 1627 | 0000 4d8b | 97b8 0100 | 0049 8d49 | 1748 83e1 | f849 8bda | 4803 d949 
  0x00007dfa046aa248: 3b9f c801 | 0000 0f83 | f426 0000 | 4989 9fb8 | 0100 000f | 0d8b c000 | 0000 49c7 | 0201 0000 
  0x00007dfa046aa268: 000f 0d8b | 0001 0000 

  0x00007dfa046aa270: ;   {metadata({type array byte})}
  0x00007dfa046aa270: 41c7 4208 | 1823 0000 | 4589 5a0c | 0f0d 8b40 | 0100 000f | 0d8b 8001 | 0000 488b | 6c24 4048 
  0x00007dfa046aa290: 897c 2460 | 4c89 4c24 | 6849 8bf2 | 4883 c610 | 498b da4c | 8b54 2468 | 4983 c207 | 49c1 ea03 
  0x00007dfa046aa2b0: 488b 7c24 | 6049 8bd2 | c5f8 7749 | ba00 e3d6 | 03fa 7d00 | 0041 ffd2 

  0x00007dfa046aa2c8: ;   {other}
  0x00007dfa046aa2c8: 0f1f 8400 | 0000 0000 | 4889 6c24 | 40e9 85e6 | ffff 4863 | 4c24 4844 | 8b4c 2448 | 4181 f900 
  0x00007dfa046aa2e8: 0010 000f | 878b 2600 | 0049 8b9f | b801 0000 | 4c8d 5917 | 4983 e3f8 | 488b fb49 | 03fb 493b 
  0x00007dfa046aa308: bfc8 0100 | 000f 8369 | 2600 0049 | 89bf b801 | 0000 0f0d | 8fc0 0000 | 0048 c703 | 0100 0000 
  0x00007dfa046aa328: 0f0d 8f00 

  0x00007dfa046aa32c: ;   {metadata({type array byte})}
  0x00007dfa046aa32c: 0100 00c7 | 4308 1823 | 0000 4489 | 4b0c 0f0d | 8f40 0100 | 000f 0d8f | 8001 0000 | 488b f348 
  0x00007dfa046aa34c: 83c6 1048 | 83c1 0748 | c1e9 0349 | 8bf8 488b | d1c5 f877 | 49ba 00e3 | d603 fa7d | 0000 41ff 
  0x00007dfa046aa36c: ;   {other}
  0x00007dfa046aa36c: d20f 1f84 | 0000 0000 | 00e9 f5e7 | ffff 4863 | 5424 0c44 | 8b5c 240c | 4181 fb00 | 0010 000f 
  0x00007dfa046aa38c: 8725 2600 | 0049 8b9f | b801 0000 | 4c8d 5217 | 4983 e2f8 | 4c8b cb4d | 03ca 4d3b | 8fc8 0100 
  0x00007dfa046aa3ac: 000f 8303 | 2600 004d | 898f b801 | 0000 410f | 0d89 c000 | 0000 48c7 | 0301 0000 | 0041 0f0d 
  0x00007dfa046aa3cc: 8900 0100 

  0x00007dfa046aa3d0: ;   {metadata({type array byte})}
  0x00007dfa046aa3d0: 00c7 4308 | 1823 0000 | 4489 5b0c | 410f 0d89 | 4001 0000 | 410f 0d89 | 8001 0000 | 488b f348 
  0x00007dfa046aa3f0: 83c6 1048 | 83c2 0748 | c1ea 0349 | 8bf8 c5f8 | 7749 ba00 | e3d6 03fa | 7d00 0041 

  0x00007dfa046aa40c: ;   {other}
  0x00007dfa046aa40c: ffd2 0f1f | 8400 0000 | 0000 e907 | e9ff ff49 | 8b9f b801 | 0000 4c8b | d349 83c2 | 204d 3b97 
  0x00007dfa046aa42c: c801 0000 | 0f83 bc25 | 0000 4d89 | 97b8 0100 | 0041 0f0d | 8ac0 0000 | 0048 c703 | 0100 0000 
  0x00007dfa046aa44c: 410f 0d8a | 0001 0000 

  0x00007dfa046aa454: ;   {metadata({type array byte})}
  0x00007dfa046aa454: c743 0818 | 2300 0041 | 0f0d 8a40 | 0100 00c7 | 430c 1000 | 0000 410f | 0d8a 8001 | 0000 488b 
  0x00007dfa046aa474: f348 83c6 | 10ba 0200 | 0000 498b | f8c5 f877 | 49ba 00e3 | d603 fa7d | 0000 41ff 

  0x00007dfa046aa490: ;   {other}
  0x00007dfa046aa490: d20f 1f84 | 0000 0000 | 00e9 6fde | ffff 4c89 | 5c24 504c | 8b54 2438 | 4c89 5424 | 4844 896c 
  0x00007dfa046aa4b0: 2440 4c8b | 5424 304c | 8954 2438 | 4c8b 5424 | 104c 8954 | 2408 488b | 6c24 2848 | 8b74 2450 
  0x00007dfa046aa4d0: ;   {optimized virtual_call}
  0x00007dfa046aa4d0: c5f8 77e8 

  0x00007dfa046aa4d4: ; ImmutableOopMap {rbp=Oop [8]=Oop [24]=Oop [56]=Oop [64]=NarrowOop [72]=Oop [80]=Oop }
                      ;*invokevirtual isLatin1 {reexecute=0 rethrow=0 return_oop=0}
                      ; - java.lang.AbstractStringBuilder::append@46 (line 810)
                      ; - java.lang.StringBuilder::append@2 (line 246)
                      ; - java.net.URLStreamHandler::toExternalForm@16 (line 480)
                      ; - java.net.URL::toExternalForm@5 (line 1203)
                      ; - java.net.URL::toString@1 (line 1189)
                      ; - java.lang.ClassLoader::defineClassSourceLocation@22 (line 927)
                      ; - java.lang.ClassLoader::defineClass@12 (line 1026)
  0x00007dfa046aa4d4: a8ab 6dff 

  0x00007dfa046aa4d8: ;   {other}
  0x00007dfa046aa4d8: 0f1f 8400 | 4830 001f | 85c0 0f85 | 2f07 0000 | 4c8b 5c24 | 5045 8b53 | 1441 8b53 | 0c49 8bf2 
  0x00007dfa046aa4f8: 448d 5201 | 4589 530c | b93a 0000 | 0066 6690 

  0x00007dfa046aa508: ;   {static_call}
  0x00007dfa046aa508: c5f8 77e8 

  0x00007dfa046aa50c: ; ImmutableOopMap {rbp=Oop [8]=Oop [24]=Oop [56]=Oop [64]=NarrowOop [72]=Oop [80]=Oop }
                      ;*invokestatic putCharSB {reexecute=0 rethrow=0 return_oop=0}
                      ; - java.lang.AbstractStringBuilder::append@72 (line 813)
                      ; - java.lang.StringBuilder::append@2 (line 246)
                      ; - java.net.URLStreamHandler::toExternalForm@16 (line 480)
                      ; - java.net.URL::toExternalForm@5 (line 1203)
                      ; - java.net.URL::toString@1 (line 1189)
                      ; - java.lang.ClassLoader::defineClassSourceLocation@22 (line 927)
                      ; - java.lang.ClassLoader::defineClass@12 (line 1026)
  0x00007dfa046aa50c: 70b1 6dff 

  0x00007dfa046aa510: ;   {other}
  0x00007dfa046aa510: 0f1f 8400 | 8030 0020 | 4889 6c24 | 284c 8b54 | 2408 4c89 | 5424 104c | 8b54 2438 | 4c89 5424 
  0x00007dfa046aa530: 3044 8b6c | 2440 4c8b | 5424 484c | 8954 2438 | 4c8b 5424 | 504c 8954 | 2440 e941 | e0ff ff4c 
  0x00007dfa046aa550: 8b54 2440 | 4c89 5424 | 5048 8954 | 2448 4489 | 6c24 404c | 8b54 2430 | 4c89 5424 | 384c 8b54 
  0x00007dfa046aa570: 2410 4c89 | 5424 0848 | 8b6c 2428 | 488b 7424 | 5066 6690 

  0x00007dfa046aa584: ;   {optimized virtual_call}
  0x00007dfa046aa584: c5f8 77e8 

  0x00007dfa046aa588: ; ImmutableOopMap {rbp=Oop [8]=Oop [24]=Oop [56]=Oop [64]=NarrowOop [72]=Oop [80]=Oop }
                      ;*invokevirtual appendNull {reexecute=0 rethrow=0 return_oop=1}
                      ; - java.lang.AbstractStringBuilder::append@5 (line 584)
                      ; - java.lang.StringBuilder::append@2 (line 179)
                      ; - java.net.URLStreamHandler::toExternalForm@11 (line 480)
                      ; - java.net.URL::toExternalForm@5 (line 1203)
                      ; - java.net.URL::toString@1 (line 1189)
                      ; - java.lang.ClassLoader::defineClassSourceLocation@22 (line 927)
                      ; - java.lang.ClassLoader::defineClass@12 (line 1026)
  0x00007dfa046aa588: f4aa 6dff 

  0x00007dfa046aa58c: ;   {other}
  0x00007dfa046aa58c: 0f1f 8400 | fc30 0021 | 4889 6c24 | 284c 8b54 | 2408 4c89 | 5424 104c | 8b54 2438 | 4c89 5424 
  0x00007dfa046aa5ac: 3044 8b6c | 2440 4c8b | 5424 484c | 8954 2438 | 4c8b 5424 | 504c 8954 | 2440 e907 

  0x00007dfa046aa5c8: ;   {oop(""{0x0000000080000000})}
  0x00007dfa046aa5c8: deff ff48 | bb00 0000 | 8000 0000 | 00e9 4ada | ffff 4863 | d54c 8d52 | 1049 8bca | 4883 e1f8 
  0x00007dfa046aa5e8: 498b fe48 | 03f9 49c1 | ea03 4d2b | c249 8bc8 | 4833 c048 | 83f9 087f | 1048 ffc9 | 784f 4889 
  0x00007dfa046aa608: 04cf 48ff | c97d f7eb | 44c5 fdef | c0e9 0d00 | 0000 c5fe | 7f07 c5fe | 7f47 2048 | 83c7 4048 
  0x00007dfa046aa628: 83e9 087d | ed48 83c1 | 047c 0cc5 | fe7f 0748 | 83c7 2048 | 83e9 0448 | 83c1 047e | 1048 ffc9 
  0x00007dfa046aa648: c5f9 d607 | 4883 c708 | 48ff c97d | f349 8bfb | 498b f1c5 | f877 49ba | c0de d603 | fa7d 0000 
  0x00007dfa046aa668: ;   {other}
  0x00007dfa046aa668: 41ff d20f | 1f84 0000 | 0000 00e9 | 8cd9 ffff | 4863 d54c | 8d5a 104d | 8bcb 4983 | e1f8 498b 
  0x00007dfa046aa688: fd49 03f9 | 49c1 eb03 | 492b cb48 | 33c0 4883 | f908 7f10 | 48ff c978 | 4f48 8904 | cf48 ffc9 
  0x00007dfa046aa6a8: 7df7 eb44 | c5fd efc0 | e90d 0000 | 00c5 fe7f | 07c5 fe7f | 4720 4883 | c740 4883 | e908 7ded 
  0x00007dfa046aa6c8: 4883 c104 | 7c0c c5fe | 7f07 4883 | c720 4883 | e904 4883 | c104 7e10 | 48ff c9c5 | f9d6 0748 
  0x00007dfa046aa6e8: 83c7 0848 | ffc9 7df3 | 498b f849 | 8bf2 c5f8 | 7749 bac0 | ded6 03fa | 7d00 0041 

  0x00007dfa046aa704: ;   {other}
  0x00007dfa046aa704: ffd2 0f1f | 8400 0000 | 0000 e9bb | e7ff ff33 | c0e9 6eea 

  0x00007dfa046aa718: ;   {oop(""{0x0000000080000000})}
  0x00007dfa046aa718: ffff 48bb | 0000 0080 | 0000 0000 | e9ff e9ff | ff48 63d5 | 4c8d 4a10 | 498b c948 | 83e1 f849 
  0x00007dfa046aa738: 8bfd 4803 | f949 c1e9 | 034d 2bd9 | 498b cb48 | 33c0 4883 | f908 7f10 | 48ff c978 | 4f48 8904 
  0x00007dfa046aa758: cf48 ffc9 | 7df7 eb44 | c5fd efc0 | e90d 0000 | 00c5 fe7f | 07c5 fe7f | 4720 4883 | c740 4883 
  0x00007dfa046aa778: e908 7ded | 4883 c104 | 7c0c c5fe | 7f07 4883 | c720 4883 | e904 4883 | c104 7e10 | 48ff c9c5 
  0x00007dfa046aa798: f9d6 0748 | 83c7 0848 | ffc9 7df3 | 498b fa49 | 8bf0 c5f8 | 7749 bac0 | ded6 03fa | 7d00 0041 
  0x00007dfa046aa7b8: ;   {other}
  0x00007dfa046aa7b8: ffd2 0f1f | 8400 0000 | 0000 e941 | e9ff ff4c | 8b4c 2418 | 41c6 4111 | 0133 c044 | 8b5c 2420 
  0x00007dfa046aa7d8: 448b 4424 | 24e9 a6e9 | ffff 418b 

  0x00007dfa046aa7e4: ;   {metadata('java/util/concurrent/ConcurrentHashMap$ForwardingNode')}
  0x00007dfa046aa7e4: 4d08 81f9 | c8b6 1800 | 0f85 522d | 0000 4489 | 4424 1c4c | 894c 2438 | 4c8b 4424 | 084c 8944 
  0x00007dfa046aa804: 2428 4c8b | 4424 304c | 8944 2420 | 4c8b 4424 | 104c 8944 | 2408 498b | f349 8bc9 | 488b 6c24 
  0x00007dfa046aa824: 2866 6690 

  0x00007dfa046aa828: ;   {optimized virtual_call}
  0x00007dfa046aa828: c5f8 77e8 

  0x00007dfa046aa82c: ; ImmutableOopMap {rbp=Oop [8]=Oop [28]=NarrowOop [32]=Oop [40]=Oop [56]=Oop }
                      ;*invokevirtual find {reexecute=0 rethrow=0 return_oop=1}
                      ; - java.util.concurrent.ConcurrentHashMap::get@93 (line 944)
                      ; - java.lang.ClassLoader::getNamedPackage@5 (line 341)
                      ; - java.lang.ClassLoader::postDefineClass@9 (line 934)
                      ; - java.lang.ClassLoader::defineClass@37 (line 1028)
  0x00007dfa046aa82c: 50a8 6dff 

  0x00007dfa046aa830: ;   {other}
  0x00007dfa046aa830: 0f1f 8400 | a033 0022 | 4885 c00f | 84c3 1100 | 008b 6814 | 85ed 0f84 | b811 0000 | 4c8b 5424 
  0x00007dfa046aa850: 084c 8954 | 2410 4c8b | 5424 204c | 8954 2430 | 4c8b 5424 | 284c 8954 | 2408 e95f | edff ff48 
  0x00007dfa046aa870: 63d5 4c8d | 5210 4d8b | c249 83e0 | f848 8bfb | 4903 f849 | c1ea 034d | 2bca 498b | c948 33c0 
  0x00007dfa046aa890: 4883 f908 | 7f10 48ff | c978 4f48 | 8904 cf48 | ffc9 7df7 | eb44 c5fd | efc0 e90d | 0000 00c5 
  0x00007dfa046aa8b0: fe7f 07c5 | fe7f 4720 | 4883 c740 | 4883 e908 | 7ded 4883 | c104 7c0c | c5fe 7f07 | 4883 c720 
  0x00007dfa046aa8d0: 4883 e904 | 4883 c104 | 7e10 48ff | c9c5 f9d6 | 0748 83c7 | 0848 ffc9 | 7df3 498b | fbc5 f877 
  0x00007dfa046aa8f0: 49ba c0de | d603 fa7d | 0000 41ff 

  0x00007dfa046aa8fc: ;   {other}
  0x00007dfa046aa8fc: d20f 1f84 | 0000 0000 | 00e9 27dc | ffff 4c8b | df48 63d5 | 4c8d 4a10 | 498b c948 | 83e1 f848 
  0x00007dfa046aa91c: 8bfb 4803 | f949 c1e9 | 034d 2bd1 | 498b ca48 | 33c0 4883 | f908 7f10 | 48ff c978 | 4f48 8904 
  0x00007dfa046aa93c: cf48 ffc9 | 7df7 eb44 | c5fd efc0 | e90d 0000 | 00c5 fe7f | 07c5 fe7f | 4720 4883 | c740 4883 
  0x00007dfa046aa95c: e908 7ded | 4883 c104 | 7c0c c5fe | 7f07 4883 | c720 4883 | e904 4883 | c104 7e10 | 48ff c9c5 
  0x00007dfa046aa97c: f9d6 0748 | 83c7 0848 | ffc9 7df3 | 498b fbc5 | f877 49ba | c0de d603 | fa7d 0000 

  0x00007dfa046aa998: ;   {other}
  0x00007dfa046aa998: 41ff d20f | 1f84 0000 | 0000 00e9 | 81dd ffff | 4c8b d748 | 63d5 4c8d | 4a10 498b | c948 83e1 
  0x00007dfa046aa9b8: f848 8bfb | 4803 f949 | c1e9 034d | 2bd9 498b | cb48 33c0 | 4883 f908 | 7f10 48ff | c978 4f48 
  0x00007dfa046aa9d8: 8904 cf48 | ffc9 7df7 | eb44 c5fd | efc0 e90d | 0000 00c5 | fe7f 07c5 | fe7f 4720 | 4883 c740 
  0x00007dfa046aa9f8: 4883 e908 | 7ded 4883 | c104 7c0c | c5fe 7f07 | 4883 c720 | 4883 e904 | 4883 c104 | 7e10 48ff 
  0x00007dfa046aaa18: c9c5 f9d6 | 0748 83c7 | 0848 ffc9 | 7df3 498b | fac5 f877 | 49ba c0de | d603 fa7d | 0000 41ff 
  0x00007dfa046aaa38: ;   {other}
  0x00007dfa046aaa38: d20f 1f84 | 0000 0000 | 00e9 19df | ffff 4863 | d54c 8d52 | 104d 8bda | 4983 e3f8 | 488b fb49 
  0x00007dfa046aaa58: 03fb 49c1 | ea03 4d2b | ca49 8bc9 | 4833 c048 | 83f9 087f | 1048 ffc9 | 784f 4889 | 04cf 48ff 
  0x00007dfa046aaa78: c97d f7eb | 44c5 fdef | c0e9 0d00 | 0000 c5fe | 7f07 c5fe | 7f47 2048 | 83c7 4048 | 83e9 087d 
  0x00007dfa046aaa98: ed48 83c1 | 047c 0cc5 | fe7f 0748 | 83c7 2048 | 83e9 0448 | 83c1 047e | 1048 ffc9 | c5f9 d607 
  0x00007dfa046aaab8: 4883 c708 | 48ff c97d | f349 8bf8 | c5f8 7749 | bac0 ded6 | 03fa 7d00 | 0041 ffd2 

  0x00007dfa046aaad4: ;   {other}
  0x00007dfa046aaad4: 0f1f 8400 | 0000 0000 | e98e e0ff | ff48 63d5 | 4c8d 5210 | 4d8b da49 | 83e3 f848 | 8bfb 4903 
  0x00007dfa046aaaf4: fb49 c1ea | 034d 2bca | 498b c948 | 33c0 4883 | f908 7f10 | 48ff c978 | 4f48 8904 | cf48 ffc9 
  0x00007dfa046aab14: 7df7 eb44 | c5fd efc0 | e90d 0000 | 00c5 fe7f | 07c5 fe7f | 4720 4883 | c740 4883 | e908 7ded 
  0x00007dfa046aab34: 4883 c104 | 7c0c c5fe | 7f07 4883 | c720 4883 | e904 4883 | c104 7e10 | 48ff c9c5 | f9d6 0748 
  0x00007dfa046aab54: 83c7 0848 | ffc9 7df3 | 498b f8c5 | f877 49ba | c0de d603 | fa7d 0000 

  0x00007dfa046aab6c: ;   {other}
  0x00007dfa046aab6c: 41ff d20f | 1f84 0000 | 0000 00e9 | a6e1 ffff | 4963 d24c | 8d52 104d | 8bda 4983 | e3f8 488b 
  0x00007dfa046aab8c: fb49 03fb | 49c1 ea03 | 4d2b ca49 | 8bc9 4833 | c048 83f9 | 087f 1048 | ffc9 784f | 4889 04cf 
  0x00007dfa046aabac: 48ff c97d | f7eb 44c5 | fdef c0e9 | 0d00 0000 | c5fe 7f07 | c5fe 7f47 | 2048 83c7 | 4048 83e9 
  0x00007dfa046aabcc: 087d ed48 | 83c1 047c | 0cc5 fe7f | 0748 83c7 | 2048 83e9 | 0448 83c1 | 047e 1048 | ffc9 c5f9 
  0x00007dfa046aabec: d607 4883 | c708 48ff | c97d f349 | 8bf8 c5f8 | 7749 bac0 | ded6 03fa | 7d00 0041 

  0x00007dfa046aac08: ;   {other}
  0x00007dfa046aac08: ffd2 0f1f | 8400 0000 | 0000 e9f6 | d6ff ff48 | 8b74 2450 

  0x00007dfa046aac1c: ;   {optimized virtual_call}
  0x00007dfa046aac1c: c5f8 77e8 

  0x00007dfa046aac20: ; ImmutableOopMap {rbp=Oop [8]=Oop [24]=Oop [56]=Oop [64]=NarrowOop [72]=Oop [80]=Oop }
                      ;*invokevirtual inflate {reexecute=0 rethrow=0 return_oop=0}
                      ; - java.lang.AbstractStringBuilder::append@53 (line 811)
                      ; - java.lang.StringBuilder::append@2 (line 246)
                      ; - java.net.URLStreamHandler::toExternalForm@16 (line 480)
                      ; - java.net.URL::toExternalForm@5 (line 1203)
                      ; - java.net.URL::toString@1 (line 1189)
                      ; - java.lang.ClassLoader::defineClassSourceLocation@22 (line 927)
                      ; - java.lang.ClassLoader::defineClass@12 (line 1026)
  0x00007dfa046aac20: 5ca4 6dff 

  0x00007dfa046aac24: ;   {other}
  0x00007dfa046aac24: 0f1f 8400 | 9437 0023 | e9b7 f8ff | ff44 0fb7 | 5d10 4183 | fb6a 0f85 | d4d1 ffff | 440f b75d 
  0x00007dfa046aac44: 1241 83fb | 610f 85c5 | d1ff ff44 | 0fb7 5d14 | 4183 fb76 | 0f85 b6d1 | ffff 440f | b75d 1641 
  0x00007dfa046aac64: 83fb 610f | 85a7 d1ff | ff44 0fb7 | 5d18 4183 | fb2e 0f85 | 98d1 ffff | e976 d1ff | ff44 8b43 
  0x00007dfa046aac84: 1444 0fbe | 5310 458b | 580c c442 | 2af7 c341 | 83c0 0245 | 85c0 0f8c | e028 0000 | c4c2 29f7 
  0x00007dfa046aaca4: d081 fa00 | 0010 000f | 87c7 2800 | 004c 63da | 488b eb81 | fa00 0010 | 000f 87b5 | 2500 004d 
  0x00007dfa046aacc4: 8b8f b801 | 0000 4983 | c317 4983 | e3f8 4d8b | c14d 03c3 | 4d3b 87c8 | 0100 000f | 8393 2500 
  0x00007dfa046aace4: 004d 8987 | b801 0000 | 410f 0d88 | c000 0000 | 49c7 0101 | 0000 0041 | 0f0d 8800 

  0x00007dfa046aad00: ;   {metadata({type array byte})}
  0x00007dfa046aad00: 0100 0041 | c741 0818 | 2300 0041 | 8951 0c41 | 0f0d 8840 | 0100 0041 | 0f0d 8880 | 0100 0045 
  0x00007dfa046aad20: 85d2 0f84 | 1202 0000 | 41b8 2f00 | 0000 6645 | 8941 1041 | bb2f 0000 | 0066 4589 | 5912 41bb 
  0x00007dfa046aad40: 0400 0000 | 4b8d 7c19 | 1044 8b43 | 1441 8b50 | 0c4d 8bd8 | 4d8d 5810 | 807b 1000 | 0f84 5d01 
  0x00007dfa046aad60: 0000 4d8b | c34c 8bdf | 4c89 4c24 | 5844 8954 | 2450 4c8b | 5424 404c | 8954 2448 | 4c8b 5424 
  0x00007dfa046aad80: 384c 8954 | 2440 4489 | 6c24 38d1 | fa48 63d2 | 498b f849 | 8bf3 c5f8 | 7749 ba60 | e0d6 03fa 
  0x00007dfa046aada0: 7d00 0041 

  0x00007dfa046aada4: ;   {other}
  0x00007dfa046aada4: ffd2 0f1f | 8400 0000 | 0000 448b | 6c24 384c | 8b54 2440 | 4c89 5424 | 384c 8b54 | 2448 4c89 
  0x00007dfa046aadc4: 5424 4044 | 8b54 2450 | 4c8b 4c24 | 58e9 9600 | 0000 498b | f38b ca83 | e10f 83e2 | f074 1c48 
  0x00007dfa046aade4: 8d34 1648 | 8d3c 5748 | f7da c4e2 | 7d30 0416 | c5fe 7f04 | 5748 83c2 | 1075 ef8b | d183 e107 
  0x00007dfa046aae04: 83e2 f874 | 27c4 e279 | 3006 c5fa | 7f07 4883 | c608 4883 | c710 e911 | 0000 00c4 | e279 3004 
  0x00007dfa046aae24: 16c5 fa7f | 0457 4883 | c208 75ef | 8bd1 83fa | 047c 19c5 | f96e 06c4 | e279 30c0 | c5f9 d607 
  0x00007dfa046aae44: 4883 ea04 | 4883 c604 | 4883 c708 | 85d2 7418 | 488d 3416 | 488d 3c57 | 48f7 da0f | b60c 1666 
  0x00007dfa046aae64: 890c 5748 | ffc2 75f3 | 498b 87b8 | 0100 004c | 8bd8 4983 | c318 4d3b | 9fc8 0100 | 000f 8361 
  0x00007dfa046aae84: 2300 004d | 899f b801 | 0000 410f | 0d8b c000 | 0000 48c7 | 0001 0000 

  0x00007dfa046aae9c: ;   {metadata('java/lang/String')}
  0x00007dfa046aae9c: 00c7 4008 | 70ea 0000 | 4489 600c | 4c89 6010 | 488b e844 | 8855 104d | 8bd9 4489 | 5d14 e9f4 
  0x00007dfa046aaebc: d6ff ff45 | 85d2 0f85 | 0eff ffff | 4d8b c34c | 8bdf 4c89 | 4c24 5844 | 8954 2450 | 4c8b 5424 
  0x00007dfa046aaedc: 404c 8954 | 2448 4c8b | 5424 384c | 8954 2440 | 4489 6c24 | 3848 63d2 | 498b f849 | 8bf3 c5f8 
  0x00007dfa046aaefc: 7749 bac0 | ded6 03fa | 7d00 0041 

  0x00007dfa046aaf08: ;   {other}
  0x00007dfa046aaf08: ffd2 0f1f | 8400 0000 | 0000 448b | 6c24 384c | 8b54 2440 | 4c89 5424 | 384c 8b54 | 2448 4c89 
  0x00007dfa046aaf28: 5424 4044 | 8b54 2450 | 4c8b 4c24 | 58e9 32ff | ffff 41c6 | 4110 2f41 | c641 112f | 41bb 0200 
  0x00007dfa046aaf48: 0000 e9f5 | fdff ff4c | 8b54 2408 | 4c89 5424 | 104c 8b54 | 2420 4c89 | 5424 3048 | 896c 2408 
  0x00007dfa046aaf68: 4c8b 4c24 | 3844 8b44 | 241c 8b54 | 2440 4c8b | 5c24 48e9 | 5ae2 ffff | 498b 87b8 | 0100 004c 
  0x00007dfa046aaf88: 8bd0 4983 | c218 448b | 4424 384d | 3b97 c801 | 0000 0f83 | 6623 0000 | 4d89 97b8 | 0100 0041 
  0x00007dfa046aafa8: 0f0d 8ac0 | 0000 0048 | c700 0100 

  0x00007dfa046aafb4: ;   {metadata('java/util/ArrayList')}
  0x00007dfa046aafb4: 0000 c740 | 08b0 b20b | 0044 8960 | 0c44 8960 

  0x00007dfa046aafc4: ;   {oop(a 'java/lang/Object'[0] {0x000000008079fe78})}
  0x00007dfa046aafc4: 10c7 4014 | 78fe 7980 | 4c8b d045 | 8b4b 0c45 | 85c9 0f86 | ed00 0000 | 4533 c9eb | 2d48 896c 
  0x00007dfa046aafe4: 2428 4c8b | 5424 084c | 8954 2410 | 4c8b 6c24 | 404c 8b54 | 2448 4c89 | 5424 3048 | 8b5c 2450 
  0x00007dfa046ab004: 4c8b 4424 | 584c 8b54 | 2460 418b | 4b0c 443b | c90f 83b9 | 2400 0047 | 8b5c 8b10 

  0x00007dfa046ab020: ; implicit exception: dispatches to 0x00007dfa046add5c
  0x00007dfa046ab020: 418b 4b10 

  0x00007dfa046ab024: ; implicit exception: dispatches to 0x00007dfa046add74
  0x00007dfa046ab024: 448b 5910 | 4489 4c24 | 3c4c 8954 | 2460 4c89 | 4424 5848 | 895c 2450 | 4c8b 5424 | 304c 8954 
  0x00007dfa046ab044: 2448 4c89 | 6c24 404c | 8b54 2410 | 4c89 5424 | 0848 8b6c | 2428 498b | d348 8b74 | 2460 6690 
  0x00007dfa046ab064: ;   {optimized virtual_call}
  0x00007dfa046ab064: c5f8 77e8 

  0x00007dfa046ab068: ; ImmutableOopMap {rbp=Oop [8]=Oop [24]=Oop [56]=NarrowOop [64]=Oop [72]=Oop [80]=Oop [88]=Oop [96]=Oop }
                      ;*invokevirtual addAll {reexecute=0 rethrow=0 return_oop=0}
                      ; - java.security.CodeSource::getCertificates@57 (line 212)
                      ; - java.lang.ClassLoader::checkCerts@34 (line 1168)
                      ; - java.lang.ClassLoader::preDefineClass@113 (line 917)
                      ; - java.lang.ClassLoader::defineClass@4 (line 1025)
  0x00007dfa046ab068: 14a0 6dff 

  0x00007dfa046ab06c: ;   {other}
  0x00007dfa046ab06c: 0f1f 8400 | dc3b 0024 | 4d8b 9750 | 0400 0044 | 8b5c 2438 | 458b 5b10 | 448b 4c24 

  0x00007dfa046ab088: ; ImmutableOopMap {r11=NarrowOop rbp=Oop [8]=Oop [24]=Oop [56]=NarrowOop [64]=Oop [72]=Oop [80]=Oop [88]=Oop [96]=Oop }
                      ;*goto {reexecute=1 rethrow=0 return_oop=0}
                      ; - (reexecute) java.security.CodeSource::getCertificates@64 (line 211)
                      ; - java.lang.ClassLoader::checkCerts@34 (line 1168)
                      ; - java.lang.ClassLoader::preDefineClass@113 (line 917)
                      ; - java.lang.ClassLoader::defineClass@4 (line 1025)
  0x00007dfa046ab088: 3c41 ffc1 

  0x00007dfa046ab08c: ;   {poll}
  0x00007dfa046ab08c: 4185 0245 | 8b53 0c45 | 3bca 0f8c | 45ff ffff | 4889 6c24 | 284c 8b54 | 2408 4c89 | 5424 104c 
  0x00007dfa046ab0ac: 8b6c 2440 | 4c8b 5424 | 484c 8954 | 2430 488b | 5c24 504c | 8b44 2458 | 4c8b 5424 | 6049 8b87 
  0x00007dfa046ab0cc: b801 0000 | 4c8b d849 | 83c3 104d | 3b9f c801 | 0000 0f83 | b022 0000 | 4d89 9fb8 | 0100 0041 
  0x00007dfa046ab0ec: 0f0d 8bc0 | 0000 0048 | c700 0100 | 0000 410f | 0d8b 0001 

  0x00007dfa046ab100: ;   {metadata('java/security/cert/Certificate'[])}
  0x00007dfa046ab100: 0000 c740 | 08c8 5210 | 0041 0f0d | 8b40 0100 | 0044 8960 | 0c41 0f0d | 8b80 0100 | 0048 8b6c 
  0x00007dfa046ab120: 2428 4c8b | 5c24 104c | 895c 2408 | 448b 5c24 | 7044 895c | 243c 4c89 | 6c24 4048 | 895c 2448 
  0x00007dfa046ab140: 4c89 4424 | 504c 8954 | 2458 488b | d048 8b74 | 2458 6690 

  0x00007dfa046ab154: ;   {optimized virtual_call}
  0x00007dfa046ab154: c5f8 77e8 

  0x00007dfa046ab158: ; ImmutableOopMap {rbp=Oop [8]=Oop [24]=Oop [48]=Oop [56]=NarrowOop [64]=Oop [72]=Oop [80]=Oop }
                      ;*invokevirtual toArray {reexecute=0 rethrow=0 return_oop=1}
                      ; - java.security.CodeSource::getCertificates@73 (line 215)
                      ; - java.lang.ClassLoader::checkCerts@34 (line 1168)
                      ; - java.lang.ClassLoader::preDefineClass@113 (line 917)
                      ; - java.lang.ClassLoader::defineClass@4 (line 1025)
  0x00007dfa046ab158: 249f 6dff 

  0x00007dfa046ab15c: ;   {other}
  0x00007dfa046ab15c: 0f1f 8400 | cc3c 0026 | 488b c844 

  0x00007dfa046ab168: ;   {metadata('java/security/cert/Certificate'[])}
  0x00007dfa046ab168: 8b50 0841 | 81fa c852 | 1000 0f85 | ac25 0000 | 448b 410c | 4c8b 5424 | 504d 8bda | 4d63 c849 
  0x00007dfa046ab188: c1eb 0949 | ba00 4051 | 18fa 7d00 | 0047 8824 | 1a49 c1e1 | 024c 8bd1 | 448b 5c24 | 3845 8953 
  0x00007dfa046ab1a8: 1441 81f8 | 0000 0400 | 0f87 2f22 | 0000 498b | 9fb8 0100 | 004d 8d51 | 1749 83e2 | f84c 8bdb 
  0x00007dfa046ab1c8: 4d03 da4d | 3b9f c801 | 0000 0f83 | 0d22 0000 | 4d89 9fb8 | 0100 0041 | 0f0d 8bc0 | 0000 0048 
  0x00007dfa046ab1e8: c703 0100 | 0000 410f | 0d8b 0001 

  0x00007dfa046ab1f4: ;   {metadata('java/security/cert/Certificate'[])}
  0x00007dfa046ab1f4: 0000 c743 | 08c8 5210 | 0044 8943 | 0c41 0f0d | 8b40 0100 | 0041 0f0d | 8b80 0100 | 0048 8bf9 
  0x00007dfa046ab214: 4883 c710 | 488b f348 | 83c6 1049 | 83c1 0749 | c1e9 0349 | 8bd1 c5f8 | 7749 ba00 | e3d6 03fa 
  0x00007dfa046ab234: 7d00 0041 

  0x00007dfa046ab238: ;   {other}
  0x00007dfa046ab238: ffd2 0f1f | 8400 0000 | 0000 4c8b | d348 896c | 2428 4c8b | 5c24 084c | 895c 2410 | 448b 5c24 
  0x00007dfa046ab258: 3c44 895c | 2470 4c8b | 6c24 4048 | 8b5c 2448 | 4d8b f2e9 | ddcd ffff | 488b f290 

  0x00007dfa046ab274: ;   {optimized virtual_call}
  0x00007dfa046ab274: c5f8 77e8 

  0x00007dfa046ab278: ; ImmutableOopMap {rbp=NarrowOop [8]=Oop [16]=Oop [24]=Oop [40]=Oop }
                      ;*invokevirtual length {reexecute=0 rethrow=0 return_oop=0}
                      ; - java.lang.String::indexOf@30 (line 2462)
                      ; - java.lang.String::indexOf@3 (line 2405)
                      ; - java.lang.ClassLoader::checkName@16 (line 1157)
                      ; - java.lang.ClassLoader::preDefineClass@1 (line 900)
                      ; - java.lang.ClassLoader::defineClass@4 (line 1025)
  0x00007dfa046ab278: 049e 6dff 

  0x00007dfa046ab27c: ;   {other}
  0x00007dfa046ab27c: 0f1f 8400 | ec3d 0027 | 488b f5ba | 2f00 0000 | 33c9 448b | c048 8b6c | 2410 6690 

  0x00007dfa046ab298: ;   {static_call}
  0x00007dfa046ab298: c5f8 77e8 

  0x00007dfa046ab29c: ; ImmutableOopMap {rbp=Oop [8]=Oop [16]=Oop [24]=Oop [40]=Oop }
                      ;*invokestatic indexOf {reexecute=0 rethrow=0 return_oop=0}
                      ; - java.lang.String::indexOf@33 (line 2462)
                      ; - java.lang.String::indexOf@3 (line 2405)
                      ; - java.lang.ClassLoader::checkName@16 (line 1157)
                      ; - java.lang.ClassLoader::preDefineClass@1 (line 900)
                      ; - java.lang.ClassLoader::defineClass@4 (line 1025)
  0x00007dfa046ab29c: e0a3 6dff 

  0x00007dfa046ab2a0: ;   {other}
  0x00007dfa046ab2a0: 0f1f 8400 | 103e 0028 | 8bd8 e9b0 | caff ff44 | 8954 2454 | 8974 2450 | 894c 244c | 448b 5c24 
  0x00007dfa046ab2c0: 3844 895c | 2448 4c8b | 5424 304c | 8954 2440 | 4c89 6c24 | 384c 8b54 | 2428 4c89 

  0x00007dfa046ab2dc: ;   {metadata('java/lang/String')}
  0x00007dfa046ab2dc: 5424 0848 | be70 ea00 | aef9 7d00 | 0066 6690 

  0x00007dfa046ab2ec: ;   {runtime_call _new_instance_Java}
  0x00007dfa046ab2ec: c5f8 77e8 

  0x00007dfa046ab2f0: ; ImmutableOopMap {rbp=Oop [8]=Oop [16]=Oop [24]=Oop [56]=Oop [64]=Oop [72]=NarrowOop [76]=NarrowOop }
                      ;*new {reexecute=0 rethrow=0 return_oop=1}
                      ; - java.lang.StringLatin1::newString@7 (line 752)
                      ; - java.lang.String::substring@41 (line 2839)
                      ; - java.lang.ClassLoader::checkCerts@21 (line 1164)
                      ; - java.lang.ClassLoader::preDefineClass@113 (line 917)
                      ; - java.lang.ClassLoader::defineClass@4 (line 1025)
  0x00007dfa046ab2f0: 0c2a 79ff 

  0x00007dfa046ab2f4: ;   {other}
  0x00007dfa046ab2f4: 0f1f 8400 | 643e 0029 | 4c8b 5424 | 084c 8954 | 2428 4c8b | 6c24 384c | 8b54 2440 | 4c89 5424 
  0x00007dfa046ab314: 3044 8b54 | 2448 4489 | 5424 388b | 4c24 4c8b | 7424 5044 | 8b54 2454 | 488b d8e9 | e3cb ffff 
  0x00007dfa046ab334: 4889 5424 | 4844 896c | 2440 4c8b | 5424 304c | 8954 2438 | 4c8b 5424 | 104c 8954 | 2408 488b 
  0x00007dfa046ab354: ;   {metadata('java/lang/StringBuilder')}
  0x00007dfa046ab354: 6c24 2848 | be38 8200 | aef9 7d00 | 0066 6690 

  0x00007dfa046ab364: ;   {runtime_call _new_instance_Java}
  0x00007dfa046ab364: c5f8 77e8 

  0x00007dfa046ab368: ; ImmutableOopMap {rbp=Oop [8]=Oop [24]=Oop [56]=Oop [64]=NarrowOop [72]=Oop }
                      ;*new {reexecute=0 rethrow=0 return_oop=1}
                      ; - java.net.URLStreamHandler::toExternalForm@0 (line 480)
                      ; - java.net.URL::toExternalForm@5 (line 1203)
                      ; - java.net.URL::toString@1 (line 1189)
                      ; - java.lang.ClassLoader::defineClassSourceLocation@22 (line 927)
                      ; - java.lang.ClassLoader::defineClass@12 (line 1026)
  0x00007dfa046ab368: 9429 79ff 

  0x00007dfa046ab36c: ;   {other}
  0x00007dfa046ab36c: 0f1f 8400 | dc3e 002a | 4889 6c24 | 284c 8b54 | 2408 4c89 | 5424 104c | 8b54 2438 | 4c89 5424 
  0x00007dfa046ab38c: 3044 8b6c | 2440 4c8b | 5424 4849 | 8bd2 e98f | cdff ff48 | 8944 2450 | 4889 5424 | 4844 896c 
  0x00007dfa046ab3ac: 2440 4c8b | 5424 304c | 8954 2438 | 4c8b 5424 | 104c 8954 | 2408 488b 

  0x00007dfa046ab3c4: ;   {metadata({type array byte})}
  0x00007dfa046ab3c4: 6c24 2848 | be18 2300 | aef9 7d00 | 00ba 1000 | 0000 6690 

  0x00007dfa046ab3d8: ;   {runtime_call _new_array_Java}
  0x00007dfa046ab3d8: c5f8 77e8 

  0x00007dfa046ab3dc: ; ImmutableOopMap {rbp=Oop [8]=Oop [24]=Oop [56]=Oop [64]=NarrowOop [72]=Oop [80]=Oop }
                      ;*newarray {reexecute=0 rethrow=0 return_oop=1}
                      ; - java.lang.AbstractStringBuilder::<init>@12 (line 101)
                      ; - java.lang.StringBuilder::<init>@3 (line 106)
                      ; - java.net.URLStreamHandler::toExternalForm@4 (line 480)
                      ; - java.net.URL::toExternalForm@5 (line 1203)
                      ; - java.net.URL::toString@1 (line 1189)
                      ; - java.lang.ClassLoader::defineClassSourceLocation@22 (line 927)
                      ; - java.lang.ClassLoader::defineClass@12 (line 1026)
  0x00007dfa046ab3dc: a005 79ff 

  0x00007dfa046ab3e0: ;   {other}
  0x00007dfa046ab3e0: 0f1f 8400 | 503f 002b | 4889 6c24 | 284c 8b5c | 2408 4c89 | 5c24 104c | 8b5c 2438 | 4c89 5c24 
  0x00007dfa046ab400: 3044 8b6c | 2440 4c8b | 5c24 484c | 8b44 2450 | 4c89 4424 | 404c 8bc0 | 498b d3e9 | 74cd ffff 
  0x00007dfa046ab420: ;   {metadata('java/lang/String')}
  0x00007dfa046ab420: 48be 70ea | 00ae f97d | 0000 6690 

  0x00007dfa046ab42c: ;   {runtime_call _new_instance_Java}
  0x00007dfa046ab42c: c5f8 77e8 

  0x00007dfa046ab430: ; ImmutableOopMap {[16]=Oop [24]=Oop [40]=Oop [48]=Oop [64]=Oop }
                      ;*new {reexecute=0 rethrow=0 return_oop=1}
                      ; - java.lang.StringBuilder::toString@0 (line 475)
                      ; - java.net.URLStreamHandler::toExternalForm@152 (line 486)
                      ; - java.net.URL::toExternalForm@5 (line 1203)
                      ; - java.net.URL::toString@1 (line 1189)
                      ; - java.lang.ClassLoader::defineClassSourceLocation@22 (line 927)
                      ; - java.lang.ClassLoader::defineClass@12 (line 1026)
  0x00007dfa046ab430: cc28 79ff 

  0x00007dfa046ab434: ;   {other}
  0x00007dfa046ab434: 0f1f 8400 | a43f 002c | 488b d8e9 | 74d9 ffff | 4889 5424 | 684c 8944 | 2460 4c89 | 5c24 5848 
  0x00007dfa046ab454: 895c 2450 | 4489 5424 | 4c44 8b54 | 2438 4489 | 5424 484c | 8b54 2430 | 4c89 5424 | 404c 896c 
  0x00007dfa046ab474: 2438 448b | 5c24 7044 | 895c 2430 | 4c8b 5424 | 284c 8954 

  0x00007dfa046ab488: ;   {metadata({type array byte})}
  0x00007dfa046ab488: 2408 48be | 1823 00ae | f97d 0000 | 8b54 244c 

  0x00007dfa046ab498: ;   {runtime_call _new_array_nozero_Java}
  0x00007dfa046ab498: c5f8 77e8 

  0x00007dfa046ab49c: ; ImmutableOopMap {[8]=Oop [16]=Oop [24]=Oop [56]=Oop [64]=Oop [72]=NarrowOop [80]=Oop [128]=Oop [88]=Derived_oop_[128] }
                      ;*newarray {reexecute=0 rethrow=0 return_oop=1}
                      ; - java.util.Arrays::copyOfRangeByte@10 (line 3863)
                      ; - java.util.Arrays::copyOfRange@13 (line 3854)
                      ; - java.lang.StringLatin1::newString@16 (line 752)
                      ; - java.lang.String::substring@41 (line 2839)
                      ; - java.lang.ClassLoader::checkCerts@21 (line 1164)
                      ; - java.lang.ClassLoader::preDefineClass@113 (line 917)
                      ; - java.lang.ClassLoader::defineClass@4 (line 1025)
  0x00007dfa046ab49c: e0fb 78ff 

  0x00007dfa046ab4a0: ;   {other}
  0x00007dfa046ab4a0: 0f1f 8400 | 1040 002d | 4c8b 5424 | 084c 8954 | 2428 448b | 5424 3044 | 8954 2470 | 4c8b 6c24 
  0x00007dfa046ab4c0: 384c 8b54 | 2440 4c89 | 5424 3044 | 8b5c 2448 | 4489 5c24 | 3844 8b54 | 244c 488b | 5c24 504c 
  0x00007dfa046ab4e0: 8b5c 2458 | 4c8b 4424 | 6048 8b54 | 2468 4c8b | f0e9 ccca | ffff 498b | 87b8 0100 | 004c 8bd8 
  0x00007dfa046ab500: 4983 c318 | 498b da4d | 3b9f c801 | 0000 0f83 | 0a1f 0000 | 4d89 9fb8 | 0100 0041 | 0f0d 8bc0 
  0x00007dfa046ab520: 0000 0048 | c700 0100 

  0x00007dfa046ab528: ;   {metadata('java/util/ArrayList')}
  0x00007dfa046ab528: 0000 c740 | 08b0 b20b | 0044 8960 | 0c44 8960 | 1045 8b41 

  0x00007dfa046ab53c: ;   {oop(a 'java/lang/Object'[0] {0x000000008079fe78})}
  0x00007dfa046ab53c: 0cc7 4014 | 78fe 7980 | 488b c845 | 85c0 0f86 | bc00 0000 | 4533 dbeb | 2466 6666 | 0f1f 8400 
  0x00007dfa046ab55c: 0000 0000 | 4889 6c24 | 1048 ff74 | 2418 488f | 4424 0848 | 8b5c 2428 | 488b 4c24 | 3045 8b41 
  0x00007dfa046ab57c: 0c45 3bd8 | 0f83 921f | 0000 478b | 4499 1045 | 8b48 1045 | 8b41 1044 | 895c 2424 | 4889 4c24 
  0x00007dfa046ab59c: 3048 895c | 2428 4489 | 5424 2048 | ff74 2408 | 488f 4424 | 1848 8b6c | 2410 498b | d048 8bf1 
  0x00007dfa046ab5bc: ;   {optimized virtual_call}
  0x00007dfa046ab5bc: c5f8 77e8 

  0x00007dfa046ab5c0: ; ImmutableOopMap {rbp=Oop [24]=Oop [32]=NarrowOop [40]=Oop [48]=Oop }
                      ;*invokevirtual addAll {reexecute=0 rethrow=0 return_oop=0}
                      ; - java.security.CodeSource::getCertificates@57 (line 212)
                      ; - java.lang.ClassLoader::postDefineClass@24 (line 937)
                      ; - java.lang.ClassLoader::defineClass@37 (line 1028)
  0x00007dfa046ab5c0: bc9a 6dff 

  0x00007dfa046ab5c4: ;   {other}
  0x00007dfa046ab5c4: 0f1f 8400 | 3441 002e | 498b 8f50 | 0400 0044 | 8b54 2420 | 458b 4a10 | 448b 5c24 

  0x00007dfa046ab5e0: ; ImmutableOopMap {r10=NarrowOop r9=NarrowOop rbp=Oop [24]=Oop [40]=Oop [48]=Oop }
                      ;*goto {reexecute=1 rethrow=0 return_oop=0}
                      ; - (reexecute) java.security.CodeSource::getCertificates@64 (line 211)
                      ; - java.lang.ClassLoader::postDefineClass@24 (line 937)
                      ; - java.lang.ClassLoader::defineClass@37 (line 1028)
  0x00007dfa046ab5e0: 2441 ffc3 

  0x00007dfa046ab5e4: ;   {poll}
  0x00007dfa046ab5e4: 8501 418b | 490c 443b | d90f 8c6d | ffff ff48 | 896c 2410 | 48ff 7424 | 1848 8f44 | 2408 488b 
  0x00007dfa046ab604: 5c24 2848 | 8b4c 2430 | 498b 87b8 | 0100 004c | 8bd8 4983 | c310 4d3b | 9fc8 0100 | 000f 8354 
  0x00007dfa046ab624: 1e00 004d | 899f b801 | 0000 410f | 0d8b c000 | 0000 48c7 | 0001 0000 | 0041 0f0d | 8b00 0100 
  0x00007dfa046ab644: ;   {metadata('java/security/cert/Certificate'[])}
  0x00007dfa046ab644: 00c7 4008 | c852 1000 | 410f 0d8b | 4001 0000 | 4489 600c | 410f 0d8b | 8001 0000 | 4489 5424 
  0x00007dfa046ab664: 1848 8beb | 4889 4c24 | 2048 8bd0 | 488b 7424 | 2066 6690 

  0x00007dfa046ab678: ;   {optimized virtual_call}
  0x00007dfa046ab678: c5f8 77e8 

  0x00007dfa046ab67c: ; ImmutableOopMap {rbp=Oop [8]=Oop [16]=Oop [24]=NarrowOop }
                      ;*invokevirtual toArray {reexecute=0 rethrow=0 return_oop=1}
                      ; - java.security.CodeSource::getCertificates@73 (line 215)
                      ; - java.lang.ClassLoader::postDefineClass@24 (line 937)
                      ; - java.lang.ClassLoader::defineClass@37 (line 1028)
  0x00007dfa046ab67c: 009a 6dff 

  0x00007dfa046ab680: ;   {other}
  0x00007dfa046ab680: 0f1f 8400 | f041 0030 | 4c8b d044 

  0x00007dfa046ab68c: ;   {metadata('java/security/cert/Certificate'[])}
  0x00007dfa046ab68c: 8b58 0841 | 81fb c852 | 1000 0f85 | e020 0000 | 4c89 5424 | 2845 8b52 | 0c4c 8bc5 | 4963 ea49 
  0x00007dfa046ab6ac: c1e8 0949 | bb00 4051 | 18fa 7d00 | 0047 8824 | 0348 c1e5 | 024c 8b5c | 2428 448b | 4424 1845 
  0x00007dfa046ab6cc: 8958 1441 | 81fa 0000 | 0400 0f87 | d11d 0000 | 498b 9fb8 | 0100 004c | 8d5d 1749 | 83e3 f84c 
  0x00007dfa046ab6ec: 8bc3 4d03 | c34d 3b87 | c801 0000 | 0f83 af1d | 0000 4d89 | 87b8 0100 | 0041 0f0d | 88c0 0000 
  0x00007dfa046ab70c: 0048 c703 | 0100 0000 | 410f 0d88 | 0001 0000 

  0x00007dfa046ab71c: ;   {metadata('java/security/cert/Certificate'[])}
  0x00007dfa046ab71c: c743 08c8 | 5210 0044 | 8953 0c41 | 0f0d 8840 | 0100 0041 | 0f0d 8880 | 0100 0048 | 8b7c 2428 
  0x00007dfa046ab73c: 4883 c710 | 488b f348 | 83c6 1048 | 83c5 0748 | c1ed 0348 | 8bd5 c5f8 | 7749 ba00 | e3d6 03fa 
  0x00007dfa046ab75c: 7d00 0041 

  0x00007dfa046ab760: ;   {other}
  0x00007dfa046ab760: ffd2 0f1f | 8400 0000 | 0000 e9ae | e1ff ff48 | 8954 2460 | 4889 4c24 | 584c 8944 | 2450 4489 
  0x00007dfa046ab780: 5c24 4848 | 895c 2440 | 4c8b 5424 | 304c 8954 | 2438 448b | 5424 7044 | 8954 2430 | 4c8b 5424 
  0x00007dfa046ab7a0: 284c 8954 

  0x00007dfa046ab7a4: ;   {metadata({type array byte})}
  0x00007dfa046ab7a4: 2408 48be | 1823 00ae | f97d 0000 | 418b d390 

  0x00007dfa046ab7b4: ;   {runtime_call _new_array_nozero_Java}
  0x00007dfa046ab7b4: c5f8 77e8 

  0x00007dfa046ab7b8: ; ImmutableOopMap {[8]=Oop [16]=Oop [24]=Oop [56]=Oop [64]=Oop [120]=Oop [80]=Derived_oop_[120] }
                      ;*newarray {reexecute=0 rethrow=0 return_oop=1}
                      ; - java.util.Arrays::copyOfRangeByte@10 (line 3863)
                      ; - java.util.Arrays::copyOfRange@13 (line 3854)
                      ; - java.lang.String::<init>@32 (line 4788)
                      ; - java.lang.String::<init>@3 (line 1507)
                      ; - java.lang.StringBuilder::toString@5 (line 475)
                      ; - java.net.URLStreamHandler::toExternalForm@152 (line 486)
                      ; - java.net.URL::toExternalForm@5 (line 1203)
                      ; - java.net.URL::toString@1 (line 1189)
                      ; - java.lang.ClassLoader::defineClassSourceLocation@22 (line 927)
                      ; - java.lang.ClassLoader::defineClass@12 (line 1026)
  0x00007dfa046ab7b8: c4f8 78ff 

  0x00007dfa046ab7bc: ;   {other}
  0x00007dfa046ab7bc: 0f1f 8400 | 2c43 0031 | 4c8b 5c24 | 084c 895c | 2428 448b | 5c24 3044 | 895c 2470 | 4c8b 5c24 
  0x00007dfa046ab7dc: 384c 895c | 2430 488b | 5c24 4044 | 8b5c 2448 | 4c8b 4424 | 5048 8b4c | 2458 488b | 5424 604c 
  0x00007dfa046ab7fc: 8be8 e989 | d6ff ffbe | e4ff ffff | 4489 5424 | 0844 8b5c | 2420 4489 | 5c24 0c44 | 8b54 2424 
  0x00007dfa046ab81c: 4489 5424 | 204c 896c | 2448 448b | 5c24 3844 | 895c 2424 | 894c 243c 

  0x00007dfa046ab834: ;   {runtime_call UncommonTrapBlob}
  0x00007dfa046ab834: c5f8 77e8 

  0x00007dfa046ab838: ; ImmutableOopMap {[16]=Oop [24]=Oop [36]=NarrowOop [40]=Oop [48]=Oop [60]=NarrowOop [72]=Oop }
                      ;*baload {reexecute=0 rethrow=0 return_oop=0}
                      ; - java.lang.StringLatin1::lastIndexOf@24 (line 286)
                      ; - java.lang.String::lastIndexOf@13 (line 2573)
                      ; - java.lang.String::lastIndexOf@8 (line 2535)
                      ; - java.lang.ClassLoader::checkCerts@3 (line 1163)
                      ; - java.lang.ClassLoader::preDefineClass@113 (line 917)
                      ; - java.lang.ClassLoader::defineClass@4 (line 1025)
  0x00007dfa046ab838: c4ea 6dff 

  0x00007dfa046ab83c: ;   {other}
  0x00007dfa046ab83c: 0f1f 8400 | ac43 0032 | 894c 2438 | 4489 4c24 | 2c44 8944 | 2428 4c8b | 5424 084c | 8954 2420 
  0x00007dfa046ab85c: 4c8b 5424 | 304c 8954 | 2418 488b 

  0x00007dfa046ab868: ;   {metadata('java/lang/String')}
  0x00007dfa046ab868: 6c24 1048 | be70 ea00 | aef9 7d00 | 0066 6690 

  0x00007dfa046ab878: ;   {runtime_call _new_instance_Java}
  0x00007dfa046ab878: c5f8 77e8 

  0x00007dfa046ab87c: ; ImmutableOopMap {rbp=Oop [24]=Oop [32]=Oop [40]=NarrowOop [120]=Oop }
                      ;*new {reexecute=0 rethrow=0 return_oop=1}
                      ; - java.lang.StringLatin1::newString@7 (line 752)
                      ; - java.lang.String::substring@41 (line 2839)
                      ; - java.lang.Class::getPackageName@62 (line 1169)
                      ; - java.lang.ClassLoader::postDefineClass@2 (line 934)
                      ; - java.lang.ClassLoader::defineClass@37 (line 1028)
  0x00007dfa046ab87c: 8024 79ff 

  0x00007dfa046ab880: ;   {other}
  0x00007dfa046ab880: 0f1f 8400 | f043 0033 | 4889 6c24 | 104c 8b5c | 2418 4c89 | 5c24 304c | 8b5c 2420 | 4c89 5c24 
  0x00007dfa046ab8a0: 0844 8b44 | 2428 448b | 4c24 2c8b | 4c24 3848 | 8bd8 e96e | d7ff ff48 | 8954 2450 | 4c89 5c24 
  0x00007dfa046ab8c0: 484c 8954 | 2440 4889 | 5c24 3889 | 4c24 1c4c | 8b54 2408 | 4c89 5424 | 284c 8b54 | 2430 4c89 
  0x00007dfa046ab8e0: 5424 2044 | 8b54 2470 | 4489 5424 | 184c 8b54 | 2410 4c89 

  0x00007dfa046ab8f4: ;   {metadata({type array byte})}
  0x00007dfa046ab8f4: 5424 0848 | be18 2300 | aef9 7d00 | 008b d14c | 8b54 2428 | 4c89 5424 | 1066 6690 

  0x00007dfa046ab910: ;   {runtime_call _new_array_nozero_Java}
  0x00007dfa046ab910: c5f8 77e8 

  0x00007dfa046ab914: ; ImmutableOopMap {[8]=Oop [16]=Oop [32]=Oop [40]=Oop [56]=Oop [120]=Oop [64]=Derived_oop_[120] }
                      ;*newarray {reexecute=0 rethrow=0 return_oop=1}
                      ; - java.util.Arrays::copyOfRangeByte@10 (line 3863)
                      ; - java.util.Arrays::copyOfRange@13 (line 3854)
                      ; - java.lang.StringLatin1::newString@16 (line 752)
                      ; - java.lang.String::substring@41 (line 2839)
                      ; - java.lang.Class::getPackageName@62 (line 1169)
                      ; - java.lang.ClassLoader::postDefineClass@2 (line 934)
                      ; - java.lang.ClassLoader::defineClass@37 (line 1028)
  0x00007dfa046ab914: 68f7 78ff 

  0x00007dfa046ab918: ;   {other}
  0x00007dfa046ab918: 0f1f 8400 | 8844 0034 | 4c8b 5424 | 084c 8954 | 2410 448b | 5c24 1844 | 895c 2470 | 4c8b 5424 
  0x00007dfa046ab938: 204c 8954 | 2430 4c8b | 5424 284c | 8954 2408 | 8b4c 241c | 488b 5c24 | 384c 8b54 | 2440 4c8b 
  0x00007dfa046ab958: 5c24 4848 | 8b54 2450 | 4c8b e8e9 | 5fd7 ffff | 4489 4424 | 204c 894c 

  0x00007dfa046ab970: ;   {metadata('java/lang/NamedPackage')}
  0x00007dfa046ab970: 2418 48be | e0c2 01ae | f97d 0000 

  0x00007dfa046ab97c: ;   {runtime_call _new_instance_Java}
  0x00007dfa046ab97c: c5f8 77e8 

  0x00007dfa046ab980: ; ImmutableOopMap {[8]=Oop [16]=Oop [24]=Oop [32]=NarrowOop [48]=Oop }
                      ;*new {reexecute=0 rethrow=0 return_oop=1}
                      ; - java.lang.ClassLoader::getNamedPackage@16 (line 343)
                      ; - java.lang.ClassLoader::postDefineClass@9 (line 934)
                      ; - java.lang.ClassLoader::defineClass@37 (line 1028)
  0x00007dfa046ab980: 7c23 79ff 

  0x00007dfa046ab984: ;   {other}
  0x00007dfa046ab984: 0f1f 8400 | f444 0035 | e972 d9ff 

  0x00007dfa046ab990: ;   {metadata('java/lang/InternalError')}
  0x00007dfa046ab990: ff48 be30 | 0901 aef9 | 7d00 0090 

  0x00007dfa046ab99c: ;   {runtime_call _new_instance_Java}
  0x00007dfa046ab99c: c5f8 77e8 

  0x00007dfa046ab9a0: ; ImmutableOopMap {[8]=Oop [16]=Oop [24]=Oop [32]=NarrowOop [40]=Oop [48]=Oop [56]=Oop }
                      ;*new {reexecute=0 rethrow=0 return_oop=1}
                      ; - java.lang.NamedPackage::<init>@18 (line 49)
                      ; - java.lang.ClassLoader::getNamedPackage@22 (line 343)
                      ; - java.lang.ClassLoader::postDefineClass@9 (line 934)
                      ; - java.lang.ClassLoader::defineClass@37 (line 1028)
  0x00007dfa046ab9a0: 5c23 79ff 

  0x00007dfa046ab9a4: ;   {other}
  0x00007dfa046ab9a4: 0f1f 8400 | 1445 0036 | e9f3 d9ff 

  0x00007dfa046ab9b0: ;   {metadata('java/lang/StringBuilder')}
  0x00007dfa046ab9b0: ff48 be38 | 8200 aef9 | 7d00 0090 

  0x00007dfa046ab9bc: ;   {runtime_call _new_instance_Java}
  0x00007dfa046ab9bc: c5f8 77e8 

  0x00007dfa046ab9c0: ; ImmutableOopMap {[8]=Oop [16]=Oop [24]=Oop [32]=NarrowOop [40]=Oop [48]=Oop [56]=Oop [80]=Oop }
                      ;*new {reexecute=0 rethrow=0 return_oop=1}
                      ; - java.lang.NamedPackage::<init>@22 (line 49)
                      ; - java.lang.ClassLoader::getNamedPackage@22 (line 343)
                      ; - java.lang.ClassLoader::postDefineClass@9 (line 934)
                      ; - java.lang.ClassLoader::defineClass@37 (line 1028)
  0x00007dfa046ab9c0: 3c23 79ff 

  0x00007dfa046ab9c4: ;   {other}
  0x00007dfa046ab9c4: 0f1f 8400 | 3445 0037 | e918 daff | ffbe e4ff | ffff 488b | 6c24 084c | 8b54 2430 | 4c89 5424 
  0x00007dfa046ab9e4: 2048 895c | 2430 4489 | 4424 4089 | 4c24 4490 

  0x00007dfa046ab9f4: ;   {runtime_call UncommonTrapBlob}
  0x00007dfa046ab9f4: c5f8 77e8 

  0x00007dfa046ab9f8: ; ImmutableOopMap {rbp=Oop [16]=Oop [32]=Oop [48]=Oop [64]=NarrowOop }
                      ;*baload {reexecute=0 rethrow=0 return_oop=0}
                      ; - java.lang.StringLatin1::lastIndexOf@24 (line 286)
                      ; - java.lang.String::lastIndexOf@13 (line 2573)
                      ; - java.lang.String::lastIndexOf@8 (line 2535)
                      ; - java.lang.Class::getPackageName@47 (line 1168)
                      ; - java.lang.ClassLoader::postDefineClass@2 (line 934)
                      ; - java.lang.ClassLoader::defineClass@37 (line 1028)
  0x00007dfa046ab9f8: 04e9 6dff 

  0x00007dfa046ab9fc: ;   {other}
  0x00007dfa046ab9fc: 0f1f 8400 | 6c45 0038 | 4c8b 5424 | 084c 8954 | 2410 4c8b | 5424 204c | 8954 2430 | 4c8b 5424 
  0x00007dfa046aba1c: 284c 8954 | 2408 4c8b | 4c24 3844 | 8b44 241c | e988 d8ff | ff48 8954 | 2458 4c89 | 4c24 504c 
  0x00007dfa046aba3c: 895c 2448 | 4489 4424 

  0x00007dfa046aba44: ;   {metadata({type array byte})}
  0x00007dfa046aba44: 0c48 be18 | 2300 aef9 | 7d00 0041 | 8bd0 6690 

  0x00007dfa046aba54: ;   {runtime_call _new_array_nozero_Java}
  0x00007dfa046aba54: c5f8 77e8 

  0x00007dfa046aba58: ; ImmutableOopMap {[8]=NarrowOop [16]=Oop [24]=Oop [40]=Oop [48]=Oop [56]=Oop [64]=Oop [120]=Oop [72]=Derived_oop_[120] }
                      ;*newarray {reexecute=0 rethrow=0 return_oop=1}
                      ; - java.util.Arrays::copyOf@15 (line 3541)
                      ; - java.lang.AbstractStringBuilder::ensureCapacityInternal@32 (line 242)
                      ; - java.lang.AbstractStringBuilder::append@7 (line 806)
                      ; - java.lang.StringBuilder::append@2 (line 246)
                      ; - java.net.URLStreamHandler::toExternalForm@16 (line 480)
                      ; - java.net.URL::toExternalForm@5 (line 1203)
                      ; - java.net.URL::toString@1 (line 1189)
                      ; - java.lang.ClassLoader::defineClassSourceLocation@22 (line 927)
                      ; - java.lang.ClassLoader::defineClass@12 (line 1026)
  0x00007dfa046aba58: 24f6 78ff 

  0x00007dfa046aba5c: ;   {other}
  0x00007dfa046aba5c: 0f1f 8400 | cc45 0039 | 448b 4424 | 0c4c 8b5c | 2448 4c8b | 4c24 5048 | 8b54 2458 | 488b d8e9 
  0x00007dfa046aba7c: 72ca ffff | 4889 5424 | 684c 8954 | 2460 4889 | 7c24 5844 | 8944 240c 

  0x00007dfa046aba94: ;   {metadata({type array byte})}
  0x00007dfa046aba94: 48be 1823 | 00ae f97d | 0000 418b | d066 6690 

  0x00007dfa046abaa4: ;   {runtime_call _new_array_nozero_Java}
  0x00007dfa046abaa4: c5f8 77e8 

  0x00007dfa046abaa8: ; ImmutableOopMap {[8]=NarrowOop [16]=Oop [24]=Oop [40]=Oop [48]=Oop [56]=Oop [64]=Oop [72]=Oop [136]=Oop [88]=Derived_oop_[136] }
                      ;*newarray {reexecute=0 rethrow=0 return_oop=1}
                      ; - java.util.Arrays::copyOf@15 (line 3541)
                      ; - java.lang.AbstractStringBuilder::ensureCapacityInternal@32 (line 242)
                      ; - java.lang.AbstractStringBuilder::append@21 (line 587)
                      ; - java.lang.StringBuilder::append@2 (line 179)
                      ; - java.net.URLStreamHandler::toExternalForm@59 (line 483)
                      ; - java.net.URL::toExternalForm@5 (line 1203)
                      ; - java.net.URL::toString@1 (line 1189)
                      ; - java.lang.ClassLoader::defineClassSourceLocation@22 (line 927)
                      ; - java.lang.ClassLoader::defineClass@12 (line 1026)
  0x00007dfa046abaa8: d4f5 78ff 

  0x00007dfa046abaac: ;   {other}
  0x00007dfa046abaac: 0f1f 8400 | 1c46 003a | 448b 4424 | 0c48 8b7c | 2458 4c8b | 5424 6048 | 8b54 2468 | 488b d8e9 
  0x00007dfa046abacc: 1dcc ffff | 4889 5424 | 784c 895c | 2468 4889 | 7c24 6044 | 8954 2448 

  0x00007dfa046abae4: ;   {metadata({type array byte})}
  0x00007dfa046abae4: 48be 1823 | 00ae f97d | 0000 418b | d266 6690 

  0x00007dfa046abaf4: ;   {runtime_call _new_array_nozero_Java}
  0x00007dfa046abaf4: c5f8 77e8 

  0x00007dfa046abaf8: ; ImmutableOopMap {[8]=NarrowOop [12]=NarrowOop [16]=Oop [24]=Oop [40]=Oop [48]=Oop [56]=Oop [64]=Oop [88]=Oop [144]=Oop [96]=Derived_oop_[144] }
                      ;*newarray {reexecute=0 rethrow=0 return_oop=1}
                      ; - java.util.Arrays::copyOf@15 (line 3541)
                      ; - java.lang.AbstractStringBuilder::ensureCapacityInternal@32 (line 242)
                      ; - java.lang.AbstractStringBuilder::append@21 (line 587)
                      ; - java.lang.StringBuilder::append@2 (line 179)
                      ; - java.net.URLStreamHandler::toExternalForm@77 (line 484)
                      ; - java.net.URL::toExternalForm@5 (line 1203)
                      ; - java.net.URL::toString@1 (line 1189)
                      ; - java.lang.ClassLoader::defineClassSourceLocation@22 (line 927)
                      ; - java.lang.ClassLoader::defineClass@12 (line 1026)
  0x00007dfa046abaf8: 84f5 78ff 

  0x00007dfa046abafc: ;   {other}
  0x00007dfa046abafc: 0f1f 8400 | 6c46 003b | 448b 5424 | 4848 8b7c | 2460 4c8b | 5c24 6848 | 8b54 2478 | 488b d8e9 
  0x00007dfa046abb1c: 03ce ffff | 4889 5424 | 584c 894c | 2450 4c89 | 4424 4844 | 895c 240c 

  0x00007dfa046abb34: ;   {metadata({type array byte})}
  0x00007dfa046abb34: 48be 1823 | 00ae f97d | 0000 418b | d366 6690 

  0x00007dfa046abb44: ;   {runtime_call _new_array_nozero_Java}
  0x00007dfa046abb44: c5f8 77e8 

  0x00007dfa046abb48: ; ImmutableOopMap {[8]=NarrowOop [16]=Oop [24]=Oop [40]=Oop [48]=Oop [56]=Oop [64]=Oop [120]=Oop [72]=Derived_oop_[120] }
                      ;*newarray {reexecute=0 rethrow=0 return_oop=1}
                      ; - java.util.Arrays::copyOf@15 (line 3541)
                      ; - java.lang.AbstractStringBuilder::ensureCapacityInternal@32 (line 242)
                      ; - java.lang.AbstractStringBuilder::append@21 (line 587)
                      ; - java.lang.StringBuilder::append@2 (line 179)
                      ; - java.net.URLStreamHandler::toExternalForm@113 (line 485)
                      ; - java.net.URL::toExternalForm@5 (line 1203)
                      ; - java.net.URL::toString@1 (line 1189)
                      ; - java.lang.ClassLoader::defineClassSourceLocation@22 (line 927)
                      ; - java.lang.ClassLoader::defineClass@12 (line 1026)
  0x00007dfa046abb48: 34f5 78ff 

  0x00007dfa046abb4c: ;   {other}
  0x00007dfa046abb4c: 0f1f 8400 | bc46 003c | 448b 5c24 | 0c4c 8b44 | 2448 4c8b | 4c24 5048 | 8b54 2458 | 488b d8e9 
  0x00007dfa046abb6c: c0cf ffff | 4889 5424 | 584c 894c | 2450 4c89 | 4424 4844 | 8954 2438 

  0x00007dfa046abb84: ;   {metadata({type array byte})}
  0x00007dfa046abb84: 48be 1823 | 00ae f97d | 0000 8b54 | 2438 6690 

  0x00007dfa046abb94: ;   {runtime_call _new_array_nozero_Java}
  0x00007dfa046abb94: c5f8 77e8 

  0x00007dfa046abb98: ; ImmutableOopMap {[16]=Oop [24]=Oop [40]=Oop [48]=Oop [64]=Oop [104]=Oop [72]=Derived_oop_[104] }
                      ;*newarray {reexecute=0 rethrow=0 return_oop=1}
                      ; - java.util.Arrays::copyOf@15 (line 3541)
                      ; - java.lang.AbstractStringBuilder::ensureCapacityInternal@32 (line 242)
                      ; - java.lang.AbstractStringBuilder::append@21 (line 587)
                      ; - java.lang.StringBuilder::append@2 (line 179)
                      ; - java.net.URLStreamHandler::toExternalForm@149 (line 486)
                      ; - java.net.URL::toExternalForm@5 (line 1203)
                      ; - java.net.URL::toString@1 (line 1189)
                      ; - java.lang.ClassLoader::defineClassSourceLocation@22 (line 927)
                      ; - java.lang.ClassLoader::defineClass@12 (line 1026)
  0x00007dfa046abb98: e4f4 78ff 

  0x00007dfa046abb9c: ;   {other}
  0x00007dfa046abb9c: 0f1f 8400 | 0c47 003d | 448b 5424 | 384c 8b44 | 2448 4c8b | 4c24 5048 | 8b54 2458 | 488b d8e9 
  0x00007dfa046abbbc: 23d1 ffff | 4889 5424 | 784c 894c | 2468 4489 | 5c24 604c | 8944 2458 | 4489 5424 

  0x00007dfa046abbd8: ;   {metadata({type array byte})}
  0x00007dfa046abbd8: 5448 be18 | 2300 aef9 | 7d00 0041 | 8bd3 6690 

  0x00007dfa046abbe8: ;   {runtime_call _new_array_nozero_Java}
  0x00007dfa046abbe8: c5f8 77e8 

  0x00007dfa046abbec: ; ImmutableOopMap {rbp=Oop [8]=NarrowOop [12]=NarrowOop [16]=Oop [24]=Oop [40]=Oop [48]=Oop [56]=Oop [64]=Oop [72]=Oop [88]=Derived_oop_[72] }
                      ;*newarray {reexecute=0 rethrow=0 return_oop=1}
                      ; - java.util.Arrays::copyOf@15 (line 3541)
                      ; - java.lang.AbstractStringBuilder::ensureCapacityInternal@32 (line 242)
                      ; - java.lang.AbstractStringBuilder::append@21 (line 587)
                      ; - java.lang.StringBuilder::append@2 (line 179)
                      ; - java.net.URLStreamHandler::toExternalForm@11 (line 480)
                      ; - java.net.URL::toExternalForm@5 (line 1203)
                      ; - java.net.URL::toString@1 (line 1189)
                      ; - java.lang.ClassLoader::defineClassSourceLocation@22 (line 927)
                      ; - java.lang.ClassLoader::defineClass@12 (line 1026)
  0x00007dfa046abbec: 90f4 78ff 

  0x00007dfa046abbf0: ;   {other}
  0x00007dfa046abbf0: 0f1f 8400 | 6047 003e | 448b 5424 | 544c 8b44 | 2458 448b | 5c24 604c | 8b4c 2468 | 488b 5424 
  0x00007dfa046abc10: 7848 8bd8 | e9b4 c6ff | ff49 8bea | 4889 5424 | 604c 895c | 2458 4889 | 5c24 5044 | 8bd6 894c 
  0x00007dfa046abc30: 244c 448b | 4424 3844 | 8944 2448 | 4c8b 5c24 | 304c 895c | 2440 4c89 | 6c24 3844 | 8b5c 2470 
  0x00007dfa046abc50: 4489 5c24 | 304c 8b5c | 2428 4c89 

  0x00007dfa046abc5c: ;   {metadata({type array byte})}
  0x00007dfa046abc5c: 5c24 0848 | be18 2300 | aef9 7d00 | 0041 8bd2 

  0x00007dfa046abc6c: ;   {runtime_call _new_array_nozero_Java}
  0x00007dfa046abc6c: c5f8 77e8 

  0x00007dfa046abc70: ; ImmutableOopMap {rbp=Oop [88]=Derived_oop_rbp [8]=Oop [16]=Oop [24]=Oop [56]=Oop [64]=Oop [72]=NarrowOop [76]=NarrowOop [80]=Oop }
                      ;*invokevirtual clone {reexecute=1 rethrow=0 return_oop=1}
                      ; - (reexecute) java.util.Arrays::copyOfRange@18 (line 3856)
                      ; - java.lang.StringLatin1::newString@16 (line 752)
                      ; - java.lang.String::substring@41 (line 2839)
                      ; - java.lang.ClassLoader::checkCerts@21 (line 1164)
                      ; - java.lang.ClassLoader::preDefineClass@113 (line 917)
                      ; - java.lang.ClassLoader::defineClass@4 (line 1025)
  0x00007dfa046abc70: 0cf4 78ff 

  0x00007dfa046abc74: ;   {other}
  0x00007dfa046abc74: 0f1f 8400 | e447 003f | 4c8b 5424 | 084c 8954 | 2428 448b | 5424 3044 | 8954 2470 | 4c8b 6c24 
  0x00007dfa046abc94: 384c 8b54 | 2440 4c89 | 5424 3044 | 8b5c 2448 | 4489 5c24 | 3848 8b5c | 2450 4c8b | 5c24 5848 
  0x00007dfa046abcb4: 8b54 2460 | 488b e8e9 | e3d9 ffff | 4889 5424 | 584c 8944 | 2450 4489 | 4c24 4848 | 895c 2440 
  0x00007dfa046abcd4: 4c8b 5424 | 304c 8954 | 2438 4c8b | 5424 104c | 8954 2408 | 488b 6c24 

  0x00007dfa046abcec: ;   {metadata({type array byte})}
  0x00007dfa046abcec: 2848 be18 | 2300 aef9 | 7d00 008b | d766 6690 

  0x00007dfa046abcfc: ;   {runtime_call _new_array_nozero_Java}
  0x00007dfa046abcfc: c5f8 77e8 

  0x00007dfa046abd00: ; ImmutableOopMap {rbp=Oop [8]=Oop [24]=Oop [56]=Oop [64]=Oop [72]=NarrowOop [120]=Oop [80]=Derived_oop_[120] }
                      ;*invokevirtual clone {reexecute=1 rethrow=0 return_oop=1}
                      ; - (reexecute) java.util.Arrays::copyOfRange@18 (line 3856)
                      ; - java.lang.String::<init>@32 (line 4788)
                      ; - java.lang.String::<init>@3 (line 1507)
                      ; - java.lang.StringBuilder::toString@5 (line 475)
                      ; - java.net.URLStreamHandler::toExternalForm@152 (line 486)
                      ; - java.net.URL::toExternalForm@5 (line 1203)
                      ; - java.net.URL::toString@1 (line 1189)
                      ; - java.lang.ClassLoader::defineClassSourceLocation@22 (line 927)
                      ; - java.lang.ClassLoader::defineClass@12 (line 1026)
  0x00007dfa046abd00: 7cf3 78ff 

  0x00007dfa046abd04: ;   {other}
  0x00007dfa046abd04: 0f1f 8400 | 7448 0040 | 4889 6c24 | 284c 8b5c | 2408 4c89 | 5c24 104c | 8b5c 2438 | 4c89 5c24 
  0x00007dfa046abd24: 3048 8b5c | 2440 4c8b | 4424 5048 | 8b54 2458 | 488b e8e9 | 6ada ffff | 4889 5424 | 5845 8bc2 
  0x00007dfa046abd44: 4489 5c24 | 5048 895c | 2448 4c8b | 5424 304c | 8954 2440 | 4c89 6c24 | 384c 8b54 | 2428 4c89 
  0x00007dfa046abd64: 5424 0848 | be00 0000 | aef9 7d00 | 0049 03f1 | 418b d090 

  0x00007dfa046abd78: ;   {runtime_call _new_array_Java}
  0x00007dfa046abd78: c5f8 77e8 

  0x00007dfa046abd7c: ; ImmutableOopMap {rbp=Oop [8]=Oop [16]=Oop [24]=Oop [56]=Oop [64]=Oop [72]=Oop [80]=NarrowOop }
                      ;*invokevirtual clone {reexecute=1 rethrow=0 return_oop=1}
                      ; - (reexecute) java.security.CodeSource::getCertificates@11 (line 205)
                      ; - java.lang.ClassLoader::checkCerts@34 (line 1168)
                      ; - java.lang.ClassLoader::preDefineClass@113 (line 917)
                      ; - java.lang.ClassLoader::defineClass@4 (line 1025)
  0x00007dfa046abd7c: 00fc 78ff 

  0x00007dfa046abd80: ;   {other}
  0x00007dfa046abd80: 0f1f 8400 | f048 0041 | 4c8b 5c24 | 084c 895c | 2428 4c8b | 6c24 384c | 8b5c 2440 | 4c89 5c24 
  0x00007dfa046abda0: 3048 8b5c | 2448 448b | 5c24 5048 | 8b54 2458 | 4c8b f0e9 | 93da ffff | 4889 5424 | 2889 4c24 
  0x00007dfa046abdc0: 2048 ff74 | 2408 488f | 4424 184c | 8b54 2410 | 4c89 5424 | 0848 be00 | 0000 aef9 | 7d00 0049 
  0x00007dfa046abde0: 03f0 418b | d166 6690 

  0x00007dfa046abde8: ;   {runtime_call _new_array_Java}
  0x00007dfa046abde8: c5f8 77e8 

  0x00007dfa046abdec: ; ImmutableOopMap {rbp=Oop [8]=Oop [24]=Oop [32]=NarrowOop }
                      ;*invokevirtual clone {reexecute=1 rethrow=0 return_oop=1}
                      ; - (reexecute) java.security.CodeSource::getCertificates@11 (line 205)
                      ; - java.lang.ClassLoader::postDefineClass@24 (line 937)
                      ; - java.lang.ClassLoader::defineClass@37 (line 1028)
  0x00007dfa046abdec: 90fb 78ff 

  0x00007dfa046abdf0: ;   {other}
  0x00007dfa046abdf0: 0f1f 8400 | 6049 0042 | 48ff 7424 | 1848 8f44 | 2408 8b4c | 2420 488b | 5424 2848 | 8bd8 e9df 
  0x00007dfa046abe10: daff ff48 | 8954 2448 | 4c89 5424 | 4048 895c | 2438 4489 | 4424 284c | 8b5c 2408 | 4c89 5c24 
  0x00007dfa046abe30: 204c 8b5c | 2430 4c89 | 5c24 1848 | 8b6c 2410 

  0x00007dfa046abe40: ;   {metadata({type array byte})}
  0x00007dfa046abe40: 48be 1823 | 00ae f97d | 0000 418b | d166 6690 

  0x00007dfa046abe50: ;   {runtime_call _new_array_nozero_Java}
  0x00007dfa046abe50: c5f8 77e8 

  0x00007dfa046abe54: ; ImmutableOopMap {rbp=Oop [24]=Oop [32]=Oop [40]=NarrowOop [56]=Oop [120]=Oop [64]=Derived_oop_[120] }
                      ;*invokevirtual clone {reexecute=1 rethrow=0 return_oop=1}
                      ; - (reexecute) java.util.Arrays::copyOfRange@18 (line 3856)
                      ; - java.lang.StringLatin1::newString@16 (line 752)
                      ; - java.lang.String::substring@41 (line 2839)
                      ; - java.lang.Class::getPackageName@62 (line 1169)
                      ; - java.lang.ClassLoader::postDefineClass@2 (line 934)
                      ; - java.lang.ClassLoader::defineClass@37 (line 1028)
  0x00007dfa046abe54: 28f2 78ff 

  0x00007dfa046abe58: ;   {other}
  0x00007dfa046abe58: 0f1f 8400 | c849 0043 | 4889 6c24 | 104c 8b54 | 2418 4c89 | 5424 304c | 8b54 2420 | 4c89 5424 
  0x00007dfa046abe78: 0848 8b5c | 2438 4c8b | 5424 4048 | 8b54 2448 | 488b e8e9 | 2fdb ffff | bef6 ffff | ff48 8be8 
  0x00007dfa046abe98: ;   {runtime_call UncommonTrapBlob}
  0x00007dfa046abe98: c5f8 77e8 

  0x00007dfa046abe9c: ; ImmutableOopMap {rbp=Oop }
                      ;*invokevirtual get {reexecute=0 rethrow=0 return_oop=0}
                      ; - java.lang.ClassLoader::getNamedPackage@5 (line 341)
                      ; - java.lang.ClassLoader::postDefineClass@9 (line 934)
                      ; - java.lang.ClassLoader::defineClass@37 (line 1028)
  0x00007dfa046abe9c: 60e4 6dff 

  0x00007dfa046abea0: ;   {other}
  0x00007dfa046abea0: 0f1f 8400 | 104a 0044 | bef6 ffff | ff48 8beb | 4c89 7424 | 0866 6690 

  0x00007dfa046abeb8: ;   {runtime_call UncommonTrapBlob}
  0x00007dfa046abeb8: c5f8 77e8 

  0x00007dfa046abebc: ; ImmutableOopMap {rbp=Oop [8]=Oop }
                      ;*invokevirtual putIfAbsent {reexecute=0 rethrow=0 return_oop=0}
                      ; - java.lang.ClassLoader::checkCerts@62 (line 1171)
                      ; - java.lang.ClassLoader::preDefineClass@113 (line 917)
                      ; - java.lang.ClassLoader::defineClass@4 (line 1025)
  0x00007dfa046abebc: 40e4 6dff 

  0x00007dfa046abec0: ;   {other}
  0x00007dfa046abec0: 0f1f 8400 | 304a 0045 | be45 ffff | ff48 8b6c | 2410 6690 

  0x00007dfa046abed4: ;   {runtime_call UncommonTrapBlob}
  0x00007dfa046abed4: c5f8 77e8 

  0x00007dfa046abed8: ; ImmutableOopMap {rbp=Oop [8]=Oop [24]=Oop [40]=Oop }
                      ;*ifeq {reexecute=1 rethrow=0 return_oop=0}
                      ; - (reexecute) java.lang.ClassLoader::checkName@8 (line 1155)
                      ; - java.lang.ClassLoader::preDefineClass@1 (line 900)
                      ; - java.lang.ClassLoader::defineClass@4 (line 1025)
  0x00007dfa046abed8: 24e4 6dff 

  0x00007dfa046abedc: ;   {other}
  0x00007dfa046abedc: 0f1f 8400 | 4c4a 0046 | 498b f233 | d248 8b6c | 2410 6690 

  0x00007dfa046abef0: ;   {static_call}
  0x00007dfa046abef0: c5f8 77e8 

  0x00007dfa046abef4: ; ImmutableOopMap {rbp=Oop [8]=Oop [16]=Oop [24]=Oop [40]=Oop }
                      ;*invokestatic charAt {reexecute=0 rethrow=0 return_oop=0}
                      ; - java.lang.String::charAt@21 (line 1557)
                      ; - java.lang.ClassLoader::checkName@25 (line 1157)
                      ; - java.lang.ClassLoader::preDefineClass@1 (line 900)
                      ; - java.lang.ClassLoader::defineClass@4 (line 1025)
  0x00007dfa046abef4: 8897 6dff 

  0x00007dfa046abef8: ;   {other}
  0x00007dfa046abef8: 0f1f 8400 | 684a 0047 | 448b d0e9 | 8abe ffff | bee4 ffff | ff44 8954 | 2440 6690 

  0x00007dfa046abf14: ;   {runtime_call UncommonTrapBlob}
  0x00007dfa046abf14: c5f8 77e8 

  0x00007dfa046abf18: ; ImmutableOopMap {[8]=Oop [16]=Oop [24]=Oop [40]=Oop [64]=NarrowOop }
                      ;*invokestatic checkIndex {reexecute=0 rethrow=0 return_oop=0}
                      ; - java.lang.String::checkIndex@5 (line 4832)
                      ; - java.lang.StringLatin1::charAt@3 (line 46)
                      ; - java.lang.String::charAt@12 (line 1555)
                      ; - java.lang.ClassLoader::checkName@25 (line 1157)
                      ; - java.lang.ClassLoader::preDefineClass@1 (line 900)
                      ; - java.lang.ClassLoader::defineClass@4 (line 1025)
  0x00007dfa046abf18: e4e3 6dff 

  0x00007dfa046abf1c: ;   {other}
  0x00007dfa046abf1c: 0f1f 8400 | 8c4a 0048 | bece ffff | ff89 5424 | 4866 6690 

  0x00007dfa046abf30: ;   {runtime_call UncommonTrapBlob}
  0x00007dfa046abf30: c5f8 77e8 

  0x00007dfa046abf34: ; ImmutableOopMap {rbp=NarrowOop [8]=Oop [16]=Oop [24]=Oop [40]=Oop }
                      ;*invokestatic indexOfChar {reexecute=0 rethrow=0 return_oop=0}
                      ; - java.lang.StringLatin1::indexOf@33 (line 204)
                      ; - java.lang.String::indexOf@17 (line 2461)
                      ; - java.lang.String::indexOf@3 (line 2405)
                      ; - java.lang.ClassLoader::checkName@16 (line 1157)
                      ; - java.lang.ClassLoader::preDefineClass@1 (line 900)
                      ; - java.lang.ClassLoader::defineClass@4 (line 1025)
  0x00007dfa046abf34: c8e3 6dff 

  0x00007dfa046abf38: ;   {other}
  0x00007dfa046abf38: 0f1f 8400 | a84a 0049 | bee4 ffff | ff66 6690 

  0x00007dfa046abf48: ;   {runtime_call UncommonTrapBlob}
  0x00007dfa046abf48: c5f8 77e8 

  0x00007dfa046abf4c: ; ImmutableOopMap {rbp=NarrowOop [8]=Oop [16]=Oop [24]=Oop [40]=Oop }
                      ;*baload {reexecute=0 rethrow=0 return_oop=0}
                      ; - jdk.internal.util.ArraysSupport::mismatch@82 (line 402)
                      ; - java.lang.String::startsWith@70 (line 2297)
                      ; - java.lang.String::startsWith@3 (line 2327)
                      ; - java.lang.ClassLoader::preDefineClass@43 (line 906)
                      ; - java.lang.ClassLoader::defineClass@4 (line 1025)
  0x00007dfa046abf4c: b0e3 6dff 

  0x00007dfa046abf50: ;   {other}
  0x00007dfa046abf50: 0f1f 8400 | c04a 004a | bee4 ffff | ff4c 8b5c | 2410 4c89 | 5c24 084c | 8b5c 2428 | 4c89 5c24 
  0x00007dfa046abf70: 104c 8b5c | 2430 4c89 | 5c24 2844 | 896c 2430 | 4489 5424 | 3466 6690 

  0x00007dfa046abf88: ;   {runtime_call UncommonTrapBlob}
  0x00007dfa046abf88: c5f8 77e8 

  0x00007dfa046abf8c: ; ImmutableOopMap {[8]=Oop [16]=Oop [24]=Oop [40]=Oop [48]=NarrowOop [52]=NarrowOop [64]=Oop }
                      ;*bastore {reexecute=0 rethrow=0 return_oop=0}
                      ; - java.lang.AbstractStringBuilder::append@41 (line 808)
                      ; - java.lang.StringBuilder::append@2 (line 246)
                      ; - java.net.URLStreamHandler::toExternalForm@16 (line 480)
                      ; - java.net.URL::toExternalForm@5 (line 1203)
                      ; - java.net.URL::toString@1 (line 1189)
                      ; - java.lang.ClassLoader::defineClassSourceLocation@22 (line 927)
                      ; - java.lang.ClassLoader::defineClass@12 (line 1026)
  0x00007dfa046abf8c: 70e3 6dff 

  0x00007dfa046abf90: ;   {other}
  0x00007dfa046abf90: 0f1f 8400 | 004b 004b | becc ffff | ff4c 8b5c | 2410 4c89 | 5c24 084c | 8b5c 2428 | 4c89 5c24 
  0x00007dfa046abfb0: 104c 8b5c | 2430 4c89 | 5c24 2844 | 896c 2430 | 4489 7424 | 3444 8954 | 2448 4489 | 4c24 4c89 
  0x00007dfa046abfd0: 5c24 5090 

  0x00007dfa046abfd4: ;   {runtime_call UncommonTrapBlob}
  0x00007dfa046abfd4: c5f8 77e8 

  0x00007dfa046abfd8: ; ImmutableOopMap {[8]=Oop [16]=Oop [24]=Oop [40]=Oop [48]=NarrowOop [64]=Oop [72]=NarrowOop [76]=NarrowOop }
                      ;*invokestatic arraycopy {reexecute=0 rethrow=0 return_oop=0}
                      ; - java.lang.String::getBytes@22 (line 4726)
                      ; - java.lang.AbstractStringBuilder::putStringAt@15 (line 1751)
                      ; - java.lang.AbstractStringBuilder::append@30 (line 588)
                      ; - java.lang.StringBuilder::append@2 (line 179)
                      ; - java.net.URLStreamHandler::toExternalForm@59 (line 483)
                      ; - java.net.URL::toExternalForm@5 (line 1203)
                      ; - java.net.URL::toString@1 (line 1189)
                      ; - java.lang.ClassLoader::defineClassSourceLocation@22 (line 927)
                      ; - java.lang.ClassLoader::defineClass@12 (line 1026)
  0x00007dfa046abfd8: 24e3 6dff 

  0x00007dfa046abfdc: ;   {other}
  0x00007dfa046abfdc: 0f1f 8400 | 4c4b 004c | becc ffff | ff4c 8b54 | 2410 4c89 | 5424 084c | 8b54 2428 | 4c89 5424 
  0x00007dfa046abffc: 104c 8b54 | 2430 4c89 | 5424 2844 | 896c 2430 | 895c 2434 | 4489 5c24 | 4844 8944 | 244c 894c 
  0x00007dfa046ac01c: 2450 6690 

  0x00007dfa046ac020: ;   {runtime_call UncommonTrapBlob}
  0x00007dfa046ac020: c5f8 77e8 

  0x00007dfa046ac024: ; ImmutableOopMap {[8]=Oop [16]=Oop [24]=Oop [40]=Oop [48]=NarrowOop [64]=Oop [72]=NarrowOop [76]=NarrowOop }
                      ;*invokestatic arraycopy {reexecute=0 rethrow=0 return_oop=0}
                      ; - java.lang.String::getBytes@22 (line 4726)
                      ; - java.lang.AbstractStringBuilder::putStringAt@15 (line 1751)
                      ; - java.lang.AbstractStringBuilder::append@30 (line 588)
                      ; - java.lang.StringBuilder::append@2 (line 179)
                      ; - java.net.URLStreamHandler::toExternalForm@77 (line 484)
                      ; - java.net.URL::toExternalForm@5 (line 1203)
                      ; - java.net.URL::toString@1 (line 1189)
                      ; - java.lang.ClassLoader::defineClassSourceLocation@22 (line 927)
                      ; - java.lang.ClassLoader::defineClass@12 (line 1026)
  0x00007dfa046ac024: d8e2 6dff 

  0x00007dfa046ac028: ;   {other}
  0x00007dfa046ac028: 0f1f 8400 | 984b 004d | becc ffff | ff4c 8b5c | 2410 4c89 | 5c24 084c | 8b5c 2428 | 4c89 5c24 
  0x00007dfa046ac048: 104c 8b5c | 2430 4c89 | 5c24 2844 | 896c 2430 | 4489 5424 | 3466 6690 

  0x00007dfa046ac060: ;   {runtime_call UncommonTrapBlob}
  0x00007dfa046ac060: c5f8 77e8 

  0x00007dfa046ac064: ; ImmutableOopMap {rbp=NarrowOop [8]=Oop [16]=Oop [24]=Oop [40]=Oop [48]=NarrowOop [64]=Oop }
                      ;*invokestatic arraycopy {reexecute=0 rethrow=0 return_oop=0}
                      ; - java.lang.String::getBytes@22 (line 4726)
                      ; - java.lang.AbstractStringBuilder::putStringAt@15 (line 1751)
                      ; - java.lang.AbstractStringBuilder::append@30 (line 588)
                      ; - java.lang.StringBuilder::append@2 (line 179)
                      ; - java.net.URLStreamHandler::toExternalForm@113 (line 485)
                      ; - java.net.URL::toExternalForm@5 (line 1203)
                      ; - java.net.URL::toString@1 (line 1189)
                      ; - java.lang.ClassLoader::defineClassSourceLocation@22 (line 927)
                      ; - java.lang.ClassLoader::defineClass@12 (line 1026)
  0x00007dfa046ac064: 98e2 6dff 

  0x00007dfa046ac068: ;   {other}
  0x00007dfa046ac068: 0f1f 8400 | d84b 004e | becc ffff | ff4c 8b54 | 2410 4c89 | 5424 084c | 8b54 2428 | 4c89 5424 
  0x00007dfa046ac088: 104c 8b54 | 2430 4c89 | 5424 284c | 8b54 2440 | 4c89 5424 | 3844 894c | 2440 6690 

  0x00007dfa046ac0a4: ;   {runtime_call UncommonTrapBlob}
  0x00007dfa046ac0a4: c5f8 77e8 

  0x00007dfa046ac0a8: ; ImmutableOopMap {rbp=NarrowOop [8]=Oop [16]=Oop [24]=Oop [40]=Oop [56]=Oop }
                      ;*invokestatic arraycopy {reexecute=0 rethrow=0 return_oop=0}
                      ; - java.lang.String::getBytes@22 (line 4726)
                      ; - java.lang.AbstractStringBuilder::putStringAt@15 (line 1751)
                      ; - java.lang.AbstractStringBuilder::append@30 (line 588)
                      ; - java.lang.StringBuilder::append@2 (line 179)
                      ; - java.net.URLStreamHandler::toExternalForm@149 (line 486)
                      ; - java.net.URL::toExternalForm@5 (line 1203)
                      ; - java.net.URL::toString@1 (line 1189)
                      ; - java.lang.ClassLoader::defineClassSourceLocation@22 (line 927)
                      ; - java.lang.ClassLoader::defineClass@12 (line 1026)
  0x00007dfa046ac0a8: 54e2 6dff 

  0x00007dfa046ac0ac: ;   {other}
  0x00007dfa046ac0ac: 0f1f 8400 | 1c4c 004f | becc ffff | ff4c 8b44 | 2410 4c89 | 4424 084c | 8b44 2428 | 4c89 4424 
  0x00007dfa046ac0cc: 104c 8b44 | 2430 4c89 | 4424 2844 | 896c 2430 | 895c 2434 | 894c 2448 | 4489 5c24 | 4c44 8954 
  0x00007dfa046ac0ec: 2450 6690 

  0x00007dfa046ac0f0: ;   {runtime_call UncommonTrapBlob}
  0x00007dfa046ac0f0: c5f8 77e8 

  0x00007dfa046ac0f4: ; ImmutableOopMap {[8]=Oop [16]=Oop [24]=Oop [40]=Oop [48]=NarrowOop [64]=Oop [72]=NarrowOop [76]=NarrowOop }
                      ;*invokestatic arraycopy {reexecute=0 rethrow=0 return_oop=0}
                      ; - java.lang.String::getBytes@22 (line 4726)
                      ; - java.lang.AbstractStringBuilder::putStringAt@15 (line 1751)
                      ; - java.lang.AbstractStringBuilder::append@30 (line 588)
                      ; - java.lang.StringBuilder::append@2 (line 179)
                      ; - java.net.URLStreamHandler::toExternalForm@11 (line 480)
                      ; - java.net.URL::toExternalForm@5 (line 1203)
                      ; - java.net.URL::toString@1 (line 1189)
                      ; - java.lang.ClassLoader::defineClassSourceLocation@22 (line 927)
                      ; - java.lang.ClassLoader::defineClass@12 (line 1026)
  0x00007dfa046ac0f4: 08e2 6dff 

  0x00007dfa046ac0f8: ;   {other}
  0x00007dfa046ac0f8: 0f1f 8400 | 684c 0050 | 4d63 c2e9 | 2cbe ffff | 4983 c0fe | 498b c849 | 8bf9 4833 | c048 83f9 
  0x00007dfa046ac118: 087f 1048 | ffc9 784f | 4889 04cf | 48ff c97d | f7eb 44c5 | fdef c0e9 | 0d00 0000 | c5fe 7f07 
  0x00007dfa046ac138: c5fe 7f47 | 2048 83c7 | 4048 83e9 | 087d ed48 | 83c1 047c | 0cc5 fe7f | 0748 83c7 | 2048 83e9 
  0x00007dfa046ac158: 0448 83c1 | 047e 1048 | ffc9 c5f9 | d607 4883 | c708 48ff | c97d f3e9 | 90be ffff | becc ffff 
  0x00007dfa046ac178: ff44 8954 | 2408 448b | 5c24 2044 | 895c 240c | 448b 5424 | 2444 8954 | 2420 4c89 | 6c24 4844 
  0x00007dfa046ac198: 8b54 2438 | 4489 5424 | 2448 895c | 2450 894c | 2458 6690 

  0x00007dfa046ac1ac: ;   {runtime_call UncommonTrapBlob}
  0x00007dfa046ac1ac: c5f8 77e8 

  0x00007dfa046ac1b0: ; ImmutableOopMap {[16]=Oop [24]=Oop [36]=NarrowOop [40]=Oop [48]=Oop [72]=Oop [80]=Oop [88]=NarrowOop }
                      ;*newarray {reexecute=1 rethrow=0 return_oop=0}
                      ; - (reexecute) java.util.Arrays::copyOfRangeByte@10 (line 3863)
                      ; - java.util.Arrays::copyOfRange@13 (line 3854)
                      ; - java.lang.StringLatin1::newString@16 (line 752)
                      ; - java.lang.String::substring@41 (line 2839)
                      ; - java.lang.ClassLoader::checkCerts@21 (line 1164)
                      ; - java.lang.ClassLoader::preDefineClass@113 (line 917)
                      ; - java.lang.ClassLoader::defineClass@4 (line 1025)
  0x00007dfa046ac1b0: 4ce1 6dff 

  0x00007dfa046ac1b4: ;   {other}
  0x00007dfa046ac1b4: 0f1f 8400 | 244d 0051 | 4963 cbe9 | 41cc ffff | 4883 c1fe | 498b fa48 | 33c0 4883 | f908 7f10 
  0x00007dfa046ac1d4: 48ff c978 | 4f48 8904 | cf48 ffc9 | 7df7 eb44 | c5fd efc0 | e90d 0000 | 00c5 fe7f | 07c5 fe7f 
  0x00007dfa046ac1f4: 4720 4883 | c740 4883 | e908 7ded | 4883 c104 | 7c0c c5fe | 7f07 4883 | c720 4883 | e904 4883 
  0x00007dfa046ac214: c104 7e10 | 48ff c9c5 | f9d6 0748 | 83c7 0848 | ffc9 7df3 | e9a1 ccff | ffbe ccff | ffff 488b 
  0x00007dfa046ac234: 6c24 104c | 8b54 2428 | 4c89 5424 | 084c 8b54 | 2418 4c89 | 5424 1044 | 8b54 2420 | 4489 5424 
  0x00007dfa046ac254: 1844 8b44 | 2424 4489 | 4424 1c4c | 8b54 2430 | 4c89 5424 | 2048 895c | 2430 4489 | 4c24 3844 
  0x00007dfa046ac274: 895c 2440 

  0x00007dfa046ac278: ;   {runtime_call UncommonTrapBlob}
  0x00007dfa046ac278: c5f8 77e8 

  0x00007dfa046ac27c: ; ImmutableOopMap {rbp=Oop [8]=Oop [16]=Oop [32]=Oop [48]=Oop [56]=NarrowOop }
                      ;*newarray {reexecute=1 rethrow=0 return_oop=0}
                      ; - (reexecute) java.util.Arrays::copyOfRangeByte@10 (line 3863)
                      ; - java.util.Arrays::copyOfRange@13 (line 3854)
                      ; - java.lang.String::<init>@32 (line 4788)
                      ; - java.lang.String::<init>@3 (line 1507)
                      ; - java.lang.StringBuilder::toString@5 (line 475)
                      ; - java.net.URLStreamHandler::toExternalForm@152 (line 486)
                      ; - java.net.URL::toExternalForm@5 (line 1203)
                      ; - java.net.URL::toString@1 (line 1189)
                      ; - java.lang.ClassLoader::defineClassSourceLocation@22 (line 927)
                      ; - java.lang.ClassLoader::defineClass@12 (line 1026)
  0x00007dfa046ac27c: 80e0 6dff 

  0x00007dfa046ac280: ;   {other}
  0x00007dfa046ac280: 0f1f 8400 | f04d 0052 | bede ffff | ff66 6690 

  0x00007dfa046ac290: ;   {runtime_call UncommonTrapBlob}
  0x00007dfa046ac290: c5f8 77e8 

  0x00007dfa046ac294: ; ImmutableOopMap {rbp=NarrowOop }
                      ;*checkcast {reexecute=0 rethrow=0 return_oop=0}
                      ; - java.lang.ClassLoader::getNamedPackage@8 (line 341)
                      ; - java.lang.ClassLoader::postDefineClass@9 (line 934)
                      ; - java.lang.ClassLoader::defineClass@37 (line 1028)
  0x00007dfa046ac294: 68e0 6dff 

  0x00007dfa046ac298: ;   {other}
  0x00007dfa046ac298: 0f1f 8400 | 084e 0053 | be45 ffff | ff48 8b6c | 2410 895c | 2438 6690 

  0x00007dfa046ac2b0: ;   {runtime_call UncommonTrapBlob}
  0x00007dfa046ac2b0: c5f8 77e8 

  0x00007dfa046ac2b4: ; ImmutableOopMap {rbp=Oop [8]=Oop [24]=Oop [40]=Oop }
                      ;*if_icmpne {reexecute=1 rethrow=0 return_oop=0}
                      ; - (reexecute) java.lang.ClassLoader::checkName@20 (line 1157)
                      ; - java.lang.ClassLoader::preDefineClass@1 (line 900)
                      ; - java.lang.ClassLoader::defineClass@4 (line 1025)
  0x00007dfa046ac2b4: 48e0 6dff 

  0x00007dfa046ac2b8: ;   {other}
  0x00007dfa046ac2b8: 0f1f 8400 | 284e 0054 | be45 ffff | ff4c 8b54 | 2430 4c89 | 5424 204c | 894c 2430 | 4489 4424 
  0x00007dfa046ac2d8: 3866 6690 

  0x00007dfa046ac2dc: ;   {runtime_call UncommonTrapBlob}
  0x00007dfa046ac2dc: c5f8 77e8 

  0x00007dfa046ac2e0: ; ImmutableOopMap {[8]=Oop [16]=Oop [32]=Oop [48]=Oop [56]=NarrowOop }
                      ;*ifle {reexecute=1 rethrow=0 return_oop=0}
                      ; - (reexecute) java.util.concurrent.ConcurrentHashMap::get@23 (line 937)
                      ; - java.lang.ClassLoader::getNamedPackage@5 (line 341)
                      ; - java.lang.ClassLoader::postDefineClass@9 (line 934)
                      ; - java.lang.ClassLoader::defineClass@37 (line 1028)
  0x00007dfa046ac2e0: 1ce0 6dff 

  0x00007dfa046ac2e4: ;   {other}
  0x00007dfa046ac2e4: 0f1f 8400 | 544e 0055 | 4533 db45 | 85c0 410f | 94c3 be45 | ffff ff4c | 896c 2448 | 4489 5c24 
  0x00007dfa046ac304: 3c66 6690 

  0x00007dfa046ac308: ;   {runtime_call UncommonTrapBlob}
  0x00007dfa046ac308: c5f8 77e8 

  0x00007dfa046ac30c: ; ImmutableOopMap {[16]=Oop [24]=Oop [40]=Oop [48]=Oop [56]=NarrowOop [72]=Oop }
                      ;*ifeq {reexecute=1 rethrow=0 return_oop=0}
                      ; - (reexecute) java.lang.String::lastIndexOf@4 (line 2573)
                      ; - java.lang.String::lastIndexOf@8 (line 2535)
                      ; - java.lang.ClassLoader::checkCerts@3 (line 1163)
                      ; - java.lang.ClassLoader::preDefineClass@113 (line 917)
                      ; - java.lang.ClassLoader::defineClass@4 (line 1025)
  0x00007dfa046ac30c: f0df 6dff 

  0x00007dfa046ac310: ;   {other}
  0x00007dfa046ac310: 0f1f 8400 | 804e 0056 | be45 ffff | ff44 8954 | 2408 4489 | 5424 0c4c | 896c 2450 | 4489 5c24 
  0x00007dfa046ac330: 5866 6690 

  0x00007dfa046ac334: ;   {runtime_call UncommonTrapBlob}
  0x00007dfa046ac334: c5f8 77e8 

  0x00007dfa046ac338: ; ImmutableOopMap {[16]=Oop [24]=Oop [40]=Oop [48]=Oop [56]=NarrowOop [80]=Oop }
                      ;*if_icmpgt {reexecute=1 rethrow=0 return_oop=0}
                      ; - (reexecute) jdk.internal.util.Preconditions::checkFromToIndex@6 (line 348)
                      ; - java.lang.String::checkBoundsBeginEnd@6 (line 4865)
                      ; - java.lang.String::substring@8 (line 2834)
                      ; - java.lang.ClassLoader::checkCerts@21 (line 1164)
                      ; - java.lang.ClassLoader::preDefineClass@113 (line 917)
                      ; - java.lang.ClassLoader::defineClass@4 (line 1025)
  0x00007dfa046ac338: c4df 6dff 

  0x00007dfa046ac33c: ;   {other}
  0x00007dfa046ac33c: 0f1f 8400 | ac4e 0057 | be45 ffff | ff48 8b6c | 2410 4489 | 5424 3890 

  0x00007dfa046ac354: ;   {runtime_call UncommonTrapBlob}
  0x00007dfa046ac354: c5f8 77e8 

  0x00007dfa046ac358: ; ImmutableOopMap {rbp=Oop [8]=Oop [24]=Oop [40]=Oop }
                      ;*if_icmpne {reexecute=1 rethrow=0 return_oop=0}
                      ; - (reexecute) java.lang.ClassLoader::checkName@30 (line 1157)
                      ; - java.lang.ClassLoader::preDefineClass@1 (line 900)
                      ; - java.lang.ClassLoader::defineClass@4 (line 1025)
  0x00007dfa046ac358: a4df 6dff 

  0x00007dfa046ac35c: ;   {other}
  0x00007dfa046ac35c: 0f1f 8400 | cc4e 0058 | be45 ffff | ff41 8bea | 4c89 6c24 | 4066 6690 

  0x00007dfa046ac374: ;   {runtime_call UncommonTrapBlob}
  0x00007dfa046ac374: c5f8 77e8 

  0x00007dfa046ac378: ; ImmutableOopMap {[16]=Oop [24]=Oop [40]=Oop [48]=Oop [56]=NarrowOop [64]=Oop }
                      ;*if_icmpne {reexecute=1 rethrow=0 return_oop=0}
                      ; - (reexecute) java.lang.ClassLoader::checkCerts@9 (line 1164)
                      ; - java.lang.ClassLoader::preDefineClass@113 (line 917)
                      ; - java.lang.ClassLoader::defineClass@4 (line 1025)
  0x00007dfa046ac378: 84df 6dff 

  0x00007dfa046ac37c: ;   {other}
  0x00007dfa046ac37c: 0f1f 8400 | ec4e 0059 | be45 ffff | ff44 8954 | 2408 4489 | 5424 0c4c | 896c 2450 | 4489 5c24 
  0x00007dfa046ac39c: 5844 895c | 245c 6690 

  0x00007dfa046ac3a4: ;   {runtime_call UncommonTrapBlob}
  0x00007dfa046ac3a4: c5f8 77e8 

  0x00007dfa046ac3a8: ; ImmutableOopMap {[16]=Oop [24]=Oop [40]=Oop [48]=Oop [56]=NarrowOop [80]=Oop }
                      ;*if_icmple {reexecute=1 rethrow=0 return_oop=0}
                      ; - (reexecute) jdk.internal.util.Preconditions::checkFromToIndex@11 (line 348)
                      ; - java.lang.String::checkBoundsBeginEnd@6 (line 4865)
                      ; - java.lang.String::substring@8 (line 2834)
                      ; - java.lang.ClassLoader::checkCerts@21 (line 1164)
                      ; - java.lang.ClassLoader::preDefineClass@113 (line 917)
                      ; - java.lang.ClassLoader::defineClass@4 (line 1025)
  0x00007dfa046ac3a8: 54df 6dff 

  0x00007dfa046ac3ac: ;   {other}
  0x00007dfa046ac3ac: 0f1f 8400 | 1c4f 005a | be45 ffff | ff48 8944 | 2428 6690 

  0x00007dfa046ac3c0: ;   {runtime_call UncommonTrapBlob}
  0x00007dfa046ac3c0: c5f8 77e8 

  0x00007dfa046ac3c4: ; ImmutableOopMap {[8]=Oop [16]=Oop [40]=Oop [48]=Oop }
                      ;*ifeq {reexecute=1 rethrow=0 return_oop=0}
                      ; - (reexecute) java.lang.Class::getPackageName@13 (line 1163)
                      ; - java.lang.ClassLoader::postDefineClass@2 (line 934)
                      ; - java.lang.ClassLoader::defineClass@37 (line 1028)
  0x00007dfa046ac3c4: 38df 6dff 

  0x00007dfa046ac3c8: ;   {other}
  0x00007dfa046ac3c8: 0f1f 8400 | 384f 005b | be45 ffff | ff48 8b6c | 2410 4c8b | 5424 284c | 8954 2410 | 4c8b 5424 
  0x00007dfa046ac3e8: 304c 8954 | 2428 4489 | 4c24 3090 

  0x00007dfa046ac3f4: ;   {runtime_call UncommonTrapBlob}
  0x00007dfa046ac3f4: c5f8 77e8 

  0x00007dfa046ac3f8: ; ImmutableOopMap {rbp=Oop [8]=Oop [16]=Oop [24]=Oop [40]=Oop }
                      ;*ifne {reexecute=1 rethrow=0 return_oop=0}
                      ; - (reexecute) java.lang.ClassLoader::compareCerts@7 (line 1186)
                      ; - java.lang.ClassLoader::checkCerts@80 (line 1172)
                      ; - java.lang.ClassLoader::preDefineClass@113 (line 917)
                      ; - java.lang.ClassLoader::defineClass@4 (line 1025)
  0x00007dfa046ac3f8: 04df 6dff 

  0x00007dfa046ac3fc: ;   {other}
  0x00007dfa046ac3fc: 0f1f 8400 | 6c4f 005c | be45 ffff | ff48 ff74 | 2410 488f | 4424 084c | 8b54 2428 | 4c89 5424 
  0x00007dfa046ac41c: 104c 8b54 | 2430 4c89 | 5424 2844 | 896c 2430 | 4489 7424 | 3444 894c | 2448 897c | 244c 4489 
  0x00007dfa046ac43c: 4424 5089 | 4c24 5490 

  0x00007dfa046ac444: ;   {runtime_call UncommonTrapBlob}
  0x00007dfa046ac444: c5f8 77e8 

  0x00007dfa046ac448: ; ImmutableOopMap {rbp=Oop [8]=Oop [16]=Oop [24]=Oop [40]=Oop [48]=NarrowOop [64]=Oop [72]=NarrowOop }
                      ;*if_icmpne {reexecute=1 rethrow=0 return_oop=0}
                      ; - (reexecute) java.lang.String::getBytes@5 (line 4725)
                      ; - java.lang.AbstractStringBuilder::putStringAt@15 (line 1751)
                      ; - java.lang.AbstractStringBuilder::append@30 (line 588)
                      ; - java.lang.StringBuilder::append@2 (line 179)
                      ; - java.net.URLStreamHandler::toExternalForm@59 (line 483)
                      ; - java.net.URL::toExternalForm@5 (line 1203)
                      ; - java.net.URL::toString@1 (line 1189)
                      ; - java.lang.ClassLoader::defineClassSourceLocation@22 (line 927)
                      ; - java.lang.ClassLoader::defineClass@12 (line 1026)
  0x00007dfa046ac448: b4de 6dff 

  0x00007dfa046ac44c: ;   {other}
  0x00007dfa046ac44c: 0f1f 8400 | bc4f 005d | be45 ffff | ff48 8b6c | 2410 4c8b | 5424 284c | 8954 2408 | 4c8b 5424 
  0x00007dfa046ac46c: 184c 8954 | 2410 448b | 5424 2044 | 8954 2418 | 448b 5c24 | 2444 895c | 241c 4c8b | 5424 304c 
  0x00007dfa046ac48c: 8954 2420 | 4489 6c24 | 284c 8b54 | 2440 4c89 | 5424 3889 | 5c24 2c44 | 894c 2440 | 4489 4424 
  0x00007dfa046ac4ac: 4489 7c24 | 4889 4c24 | 4c89 4424 | 5066 6690 

  0x00007dfa046ac4bc: ;   {runtime_call UncommonTrapBlob}
  0x00007dfa046ac4bc: c5f8 77e8 

  0x00007dfa046ac4c0: ; ImmutableOopMap {rbp=Oop [8]=Oop [16]=Oop [32]=Oop [40]=NarrowOop [56]=Oop [64]=NarrowOop [68]=NarrowOop }
                      ;*if_icmpne {reexecute=1 rethrow=0 return_oop=0}
                      ; - (reexecute) java.lang.String::getBytes@5 (line 4725)
                      ; - java.lang.AbstractStringBuilder::putStringAt@15 (line 1751)
                      ; - java.lang.AbstractStringBuilder::append@30 (line 588)
                      ; - java.lang.StringBuilder::append@2 (line 179)
                      ; - java.net.URLStreamHandler::toExternalForm@77 (line 484)
                      ; - java.net.URL::toExternalForm@5 (line 1203)
                      ; - java.net.URL::toString@1 (line 1189)
                      ; - java.lang.ClassLoader::defineClassSourceLocation@22 (line 927)
                      ; - java.lang.ClassLoader::defineClass@12 (line 1026)
  0x00007dfa046ac4c0: 3cde 6dff 

  0x00007dfa046ac4c4: ;   {other}
  0x00007dfa046ac4c4: 0f1f 8400 | 3450 005e | 4585 c044 | 8b44 2470 | 410f 94c0 | 458b d0be | 45ff ffff | 488b 6c24 
  0x00007dfa046ac4e4: 104c 8b44 | 2428 4c89 | 4424 084c | 8b44 2418 | 4c89 4424 | 108b 4c24 | 2089 4c24 | 1844 8b44 
  0x00007dfa046ac504: 2424 4489 | 4424 1c4c | 8b44 2430 | 4c89 4424 | 2048 895c | 2430 4c8b | 4424 404c | 8944 2438 
  0x00007dfa046ac524: 4489 4c24 | 4044 895c | 2444 4489 | 5424 4890 

  0x00007dfa046ac534: ;   {runtime_call UncommonTrapBlob}
  0x00007dfa046ac534: c5f8 77e8 

  0x00007dfa046ac538: ; ImmutableOopMap {rbp=Oop [8]=Oop [16]=Oop [32]=Oop [48]=Oop [56]=Oop [64]=NarrowOop }
                      ;*ifeq {reexecute=1 rethrow=0 return_oop=0}
                      ; - (reexecute) java.lang.String::<init>@19 (line 4786)
                      ; - java.lang.String::<init>@3 (line 1507)
                      ; - java.lang.StringBuilder::toString@5 (line 475)
                      ; - java.net.URLStreamHandler::toExternalForm@152 (line 486)
                      ; - java.net.URL::toExternalForm@5 (line 1203)
                      ; - java.net.URL::toString@1 (line 1189)
                      ; - java.lang.ClassLoader::defineClassSourceLocation@22 (line 927)
                      ; - java.lang.ClassLoader::defineClass@12 (line 1026)
  0x00007dfa046ac538: c4dd 6dff 

  0x00007dfa046ac53c: ;   {other}
  0x00007dfa046ac53c: 0f1f 8400 | ac50 005f | be45 ffff | ff48 8b6c | 2410 488b | 7c24 2848 | 897c 2408 | 488b 7c24 
  0x00007dfa046ac55c: 1848 897c | 2410 8b7c | 2420 897c | 2418 8b54 | 2424 8954 | 241c 488b | 7c24 3048 | 897c 2420 
  0x00007dfa046ac57c: 4489 6c24 | 2848 8b7c | 2440 4889 | 7c24 3889 | 5c24 2c89 | 4c24 4044 | 895c 2444 | 4489 4c24 
  0x00007dfa046ac59c: 4844 8954 | 244c 4489 | 4424 5090 

  0x00007dfa046ac5a8: ;   {runtime_call UncommonTrapBlob}
  0x00007dfa046ac5a8: c5f8 77e8 

  0x00007dfa046ac5ac: ; ImmutableOopMap {rbp=Oop [8]=Oop [16]=Oop [32]=Oop [40]=NarrowOop [56]=Oop [64]=NarrowOop [68]=NarrowOop }
                      ;*if_icmpne {reexecute=1 rethrow=0 return_oop=0}
                      ; - (reexecute) java.lang.String::getBytes@5 (line 4725)
                      ; - java.lang.AbstractStringBuilder::putStringAt@15 (line 1751)
                      ; - java.lang.AbstractStringBuilder::append@30 (line 588)
                      ; - java.lang.StringBuilder::append@2 (line 179)
                      ; - java.net.URLStreamHandler::toExternalForm@11 (line 480)
                      ; - java.net.URL::toExternalForm@5 (line 1203)
                      ; - java.net.URL::toString@1 (line 1189)
                      ; - java.lang.ClassLoader::defineClassSourceLocation@22 (line 927)
                      ; - java.lang.ClassLoader::defineClass@12 (line 1026)
  0x00007dfa046ac5ac: 50dd 6dff 

  0x00007dfa046ac5b0: ;   {other}
  0x00007dfa046ac5b0: 0f1f 8400 | 2051 0060 | be45 ffff | ff48 ff74 | 2410 488f | 4424 084c | 8b54 2428 | 4c89 5424 
  0x00007dfa046ac5d0: 104c 8b54 | 2430 4c89 | 5424 2844 | 896c 2430 | 4489 7424 | 3489 7c24 | 5089 4c24 | 5444 8944 
  0x00007dfa046ac5f0: 2460 6690 

  0x00007dfa046ac5f4: ;   {runtime_call UncommonTrapBlob}
  0x00007dfa046ac5f4: c5f8 77e8 

  0x00007dfa046ac5f8: ; ImmutableOopMap {rbp=Oop [8]=Oop [16]=Oop [24]=Oop [40]=Oop [48]=NarrowOop [64]=Oop }
                      ;*if_icmpeq {reexecute=1 rethrow=0 return_oop=0}
                      ; - (reexecute) java.lang.AbstractStringBuilder::inflateIfNeededFor@14 (line 1733)
                      ; - java.lang.AbstractStringBuilder::putStringAt@2 (line 1750)
                      ; - java.lang.AbstractStringBuilder::append@30 (line 588)
                      ; - java.lang.StringBuilder::append@2 (line 179)
                      ; - java.net.URLStreamHandler::toExternalForm@59 (line 483)
                      ; - java.net.URL::toExternalForm@5 (line 1203)
                      ; - java.net.URL::toString@1 (line 1189)
                      ; - java.lang.ClassLoader::defineClassSourceLocation@22 (line 927)
                      ; - java.lang.ClassLoader::defineClass@12 (line 1026)
  0x00007dfa046ac5f8: 04dd 6dff 

  0x00007dfa046ac5fc: ;   {other}
  0x00007dfa046ac5fc: 0f1f 8400 | 6c51 0061 | be45 ffff | ff48 8b6c | 2410 4c8b | 5424 284c | 8954 2408 | 4c8b 5424 
  0x00007dfa046ac61c: 184c 8954 | 2410 448b | 5c24 2044 | 895c 2418 | 448b 5424 | 2444 8954 | 241c 4c8b | 5424 304c 
  0x00007dfa046ac63c: 8954 2420 | 4489 6c24 | 2889 5c24 | 2c89 7c24 | 4844 894c | 244c 8944 | 2458 894c | 245c 6690 
  0x00007dfa046ac65c: ;   {runtime_call UncommonTrapBlob}
  0x00007dfa046ac65c: c5f8 77e8 

  0x00007dfa046ac660: ; ImmutableOopMap {rbp=Oop [8]=Oop [16]=Oop [32]=Oop [40]=NarrowOop [64]=Oop [76]=NarrowOop }
                      ;*if_icmpeq {reexecute=1 rethrow=0 return_oop=0}
                      ; - (reexecute) java.lang.AbstractStringBuilder::inflateIfNeededFor@14 (line 1733)
                      ; - java.lang.AbstractStringBuilder::putStringAt@2 (line 1750)
                      ; - java.lang.AbstractStringBuilder::append@30 (line 588)
                      ; - java.lang.StringBuilder::append@2 (line 179)
                      ; - java.net.URLStreamHandler::toExternalForm@77 (line 484)
                      ; - java.net.URL::toExternalForm@5 (line 1203)
                      ; - java.net.URL::toString@1 (line 1189)
                      ; - java.lang.ClassLoader::defineClassSourceLocation@22 (line 927)
                      ; - java.lang.ClassLoader::defineClass@12 (line 1026)
  0x00007dfa046ac660: 9cdc 6dff 

  0x00007dfa046ac664: ;   {other}
  0x00007dfa046ac664: 0f1f 8400 | d451 0062 | be45 ffff | ff4c 8b54 | 2410 4c89 | 5424 084c | 8b54 2428 | 4c89 5424 
  0x00007dfa046ac684: 104c 8b54 | 2430 4c89 | 5424 2844 | 896c 2430 

  0x00007dfa046ac694: ;   {runtime_call UncommonTrapBlob}
  0x00007dfa046ac694: c5f8 77e8 

  0x00007dfa046ac698: ; ImmutableOopMap {rbp=NarrowOop [8]=Oop [16]=Oop [24]=Oop [40]=Oop [48]=NarrowOop [64]=Oop }
                      ;*ifnull {reexecute=1 rethrow=0 return_oop=0}
                      ; - (reexecute) java.net.URLStreamHandler::toExternalForm@86 (line 485)
                      ; - java.net.URL::toExternalForm@5 (line 1203)
                      ; - java.net.URL::toString@1 (line 1189)
                      ; - java.lang.ClassLoader::defineClassSourceLocation@22 (line 927)
                      ; - java.lang.ClassLoader::defineClass@12 (line 1026)
  0x00007dfa046ac698: 64dc 6dff 

  0x00007dfa046ac69c: ;   {other}
  0x00007dfa046ac69c: 0f1f 8400 | 0c52 0063 | be45 ffff | ff48 8b6c | 2410 4c8b | 5c24 284c | 895c 2408 | 4c8b 5c24 
  0x00007dfa046ac6bc: 184c 895c | 2410 448b | 4c24 2044 | 894c 2418 | 448b 5c24 | 2444 895c | 241c 4c8b | 5c24 304c 
  0x00007dfa046ac6dc: 895c 2420 | 4489 6c24 | 2844 8954 | 242c 4489 | 4424 5090 

  0x00007dfa046ac6f0: ;   {runtime_call UncommonTrapBlob}
  0x00007dfa046ac6f0: c5f8 77e8 

  0x00007dfa046ac6f4: ; ImmutableOopMap {rbp=Oop [8]=Oop [16]=Oop [32]=Oop [40]=NarrowOop [64]=Oop }
                      ;*if_icmpeq {reexecute=1 rethrow=0 return_oop=0}
                      ; - (reexecute) java.lang.AbstractStringBuilder::inflateIfNeededFor@14 (line 1733)
                      ; - java.lang.AbstractStringBuilder::putStringAt@2 (line 1750)
                      ; - java.lang.AbstractStringBuilder::append@30 (line 588)
                      ; - java.lang.StringBuilder::append@2 (line 179)
                      ; - java.net.URLStreamHandler::toExternalForm@113 (line 485)
                      ; - java.net.URL::toExternalForm@5 (line 1203)
                      ; - java.net.URL::toString@1 (line 1189)
                      ; - java.lang.ClassLoader::defineClassSourceLocation@22 (line 927)
                      ; - java.lang.ClassLoader::defineClass@12 (line 1026)
  0x00007dfa046ac6f4: 08dc 6dff 

  0x00007dfa046ac6f8: ;   {other}
  0x00007dfa046ac6f8: 0f1f 8400 | 6852 0064 | be45 ffff | ff4c 8b54 | 2410 4c89 | 5424 084c | 8b54 2428 | 4c89 5424 
  0x00007dfa046ac718: 104c 8b54 | 2430 4c89 | 5424 2890 

  0x00007dfa046ac724: ;   {runtime_call UncommonTrapBlob}
  0x00007dfa046ac724: c5f8 77e8 

  0x00007dfa046ac728: ; ImmutableOopMap {rbp=NarrowOop [8]=Oop [16]=Oop [24]=Oop [40]=Oop [64]=Oop }
                      ;*ifnull {reexecute=1 rethrow=0 return_oop=0}
                      ; - (reexecute) java.net.URLStreamHandler::toExternalForm@122 (line 486)
                      ; - java.net.URL::toExternalForm@5 (line 1203)
                      ; - java.net.URL::toString@1 (line 1189)
                      ; - java.lang.ClassLoader::defineClassSourceLocation@22 (line 927)
                      ; - java.lang.ClassLoader::defineClass@12 (line 1026)
  0x00007dfa046ac728: d4db 6dff 

  0x00007dfa046ac72c: ;   {other}
  0x00007dfa046ac72c: 0f1f 8400 | 9c52 0065 | be45 ffff | ff4c 8b54 | 2410 4c89 | 5424 084c | 8b54 2428 | 4c89 5424 
  0x00007dfa046ac74c: 104c 8b54 | 2430 4c89 | 5424 2844 | 894c 2448 

  0x00007dfa046ac75c: ;   {runtime_call UncommonTrapBlob}
  0x00007dfa046ac75c: c5f8 77e8 

  0x00007dfa046ac760: ; ImmutableOopMap {[8]=Oop [16]=Oop [24]=Oop [40]=Oop [64]=Oop }
                      ;*if_icmpeq {reexecute=1 rethrow=0 return_oop=0}
                      ; - (reexecute) java.lang.AbstractStringBuilder::inflateIfNeededFor@14 (line 1733)
                      ; - java.lang.AbstractStringBuilder::putStringAt@2 (line 1750)
                      ; - java.lang.AbstractStringBuilder::append@30 (line 588)
                      ; - java.lang.StringBuilder::append@2 (line 179)
                      ; - java.net.URLStreamHandler::toExternalForm@149 (line 486)
                      ; - java.net.URL::toExternalForm@5 (line 1203)
                      ; - java.net.URL::toString@1 (line 1189)
                      ; - java.lang.ClassLoader::defineClassSourceLocation@22 (line 927)
                      ; - java.lang.ClassLoader::defineClass@12 (line 1026)
  0x00007dfa046ac760: 9cdb 6dff 

  0x00007dfa046ac764: ;   {other}
  0x00007dfa046ac764: 0f1f 8400 | d452 0066 | be45 ffff | ff48 8b6c | 2410 4c8b | 5c24 284c | 895c 2408 | 4c8b 5c24 
  0x00007dfa046ac784: 184c 895c | 2410 448b | 5c24 2044 | 895c 2418 | 448b 5c24 | 2444 895c | 241c 4c8b | 5c24 304c 
  0x00007dfa046ac7a4: 895c 2420 | 4489 6c24 | 2889 5c24 | 2c44 894c | 2448 894c | 244c 4489 | 4424 5844 | 8954 245c 
  0x00007dfa046ac7c4: ;   {runtime_call UncommonTrapBlob}
  0x00007dfa046ac7c4: c5f8 77e8 

  0x00007dfa046ac7c8: ; ImmutableOopMap {rbp=Oop [8]=Oop [16]=Oop [32]=Oop [40]=NarrowOop [64]=Oop [76]=NarrowOop }
                      ;*if_icmpeq {reexecute=1 rethrow=0 return_oop=0}
                      ; - (reexecute) java.lang.AbstractStringBuilder::inflateIfNeededFor@14 (line 1733)
                      ; - java.lang.AbstractStringBuilder::putStringAt@2 (line 1750)
                      ; - java.lang.AbstractStringBuilder::append@30 (line 588)
                      ; - java.lang.StringBuilder::append@2 (line 179)
                      ; - java.net.URLStreamHandler::toExternalForm@11 (line 480)
                      ; - java.net.URL::toExternalForm@5 (line 1203)
                      ; - java.net.URL::toString@1 (line 1189)
                      ; - java.lang.ClassLoader::defineClassSourceLocation@22 (line 927)
                      ; - java.lang.ClassLoader::defineClass@12 (line 1026)
  0x00007dfa046ac7c8: 34db 6dff 

  0x00007dfa046ac7cc: ;   {other}
  0x00007dfa046ac7cc: 0f1f 8400 | 3c53 0067 | 4c63 d9e9 | 65c8 ffff | 4983 c3fe | 498b cb49 | 8bf8 4833 | c048 83f9 
  0x00007dfa046ac7ec: 087f 1048 | ffc9 784f | 4889 04cf | 48ff c97d | f7eb 44c5 | fdef c0e9 | 0d00 0000 | c5fe 7f07 
  0x00007dfa046ac80c: c5fe 7f47 | 2048 83c7 | 4048 83e9 | 087d ed48 | 83c1 047c | 0cc5 fe7f | 0748 83c7 | 2048 83e9 
  0x00007dfa046ac82c: 0448 83c1 | 047e 1048 | ffc9 c5f9 | d607 4883 | c708 48ff | c97d f3e9 | c0c8 ffff | becc ffff 
  0x00007dfa046ac84c: ff4c 8b54 | 2430 4c89 | 5424 2048 | 895c 2438 | 4489 4424 | 4089 4c24 | 4866 6690 

  0x00007dfa046ac868: ;   {runtime_call UncommonTrapBlob}
  0x00007dfa046ac868: c5f8 77e8 

  0x00007dfa046ac86c: ; ImmutableOopMap {[8]=Oop [16]=Oop [32]=Oop [56]=Oop [64]=NarrowOop }
                      ;*newarray {reexecute=1 rethrow=0 return_oop=0}
                      ; - (reexecute) java.util.Arrays::copyOfRangeByte@10 (line 3863)
                      ; - java.util.Arrays::copyOfRange@13 (line 3854)
                      ; - java.lang.StringLatin1::newString@16 (line 752)
                      ; - java.lang.String::substring@41 (line 2839)
                      ; - java.lang.Class::getPackageName@62 (line 1169)
                      ; - java.lang.ClassLoader::postDefineClass@2 (line 934)
                      ; - java.lang.ClassLoader::defineClass@37 (line 1028)
  0x00007dfa046ac86c: 90da 6dff 

  0x00007dfa046ac870: ;   {other}
  0x00007dfa046ac870: 0f1f 8400 | e053 0068 | be45 ffff | ff48 8b6c | 2410 4c8b | 5424 284c | 8954 2408 | 4c8b 5424 
  0x00007dfa046ac890: 184c 8954 | 2410 448b | 5424 2044 | 8954 2418 | 448b 4424 | 2444 8944 | 241c 4c8b | 5424 304c 
  0x00007dfa046ac8b0: 8954 2420 | 4889 5c24 | 3044 894c | 2438 4489 | 5c24 4044 | 895c 2444 

  0x00007dfa046ac8c8: ;   {runtime_call UncommonTrapBlob}
  0x00007dfa046ac8c8: c5f8 77e8 

  0x00007dfa046ac8cc: ; ImmutableOopMap {rbp=Oop [8]=Oop [16]=Oop [32]=Oop [48]=Oop [56]=NarrowOop }
                      ;*if_icmpge {reexecute=1 rethrow=0 return_oop=0}
                      ; - (reexecute) java.util.Arrays::checkLength@2 (line 3820)
                      ; - java.util.Arrays::copyOfRangeByte@2 (line 3861)
                      ; - java.util.Arrays::copyOfRange@13 (line 3854)
                      ; - java.lang.String::<init>@32 (line 4788)
                      ; - java.lang.String::<init>@3 (line 1507)
                      ; - java.lang.StringBuilder::toString@5 (line 475)
                      ; - java.net.URLStreamHandler::toExternalForm@152 (line 486)
                      ; - java.net.URL::toExternalForm@5 (line 1203)
                      ; - java.net.URL::toString@1 (line 1189)
                      ; - java.lang.ClassLoader::defineClassSourceLocation@22 (line 927)
                      ; - java.lang.ClassLoader::defineClass@12 (line 1026)
  0x00007dfa046ac8cc: 30da 6dff 

  0x00007dfa046ac8d0: ;   {other}
  0x00007dfa046ac8d0: 0f1f 8400 | 4054 0069 | 4c89 4c24 | 504c 895c 

  0x00007dfa046ac8e0: ;   {metadata({type array byte})}
  0x00007dfa046ac8e0: 2448 48be | 1823 00ae | f97d 0000 | 418b d090 

  0x00007dfa046ac8f0: ;   {runtime_call _new_array_nozero_Java}
  0x00007dfa046ac8f0: c5f8 77e8 

  0x00007dfa046ac8f4: ; ImmutableOopMap {[8]=NarrowOop [12]=NarrowOop [16]=Oop [24]=Oop [40]=Oop [48]=Oop [56]=Oop [64]=Oop [120]=Oop [72]=Derived_oop_[120] }
                      ;*invokevirtual clone {reexecute=1 rethrow=0 return_oop=1}
                      ; - (reexecute) java.util.Arrays::copyOf@7 (line 3539)
                      ; - java.lang.AbstractStringBuilder::ensureCapacityInternal@32 (line 242)
                      ; - java.lang.AbstractStringBuilder::append@7 (line 806)
                      ; - java.lang.StringBuilder::append@2 (line 246)
                      ; - java.net.URLStreamHandler::toExternalForm@16 (line 480)
                      ; - java.net.URL::toExternalForm@5 (line 1203)
                      ; - java.net.URL::toString@1 (line 1189)
                      ; - java.lang.ClassLoader::defineClassSourceLocation@22 (line 927)
                      ; - java.lang.ClassLoader::defineClass@12 (line 1026)
  0x00007dfa046ac8f4: 88e7 78ff 

  0x00007dfa046ac8f8: ;   {other}
  0x00007dfa046ac8f8: 0f1f 8400 | 6854 006a | 4c8b 5c24 | 484c 8b4c | 2450 488b | d8e9 18d8 | ffff 4c89 | 4c24 6048 
  0x00007dfa046ac918: 897c 2458 | 488b 6c24 

  0x00007dfa046ac920: ;   {metadata({type array byte})}
  0x00007dfa046ac920: 4048 be18 | 2300 aef9 | 7d00 0041 | 8bd3 6690 

  0x00007dfa046ac930: ;   {runtime_call _new_array_nozero_Java}
  0x00007dfa046ac930: c5f8 77e8 

  0x00007dfa046ac934: ; ImmutableOopMap {rbp=Oop [8]=NarrowOop [12]=NarrowOop [16]=Oop [24]=Oop [40]=Oop [48]=Oop [56]=Oop [64]=Oop [72]=Oop [136]=Oop [88]=Derived_oop_[136] }
                      ;*invokevirtual clone {reexecute=1 rethrow=0 return_oop=1}
                      ; - (reexecute) java.util.Arrays::copyOf@7 (line 3539)
                      ; - java.lang.AbstractStringBuilder::ensureCapacityInternal@32 (line 242)
                      ; - java.lang.AbstractStringBuilder::append@21 (line 587)
                      ; - java.lang.StringBuilder::append@2 (line 179)
                      ; - java.net.URLStreamHandler::toExternalForm@59 (line 483)
                      ; - java.net.URL::toExternalForm@5 (line 1203)
                      ; - java.net.URL::toString@1 (line 1189)
                      ; - java.lang.ClassLoader::defineClassSourceLocation@22 (line 927)
                      ; - java.lang.ClassLoader::defineClass@12 (line 1026)
  0x00007dfa046ac934: 48e7 78ff 

  0x00007dfa046ac938: ;   {other}
  0x00007dfa046ac938: 0f1f 8400 | a854 006b | 4c8b c0e9 | 92d8 ffff | 4c89 4c24 | 6848 897c | 2460 488b 

  0x00007dfa046ac954: ;   {metadata({type array byte})}
  0x00007dfa046ac954: 6c24 4048 | be18 2300 | aef9 7d00 | 0041 8bd3 

  0x00007dfa046ac964: ;   {runtime_call _new_array_nozero_Java}
  0x00007dfa046ac964: c5f8 77e8 

  0x00007dfa046ac968: ; ImmutableOopMap {rbp=Oop [8]=NarrowOop [12]=NarrowOop [16]=Oop [24]=Oop [40]=Oop [48]=Oop [56]=Oop [64]=Oop [72]=NarrowOop [88]=Oop [144]=Oop [96]=Derived_oop_[144] }
                      ;*invokevirtual clone {reexecute=1 rethrow=0 return_oop=1}
                      ; - (reexecute) java.util.Arrays::copyOf@7 (line 3539)
                      ; - java.lang.AbstractStringBuilder::ensureCapacityInternal@32 (line 242)
                      ; - java.lang.AbstractStringBuilder::append@21 (line 587)
                      ; - java.lang.StringBuilder::append@2 (line 179)
                      ; - java.net.URLStreamHandler::toExternalForm@77 (line 484)
                      ; - java.net.URL::toExternalForm@5 (line 1203)
                      ; - java.net.URL::toString@1 (line 1189)
                      ; - java.lang.ClassLoader::defineClassSourceLocation@22 (line 927)
                      ; - java.lang.ClassLoader::defineClass@12 (line 1026)
  0x00007dfa046ac968: 14e7 78ff 

  0x00007dfa046ac96c: ;   {other}
  0x00007dfa046ac96c: 0f1f 8400 | dc54 006c | 4c8b d0e9 | 1dd9 ffff | 4889 4c24 | 504c 8944 

  0x00007dfa046ac984: ;   {metadata({type array byte})}
  0x00007dfa046ac984: 2448 48be | 1823 00ae | f97d 0000 | 418b d190 

  0x00007dfa046ac994: ;   {runtime_call _new_array_nozero_Java}
  0x00007dfa046ac994: c5f8 77e8 

  0x00007dfa046ac998: ; ImmutableOopMap {[8]=NarrowOop [12]=NarrowOop [16]=Oop [24]=Oop [40]=Oop [48]=Oop [56]=Oop [64]=Oop [120]=Oop [72]=Derived_oop_[120] }
                      ;*invokevirtual clone {reexecute=1 rethrow=0 return_oop=1}
                      ; - (reexecute) java.util.Arrays::copyOf@7 (line 3539)
                      ; - java.lang.AbstractStringBuilder::ensureCapacityInternal@32 (line 242)
                      ; - java.lang.AbstractStringBuilder::append@21 (line 587)
                      ; - java.lang.StringBuilder::append@2 (line 179)
                      ; - java.net.URLStreamHandler::toExternalForm@113 (line 485)
                      ; - java.net.URL::toExternalForm@5 (line 1203)
                      ; - java.net.URL::toString@1 (line 1189)
                      ; - java.lang.ClassLoader::defineClassSourceLocation@22 (line 927)
                      ; - java.lang.ClassLoader::defineClass@12 (line 1026)
  0x00007dfa046ac998: e4e6 78ff 

  0x00007dfa046ac99c: ;   {other}
  0x00007dfa046ac99c: 0f1f 8400 | 0c55 006d | 4c8b 4424 | 4848 8b4c | 2450 488b | d8e9 92d9 | ffff 4889 | 5424 484c 
  0x00007dfa046ac9bc: 8944 2438 

  0x00007dfa046ac9c0: ;   {metadata({type array byte})}
  0x00007dfa046ac9c0: 48be 1823 | 00ae f97d | 0000 418b | d366 6690 

  0x00007dfa046ac9d0: ;   {runtime_call _new_array_nozero_Java}
  0x00007dfa046ac9d0: c5f8 77e8 

  0x00007dfa046ac9d4: ; ImmutableOopMap {[8]=NarrowOop [16]=Oop [24]=Oop [40]=Oop [48]=Oop [64]=Oop [104]=Oop [56]=Derived_oop_[104] }
                      ;*invokevirtual clone {reexecute=1 rethrow=0 return_oop=1}
                      ; - (reexecute) java.util.Arrays::copyOf@7 (line 3539)
                      ; - java.lang.AbstractStringBuilder::ensureCapacityInternal@32 (line 242)
                      ; - java.lang.AbstractStringBuilder::append@21 (line 587)
                      ; - java.lang.StringBuilder::append@2 (line 179)
                      ; - java.net.URLStreamHandler::toExternalForm@149 (line 486)
                      ; - java.net.URL::toExternalForm@5 (line 1203)
                      ; - java.net.URL::toString@1 (line 1189)
                      ; - java.lang.ClassLoader::defineClassSourceLocation@22 (line 927)
                      ; - java.lang.ClassLoader::defineClass@12 (line 1026)
  0x00007dfa046ac9d4: a8e6 78ff 

  0x00007dfa046ac9d8: ;   {other}
  0x00007dfa046ac9d8: 0f1f 8400 | 4855 006e | 4c8b 4424 | 3848 8b54 | 2448 488b | d8e9 fad9 | ffff 4c89 

  0x00007dfa046ac9f4: ;   {metadata({type array byte})}
  0x00007dfa046ac9f4: 4424 5848 | be18 2300 | aef9 7d00 | 00ba 1000 | 0000 6690 

  0x00007dfa046aca08: ;   {runtime_call _new_array_nozero_Java}
  0x00007dfa046aca08: c5f8 77e8 

  0x00007dfa046aca0c: ; ImmutableOopMap {rbp=Oop [8]=NarrowOop [12]=NarrowOop [16]=Oop [24]=Oop [40]=Oop [48]=Oop [56]=Oop [64]=Oop [72]=Oop [88]=Derived_oop_[72] }
                      ;*invokevirtual clone {reexecute=1 rethrow=0 return_oop=1}
                      ; - (reexecute) java.util.Arrays::copyOf@7 (line 3539)
                      ; - java.lang.AbstractStringBuilder::ensureCapacityInternal@32 (line 242)
                      ; - java.lang.AbstractStringBuilder::append@21 (line 587)
                      ; - java.lang.StringBuilder::append@2 (line 179)
                      ; - java.net.URLStreamHandler::toExternalForm@11 (line 480)
                      ; - java.net.URL::toExternalForm@5 (line 1203)
                      ; - java.net.URL::toString@1 (line 1189)
                      ; - java.lang.ClassLoader::defineClassSourceLocation@22 (line 927)
                      ; - java.lang.ClassLoader::defineClass@12 (line 1026)
  0x00007dfa046aca0c: 70e6 78ff 

  0x00007dfa046aca10: ;   {other}
  0x00007dfa046aca10: 0f1f 8400 | 8055 006f | 4c8b 4424 | 5848 8bd8 | e94d daff | ffbe f6ff | ffff 6690 

  0x00007dfa046aca2c: ;   {runtime_call UncommonTrapBlob}
  0x00007dfa046aca2c: c5f8 77e8 

  0x00007dfa046aca30: ; ImmutableOopMap {}
                      ;*invokevirtual isNamed {reexecute=0 rethrow=0 return_oop=0}
                      ; - java.lang.NamedPackage::<init>@12 (line 48)
                      ; - java.lang.ClassLoader::getNamedPackage@22 (line 343)
                      ; - java.lang.ClassLoader::postDefineClass@9 (line 934)
                      ; - java.lang.ClassLoader::defineClass@37 (line 1028)
  0x00007dfa046aca30: ccd8 6dff 

  0x00007dfa046aca34: ;   {other}
  0x00007dfa046aca34: 0f1f 8400 | a455 0070 | 8944 2470 | be45 ffff | ff4c 8b54 | 2430 4c89 | 5424 2044 | 8944 2430 
  0x00007dfa046aca54: 4c89 4c24 | 3844 896c | 2434 8954 | 2440 6690 

  0x00007dfa046aca64: ;   {runtime_call UncommonTrapBlob}
  0x00007dfa046aca64: c5f8 77e8 

  0x00007dfa046aca68: ; ImmutableOopMap {[8]=Oop [16]=Oop [32]=Oop [48]=NarrowOop [52]=NarrowOop [56]=Oop }
                      ;*ifeq {reexecute=1 rethrow=0 return_oop=0}
                      ; - (reexecute) java.util.concurrent.ConcurrentHashMap::get@76 (line 940)
                      ; - java.lang.ClassLoader::getNamedPackage@5 (line 341)
                      ; - java.lang.ClassLoader::postDefineClass@9 (line 934)
                      ; - java.lang.ClassLoader::defineClass@37 (line 1028)
  0x00007dfa046aca68: 94d8 6dff 

  0x00007dfa046aca6c: ;   {other}
  0x00007dfa046aca6c: 0f1f 8400 | dc55 0071 | bef6 ffff | ff66 6690 

  0x00007dfa046aca7c: ;   {runtime_call UncommonTrapBlob}
  0x00007dfa046aca7c: c5f8 77e8 

  0x00007dfa046aca80: ; ImmutableOopMap {[32]=NarrowOop }
                      ;*invokevirtual append {reexecute=0 rethrow=0 return_oop=0}
                      ; - java.lang.NamedPackage::<init>@35 (line 49)
                      ; - java.lang.ClassLoader::getNamedPackage@22 (line 343)
                      ; - java.lang.ClassLoader::postDefineClass@9 (line 934)
                      ; - java.lang.ClassLoader::defineClass@37 (line 1028)
  0x00007dfa046aca80: 7cd8 6dff 

  0x00007dfa046aca84: ;   {other}
  0x00007dfa046aca84: 0f1f 8400 | f455 0072 | bef6 ffff | ff66 6690 

  0x00007dfa046aca94: ;   {runtime_call UncommonTrapBlob}
  0x00007dfa046aca94: c5f8 77e8 

  0x00007dfa046aca98: ; ImmutableOopMap {}
                      ;*invokevirtual toString {reexecute=0 rethrow=0 return_oop=0}
                      ; - java.lang.NamedPackage::<init>@38 (line 49)
                      ; - java.lang.ClassLoader::getNamedPackage@22 (line 343)
                      ; - java.lang.ClassLoader::postDefineClass@9 (line 934)
                      ; - java.lang.ClassLoader::defineClass@37 (line 1028)
  0x00007dfa046aca98: 64d8 6dff 

  0x00007dfa046aca9c: ;   {other}
  0x00007dfa046aca9c: 0f1f 8400 | 0c56 0073 | 85ff 448b | 5c24 7041 | 0f94 c345 | 8bc3 be45 | ffff ff48 | 8b6c 2408 
  0x00007dfa046acabc: 4c8b 5c24 | 304c 895c | 2420 4889 | 5c24 3844 | 8954 2440 | 4489 4424 | 4466 6690 

  0x00007dfa046acad8: ;   {runtime_call UncommonTrapBlob}
  0x00007dfa046acad8: c5f8 77e8 

  0x00007dfa046acadc: ; ImmutableOopMap {rbp=Oop [16]=Oop [32]=Oop [56]=Oop }
                      ;*ifeq {reexecute=1 rethrow=0 return_oop=0}
                      ; - (reexecute) java.lang.String::lastIndexOf@4 (line 2573)
                      ; - java.lang.String::lastIndexOf@8 (line 2535)
                      ; - java.lang.Class::getPackageName@47 (line 1168)
                      ; - java.lang.ClassLoader::postDefineClass@2 (line 934)
                      ; - java.lang.ClassLoader::defineClass@37 (line 1028)
  0x00007dfa046acadc: 20d8 6dff 

  0x00007dfa046acae0: ;   {other}
  0x00007dfa046acae0: 0f1f 8400 | 5056 0074 | be45 ffff | ff48 8b6c | 2408 4c8b | 5424 304c | 8954 2420 | 4889 5c24 
  0x00007dfa046acb00: 3089 4c24 | 4044 895c | 2444 894c | 2448 6690 

  0x00007dfa046acb10: ;   {runtime_call UncommonTrapBlob}
  0x00007dfa046acb10: c5f8 77e8 

  0x00007dfa046acb14: ; ImmutableOopMap {rbp=Oop [16]=Oop [32]=Oop [48]=Oop }
                      ;*if_icmpgt {reexecute=1 rethrow=0 return_oop=0}
                      ; - (reexecute) jdk.internal.util.Preconditions::checkFromToIndex@6 (line 348)
                      ; - java.lang.String::checkBoundsBeginEnd@6 (line 4865)
                      ; - java.lang.String::substring@8 (line 2834)
                      ; - java.lang.Class::getPackageName@62 (line 1169)
                      ; - java.lang.ClassLoader::postDefineClass@2 (line 934)
                      ; - java.lang.ClassLoader::defineClass@37 (line 1028)
  0x00007dfa046acb14: e8d7 6dff 

  0x00007dfa046acb18: ;   {other}
  0x00007dfa046acb18: 0f1f 8400 | 8856 0075 | be45 ffff | ff48 8b6c | 2408 4c8b | 5424 304c | 8954 2420 | 894c 2430 
  0x00007dfa046acb38: ;   {runtime_call UncommonTrapBlob}
  0x00007dfa046acb38: c5f8 77e8 

  0x00007dfa046acb3c: ; ImmutableOopMap {rbp=Oop [16]=Oop [32]=Oop }
                      ;*if_icmpeq {reexecute=1 rethrow=0 return_oop=0}
                      ; - (reexecute) java.lang.Class::getPackageName@55 (line 1169)
                      ; - java.lang.ClassLoader::postDefineClass@2 (line 934)
                      ; - java.lang.ClassLoader::defineClass@37 (line 1028)
  0x00007dfa046acb3c: c0d7 6dff 

  0x00007dfa046acb40: ;   {other}
  0x00007dfa046acb40: 0f1f 8400 | b056 0076 | be45 ffff | ff48 8b6c | 2408 4c8b | 5424 304c | 8954 2420 | 4889 5c24 
  0x00007dfa046acb60: 3089 4c24 | 4044 895c | 2444 894c | 2448 4489 | 5c24 4c90 

  0x00007dfa046acb74: ;   {runtime_call UncommonTrapBlob}
  0x00007dfa046acb74: c5f8 77e8 

  0x00007dfa046acb78: ; ImmutableOopMap {rbp=Oop [16]=Oop [32]=Oop [48]=Oop }
                      ;*if_icmple {reexecute=1 rethrow=0 return_oop=0}
                      ; - (reexecute) jdk.internal.util.Preconditions::checkFromToIndex@11 (line 348)
                      ; - java.lang.String::checkBoundsBeginEnd@6 (line 4865)
                      ; - java.lang.String::substring@8 (line 2834)
                      ; - java.lang.Class::getPackageName@62 (line 1169)
                      ; - java.lang.ClassLoader::postDefineClass@2 (line 934)
                      ; - java.lang.ClassLoader::defineClass@37 (line 1028)
  0x00007dfa046acb78: 84d7 6dff 

  0x00007dfa046acb7c: ;   {other}
  0x00007dfa046acb7c: 0f1f 8400 | ec56 0077 | 4d63 c8e9 | dab8 ffff | 4983 c1fe | 498b c948 | 8bfe 4833 | c048 83f9 
  0x00007dfa046acb9c: 087f 1048 | ffc9 784f | 4889 04cf | 48ff c97d | f7eb 44c5 | fdef c0e9 | 0d00 0000 | c5fe 7f07 
  0x00007dfa046acbbc: c5fe 7f47 | 2048 83c7 | 4048 83e9 | 087d ed48 | 83c1 047c | 0cc5 fe7f | 0748 83c7 | 2048 83e9 
  0x00007dfa046acbdc: 0448 83c1 | 047e 1048 | ffc9 c5f9 | d607 4883 | c708 48ff | c97d f3e9 | 39b9 ffff | 4d63 d0e9 
  0x00007dfa046acbfc: 61ba ffff | 4983 c2fe | 498b ca48 | 8bfe 4833 | c048 83f9 | 087f 1048 | ffc9 784f | 4889 04cf 
  0x00007dfa046acc1c: 48ff c97d | f7eb 44c5 | fdef c0e9 | 0d00 0000 | c5fe 7f07 | c5fe 7f47 | 2048 83c7 | 4048 83e9 
  0x00007dfa046acc3c: 087d ed48 | 83c1 047c | 0cc5 fe7f | 0748 83c7 | 2048 83e9 | 0448 83c1 | 047e 1048 | ffc9 c5f9 
  0x00007dfa046acc5c: d607 4883 | c708 48ff | c97d f3e9 | bdba ffff | 4d63 dae9 | 26bc ffff | 4983 c3fe 

  0x00007dfa046acc78: ;   {no_reloc}
  0x00007dfa046acc78: 498b cb48 | 8bfe 4833 | c048 83f9 | 087f 1048 | ffc9 784f | 4889 04cf | 48ff c97d | f7eb 44c5 
  0x00007dfa046acc98: fdef c0e9 | 0d00 0000 | c5fe 7f07 | c5fe 7f47 | 2048 83c7 | 4048 83e9 | 087d ed48 | 83c1 047c 
  0x00007dfa046accb8: 0cc5 fe7f | 0748 83c7 | 2048 83e9 | 0448 83c1 | 047e 1048 | ffc9 c5f9 | d607 4883 | c708 48ff 
  0x00007dfa046accd8: c97d f3e9 | 7fbc ffff | 4d63 cbe9 | bfbd ffff | 4983 c1fe | 498b c948 | 8bfe 4833 | c048 83f9 
  0x00007dfa046accf8: 087f 1048 | ffc9 784f | 4889 04cf | 48ff c97d | f7eb 44c5 | fdef c0e9 | 0d00 0000 | c5fe 7f07 
  0x00007dfa046acd18: c5fe 7f47 | 2048 83c7 | 4048 83e9 | 087d ed48 | 83c1 047c | 0cc5 fe7f | 0748 83c7 | 2048 83e9 
  0x00007dfa046acd38: 0448 83c1 | 047e 1048 | ffc9 c5f9 | d607 4883 | c708 48ff | c97d f3e9 | 1bbe ffff | 4d63 cae9 
  0x00007dfa046acd58: febe ffff | 4983 c1fe | 498b c948 | 8bfe 4833 | c048 83f9 | 087f 1048 | ffc9 784f | 4889 04cf 
  0x00007dfa046acd78: ;   {no_reloc}
  0x00007dfa046acd78: 48ff c97d | f7eb 44c5 | fdef c0e9 | 0d00 0000 | c5fe 7f07 | c5fe 7f47 | 2048 83c7 | 4048 83e9 
  0x00007dfa046acd98: 087d ed48 | 83c1 047c | 0cc5 fe7f | 0748 83c7 | 2048 83e9 | 0448 83c1 | 047e 1048 | ffc9 c5f9 
  0x00007dfa046acdb8: d607 4883 | c708 48ff | c97d f3e9 | 5abf ffff | becc ffff | ff48 8b6c | 2410 4c8b | 5424 284c 
  0x00007dfa046acdd8: 8954 2410 | 4c8b 5424 | 304c 8954 | 2428 4489 | 5c24 5890 

  0x00007dfa046acdec: ;   {runtime_call UncommonTrapBlob}
  0x00007dfa046acdec: c5f8 77e8 

  0x00007dfa046acdf0: ; ImmutableOopMap {rbp=Oop [8]=NarrowOop [12]=NarrowOop [16]=Oop [24]=Oop [40]=Oop [64]=Oop [72]=Oop }
                      ;*newarray {reexecute=1 rethrow=0 return_oop=0}
                      ; - (reexecute) java.util.Arrays::copyOf@15 (line 3541)
                      ; - java.lang.AbstractStringBuilder::ensureCapacityInternal@32 (line 242)
                      ; - java.lang.AbstractStringBuilder::append@21 (line 587)
                      ; - java.lang.StringBuilder::append@2 (line 179)
                      ; - java.net.URLStreamHandler::toExternalForm@11 (line 480)
                      ; - java.net.URL::toExternalForm@5 (line 1203)
                      ; - java.net.URL::toString@1 (line 1189)
                      ; - java.lang.ClassLoader::defineClassSourceLocation@22 (line 927)
                      ; - java.lang.ClassLoader::defineClass@12 (line 1026)
  0x00007dfa046acdf0: 0cd5 6dff 

  0x00007dfa046acdf4: ;   {other}
  0x00007dfa046acdf4: 0f1f 8400 | 6459 0078 | 4d63 cbe9 | 42b4 ffff | 4983 c1fe | 498b c948 | 8bfe 4833 | c048 83f9 
  0x00007dfa046ace14: 087f 1048 | ffc9 784f | 4889 04cf | 48ff c97d | f7eb 44c5 | fdef c0e9 | 0d00 0000 | c5fe 7f07 
  0x00007dfa046ace34: c5fe 7f47 | 2048 83c7 | 4048 83e9 | 087d ed48 | 83c1 047c | 0cc5 fe7f | 0748 83c7 | 2048 83e9 
  0x00007dfa046ace54: 0448 83c1 | 047e 1048 | ffc9 c5f9 | d607 4883 | c708 48ff | c97d f3e9 | 9db4 ffff | becc ffff 
  0x00007dfa046ace74: ff48 8b6c | 2410 4c8b | 5424 284c | 8954 2410 | 448b 5c24 | 2044 895c | 240c 448b | 5424 2444 
  0x00007dfa046ace94: 8954 2420 | 4c8b 5424 | 304c 8954 | 2428 894c | 2424 4489 | 4424 4c90 

  0x00007dfa046aceac: ;   {runtime_call UncommonTrapBlob}
  0x00007dfa046aceac: c5f8 77e8 

  0x00007dfa046aceb0: ; ImmutableOopMap {rbp=Oop [8]=NarrowOop [16]=Oop [24]=Oop [36]=NarrowOop [40]=Oop [64]=Oop }
                      ;*newarray {reexecute=1 rethrow=0 return_oop=0}
                      ; - (reexecute) java.util.Arrays::copyOf@15 (line 3541)
                      ; - java.lang.AbstractStringBuilder::ensureCapacityInternal@32 (line 242)
                      ; - java.lang.AbstractStringBuilder::append@7 (line 806)
                      ; - java.lang.StringBuilder::append@2 (line 246)
                      ; - java.net.URLStreamHandler::toExternalForm@16 (line 480)
                      ; - java.net.URL::toExternalForm@5 (line 1203)
                      ; - java.net.URL::toString@1 (line 1189)
                      ; - java.lang.ClassLoader::defineClassSourceLocation@22 (line 927)
                      ; - java.lang.ClassLoader::defineClass@12 (line 1026)
  0x00007dfa046aceb0: 4cd4 6dff 

  0x00007dfa046aceb4: ;   {other}
  0x00007dfa046aceb4: 0f1f 8400 | 245a 0079 | becc ffff | ff48 8b6c | 2410 4c8b | 5424 284c | 8954 2410 | 448b 5c24 
  0x00007dfa046aced4: 2044 895c | 240c 448b | 5424 2444 | 8954 2420 | 4c8b 5424 | 304c 8954 | 2428 448b | 5c24 5444 
  0x00007dfa046acef4: 895c 2424 | 894c 2450 | 4489 4424 | 5866 6690 

  0x00007dfa046acf04: ;   {runtime_call UncommonTrapBlob}
  0x00007dfa046acf04: c5f8 77e8 

  0x00007dfa046acf08: ; ImmutableOopMap {rbp=Oop [8]=NarrowOop [16]=Oop [24]=Oop [40]=Oop [64]=Oop [72]=Oop [80]=NarrowOop }
                      ;*newarray {reexecute=1 rethrow=0 return_oop=0}
                      ; - (reexecute) java.util.Arrays::copyOf@15 (line 3541)
                      ; - java.lang.AbstractStringBuilder::ensureCapacityInternal@32 (line 242)
                      ; - java.lang.AbstractStringBuilder::append@21 (line 587)
                      ; - java.lang.StringBuilder::append@2 (line 179)
                      ; - java.net.URLStreamHandler::toExternalForm@59 (line 483)
                      ; - java.net.URL::toExternalForm@5 (line 1203)
                      ; - java.net.URL::toString@1 (line 1189)
                      ; - java.lang.ClassLoader::defineClassSourceLocation@22 (line 927)
                      ; - java.lang.ClassLoader::defineClass@12 (line 1026)
  0x00007dfa046acf08: f4d3 6dff 

  0x00007dfa046acf0c: ;   {other}
  0x00007dfa046acf0c: 0f1f 8400 | 7c5a 007a | becc ffff | ff48 8b6c | 2410 4c8b | 5c24 284c | 895c 2410 | 4c8b 5c24 
  0x00007dfa046acf2c: 304c 895c | 2428 448b | 5c24 5044 | 895c 2448 | 4489 4424 | 4c44 8954 | 2454 6690 

  0x00007dfa046acf48: ;   {runtime_call UncommonTrapBlob}
  0x00007dfa046acf48: c5f8 77e8 

  0x00007dfa046acf4c: ; ImmutableOopMap {rbp=Oop [8]=NarrowOop [12]=NarrowOop [16]=Oop [24]=Oop [40]=Oop [64]=Oop [76]=NarrowOop }
                      ;*newarray {reexecute=1 rethrow=0 return_oop=0}
                      ; - (reexecute) java.util.Arrays::copyOf@15 (line 3541)
                      ; - java.lang.AbstractStringBuilder::ensureCapacityInternal@32 (line 242)
                      ; - java.lang.AbstractStringBuilder::append@21 (line 587)
                      ; - java.lang.StringBuilder::append@2 (line 179)
                      ; - java.net.URLStreamHandler::toExternalForm@77 (line 484)
                      ; - java.net.URL::toExternalForm@5 (line 1203)
                      ; - java.net.URL::toString@1 (line 1189)
                      ; - java.lang.ClassLoader::defineClassSourceLocation@22 (line 927)
                      ; - java.lang.ClassLoader::defineClass@12 (line 1026)
  0x00007dfa046acf4c: b0d3 6dff 

  0x00007dfa046acf50: ;   {other}
  0x00007dfa046acf50: 0f1f 8400 | c05a 007b | becc ffff | ff48 8b6c | 2410 4c8b | 4424 284c | 8944 2410 | 448b 4c24 
  0x00007dfa046acf70: 2044 894c | 240c 448b | 4424 2444 | 8944 2420 | 4c8b 4424 | 304c 8944 | 2428 4489 | 5424 2444 
  0x00007dfa046acf90: 895c 244c 

  0x00007dfa046acf94: ;   {runtime_call UncommonTrapBlob}
  0x00007dfa046acf94: c5f8 77e8 

  0x00007dfa046acf98: ; ImmutableOopMap {rbp=Oop [8]=NarrowOop [16]=Oop [24]=Oop [36]=NarrowOop [40]=Oop [64]=Oop }
                      ;*newarray {reexecute=1 rethrow=0 return_oop=0}
                      ; - (reexecute) java.util.Arrays::copyOf@15 (line 3541)
                      ; - java.lang.AbstractStringBuilder::ensureCapacityInternal@32 (line 242)
                      ; - java.lang.AbstractStringBuilder::append@21 (line 587)
                      ; - java.lang.StringBuilder::append@2 (line 179)
                      ; - java.net.URLStreamHandler::toExternalForm@113 (line 485)
                      ; - java.net.URL::toExternalForm@5 (line 1203)
                      ; - java.net.URL::toString@1 (line 1189)
                      ; - java.lang.ClassLoader::defineClassSourceLocation@22 (line 927)
                      ; - java.lang.ClassLoader::defineClass@12 (line 1026)
  0x00007dfa046acf98: 64d3 6dff 

  0x00007dfa046acf9c: ;   {other}
  0x00007dfa046acf9c: 0f1f 8400 | 0c5b 007c | becc ffff | ff48 8b6c | 2410 4c8b | 5c24 284c | 895c 2408 | 4c8b 5c24 
  0x00007dfa046acfbc: 184c 895c | 2410 448b | 5c24 2044 | 895c 2418 | 448b 4424 | 2444 8944 | 241c 4c8b | 5c24 304c 
  0x00007dfa046acfdc: 895c 2420 | 4c8b 5c24 | 404c 895c | 2430 4c89 | 5c24 3889 | 4c24 4044 | 8954 2448 

  0x00007dfa046acff8: ;   {runtime_call UncommonTrapBlob}
  0x00007dfa046acff8: c5f8 77e8 

  0x00007dfa046acffc: ; ImmutableOopMap {rbp=Oop [8]=Oop [16]=Oop [32]=Oop [48]=Oop [56]=Oop [64]=NarrowOop }
                      ;*newarray {reexecute=1 rethrow=0 return_oop=0}
                      ; - (reexecute) java.util.Arrays::copyOf@15 (line 3541)
                      ; - java.lang.AbstractStringBuilder::ensureCapacityInternal@32 (line 242)
                      ; - java.lang.AbstractStringBuilder::append@21 (line 587)
                      ; - java.lang.StringBuilder::append@2 (line 179)
                      ; - java.net.URLStreamHandler::toExternalForm@149 (line 486)
                      ; - java.net.URL::toExternalForm@5 (line 1203)
                      ; - java.net.URL::toString@1 (line 1189)
                      ; - java.lang.ClassLoader::defineClassSourceLocation@22 (line 927)
                      ; - java.lang.ClassLoader::defineClass@12 (line 1026)
  0x00007dfa046acffc: 00d3 6dff 

  0x00007dfa046ad000: ;   {other}
  0x00007dfa046ad000: 0f1f 8400 | 705b 007d | be45 ffff | ff4c 8b5c | 2430 4c89 | 5c24 2044 | 8944 2438 | 4c89 4c24 
  0x00007dfa046ad020: 4044 896c | 243c 8954 | 2448 4489 | 5424 4c90 

  0x00007dfa046ad030: ;   {runtime_call UncommonTrapBlob}
  0x00007dfa046ad030: c5f8 77e8 

  0x00007dfa046ad034: ; ImmutableOopMap {[8]=Oop [16]=Oop [32]=Oop [56]=NarrowOop [60]=NarrowOop [64]=Oop }
                      ;*if_icmpne {reexecute=1 rethrow=0 return_oop=0}
                      ; - (reexecute) java.lang.String::equals@33 (line 1861)
                      ; - java.util.concurrent.ConcurrentHashMap::get@73 (line 940)
                      ; - java.lang.ClassLoader::getNamedPackage@5 (line 341)
                      ; - java.lang.ClassLoader::postDefineClass@9 (line 934)
                      ; - java.lang.ClassLoader::defineClass@37 (line 1028)
  0x00007dfa046ad034: c8d2 6dff 

  0x00007dfa046ad038: ;   {other}
  0x00007dfa046ad038: 0f1f 8400 | a85b 007e | 4585 d28b | 4c24 700f | 94c1 448b | d1be 45ff | ffff 488b | 4c24 3048 
  0x00007dfa046ad058: 894c 2420 | 4489 4424 | 3044 895c | 2434 4c89 | 4c24 384c | 894c 2440 | 4489 5424 | 4866 6690 
  0x00007dfa046ad078: ;   {runtime_call UncommonTrapBlob}
  0x00007dfa046ad078: c5f8 77e8 

  0x00007dfa046ad07c: ; ImmutableOopMap {[8]=Oop [16]=Oop [32]=Oop [48]=NarrowOop [52]=NarrowOop [56]=Oop [64]=Oop }
                      ;*ifeq {reexecute=1 rethrow=0 return_oop=0}
                      ; - (reexecute) java.lang.String::hashCode@20 (line 2369)
                      ; - java.util.concurrent.ConcurrentHashMap::get@1 (line 936)
                      ; - java.lang.ClassLoader::getNamedPackage@5 (line 341)
                      ; - java.lang.ClassLoader::postDefineClass@9 (line 934)
                      ; - java.lang.ClassLoader::defineClass@37 (line 1028)
  0x00007dfa046ad07c: 80d2 6dff 

  0x00007dfa046ad080: ;   {other}
  0x00007dfa046ad080: 0f1f 8400 | f05b 007f | bef6 ffff | ff66 6690 

  0x00007dfa046ad090: ;   {runtime_call UncommonTrapBlob}
  0x00007dfa046ad090: c5f8 77e8 

  0x00007dfa046ad094: ; ImmutableOopMap {[24]=Oop [40]=Oop }
                      ;*invokevirtual putIfAbsent {reexecute=0 rethrow=0 return_oop=0}
                      ; - java.lang.ClassLoader::getNamedPackage@32 (line 345)
                      ; - java.lang.ClassLoader::postDefineClass@9 (line 934)
                      ; - java.lang.ClassLoader::defineClass@37 (line 1028)
  0x00007dfa046ad094: 68d2 6dff 

  0x00007dfa046ad098: ;   {other}
  0x00007dfa046ad098: 0f1f 8400 | 085c 0080 | bede ffff | ff48 8be8 

  0x00007dfa046ad0a8: ;   {runtime_call UncommonTrapBlob}
  0x00007dfa046ad0a8: c5f8 77e8 

  0x00007dfa046ad0ac: ; ImmutableOopMap {rbp=Oop }
                      ;*checkcast {reexecute=0 rethrow=0 return_oop=0}
                      ; - java.lang.ClassLoader::getNamedPackage@35 (line 345)
                      ; - java.lang.ClassLoader::postDefineClass@9 (line 934)
                      ; - java.lang.ClassLoader::defineClass@37 (line 1028)
  0x00007dfa046ad0ac: 50d2 6dff 

  0x00007dfa046ad0b0: ;   {other}
  0x00007dfa046ad0b0: 0f1f 8400 | 205c 0081 | be76 ffff | ff48 8b6c | 2410 4c8b | 5c24 284c | 895c 2410 | 4c8b 5c24 
  0x00007dfa046ad0d0: 304c 895c | 2428 4c89 | 6c24 3044 | 8954 244c 

  0x00007dfa046ad0e0: ;   {runtime_call UncommonTrapBlob}
  0x00007dfa046ad0e0: c5f8 77e8 

  0x00007dfa046ad0e4: ; ImmutableOopMap {rbp=Oop [8]=Oop [16]=Oop [24]=Oop [40]=Oop [48]=Oop [56]=Oop }
                      ;*if_icmpge {reexecute=1 rethrow=0 return_oop=0}
                      ; - (reexecute) java.lang.ClassLoader::compareCerts@40 (line 1195)
                      ; - java.lang.ClassLoader::checkCerts@80 (line 1172)
                      ; - java.lang.ClassLoader::preDefineClass@113 (line 917)
                      ; - java.lang.ClassLoader::defineClass@4 (line 1025)
  0x00007dfa046ad0e4: 18d2 6dff 

  0x00007dfa046ad0e8: ;   {other}
  0x00007dfa046ad0e8: 0f1f 8400 | 585c 0082 | bebe ffff | ff48 8b6c | 2410 4c8b | 5c24 284c | 895c 2410 | 4c8b 5c24 
  0x00007dfa046ad108: 304c 895c | 2428 4c89 | 6c24 3044 | 8954 244c 

  0x00007dfa046ad118: ;   {runtime_call UncommonTrapBlob}
  0x00007dfa046ad118: c5f8 77e8 

  0x00007dfa046ad11c: ; ImmutableOopMap {rbp=Oop [8]=Oop [16]=Oop [24]=Oop [40]=Oop [48]=Oop [56]=Oop }
                      ;*if_icmpge {reexecute=1 rethrow=0 return_oop=0}
                      ; - (reexecute) java.lang.ClassLoader::compareCerts@40 (line 1195)
                      ; - java.lang.ClassLoader::checkCerts@80 (line 1172)
                      ; - java.lang.ClassLoader::preDefineClass@113 (line 917)
                      ; - java.lang.ClassLoader::defineClass@4 (line 1025)
  0x00007dfa046ad11c: e0d1 6dff 

  0x00007dfa046ad120: ;   {other}
  0x00007dfa046ad120: 0f1f 8400 | 905c 0083 | be45 ffff | ff4c 8b54 | 2430 4c89 | 5424 2044 | 8944 2438 | 4c89 4c24 
  0x00007dfa046ad140: 4048 895c | 2448 8954 | 243c 6690 

  0x00007dfa046ad14c: ;   {runtime_call UncommonTrapBlob}
  0x00007dfa046ad14c: c5f8 77e8 

  0x00007dfa046ad150: ; ImmutableOopMap {rbp=NarrowOop [8]=Oop [16]=Oop [32]=Oop [56]=NarrowOop [64]=Oop [72]=Oop }
                      ;*ifnull {reexecute=1 rethrow=0 return_oop=0}
                      ; - (reexecute) java.util.concurrent.ConcurrentHashMap::get@143 (line 946)
                      ; - java.lang.ClassLoader::getNamedPackage@5 (line 341)
                      ; - java.lang.ClassLoader::postDefineClass@9 (line 934)
                      ; - java.lang.ClassLoader::defineClass@37 (line 1028)
  0x00007dfa046ad150: acd1 6dff 

  0x00007dfa046ad154: ;   {other}
  0x00007dfa046ad154: 0f1f 8400 | c45c 0084 | 41b8 0100 | 0000 be45 | ffff ff48 | 8b6c 2410 | 4c8b 5c24 | 284c 895c 
  0x00007dfa046ad174: 2410 4c8b | 5c24 304c | 895c 2428 | 4c89 6c24 | 304c 8974 | 2440 4489 | 5424 4889 | 5424 4c44 
  0x00007dfa046ad194: 8944 2450 | 4489 4c24 | 5466 6690 

  0x00007dfa046ad1a0: ;   {runtime_call UncommonTrapBlob}
  0x00007dfa046ad1a0: c5f8 77e8 

  0x00007dfa046ad1a4: ; ImmutableOopMap {rbp=Oop [8]=Oop [16]=Oop [24]=Oop [40]=Oop [48]=Oop [64]=Oop }
                      ;*if_icmpge {reexecute=1 rethrow=0 return_oop=0}
                      ; - (reexecute) java.lang.ClassLoader::compareCerts@67 (line 1197)
                      ; - java.lang.ClassLoader::checkCerts@80 (line 1172)
                      ; - java.lang.ClassLoader::preDefineClass@113 (line 917)
                      ; - java.lang.ClassLoader::defineClass@4 (line 1025)
  0x00007dfa046ad1a4: 58d1 6dff 

  0x00007dfa046ad1a8: ;   {other}
  0x00007dfa046ad1a8: 0f1f 8400 | 185d 0085 | be45 ffff | ff48 8b6c | 2410 4c8b | 5c24 284c | 895c 2410 | 4c8b 5c24 
  0x00007dfa046ad1c8: 304c 895c | 2428 4489 | 5424 3044 | 894c 2434 

  0x00007dfa046ad1d8: ;   {runtime_call UncommonTrapBlob}
  0x00007dfa046ad1d8: c5f8 77e8 

  0x00007dfa046ad1dc: ; ImmutableOopMap {rbp=Oop [8]=Oop [16]=Oop [24]=Oop [40]=Oop }
                      ;*if_icmpeq {reexecute=1 rethrow=0 return_oop=0}
                      ; - (reexecute) java.lang.ClassLoader::compareCerts@20 (line 1189)
                      ; - java.lang.ClassLoader::checkCerts@80 (line 1172)
                      ; - java.lang.ClassLoader::preDefineClass@113 (line 917)
                      ; - java.lang.ClassLoader::defineClass@4 (line 1025)
  0x00007dfa046ad1dc: 20d1 6dff 

  0x00007dfa046ad1e0: ;   {other}
  0x00007dfa046ad1e0: 0f1f 8400 | 505d 0086 | 4c89 4c24 | 6044 8954 | 2458 4c8b | 5424 404c | 8954 2450 | 4c8b 5424 
  0x00007dfa046ad200: 384c 8954 | 2448 4489 | 6c24 404c | 8b54 2430 | 4c89 5424 | 384c 8b54 | 2428 4c89 

  0x00007dfa046ad21c: ;   {metadata('java/lang/String')}
  0x00007dfa046ad21c: 5424 0848 | be70 ea00 | aef9 7d00 | 0066 6690 

  0x00007dfa046ad22c: ;   {runtime_call _new_instance_Java}
  0x00007dfa046ad22c: c5f8 77e8 

  0x00007dfa046ad230: ; ImmutableOopMap {rbp=Oop [8]=Oop [16]=Oop [24]=Oop [56]=Oop [64]=NarrowOop [72]=Oop [80]=Oop [96]=Oop }
                      ;*new {reexecute=1 rethrow=0 return_oop=1}
                      ; - (reexecute) java.net.URLStreamHandler::toExternalForm@35 (line 483)
                      ; - java.net.URL::toExternalForm@5 (line 1203)
                      ; - java.net.URL::toString@1 (line 1189)
                      ; - java.lang.ClassLoader::defineClassSourceLocation@22 (line 927)
                      ; - java.lang.ClassLoader::defineClass@12 (line 1026)
  0x00007dfa046ad230: cc0a 79ff 

  0x00007dfa046ad234: ;   {other}
  0x00007dfa046ad234: 0f1f 8400 | a45d 0087 | 4c8b 5424 | 084c 8954 | 2428 4c8b | 5424 384c | 8954 2430 | 448b 6c24 
  0x00007dfa046ad254: 404c 8b54 | 2448 4c89 | 5424 384c | 8b54 2450 | 4c89 5424 | 4044 8b54 | 2458 4c8b | 4c24 60e9 
  0x00007dfa046ad274: 34dc ffff | 4489 5424 | 5c89 5c24 | 584c 8b54 | 2440 4c89 | 5424 504c | 8b54 2438 | 4c89 5424 
  0x00007dfa046ad294: 4844 896c | 2440 4c8b | 5424 304c | 8954 2438 | 4c8b 5424 | 284c 8954 

  0x00007dfa046ad2ac: ;   {metadata({type array byte})}
  0x00007dfa046ad2ac: 2408 48be | 1823 00ae | f97d 0000 

  0x00007dfa046ad2b8: ;   {runtime_call _new_array_Java}
  0x00007dfa046ad2b8: c5f8 77e8 

  0x00007dfa046ad2bc: ; ImmutableOopMap {rbp=Oop [8]=Oop [16]=Oop [24]=Oop [56]=Oop [64]=NarrowOop [72]=Oop [80]=Oop [88]=NarrowOop }
                      ;*new {reexecute=1 rethrow=0 return_oop=1}
                      ; - (reexecute) java.net.URLStreamHandler::toExternalForm@35 (line 483)
                      ; - java.net.URL::toExternalForm@5 (line 1203)
                      ; - java.net.URL::toString@1 (line 1189)
                      ; - java.lang.ClassLoader::defineClassSourceLocation@22 (line 927)
                      ; - java.lang.ClassLoader::defineClass@12 (line 1026)
  0x00007dfa046ad2bc: c0e6 78ff 

  0x00007dfa046ad2c0: ;   {other}
  0x00007dfa046ad2c0: 0f1f 8400 | 305e 0088 | 4c8b 5424 | 084c 8954 | 2428 4c8b | 5424 384c | 8954 2430 | 448b 6c24 
  0x00007dfa046ad2e0: 404c 8b54 | 2448 4c89 | 5424 384c | 8b54 2450 | 4c89 5424 | 408b 5c24 | 5844 8b54 | 245c 4c8b 
  0x00007dfa046ad300: c8e9 19da | ffff 4c89 | 4424 5844 | 895c 244c | 4889 5c24 | 5044 8b54 | 2438 4489 | 5424 484c 
  0x00007dfa046ad320: 8b54 2430 | 4c89 5424 | 404c 896c | 2438 4c8b | 5424 104c | 8954 2408 | 488b 6c24 

  0x00007dfa046ad33c: ;   {metadata('java/util/ArrayList')}
  0x00007dfa046ad33c: 2848 beb0 | b20b aef9 | 7d00 0090 

  0x00007dfa046ad348: ;   {runtime_call _new_instance_Java}
  0x00007dfa046ad348: c5f8 77e8 

  0x00007dfa046ad34c: ; ImmutableOopMap {rbp=Oop [8]=Oop [24]=Oop [56]=Oop [64]=Oop [72]=NarrowOop [76]=NarrowOop [80]=Oop [88]=Oop }
                      ;*new {reexecute=0 rethrow=0 return_oop=1}
                      ; - java.security.CodeSource::getCertificates@25 (line 209)
                      ; - java.lang.ClassLoader::checkCerts@34 (line 1168)
                      ; - java.lang.ClassLoader::preDefineClass@113 (line 917)
                      ; - java.lang.ClassLoader::defineClass@4 (line 1025)
  0x00007dfa046ad34c: b009 79ff 

  0x00007dfa046ad350: ;   {other}
  0x00007dfa046ad350: 0f1f 8400 | c05e 0089 | 4889 6c24 | 284c 8b54 | 2408 4c89 | 5424 104c | 8b6c 2438 | 4c8b 5424 
  0x00007dfa046ad370: 404c 8954 | 2430 448b | 5c24 4844 | 895c 2438 | 488b 5c24 | 5044 8b5c | 244c 4c8b | 4424 58e9 
  0x00007dfa046ad390: 31dc ffff | 4c89 5424 | 584c 8944 | 2450 4889 | 5c24 484c | 896c 2440 | 448b 5c24 | 7044 895c 
  0x00007dfa046ad3b0: 243c 4c8b | 5424 104c | 8954 2408 | 488b 6c24 

  0x00007dfa046ad3c0: ;   {metadata('java/security/cert/Certificate'[])}
  0x00007dfa046ad3c0: 2848 bec8 | 5210 aef9 | 7d00 008b | 5424 7090 

  0x00007dfa046ad3d0: ;   {runtime_call _new_array_Java}
  0x00007dfa046ad3d0: c5f8 77e8 

  0x00007dfa046ad3d4: ; ImmutableOopMap {rbp=Oop [8]=Oop [24]=Oop [48]=Oop [56]=NarrowOop [64]=Oop [72]=Oop [80]=Oop [88]=Oop }
                      ;*anewarray {reexecute=0 rethrow=0 return_oop=1}
                      ; - java.security.CodeSource::getCertificates@70 (line 215)
                      ; - java.lang.ClassLoader::checkCerts@34 (line 1168)
                      ; - java.lang.ClassLoader::preDefineClass@113 (line 917)
                      ; - java.lang.ClassLoader::defineClass@4 (line 1025)
  0x00007dfa046ad3d4: a8e5 78ff 

  0x00007dfa046ad3d8: ;   {other}
  0x00007dfa046ad3d8: 0f1f 8400 | 485f 008a | e965 ddff | ff4c 894c | 2428 4889 

  0x00007dfa046ad3ec: ;   {metadata('java/security/cert/Certificate'[])}
  0x00007dfa046ad3ec: 4c24 1048 | bec8 5210 | aef9 7d00 | 0041 8bd0 

  0x00007dfa046ad3fc: ;   {runtime_call _new_array_Java}
  0x00007dfa046ad3fc: c5f8 77e8 

  0x00007dfa046ad400: ; ImmutableOopMap {rbp=Oop [8]=Oop [16]=Oop [24]=Oop [48]=Oop [64]=Oop [72]=Oop }
                      ;*invokevirtual clone {reexecute=1 rethrow=0 return_oop=1}
                      ; - (reexecute) java.security.CodeSource::getCertificates@86 (line 217)
                      ; - java.lang.ClassLoader::checkCerts@34 (line 1168)
                      ; - java.lang.ClassLoader::preDefineClass@113 (line 917)
                      ; - java.lang.ClassLoader::defineClass@4 (line 1025)
  0x00007dfa046ad400: 7ce5 78ff 

  0x00007dfa046ad404: ;   {other}
  0x00007dfa046ad404: 0f1f 8400 | 745f 008b | 488b 4c24 | 104c 8b4c | 2428 488b | d8e9 f3dd | ffff 4889 | 5c24 2844 
  0x00007dfa046ad424: 894c 2424 | 4489 5424 | 2048 ff74 | 2408 488f | 4424 1848 | 8b6c 2410 

  0x00007dfa046ad43c: ;   {metadata('java/util/ArrayList')}
  0x00007dfa046ad43c: 48be b0b2 | 0bae f97d | 0000 6690 

  0x00007dfa046ad448: ;   {runtime_call _new_instance_Java}
  0x00007dfa046ad448: c5f8 77e8 

  0x00007dfa046ad44c: ; ImmutableOopMap {rbp=Oop [24]=Oop [32]=NarrowOop [36]=NarrowOop [40]=Oop }
                      ;*new {reexecute=0 rethrow=0 return_oop=1}
                      ; - java.security.CodeSource::getCertificates@25 (line 209)
                      ; - java.lang.ClassLoader::postDefineClass@24 (line 937)
                      ; - java.lang.ClassLoader::defineClass@37 (line 1028)
  0x00007dfa046ad44c: b008 79ff 

  0x00007dfa046ad450: ;   {other}
  0x00007dfa046ad450: 0f1f 8400 | c05f 008c | 4889 6c24 | 1048 ff74 | 2418 488f | 4424 0844 | 8b54 2420 | 448b 4c24 
  0x00007dfa046ad470: 2448 8b5c | 2428 e9be | e0ff ff48 | 894c 2420 | 488b eb44 | 8954 2418 

  0x00007dfa046ad488: ;   {metadata('java/security/cert/Certificate'[])}
  0x00007dfa046ad488: 48be c852 | 10ae f97d | 0000 8b54 | 2470 6690 

  0x00007dfa046ad498: ;   {runtime_call _new_array_Java}
  0x00007dfa046ad498: c5f8 77e8 

  0x00007dfa046ad49c: ; ImmutableOopMap {rbp=Oop [8]=Oop [16]=Oop [24]=NarrowOop [32]=Oop }
                      ;*anewarray {reexecute=0 rethrow=0 return_oop=1}
                      ; - java.security.CodeSource::getCertificates@70 (line 215)
                      ; - java.lang.ClassLoader::postDefineClass@24 (line 937)
                      ; - java.lang.ClassLoader::defineClass@37 (line 1028)
  0x00007dfa046ad49c: e0e4 78ff 

  0x00007dfa046ad4a0: ;   {other}
  0x00007dfa046ad4a0: 0f1f 8400 | 1060 008d | e9c0 e1ff 

  0x00007dfa046ad4ac: ;   {metadata('java/security/cert/Certificate'[])}
  0x00007dfa046ad4ac: ff48 bec8 | 5210 aef9 | 7d00 0041 | 8bd2 6690 

  0x00007dfa046ad4bc: ;   {runtime_call _new_array_Java}
  0x00007dfa046ad4bc: c5f8 77e8 

  0x00007dfa046ad4c0: ; ImmutableOopMap {[8]=Oop [16]=Oop [40]=Oop }
                      ;*invokevirtual clone {reexecute=1 rethrow=0 return_oop=1}
                      ; - (reexecute) java.security.CodeSource::getCertificates@86 (line 217)
                      ; - java.lang.ClassLoader::postDefineClass@24 (line 937)
                      ; - java.lang.ClassLoader::defineClass@37 (line 1028)
  0x00007dfa046ad4c0: bce4 78ff 

  0x00007dfa046ad4c4: ;   {other}
  0x00007dfa046ad4c4: 0f1f 8400 | 3460 008e | 488b d8e9 | 63e2 ffff | bee4 ffff | ff4c 8b44 | 2428 4c89 | 4424 084c 
  0x00007dfa046ad4e4: 8b44 2430 | 4c89 4424 | 284c 896c | 2430 4889 | 5c24 404c | 8954 2450 | 4489 5c24 | 5844 894c 
  0x00007dfa046ad504: 245c 6690 

  0x00007dfa046ad508: ;   {runtime_call UncommonTrapBlob}
  0x00007dfa046ad508: c5f8 77e8 

  0x00007dfa046ad50c: ; ImmutableOopMap {[8]=Oop [16]=Oop [24]=Oop [40]=Oop [48]=Oop [56]=NarrowOop [64]=Oop [80]=Oop [88]=NarrowOop }
                      ;*aaload {reexecute=0 rethrow=0 return_oop=0}
                      ; - java.security.CodeSource::getCertificates@50 (line 212)
                      ; - java.lang.ClassLoader::checkCerts@34 (line 1168)
                      ; - java.lang.ClassLoader::preDefineClass@113 (line 917)
                      ; - java.lang.ClassLoader::defineClass@4 (line 1025)
  0x00007dfa046ad50c: f0cd 6dff 

  0x00007dfa046ad510: ;   {other}
  0x00007dfa046ad510: 0f1f 8400 | 8060 008f | bee4 ffff | ff44 8954 | 2418 4889 | 4c24 2844 | 894c 2430 | 4489 5c24 
  0x00007dfa046ad530: 3466 6690 

  0x00007dfa046ad534: ;   {runtime_call UncommonTrapBlob}
  0x00007dfa046ad534: c5f8 77e8 

  0x00007dfa046ad538: ; ImmutableOopMap {[8]=Oop [16]=Oop [24]=NarrowOop [40]=Oop [48]=NarrowOop }
                      ;*aaload {reexecute=0 rethrow=0 return_oop=0}
                      ; - java.security.CodeSource::getCertificates@50 (line 212)
                      ; - java.lang.ClassLoader::postDefineClass@24 (line 937)
                      ; - java.lang.ClassLoader::defineClass@37 (line 1028)
  0x00007dfa046ad538: c4cd 6dff 

  0x00007dfa046ad53c: ;   {other}
  0x00007dfa046ad53c: 0f1f 8400 | ac60 0090 | bede ffff | ff4c 8b54 | 2430 4c89 | 5424 2044 | 8944 2430 | 4489 6c24 
  0x00007dfa046ad55c: 3489 5424 | 384c 894c | 2440 6690 

  0x00007dfa046ad568: ;   {runtime_call UncommonTrapBlob}
  0x00007dfa046ad568: c5f8 77e8 

  0x00007dfa046ad56c: ; ImmutableOopMap {[8]=Oop [16]=Oop [32]=Oop [48]=NarrowOop [52]=NarrowOop [64]=Oop }
                      ;*invokevirtual find {reexecute=0 rethrow=0 return_oop=0}
                      ; - java.util.concurrent.ConcurrentHashMap::get@93 (line 944)
                      ; - java.lang.ClassLoader::getNamedPackage@5 (line 341)
                      ; - java.lang.ClassLoader::postDefineClass@9 (line 934)
                      ; - java.lang.ClassLoader::defineClass@37 (line 1028)
  0x00007dfa046ad56c: 90cd 6dff 

  0x00007dfa046ad570: ;   {other}
  0x00007dfa046ad570: 0f1f 8400 | e060 0091 | 4c63 dae9 | 34d7 ffff | becc ffff | ff48 8b6c | 2410 4c8b | 5424 284c 
  0x00007dfa046ad590: 8954 2408 | 4c8b 5424 | 184c 8954 | 2410 448b | 5424 2044 | 8954 2418 | 448b 5c24 | 2444 895c 
  0x00007dfa046ad5b0: 241c 4c8b | 5424 304c | 8954 2420 | 4489 6c24 | 2889 5c24 | 2c66 6690 

  0x00007dfa046ad5c8: ;   {runtime_call UncommonTrapBlob}
  0x00007dfa046ad5c8: c5f8 77e8 

  0x00007dfa046ad5cc: ; ImmutableOopMap {rbp=Oop [8]=Oop [16]=Oop [32]=Oop [40]=NarrowOop [44]=NarrowOop [64]=Oop }
                      ;*new {reexecute=0 rethrow=0 return_oop=0}
                      ; - java.net.URLStreamHandler::toExternalForm@35 (line 483)
                      ; - java.net.URL::toExternalForm@5 (line 1203)
                      ; - java.net.URL::toString@1 (line 1189)
                      ; - java.lang.ClassLoader::defineClassSourceLocation@22 (line 927)
                      ; - java.lang.ClassLoader::defineClass@12 (line 1026)
  0x00007dfa046ad5cc: 30cd 6dff 

  0x00007dfa046ad5d0: ;   {other}
  0x00007dfa046ad5d0: 0f1f 8400 | 4061 0092 | bede ffff | ff48 8944 | 2440 6690 

  0x00007dfa046ad5e4: ;   {runtime_call UncommonTrapBlob}
  0x00007dfa046ad5e4: c5f8 77e8 

  0x00007dfa046ad5e8: ; ImmutableOopMap {[8]=Oop [16]=Oop [24]=Oop [40]=Oop [48]=Oop [56]=Oop [64]=Oop }
                      ;*checkcast {reexecute=0 rethrow=0 return_oop=0}
                      ; - java.lang.ClassLoader::checkCerts@65 (line 1171)
                      ; - java.lang.ClassLoader::preDefineClass@113 (line 917)
                      ; - java.lang.ClassLoader::defineClass@4 (line 1025)
  0x00007dfa046ad5e8: 14cd 6dff 

  0x00007dfa046ad5ec: ;   {other}
  0x00007dfa046ad5ec: 0f1f 8400 | 5c61 0093 | be66 ffff | ff4c 8974 | 2448 4489 | 5424 5089 | 5424 544c | 896c 2460 
  0x00007dfa046ad60c: 4489 4c24 | 5c44 895c | 2468 4489 | 5c24 6c90 

  0x00007dfa046ad61c: ;   {runtime_call UncommonTrapBlob}
  0x00007dfa046ad61c: c5f8 77e8 

  0x00007dfa046ad620: ; ImmutableOopMap {rbp=NarrowOop [8]=Oop [16]=Oop [24]=Oop [40]=Oop [48]=Oop [72]=Oop [96]=Oop [104]=NarrowOop [108]=NarrowOop }
                      ;*instanceof {reexecute=0 rethrow=0 return_oop=0}
                      ; - sun.security.x509.X509CertImpl::getEncodedInternal@1 (line 1524)
                      ; - java.security.cert.Certificate::equals@17 (line 115)
                      ; - java.lang.ClassLoader::compareCerts@81 (line 1198)
                      ; - java.lang.ClassLoader::checkCerts@80 (line 1172)
                      ; - java.lang.ClassLoader::preDefineClass@113 (line 917)
                      ; - java.lang.ClassLoader::defineClass@4 (line 1025)
  0x00007dfa046ad620: dccc 6dff 

  0x00007dfa046ad624: ;   {other}
  0x00007dfa046ad624: 0f1f 8400 | 9461 0094 | be66 ffff | ff4c 896c | 2440 4489 | 4c24 4889 | 5424 4c4c | 8974 2458 
  0x00007dfa046ad644: 4489 5424 | 5444 895c | 2460 4489 | 5c24 6490 

  0x00007dfa046ad654: ;   {runtime_call UncommonTrapBlob}
  0x00007dfa046ad654: c5f8 77e8 

  0x00007dfa046ad658: ; ImmutableOopMap {rbp=NarrowOop [8]=Oop [16]=Oop [24]=Oop [40]=Oop [48]=Oop [64]=Oop [88]=Oop [96]=NarrowOop [100]=NarrowOop }
                      ;*instanceof {reexecute=0 rethrow=0 return_oop=0}
                      ; - sun.security.x509.X509CertImpl::getEncodedInternal@1 (line 1524)
                      ; - java.security.cert.Certificate::equals@17 (line 115)
                      ; - java.lang.ClassLoader::compareCerts@166 (line 1210)
                      ; - java.lang.ClassLoader::checkCerts@80 (line 1172)
                      ; - java.lang.ClassLoader::preDefineClass@113 (line 917)
                      ; - java.lang.ClassLoader::defineClass@4 (line 1025)
  0x00007dfa046ad658: a4cc 6dff 

  0x00007dfa046ad65c: ;   {other}
  0x00007dfa046ad65c: 0f1f 8400 | cc61 0095 | 4533 c0be | 66ff ffff | 488b 6c24 | 1048 8b4c | 2428 4889 | 4c24 1048 
  0x00007dfa046ad67c: 8b4c 2430 | 4889 4c24 | 284c 8974 | 2440 4489 | 5424 4889 | 5424 4c44 | 895c 2450 | 4c89 6c24 
  0x00007dfa046ad69c: 5844 894c | 2454 4489 | 4424 60c5 | fa11 4424 | 6448 895c | 2470 6690 

  0x00007dfa046ad6b4: ;   {runtime_call UncommonTrapBlob}
  0x00007dfa046ad6b4: c5f8 77e8 

  0x00007dfa046ad6b8: ; ImmutableOopMap {rbp=Oop [8]=Oop [16]=Oop [24]=Oop [40]=Oop [64]=Oop [80]=NarrowOop [88]=Oop [100]=NarrowOop [112]=Oop }
                      ;*instanceof {reexecute=0 rethrow=0 return_oop=0}
                      ; - sun.security.x509.X509CertImpl::getEncodedInternal@1 (line 1524)
                      ; - java.security.cert.Certificate::equals@25 (line 116)
                      ; - java.lang.ClassLoader::compareCerts@81 (line 1198)
                      ; - java.lang.ClassLoader::checkCerts@80 (line 1172)
                      ; - java.lang.ClassLoader::preDefineClass@113 (line 917)
                      ; - java.lang.ClassLoader::defineClass@4 (line 1025)
  0x00007dfa046ad6b8: 44cc 6dff 

  0x00007dfa046ad6bc: ;   {other}
  0x00007dfa046ad6bc: 0f1f 8400 | 2c62 0096 | 4533 c0be | 66ff ffff | 488b 6c24 | 1048 ff74 | 2428 488f | 4424 1048 
  0x00007dfa046ad6dc: 8b5c 2430 | 4889 5c24 | 284c 896c | 2438 4489 | 4c24 4089 | 5424 4444 | 895c 2448 | 4c89 7424 
  0x00007dfa046ad6fc: 5044 8954 | 244c 4489 | 4424 58c5 | fa11 4424 | 5c48 894c | 2468 6690 

  0x00007dfa046ad714: ;   {runtime_call UncommonTrapBlob}
  0x00007dfa046ad714: c5f8 77e8 

  0x00007dfa046ad718: ; ImmutableOopMap {rbp=Oop [8]=Oop [16]=Oop [24]=Oop [40]=Oop [56]=Oop [72]=NarrowOop [80]=Oop [92]=NarrowOop [104]=Oop }
                      ;*instanceof {reexecute=0 rethrow=0 return_oop=0}
                      ; - sun.security.x509.X509CertImpl::getEncodedInternal@1 (line 1524)
                      ; - java.security.cert.Certificate::equals@25 (line 116)
                      ; - java.lang.ClassLoader::compareCerts@166 (line 1210)
                      ; - java.lang.ClassLoader::checkCerts@80 (line 1172)
                      ; - java.lang.ClassLoader::preDefineClass@113 (line 917)
                      ; - java.lang.ClassLoader::defineClass@4 (line 1025)
  0x00007dfa046ad718: e4cb 6dff 

  0x00007dfa046ad71c: ;   {other}
  0x00007dfa046ad71c: 0f1f 8400 | 8c62 0097 | bede ffff | ff4c 8b54 | 2418 4c89 | 5424 1044 | 8b5c 2420 | 4489 5c24 
  0x00007dfa046ad73c: 1844 8b54 | 2424 4489 | 5424 1c4c | 8b54 2430 | 4c89 5424 | 204c 8b54 | 2440 4c89 | 5424 304c 
  0x00007dfa046ad75c: 8b54 2448 | 4c89 5424 | 4048 8944 | 2448 6690 

  0x00007dfa046ad76c: ;   {runtime_call UncommonTrapBlob}
  0x00007dfa046ad76c: c5f8 77e8 

  0x00007dfa046ad770: ; ImmutableOopMap {rbp=Oop [8]=Oop [16]=Oop [32]=Oop [48]=Oop [56]=NarrowOop [64]=Oop [72]=Oop }
                      ;*checkcast {reexecute=0 rethrow=0 return_oop=0}
                      ; - java.security.CodeSource::getCertificates@76 (line 215)
                      ; - java.lang.ClassLoader::checkCerts@34 (line 1168)
                      ; - java.lang.ClassLoader::preDefineClass@113 (line 917)
                      ; - java.lang.ClassLoader::defineClass@4 (line 1025)
  0x00007dfa046ad770: 8ccb 6dff 

  0x00007dfa046ad774: ;   {other}
  0x00007dfa046ad774: 0f1f 8400 | e462 0098 | bede ffff | ff48 8944 | 2420 6690 

  0x00007dfa046ad788: ;   {runtime_call UncommonTrapBlob}
  0x00007dfa046ad788: c5f8 77e8 

  0x00007dfa046ad78c: ; ImmutableOopMap {[8]=Oop [16]=Oop [24]=NarrowOop [32]=Oop }
                      ;*checkcast {reexecute=0 rethrow=0 return_oop=0}
                      ; - java.security.CodeSource::getCertificates@76 (line 215)
                      ; - java.lang.ClassLoader::postDefineClass@24 (line 937)
                      ; - java.lang.ClassLoader::defineClass@37 (line 1028)
  0x00007dfa046ad78c: 70cb 6dff 

  0x00007dfa046ad790: ;   {other}
  0x00007dfa046ad790: 0f1f 8400 | 0063 0099 | bede ffff | ff4c 8b54 | 2430 4c89 | 5424 2044 | 8944 2438 | 4c89 4c24 
  0x00007dfa046ad7b0: 4044 896c | 243c 8954 | 2448 4c89 | 4c24 5090 

  0x00007dfa046ad7c0: ;   {runtime_call UncommonTrapBlob}
  0x00007dfa046ad7c0: c5f8 77e8 

  0x00007dfa046ad7c4: ; ImmutableOopMap {rbp=NarrowOop [8]=Oop [16]=Oop [32]=Oop [56]=NarrowOop [60]=NarrowOop [64]=Oop [80]=Oop }
                      ;*instanceof {reexecute=0 rethrow=0 return_oop=0}
                      ; - java.lang.String::equals@8 (line 1863)
                      ; - java.util.concurrent.ConcurrentHashMap::get@73 (line 940)
                      ; - java.lang.ClassLoader::getNamedPackage@5 (line 341)
                      ; - java.lang.ClassLoader::postDefineClass@9 (line 934)
                      ; - java.lang.ClassLoader::defineClass@37 (line 1028)
  0x00007dfa046ad7c4: 38cb 6dff 

  0x00007dfa046ad7c8: ;   {other}
  0x00007dfa046ad7c8: 0f1f 8400 | 3863 009a | bef6 ffff | ff66 6690 

  0x00007dfa046ad7d8: ;   {runtime_call UncommonTrapBlob}
  0x00007dfa046ad7d8: c5f8 77e8 

  0x00007dfa046ad7dc: ; ImmutableOopMap {}
                      ;*invokevirtual getCodeSource {reexecute=0 rethrow=0 return_oop=0}
                      ; - java.lang.ClassLoader::defineClassSourceLocation@1 (line 924)
                      ; - java.lang.ClassLoader::defineClass@12 (line 1026)
  0x00007dfa046ad7dc: 20cb 6dff 

  0x00007dfa046ad7e0: ;   {other}
  0x00007dfa046ad7e0: 0f1f 8400 | 5063 009b | bef6 ffff | ff66 6690 

  0x00007dfa046ad7f0: ;   {runtime_call UncommonTrapBlob}
  0x00007dfa046ad7f0: c5f8 77e8 

  0x00007dfa046ad7f4: ; ImmutableOopMap {}
                      ;*invokevirtual getPackageName {reexecute=0 rethrow=0 return_oop=0}
                      ; - java.lang.ClassLoader::postDefineClass@2 (line 934)
                      ; - java.lang.ClassLoader::defineClass@37 (line 1028)
  0x00007dfa046ad7f4: 08cb 6dff 

  0x00007dfa046ad7f8: ;   {other}
  0x00007dfa046ad7f8: 0f1f 8400 | 6863 009c | bef6 ffff | ff66 6690 

  0x00007dfa046ad808: ;   {runtime_call UncommonTrapBlob}
  0x00007dfa046ad808: c5f8 77e8 

  0x00007dfa046ad80c: ; ImmutableOopMap {}
                      ;*invokevirtual hashCode {reexecute=0 rethrow=0 return_oop=0}
                      ; - java.util.concurrent.ConcurrentHashMap::get@1 (line 936)
                      ; - java.lang.ClassLoader::getNamedPackage@5 (line 341)
                      ; - java.lang.ClassLoader::postDefineClass@9 (line 934)
                      ; - java.lang.ClassLoader::defineClass@37 (line 1028)
  0x00007dfa046ad80c: f0ca 6dff 

  0x00007dfa046ad810: ;   {other}
  0x00007dfa046ad810: 0f1f 8400 | 8063 009d | bef6 ffff | ff66 6690 

  0x00007dfa046ad820: ;   {runtime_call UncommonTrapBlob}
  0x00007dfa046ad820: c5f8 77e8 

  0x00007dfa046ad824: ; ImmutableOopMap {}
                      ;*arraylength {reexecute=0 rethrow=0 return_oop=0}
                      ; - java.lang.String::isEmpty@4 (line 1532)
                      ; - java.lang.ClassLoader::checkName@5 (line 1155)
                      ; - java.lang.ClassLoader::preDefineClass@1 (line 900)
                      ; - java.lang.ClassLoader::defineClass@4 (line 1025)
  0x00007dfa046ad824: d8ca 6dff 

  0x00007dfa046ad828: ;   {other}
  0x00007dfa046ad828: 0f1f 8400 | 9863 009e | bef6 ffff | ff66 6690 

  0x00007dfa046ad838: ;   {runtime_call UncommonTrapBlob}
  0x00007dfa046ad838: c5f8 77e8 

  0x00007dfa046ad83c: ; ImmutableOopMap {}
                      ;*arraylength {reexecute=0 rethrow=0 return_oop=0}
                      ; - java.lang.StringLatin1::charAt@2 (line 46)
                      ; - java.lang.String::charAt@12 (line 1555)
                      ; - java.lang.ClassLoader::checkName@25 (line 1157)
                      ; - java.lang.ClassLoader::preDefineClass@1 (line 900)
                      ; - java.lang.ClassLoader::defineClass@4 (line 1025)
  0x00007dfa046ad83c: c0ca 6dff 

  0x00007dfa046ad840: ;   {other}
  0x00007dfa046ad840: 0f1f 8400 | b063 009f | bef6 ffff | ff66 6690 

  0x00007dfa046ad850: ;   {runtime_call UncommonTrapBlob}
  0x00007dfa046ad850: c5f8 77e8 

  0x00007dfa046ad854: ; ImmutableOopMap {}
                      ;*arraylength {reexecute=0 rethrow=0 return_oop=0}
                      ; - java.lang.String::length@4 (line 1519)
                      ; - java.lang.String::startsWith@6 (line 2285)
                      ; - java.lang.String::startsWith@3 (line 2327)
                      ; - java.lang.ClassLoader::preDefineClass@43 (line 906)
                      ; - java.lang.ClassLoader::defineClass@4 (line 1025)
  0x00007dfa046ad854: a8ca 6dff 

  0x00007dfa046ad858: ;   {other}
  0x00007dfa046ad858: 0f1f 8400 | c863 00a0 | bef6 ffff | ff66 6690 

  0x00007dfa046ad868: ;   {runtime_call UncommonTrapBlob}
  0x00007dfa046ad868: c5f8 77e8 

  0x00007dfa046ad86c: ; ImmutableOopMap {}
                      ;*invokevirtual getCodeSource {reexecute=0 rethrow=0 return_oop=0}
                      ; - java.lang.ClassLoader::preDefineClass@110 (line 917)
                      ; - java.lang.ClassLoader::defineClass@4 (line 1025)
  0x00007dfa046ad86c: 90ca 6dff 

  0x00007dfa046ad870: ;   {other}
  0x00007dfa046ad870: 0f1f 8400 | e063 00a1 | bef6 ffff | ff66 6690 

  0x00007dfa046ad880: ;   {runtime_call UncommonTrapBlob}
  0x00007dfa046ad880: c5f8 77e8 

  0x00007dfa046ad884: ; ImmutableOopMap {}
                      ;*arraylength {reexecute=0 rethrow=0 return_oop=0}
                      ; - java.lang.String::length@4 (line 1519)
                      ; - java.lang.String::lastIndexOf@3 (line 2535)
                      ; - java.lang.ClassLoader::checkCerts@3 (line 1163)
                      ; - java.lang.ClassLoader::preDefineClass@113 (line 917)
                      ; - java.lang.ClassLoader::defineClass@4 (line 1025)
  0x00007dfa046ad884: 78ca 6dff 

  0x00007dfa046ad888: ;   {other}
  0x00007dfa046ad888: 0f1f 8400 | f863 00a2 | bef6 ffff | ff41 8bed 

  0x00007dfa046ad898: ;   {runtime_call UncommonTrapBlob}
  0x00007dfa046ad898: c5f8 77e8 

  0x00007dfa046ad89c: ; ImmutableOopMap {rbp=NarrowOop }
                      ;*invokevirtual toExternalForm {reexecute=0 rethrow=0 return_oop=0}
                      ; - java.net.URL::toExternalForm@5 (line 1203)
                      ; - java.net.URL::toString@1 (line 1189)
                      ; - java.lang.ClassLoader::defineClassSourceLocation@22 (line 927)
                      ; - java.lang.ClassLoader::defineClass@12 (line 1026)
  0x00007dfa046ad89c: 60ca 6dff 

  0x00007dfa046ad8a0: ;   {other}
  0x00007dfa046ad8a0: 0f1f 8400 | 1064 00a3 | bef6 ffff | ff66 6690 

  0x00007dfa046ad8b0: ;   {runtime_call UncommonTrapBlob}
  0x00007dfa046ad8b0: c5f8 77e8 

  0x00007dfa046ad8b4: ; ImmutableOopMap {}
                      ;*arraylength {reexecute=0 rethrow=0 return_oop=0}
                      ; - java.lang.AbstractStringBuilder::ensureCapacityInternal@4 (line 240)
                      ; - java.lang.AbstractStringBuilder::append@7 (line 806)
                      ; - java.lang.StringBuilder::append@2 (line 246)
                      ; - java.net.URLStreamHandler::toExternalForm@16 (line 480)
                      ; - java.net.URL::toExternalForm@5 (line 1203)
                      ; - java.net.URL::toString@1 (line 1189)
                      ; - java.lang.ClassLoader::defineClassSourceLocation@22 (line 927)
                      ; - java.lang.ClassLoader::defineClass@12 (line 1026)
  0x00007dfa046ad8b4: 48ca 6dff 

  0x00007dfa046ad8b8: ;   {other}
  0x00007dfa046ad8b8: 0f1f 8400 | 2864 00a4 | bef6 ffff | ff66 6690 

  0x00007dfa046ad8c8: ;   {runtime_call UncommonTrapBlob}
  0x00007dfa046ad8c8: c5f8 77e8 

  0x00007dfa046ad8cc: ; ImmutableOopMap {}
                      ;*arraylength {reexecute=0 rethrow=0 return_oop=0}
                      ; - java.lang.String::length@4 (line 1519)
                      ; - java.lang.AbstractStringBuilder::append@10 (line 586)
                      ; - java.lang.StringBuilder::append@2 (line 179)
                      ; - java.net.URLStreamHandler::toExternalForm@59 (line 483)
                      ; - java.net.URL::toExternalForm@5 (line 1203)
                      ; - java.net.URL::toString@1 (line 1189)
                      ; - java.lang.ClassLoader::defineClassSourceLocation@22 (line 927)
                      ; - java.lang.ClassLoader::defineClass@12 (line 1026)
  0x00007dfa046ad8cc: 30ca 6dff 

  0x00007dfa046ad8d0: ;   {other}
  0x00007dfa046ad8d0: 0f1f 8400 | 4064 00a5 | bef6 ffff | ff66 6690 

  0x00007dfa046ad8e0: ;   {runtime_call UncommonTrapBlob}
  0x00007dfa046ad8e0: c5f8 77e8 

  0x00007dfa046ad8e4: ; ImmutableOopMap {}
                      ;*arraylength {reexecute=0 rethrow=0 return_oop=0}
                      ; - java.lang.AbstractStringBuilder::ensureCapacityInternal@4 (line 240)
                      ; - java.lang.AbstractStringBuilder::append@21 (line 587)
                      ; - java.lang.StringBuilder::append@2 (line 179)
                      ; - java.net.URLStreamHandler::toExternalForm@59 (line 483)
                      ; - java.net.URL::toExternalForm@5 (line 1203)
                      ; - java.net.URL::toString@1 (line 1189)
                      ; - java.lang.ClassLoader::defineClassSourceLocation@22 (line 927)
                      ; - java.lang.ClassLoader::defineClass@12 (line 1026)
  0x00007dfa046ad8e4: 18ca 6dff 

  0x00007dfa046ad8e8: ;   {other}
  0x00007dfa046ad8e8: 0f1f 8400 | 5864 00a6 | bef6 ffff | ff66 6690 

  0x00007dfa046ad8f8: ;   {runtime_call UncommonTrapBlob}
  0x00007dfa046ad8f8: c5f8 77e8 

  0x00007dfa046ad8fc: ; ImmutableOopMap {}
                      ;*arraylength {reexecute=0 rethrow=0 return_oop=0}
                      ; - java.lang.String::getBytes@21 (line 4726)
                      ; - java.lang.AbstractStringBuilder::putStringAt@15 (line 1751)
                      ; - java.lang.AbstractStringBuilder::append@30 (line 588)
                      ; - java.lang.StringBuilder::append@2 (line 179)
                      ; - java.net.URLStreamHandler::toExternalForm@59 (line 483)
                      ; - java.net.URL::toExternalForm@5 (line 1203)
                      ; - java.net.URL::toString@1 (line 1189)
                      ; - java.lang.ClassLoader::defineClassSourceLocation@22 (line 927)
                      ; - java.lang.ClassLoader::defineClass@12 (line 1026)
  0x00007dfa046ad8fc: 00ca 6dff 

  0x00007dfa046ad900: ;   {other}
  0x00007dfa046ad900: 0f1f 8400 | 7064 00a7 | bef6 ffff | ff44 8954 | 2408 895c | 240c 6690 

  0x00007dfa046ad918: ;   {runtime_call UncommonTrapBlob}
  0x00007dfa046ad918: c5f8 77e8 

  0x00007dfa046ad91c: ; ImmutableOopMap {[8]=NarrowOop }
                      ;*invokestatic arraycopy {reexecute=0 rethrow=0 return_oop=0}
                      ; - java.lang.String::getBytes@22 (line 4726)
                      ; - java.lang.AbstractStringBuilder::putStringAt@15 (line 1751)
                      ; - java.lang.AbstractStringBuilder::append@30 (line 588)
                      ; - java.lang.StringBuilder::append@2 (line 179)
                      ; - java.net.URLStreamHandler::toExternalForm@59 (line 483)
                      ; - java.net.URL::toExternalForm@5 (line 1203)
                      ; - java.net.URL::toString@1 (line 1189)
                      ; - java.lang.ClassLoader::defineClassSourceLocation@22 (line 927)
                      ; - java.lang.ClassLoader::defineClass@12 (line 1026)
  0x00007dfa046ad91c: e0c9 6dff 

  0x00007dfa046ad920: ;   {other}
  0x00007dfa046ad920: 0f1f 8400 | 9064 00a8 | bef6 ffff | ff66 6690 

  0x00007dfa046ad930: ;   {runtime_call UncommonTrapBlob}
  0x00007dfa046ad930: c5f8 77e8 

  0x00007dfa046ad934: ; ImmutableOopMap {}
                      ;*arraylength {reexecute=0 rethrow=0 return_oop=0}
                      ; - java.lang.String::length@4 (line 1519)
                      ; - java.lang.AbstractStringBuilder::append@10 (line 586)
                      ; - java.lang.StringBuilder::append@2 (line 179)
                      ; - java.net.URLStreamHandler::toExternalForm@77 (line 484)
                      ; - java.net.URL::toExternalForm@5 (line 1203)
                      ; - java.net.URL::toString@1 (line 1189)
                      ; - java.lang.ClassLoader::defineClassSourceLocation@22 (line 927)
                      ; - java.lang.ClassLoader::defineClass@12 (line 1026)
  0x00007dfa046ad934: c8c9 6dff 

  0x00007dfa046ad938: ;   {other}
  0x00007dfa046ad938: 0f1f 8400 | a864 00a9 | bef6 ffff | ff66 6690 

  0x00007dfa046ad948: ;   {runtime_call UncommonTrapBlob}
  0x00007dfa046ad948: c5f8 77e8 

  0x00007dfa046ad94c: ; ImmutableOopMap {}
                      ;*arraylength {reexecute=0 rethrow=0 return_oop=0}
                      ; - java.lang.AbstractStringBuilder::ensureCapacityInternal@4 (line 240)
                      ; - java.lang.AbstractStringBuilder::append@21 (line 587)
                      ; - java.lang.StringBuilder::append@2 (line 179)
                      ; - java.net.URLStreamHandler::toExternalForm@77 (line 484)
                      ; - java.net.URL::toExternalForm@5 (line 1203)
                      ; - java.net.URL::toString@1 (line 1189)
                      ; - java.lang.ClassLoader::defineClassSourceLocation@22 (line 927)
                      ; - java.lang.ClassLoader::defineClass@12 (line 1026)
  0x00007dfa046ad94c: b0c9 6dff 

  0x00007dfa046ad950: ;   {other}
  0x00007dfa046ad950: 0f1f 8400 | c064 00aa | bef6 ffff | ff66 6690 

  0x00007dfa046ad960: ;   {runtime_call UncommonTrapBlob}
  0x00007dfa046ad960: c5f8 77e8 

  0x00007dfa046ad964: ; ImmutableOopMap {}
                      ;*arraylength {reexecute=0 rethrow=0 return_oop=0}
                      ; - java.lang.String::getBytes@21 (line 4726)
                      ; - java.lang.AbstractStringBuilder::putStringAt@15 (line 1751)
                      ; - java.lang.AbstractStringBuilder::append@30 (line 588)
                      ; - java.lang.StringBuilder::append@2 (line 179)
                      ; - java.net.URLStreamHandler::toExternalForm@77 (line 484)
                      ; - java.net.URL::toExternalForm@5 (line 1203)
                      ; - java.net.URL::toString@1 (line 1189)
                      ; - java.lang.ClassLoader::defineClassSourceLocation@22 (line 927)
                      ; - java.lang.ClassLoader::defineClass@12 (line 1026)
  0x00007dfa046ad964: 98c9 6dff 

  0x00007dfa046ad968: ;   {other}
  0x00007dfa046ad968: 0f1f 8400 | d864 00ab | bef6 ffff | ff44 895c | 2408 894c | 240c 6690 

  0x00007dfa046ad980: ;   {runtime_call UncommonTrapBlob}
  0x00007dfa046ad980: c5f8 77e8 

  0x00007dfa046ad984: ; ImmutableOopMap {[8]=NarrowOop }
                      ;*invokestatic arraycopy {reexecute=0 rethrow=0 return_oop=0}
                      ; - java.lang.String::getBytes@22 (line 4726)
                      ; - java.lang.AbstractStringBuilder::putStringAt@15 (line 1751)
                      ; - java.lang.AbstractStringBuilder::append@30 (line 588)
                      ; - java.lang.StringBuilder::append@2 (line 179)
                      ; - java.net.URLStreamHandler::toExternalForm@77 (line 484)
                      ; - java.net.URL::toExternalForm@5 (line 1203)
                      ; - java.net.URL::toString@1 (line 1189)
                      ; - java.lang.ClassLoader::defineClassSourceLocation@22 (line 927)
                      ; - java.lang.ClassLoader::defineClass@12 (line 1026)
  0x00007dfa046ad984: 78c9 6dff 

  0x00007dfa046ad988: ;   {other}
  0x00007dfa046ad988: 0f1f 8400 | f864 00ac | bef6 ffff | ff66 6690 

  0x00007dfa046ad998: ;   {runtime_call UncommonTrapBlob}
  0x00007dfa046ad998: c5f8 77e8 

  0x00007dfa046ad99c: ; ImmutableOopMap {}
                      ;*arraylength {reexecute=0 rethrow=0 return_oop=0}
                      ; - java.lang.AbstractStringBuilder::ensureCapacityInternal@4 (line 240)
                      ; - java.lang.AbstractStringBuilder::append@21 (line 587)
                      ; - java.lang.StringBuilder::append@2 (line 179)
                      ; - java.net.URLStreamHandler::toExternalForm@113 (line 485)
                      ; - java.net.URL::toExternalForm@5 (line 1203)
                      ; - java.net.URL::toString@1 (line 1189)
                      ; - java.lang.ClassLoader::defineClassSourceLocation@22 (line 927)
                      ; - java.lang.ClassLoader::defineClass@12 (line 1026)
  0x00007dfa046ad99c: 60c9 6dff 

  0x00007dfa046ad9a0: ;   {other}
  0x00007dfa046ad9a0: 0f1f 8400 | 1065 00ad | bef6 ffff | ff41 8bea 

  0x00007dfa046ad9b0: ;   {runtime_call UncommonTrapBlob}
  0x00007dfa046ad9b0: c5f8 77e8 

  0x00007dfa046ad9b4: ; ImmutableOopMap {}
                      ;*invokestatic arraycopy {reexecute=0 rethrow=0 return_oop=0}
                      ; - java.lang.String::getBytes@22 (line 4726)
                      ; - java.lang.AbstractStringBuilder::putStringAt@15 (line 1751)
                      ; - java.lang.AbstractStringBuilder::append@30 (line 588)
                      ; - java.lang.StringBuilder::append@2 (line 179)
                      ; - java.net.URLStreamHandler::toExternalForm@113 (line 485)
                      ; - java.net.URL::toExternalForm@5 (line 1203)
                      ; - java.net.URL::toString@1 (line 1189)
                      ; - java.lang.ClassLoader::defineClassSourceLocation@22 (line 927)
                      ; - java.lang.ClassLoader::defineClass@12 (line 1026)
  0x00007dfa046ad9b4: 48c9 6dff 

  0x00007dfa046ad9b8: ;   {other}
  0x00007dfa046ad9b8: 0f1f 8400 | 2865 00ae | bef6 ffff | ff66 6690 

  0x00007dfa046ad9c8: ;   {runtime_call UncommonTrapBlob}
  0x00007dfa046ad9c8: c5f8 77e8 

  0x00007dfa046ad9cc: ; ImmutableOopMap {}
                      ;*arraylength {reexecute=0 rethrow=0 return_oop=0}
                      ; - java.lang.AbstractStringBuilder::ensureCapacityInternal@4 (line 240)
                      ; - java.lang.AbstractStringBuilder::append@21 (line 587)
                      ; - java.lang.StringBuilder::append@2 (line 179)
                      ; - java.net.URLStreamHandler::toExternalForm@149 (line 486)
                      ; - java.net.URL::toExternalForm@5 (line 1203)
                      ; - java.net.URL::toString@1 (line 1189)
                      ; - java.lang.ClassLoader::defineClassSourceLocation@22 (line 927)
                      ; - java.lang.ClassLoader::defineClass@12 (line 1026)
  0x00007dfa046ad9cc: 30c9 6dff 

  0x00007dfa046ad9d0: ;   {other}
  0x00007dfa046ad9d0: 0f1f 8400 | 4065 00af | bef6 ffff | ff41 8be9 

  0x00007dfa046ad9e0: ;   {runtime_call UncommonTrapBlob}
  0x00007dfa046ad9e0: c5f8 77e8 

  0x00007dfa046ad9e4: ; ImmutableOopMap {}
                      ;*invokestatic arraycopy {reexecute=0 rethrow=0 return_oop=0}
                      ; - java.lang.String::getBytes@22 (line 4726)
                      ; - java.lang.AbstractStringBuilder::putStringAt@15 (line 1751)
                      ; - java.lang.AbstractStringBuilder::append@30 (line 588)
                      ; - java.lang.StringBuilder::append@2 (line 179)
                      ; - java.net.URLStreamHandler::toExternalForm@149 (line 486)
                      ; - java.net.URL::toExternalForm@5 (line 1203)
                      ; - java.net.URL::toString@1 (line 1189)
                      ; - java.lang.ClassLoader::defineClassSourceLocation@22 (line 927)
                      ; - java.lang.ClassLoader::defineClass@12 (line 1026)
  0x00007dfa046ad9e4: 18c9 6dff 

  0x00007dfa046ad9e8: ;   {other}
  0x00007dfa046ad9e8: 0f1f 8400 | 5865 00b0 | bef6 ffff | ff66 6690 

  0x00007dfa046ad9f8: ;   {runtime_call UncommonTrapBlob}
  0x00007dfa046ad9f8: c5f8 77e8 

  0x00007dfa046ad9fc: ; ImmutableOopMap {}
                      ;*arraylength {reexecute=0 rethrow=0 return_oop=0}
                      ; - java.util.Arrays::copyOfRange@6 (line 3853)
                      ; - java.lang.String::<init>@32 (line 4788)
                      ; - java.lang.String::<init>@3 (line 1507)
                      ; - java.lang.StringBuilder::toString@5 (line 475)
                      ; - java.net.URLStreamHandler::toExternalForm@152 (line 486)
                      ; - java.net.URL::toExternalForm@5 (line 1203)
                      ; - java.net.URL::toString@1 (line 1189)
                      ; - java.lang.ClassLoader::defineClassSourceLocation@22 (line 927)
                      ; - java.lang.ClassLoader::defineClass@12 (line 1026)
  0x00007dfa046ad9fc: 00c9 6dff 

  0x00007dfa046ada00: ;   {other}
  0x00007dfa046ada00: 0f1f 8400 | 7065 00b1 | bef6 ffff | ff66 6690 

  0x00007dfa046ada10: ;   {runtime_call UncommonTrapBlob}
  0x00007dfa046ada10: c5f8 77e8 

  0x00007dfa046ada14: ; ImmutableOopMap {}
                      ;*arraylength {reexecute=0 rethrow=0 return_oop=0}
                      ; - java.lang.String::length@4 (line 1519)
                      ; - java.lang.AbstractStringBuilder::append@10 (line 586)
                      ; - java.lang.StringBuilder::append@2 (line 179)
                      ; - java.net.URLStreamHandler::toExternalForm@11 (line 480)
                      ; - java.net.URL::toExternalForm@5 (line 1203)
                      ; - java.net.URL::toString@1 (line 1189)
                      ; - java.lang.ClassLoader::defineClassSourceLocation@22 (line 927)
                      ; - java.lang.ClassLoader::defineClass@12 (line 1026)
  0x00007dfa046ada14: e8c8 6dff 

  0x00007dfa046ada18: ;   {other}
  0x00007dfa046ada18: 0f1f 8400 | 8865 00b2 | bef6 ffff | ff66 6690 

  0x00007dfa046ada28: ;   {runtime_call UncommonTrapBlob}
  0x00007dfa046ada28: c5f8 77e8 

  0x00007dfa046ada2c: ; ImmutableOopMap {}
                      ;*arraylength {reexecute=0 rethrow=0 return_oop=0}
                      ; - java.lang.String::getBytes@21 (line 4726)
                      ; - java.lang.AbstractStringBuilder::putStringAt@15 (line 1751)
                      ; - java.lang.AbstractStringBuilder::append@30 (line 588)
                      ; - java.lang.StringBuilder::append@2 (line 179)
                      ; - java.net.URLStreamHandler::toExternalForm@11 (line 480)
                      ; - java.net.URL::toExternalForm@5 (line 1203)
                      ; - java.net.URL::toString@1 (line 1189)
                      ; - java.lang.ClassLoader::defineClassSourceLocation@22 (line 927)
                      ; - java.lang.ClassLoader::defineClass@12 (line 1026)
  0x00007dfa046ada2c: d0c8 6dff 

  0x00007dfa046ada30: ;   {other}
  0x00007dfa046ada30: 0f1f 8400 | a065 00b3 | bef6 ffff | ff89 4c24 | 0844 8954 | 240c 6690 

  0x00007dfa046ada48: ;   {runtime_call UncommonTrapBlob}
  0x00007dfa046ada48: c5f8 77e8 

  0x00007dfa046ada4c: ; ImmutableOopMap {[8]=NarrowOop }
                      ;*invokestatic arraycopy {reexecute=0 rethrow=0 return_oop=0}
                      ; - java.lang.String::getBytes@22 (line 4726)
                      ; - java.lang.AbstractStringBuilder::putStringAt@15 (line 1751)
                      ; - java.lang.AbstractStringBuilder::append@30 (line 588)
                      ; - java.lang.StringBuilder::append@2 (line 179)
                      ; - java.net.URLStreamHandler::toExternalForm@11 (line 480)
                      ; - java.net.URL::toExternalForm@5 (line 1203)
                      ; - java.net.URL::toString@1 (line 1189)
                      ; - java.lang.ClassLoader::defineClassSourceLocation@22 (line 927)
                      ; - java.lang.ClassLoader::defineClass@12 (line 1026)
  0x00007dfa046ada4c: b0c8 6dff 

  0x00007dfa046ada50: ;   {other}
  0x00007dfa046ada50: 0f1f 8400 | c065 00b4 | bef6 ffff | ff66 6690 

  0x00007dfa046ada60: ;   {runtime_call UncommonTrapBlob}
  0x00007dfa046ada60: c5f8 77e8 

  0x00007dfa046ada64: ; ImmutableOopMap {}
                      ;*bastore {reexecute=0 rethrow=0 return_oop=0}
                      ; - java.lang.AbstractStringBuilder::append@41 (line 808)
                      ; - java.lang.StringBuilder::append@2 (line 246)
                      ; - java.net.URLStreamHandler::toExternalForm@16 (line 480)
                      ; - java.net.URL::toExternalForm@5 (line 1203)
                      ; - java.net.URL::toString@1 (line 1189)
                      ; - java.lang.ClassLoader::defineClassSourceLocation@22 (line 927)
                      ; - java.lang.ClassLoader::defineClass@12 (line 1026)
  0x00007dfa046ada64: 98c8 6dff 

  0x00007dfa046ada68: ;   {other}
  0x00007dfa046ada68: 0f1f 8400 | d865 00b5 | bef6 ffff | ff66 6690 

  0x00007dfa046ada78: ;   {runtime_call UncommonTrapBlob}
  0x00007dfa046ada78: c5f8 77e8 

  0x00007dfa046ada7c: ; ImmutableOopMap {}
                      ;*arraylength {reexecute=0 rethrow=0 return_oop=0}
                      ; - java.lang.String::isEmpty@4 (line 1532)
                      ; - java.net.URLStreamHandler::toExternalForm@29 (line 482)
                      ; - java.net.URL::toExternalForm@5 (line 1203)
                      ; - java.net.URL::toString@1 (line 1189)
                      ; - java.lang.ClassLoader::defineClassSourceLocation@22 (line 927)
                      ; - java.lang.ClassLoader::defineClass@12 (line 1026)
  0x00007dfa046ada7c: 80c8 6dff 

  0x00007dfa046ada80: ;   {other}
  0x00007dfa046ada80: 0f1f 8400 | f065 00b6 | be45 ffff | ff48 8b6c | 2410 4c8b | 5424 284c | 8954 2408 | 4c8b 5424 
  0x00007dfa046adaa0: 184c 8954 | 2410 448b | 5424 2044 | 8954 2418 | 448b 4424 | 2444 8944 | 241c 4489 | 5c24 2c90 
  0x00007dfa046adac0: ;   {runtime_call UncommonTrapBlob}
  0x00007dfa046adac0: c5f8 77e8 

  0x00007dfa046adac4: ; ImmutableOopMap {rbp=Oop [8]=Oop [16]=Oop [44]=NarrowOop [48]=Oop }
                      ;*ifnull {reexecute=1 rethrow=0 return_oop=0}
                      ; - (reexecute) java.lang.ClassLoader::defineClassSourceLocation@8 (line 926)
                      ; - java.lang.ClassLoader::defineClass@12 (line 1026)
  0x00007dfa046adac4: 38c8 6dff 

  0x00007dfa046adac8: ;   {other}
  0x00007dfa046adac8: 0f1f 8400 | 3866 00b7 | be45 ffff | ff48 8b6c | 2410 4c8b | 5424 284c | 8954 2408 | 4c8b 5424 
  0x00007dfa046adae8: 304c 8954 | 2428 4c89 | 6c24 3048 | 895c 2440 

  0x00007dfa046adaf8: ;   {runtime_call UncommonTrapBlob}
  0x00007dfa046adaf8: c5f8 77e8 

  0x00007dfa046adafc: ; ImmutableOopMap {rbp=Oop [8]=Oop [24]=Oop [40]=Oop [48]=Oop [56]=NarrowOop [64]=Oop }
                      ;*ifnull {reexecute=1 rethrow=0 return_oop=0}
                      ; - (reexecute) java.lang.ClassLoader::checkCerts@30 (line 1167)
                      ; - java.lang.ClassLoader::preDefineClass@113 (line 917)
                      ; - java.lang.ClassLoader::defineClass@4 (line 1025)
  0x00007dfa046adafc: 00c8 6dff 

  0x00007dfa046adb00: ;   {other}
  0x00007dfa046adb00: 0f1f 8400 | 7066 00b8 | 4d85 d244 | 8b5c 2470 | 410f 94c3 | be45 ffff | ff4c 8b54 | 2430 4c89 
  0x00007dfa046adb20: 5424 2048 | 8944 2428 | 4489 5c24 | 3066 6690 

  0x00007dfa046adb30: ;   {runtime_call UncommonTrapBlob}
  0x00007dfa046adb30: c5f8 77e8 

  0x00007dfa046adb34: ; ImmutableOopMap {[8]=Oop [16]=Oop [32]=Oop [40]=Oop }
                      ;*ifeq {reexecute=1 rethrow=0 return_oop=0}
                      ; - (reexecute) java.lang.Class::getPackageName@29 (line 1164)
                      ; - java.lang.ClassLoader::postDefineClass@2 (line 934)
                      ; - java.lang.ClassLoader::defineClass@37 (line 1028)
  0x00007dfa046adb34: c8c7 6dff 

  0x00007dfa046adb38: ;   {other}
  0x00007dfa046adb38: 0f1f 8400 | a866 00b9 | bef6 ffff | ff66 6690 

  0x00007dfa046adb48: ;   {runtime_call UncommonTrapBlob}
  0x00007dfa046adb48: c5f8 77e8 

  0x00007dfa046adb4c: ; ImmutableOopMap {}
                      ;*arraylength {reexecute=0 rethrow=0 return_oop=0}
                      ; - java.lang.String::length@4 (line 1519)
                      ; - java.lang.String::lastIndexOf@3 (line 2535)
                      ; - java.lang.Class::getPackageName@47 (line 1168)
                      ; - java.lang.ClassLoader::postDefineClass@2 (line 934)
                      ; - java.lang.ClassLoader::defineClass@37 (line 1028)
  0x00007dfa046adb4c: b0c7 6dff 

  0x00007dfa046adb50: ;   {other}
  0x00007dfa046adb50: 0f1f 8400 | c066 00ba | be45 ffff | ff48 8b6c | 2410 4c8b | 5424 284c | 8954 2408 | 4c8b 5424 
  0x00007dfa046adb70: 184c 8954 | 2410 448b | 5424 2044 | 8954 2418 | 448b 5c24 | 2444 895c | 241c 4c8b | 5424 304c 
  0x00007dfa046adb90: 8954 2420 | 4489 6c24 | 2844 894c | 2438 6690 

  0x00007dfa046adba0: ;   {runtime_call UncommonTrapBlob}
  0x00007dfa046adba0: c5f8 77e8 

  0x00007dfa046adba4: ; ImmutableOopMap {rbp=Oop [8]=Oop [16]=Oop [32]=Oop [40]=NarrowOop [56]=NarrowOop [64]=Oop }
                      ;*ifnull {reexecute=1 rethrow=0 return_oop=0}
                      ; - (reexecute) java.net.URLStreamHandler::toExternalForm@68 (line 484)
                      ; - java.net.URL::toExternalForm@5 (line 1203)
                      ; - java.net.URL::toString@1 (line 1189)
                      ; - java.lang.ClassLoader::defineClassSourceLocation@22 (line 927)
                      ; - java.lang.ClassLoader::defineClass@12 (line 1026)
  0x00007dfa046adba4: 58c7 6dff 

  0x00007dfa046adba8: ;   {other}
  0x00007dfa046adba8: 0f1f 8400 | 1867 00bb | be45 ffff | ff48 8b6c | 2408 4489 | 5424 0890 

  0x00007dfa046adbc0: ;   {runtime_call UncommonTrapBlob}
  0x00007dfa046adbc0: c5f8 77e8 

  0x00007dfa046adbc4: ; ImmutableOopMap {rbp=Oop [8]=NarrowOop }
                      ;*ifnull {reexecute=1 rethrow=0 return_oop=0}
                      ; - (reexecute) java.lang.ClassLoader::postDefineClass@17 (line 936)
                      ; - java.lang.ClassLoader::defineClass@37 (line 1028)
  0x00007dfa046adbc4: 38c7 6dff 

  0x00007dfa046adbc8: ;   {other}
  0x00007dfa046adbc8: 0f1f 8400 | 3867 00bc | be76 ffff | ff48 8b6c | 2410 4c8b | 4424 284c | 8944 2410 | 4c8b 4424 
  0x00007dfa046adbe8: 304c 8944 | 2428 4c89 | 7424 4044 | 8954 2448 | 8954 244c | 4489 5c24 | 504c 896c | 2458 4489 
  0x00007dfa046adc08: 4c24 6090 

  0x00007dfa046adc0c: ;   {runtime_call UncommonTrapBlob}
  0x00007dfa046adc0c: c5f8 77e8 

  0x00007dfa046adc10: ; ImmutableOopMap {rbp=Oop [8]=Oop [16]=Oop [24]=Oop [40]=Oop [64]=Oop [80]=NarrowOop [88]=Oop }
                      ;*if_icmpge {reexecute=1 rethrow=0 return_oop=0}
                      ; - (reexecute) java.lang.ClassLoader::compareCerts@67 (line 1197)
                      ; - java.lang.ClassLoader::checkCerts@80 (line 1172)
                      ; - java.lang.ClassLoader::preDefineClass@113 (line 917)
                      ; - java.lang.ClassLoader::defineClass@4 (line 1025)
  0x00007dfa046adc10: ecc6 6dff 

  0x00007dfa046adc14: ;   {other}
  0x00007dfa046adc14: 0f1f 8400 | 8467 00bd | be76 ffff | ff48 8b6c | 2410 4c8b | 4424 284c | 8944 2410 | 4c8b 4424 
  0x00007dfa046adc34: 304c 8944 | 2428 4c89 | 6c24 3844 | 894c 2440 | 8954 2444 | 4489 5c24 | 484c 8974 | 2450 4489 
  0x00007dfa046adc54: 5424 5890 

  0x00007dfa046adc58: ;   {runtime_call UncommonTrapBlob}
  0x00007dfa046adc58: c5f8 77e8 

  0x00007dfa046adc5c: ; ImmutableOopMap {rbp=Oop [8]=Oop [16]=Oop [24]=Oop [40]=Oop [56]=Oop [72]=NarrowOop [80]=Oop }
                      ;*if_icmpge {reexecute=1 rethrow=0 return_oop=0}
                      ; - (reexecute) java.lang.ClassLoader::compareCerts@152 (line 1209)
                      ; - java.lang.ClassLoader::checkCerts@80 (line 1172)
                      ; - java.lang.ClassLoader::preDefineClass@113 (line 917)
                      ; - java.lang.ClassLoader::defineClass@4 (line 1025)
  0x00007dfa046adc5c: a0c6 6dff 

  0x00007dfa046adc60: ;   {other}
  0x00007dfa046adc60: 0f1f 8400 | d067 00be | be45 ffff | ff4c 8b54 | 2430 4c89 | 5424 2044 | 8944 2438 | 4c89 4c24 
  0x00007dfa046adc80: 4044 896c | 243c 8954 | 2448 6690 

  0x00007dfa046adc8c: ;   {runtime_call UncommonTrapBlob}
  0x00007dfa046adc8c: c5f8 77e8 

  0x00007dfa046adc90: ; ImmutableOopMap {rbp=NarrowOop [8]=Oop [16]=Oop [32]=Oop [56]=NarrowOop [60]=NarrowOop [64]=Oop }
                      ;*ifnull {reexecute=1 rethrow=0 return_oop=0}
                      ; - (reexecute) java.util.concurrent.ConcurrentHashMap::get@67 (line 940)
                      ; - java.lang.ClassLoader::getNamedPackage@5 (line 341)
                      ; - java.lang.ClassLoader::postDefineClass@9 (line 934)
                      ; - java.lang.ClassLoader::defineClass@37 (line 1028)
  0x00007dfa046adc90: 6cc6 6dff 

  0x00007dfa046adc94: ;   {other}
  0x00007dfa046adc94: 0f1f 8400 | 0468 00bf | 4533 c0be | f4ff ffff | 488b 6c24 | 1048 8b4c | 2428 4889 | 4c24 1048 
  0x00007dfa046adcb4: 8b4c 2430 | 4889 4c24 | 284c 8974 | 2440 4489 | 5424 4889 | 5424 4c4c | 896c 2458 | 4489 4c24 
  0x00007dfa046adcd4: 5444 8944 | 2460 4489 | 5c24 6490 

  0x00007dfa046adce0: ;   {runtime_call UncommonTrapBlob}
  0x00007dfa046adce0: c5f8 77e8 

  0x00007dfa046adce4: ; ImmutableOopMap {rbp=Oop [8]=Oop [16]=Oop [24]=Oop [40]=Oop [64]=Oop [88]=Oop [100]=NarrowOop }
                      ;*instanceof {reexecute=0 rethrow=0 return_oop=0}
                      ; - java.security.cert.Certificate::equals@8 (line 111)
                      ; - java.lang.ClassLoader::compareCerts@81 (line 1198)
                      ; - java.lang.ClassLoader::checkCerts@80 (line 1172)
                      ; - java.lang.ClassLoader::preDefineClass@113 (line 917)
                      ; - java.lang.ClassLoader::defineClass@4 (line 1025)
  0x00007dfa046adce4: 18c6 6dff 

  0x00007dfa046adce8: ;   {other}
  0x00007dfa046adce8: 0f1f 8400 | 5868 00c0 | 4533 c0be | f4ff ffff | 488b 6c24 | 1048 ff74 | 2428 488f | 4424 1048 
  0x00007dfa046add08: 8b4c 2430 | 4889 4c24 | 284c 896c | 2438 4489 | 4c24 4089 | 5424 444c | 8974 2450 | 4489 5424 
  0x00007dfa046add28: 4c44 8944 | 2458 4489 | 5c24 5c90 

  0x00007dfa046add34: ;   {runtime_call UncommonTrapBlob}
  0x00007dfa046add34: c5f8 77e8 

  0x00007dfa046add38: ; ImmutableOopMap {rbp=Oop [8]=Oop [16]=Oop [24]=Oop [40]=Oop [56]=Oop [80]=Oop [92]=NarrowOop }
                      ;*instanceof {reexecute=0 rethrow=0 return_oop=0}
                      ; - java.security.cert.Certificate::equals@8 (line 111)
                      ; - java.lang.ClassLoader::compareCerts@166 (line 1210)
                      ; - java.lang.ClassLoader::checkCerts@80 (line 1172)
                      ; - java.lang.ClassLoader::preDefineClass@113 (line 917)
                      ; - java.lang.ClassLoader::defineClass@4 (line 1025)
  0x00007dfa046add38: c4c5 6dff 

  0x00007dfa046add3c: ;   {other}
  0x00007dfa046add3c: 0f1f 8400 | ac68 00c1 | bef6 ffff | ff41 8be9 

  0x00007dfa046add4c: ;   {runtime_call UncommonTrapBlob}
  0x00007dfa046add4c: c5f8 77e8 

  0x00007dfa046add50: ; ImmutableOopMap {}
                      ;*aaload {reexecute=0 rethrow=0 return_oop=0}
                      ; - java.security.CodeSource::getCertificates@50 (line 212)
                      ; - java.lang.ClassLoader::checkCerts@34 (line 1168)
                      ; - java.lang.ClassLoader::preDefineClass@113 (line 917)
                      ; - java.lang.ClassLoader::defineClass@4 (line 1025)
  0x00007dfa046add50: acc5 6dff 

  0x00007dfa046add54: ;   {other}
  0x00007dfa046add54: 0f1f 8400 | c468 00c2 | bef6 ffff | ff66 6690 

  0x00007dfa046add64: ;   {runtime_call UncommonTrapBlob}
  0x00007dfa046add64: c5f8 77e8 

  0x00007dfa046add68: ; ImmutableOopMap {}
                      ;*invokevirtual getSignerCertPath {reexecute=0 rethrow=0 return_oop=0}
                      ; - java.security.CodeSource::getCertificates@51 (line 213)
                      ; - java.lang.ClassLoader::checkCerts@34 (line 1168)
                      ; - java.lang.ClassLoader::preDefineClass@113 (line 917)
                      ; - java.lang.ClassLoader::defineClass@4 (line 1025)
  0x00007dfa046add68: 94c5 6dff 

  0x00007dfa046add6c: ;   {other}
  0x00007dfa046add6c: 0f1f 8400 | dc68 00c3 | bef6 ffff | ff66 6690 

  0x00007dfa046add7c: ;   {runtime_call UncommonTrapBlob}
  0x00007dfa046add7c: c5f8 77e8 

  0x00007dfa046add80: ; ImmutableOopMap {}
                      ;*invokevirtual getCertificates {reexecute=0 rethrow=0 return_oop=0}
                      ; - java.security.CodeSource::getCertificates@54 (line 213)
                      ; - java.lang.ClassLoader::checkCerts@34 (line 1168)
                      ; - java.lang.ClassLoader::preDefineClass@113 (line 917)
                      ; - java.lang.ClassLoader::defineClass@4 (line 1025)
  0x00007dfa046add80: 7cc5 6dff 

  0x00007dfa046add84: ;   {other}
  0x00007dfa046add84: 0f1f 8400 | f468 00c4 | bef6 ffff | ff66 6690 

  0x00007dfa046add94: ;   {runtime_call UncommonTrapBlob}
  0x00007dfa046add94: c5f8 77e8 

  0x00007dfa046add98: ; ImmutableOopMap {}
                      ;*arraylength {reexecute=0 rethrow=0 return_oop=0}
                      ; - java.security.CodeSource::getCertificates@40 (line 211)
                      ; - java.lang.ClassLoader::checkCerts@34 (line 1168)
                      ; - java.lang.ClassLoader::preDefineClass@113 (line 917)
                      ; - java.lang.ClassLoader::defineClass@4 (line 1025)
  0x00007dfa046add98: 64c5 6dff 

  0x00007dfa046add9c: ;   {other}
  0x00007dfa046add9c: 0f1f 8400 | 0c69 00c5 | bef6 ffff | ff41 8beb 

  0x00007dfa046addac: ;   {runtime_call UncommonTrapBlob}
  0x00007dfa046addac: c5f8 77e8 

  0x00007dfa046addb0: ; ImmutableOopMap {}
                      ;*aaload {reexecute=0 rethrow=0 return_oop=0}
                      ; - java.security.CodeSource::getCertificates@50 (line 212)
                      ; - java.lang.ClassLoader::postDefineClass@24 (line 937)
                      ; - java.lang.ClassLoader::defineClass@37 (line 1028)
  0x00007dfa046addb0: 4cc5 6dff 

  0x00007dfa046addb4: ;   {other}
  0x00007dfa046addb4: 0f1f 8400 | 2469 00c6 | bef6 ffff | ff66 6690 

  0x00007dfa046addc4: ;   {runtime_call UncommonTrapBlob}
  0x00007dfa046addc4: c5f8 77e8 

  0x00007dfa046addc8: ; ImmutableOopMap {}
                      ;*invokevirtual getSignerCertPath {reexecute=0 rethrow=0 return_oop=0}
                      ; - java.security.CodeSource::getCertificates@51 (line 213)
                      ; - java.lang.ClassLoader::postDefineClass@24 (line 937)
                      ; - java.lang.ClassLoader::defineClass@37 (line 1028)
  0x00007dfa046addc8: 34c5 6dff 

  0x00007dfa046addcc: ;   {other}
  0x00007dfa046addcc: 0f1f 8400 | 3c69 00c7 | bef6 ffff | ff66 6690 

  0x00007dfa046adddc: ;   {runtime_call UncommonTrapBlob}
  0x00007dfa046adddc: c5f8 77e8 

  0x00007dfa046adde0: ; ImmutableOopMap {}
                      ;*invokevirtual getCertificates {reexecute=0 rethrow=0 return_oop=0}
                      ; - java.security.CodeSource::getCertificates@54 (line 213)
                      ; - java.lang.ClassLoader::postDefineClass@24 (line 937)
                      ; - java.lang.ClassLoader::defineClass@37 (line 1028)
  0x00007dfa046adde0: 1cc5 6dff 

  0x00007dfa046adde4: ;   {other}
  0x00007dfa046adde4: 0f1f 8400 | 5469 00c8 | bef6 ffff | ff66 6690 

  0x00007dfa046addf4: ;   {runtime_call UncommonTrapBlob}
  0x00007dfa046addf4: c5f8 77e8 

  0x00007dfa046addf8: ; ImmutableOopMap {}
                      ;*arraylength {reexecute=0 rethrow=0 return_oop=0}
                      ; - java.security.CodeSource::getCertificates@40 (line 211)
                      ; - java.lang.ClassLoader::postDefineClass@24 (line 937)
                      ; - java.lang.ClassLoader::defineClass@37 (line 1028)
  0x00007dfa046addf8: 04c5 6dff 

  0x00007dfa046addfc: ;   {other}
  0x00007dfa046addfc: 0f1f 8400 | 6c69 00c9 | be97 ffff | ff48 8b6c | 2410 4c8b | 5424 404c | 8954 2428 | 4c8b 5424 
  0x00007dfa046ade1c: 384c 8954 | 2430 448b | 5424 4844 | 8954 2438 

  0x00007dfa046ade2c: ;   {runtime_call UncommonTrapBlob}
  0x00007dfa046ade2c: c5f8 77e8 

  0x00007dfa046ade30: ; ImmutableOopMap {rbp=Oop [8]=Oop [24]=Oop [40]=Oop [48]=Oop [56]=NarrowOop [76]=NarrowOop [80]=Oop }
                      ;*invokevirtual clone {reexecute=1 rethrow=0 return_oop=0}
                      ; - (reexecute) java.util.Arrays::copyOfRange@18 (line 3856)
                      ; - java.lang.StringLatin1::newString@16 (line 752)
                      ; - java.lang.String::substring@41 (line 2839)
                      ; - java.lang.ClassLoader::checkCerts@21 (line 1164)
                      ; - java.lang.ClassLoader::preDefineClass@113 (line 917)
                      ; - java.lang.ClassLoader::defineClass@4 (line 1025)
  0x00007dfa046ade30: ccc4 6dff 

  0x00007dfa046ade34: ;   {other}
  0x00007dfa046ade34: 0f1f 8400 | a469 00ca | be97 ffff | ff4c 8b54 | 2418 4c89 | 5424 1044 | 8b54 2420 | 4489 5424 
  0x00007dfa046ade54: 1844 8b5c | 2424 4489 | 5c24 1c4c | 8b54 2438 | 4c89 5424 | 204c 8b54 | 2440 4c89 | 5424 3090 
  0x00007dfa046ade74: ;   {runtime_call UncommonTrapBlob}
  0x00007dfa046ade74: c5f8 77e8 

  0x00007dfa046ade78: ; ImmutableOopMap {rbp=Oop [8]=Oop [16]=Oop [32]=Oop [48]=Oop [64]=Oop [72]=NarrowOop }
                      ;*invokevirtual clone {reexecute=1 rethrow=0 return_oop=0}
                      ; - (reexecute) java.util.Arrays::copyOfRange@18 (line 3856)
                      ; - java.lang.String::<init>@32 (line 4788)
                      ; - java.lang.String::<init>@3 (line 1507)
                      ; - java.lang.StringBuilder::toString@5 (line 475)
                      ; - java.net.URLStreamHandler::toExternalForm@152 (line 486)
                      ; - java.net.URL::toExternalForm@5 (line 1203)
                      ; - java.net.URL::toString@1 (line 1189)
                      ; - java.lang.ClassLoader::defineClassSourceLocation@22 (line 927)
                      ; - java.lang.ClassLoader::defineClass@12 (line 1026)
  0x00007dfa046ade78: 84c4 6dff 

  0x00007dfa046ade7c: ;   {other}
  0x00007dfa046ade7c: 0f1f 8400 | ec69 00cb | be97 ffff | ff48 8b6c | 2410 4c8b | 5424 404c | 8954 2428 | 4c8b 5424 
  0x00007dfa046ade9c: 384c 8954 | 2430 6690 

  0x00007dfa046adea4: ;   {runtime_call UncommonTrapBlob}
  0x00007dfa046adea4: c5f8 77e8 

  0x00007dfa046adea8: ; ImmutableOopMap {rbp=Oop [8]=Oop [24]=Oop [40]=Oop [48]=Oop [72]=Oop [80]=NarrowOop }
                      ;*invokevirtual clone {reexecute=1 rethrow=0 return_oop=0}
                      ; - (reexecute) java.security.CodeSource::getCertificates@11 (line 205)
                      ; - java.lang.ClassLoader::checkCerts@34 (line 1168)
                      ; - java.lang.ClassLoader::preDefineClass@113 (line 917)
                      ; - java.lang.ClassLoader::defineClass@4 (line 1025)
  0x00007dfa046adea8: 54c4 6dff 

  0x00007dfa046adeac: ;   {other}
  0x00007dfa046adeac: 0f1f 8400 | 1c6a 00cc | bef4 ffff | ff4c 8b54 | 2418 4c89 | 5424 1044 | 8b5c 2420 | 4489 5c24 
  0x00007dfa046adecc: 1844 8b54 | 2424 4489 | 5424 1c4c | 8b54 2430 | 4c89 5424 | 204c 8b54 | 2440 4c89 | 5424 3090 
  0x00007dfa046adeec: ;   {runtime_call UncommonTrapBlob}
  0x00007dfa046adeec: c5f8 77e8 

  0x00007dfa046adef0: ; ImmutableOopMap {rbp=Oop [8]=Oop [16]=Oop [32]=Oop [48]=Oop [56]=NarrowOop [72]=Oop }
                      ;*checkcast {reexecute=0 rethrow=0 return_oop=0}
                      ; - java.security.CodeSource::getCertificates@76 (line 215)
                      ; - java.lang.ClassLoader::checkCerts@34 (line 1168)
                      ; - java.lang.ClassLoader::preDefineClass@113 (line 917)
                      ; - java.lang.ClassLoader::defineClass@4 (line 1025)
  0x00007dfa046adef0: 0cc4 6dff 

  0x00007dfa046adef4: ;   {other}
  0x00007dfa046adef4: 0f1f 8400 | 646a 00cd | be97 ffff | ff48 8b6c | 2418 6690 

  0x00007dfa046adf08: ;   {runtime_call UncommonTrapBlob}
  0x00007dfa046adf08: c5f8 77e8 

  0x00007dfa046adf0c: ; ImmutableOopMap {rbp=Oop [8]=Oop [32]=NarrowOop }
                      ;*invokevirtual clone {reexecute=1 rethrow=0 return_oop=0}
                      ; - (reexecute) java.security.CodeSource::getCertificates@11 (line 205)
                      ; - java.lang.ClassLoader::postDefineClass@24 (line 937)
                      ; - java.lang.ClassLoader::defineClass@37 (line 1028)
  0x00007dfa046adf0c: f0c3 6dff 

  0x00007dfa046adf10: ;   {other}
  0x00007dfa046adf10: 0f1f 8400 | 806a 00ce | bef4 ffff | ff66 6690 

  0x00007dfa046adf20: ;   {runtime_call UncommonTrapBlob}
  0x00007dfa046adf20: c5f8 77e8 

  0x00007dfa046adf24: ; ImmutableOopMap {[8]=Oop [16]=Oop [24]=NarrowOop }
                      ;*checkcast {reexecute=0 rethrow=0 return_oop=0}
                      ; - java.security.CodeSource::getCertificates@76 (line 215)
                      ; - java.lang.ClassLoader::postDefineClass@24 (line 937)
                      ; - java.lang.ClassLoader::defineClass@37 (line 1028)
  0x00007dfa046adf24: d8c3 6dff 

  0x00007dfa046adf28: ;   {other}
  0x00007dfa046adf28: 0f1f 8400 | 986a 00cf | be97 ffff | ff4c 8b54 | 2420 4c89 | 5424 0890 

  0x00007dfa046adf40: ;   {runtime_call UncommonTrapBlob}
  0x00007dfa046adf40: c5f8 77e8 

  0x00007dfa046adf44: ; ImmutableOopMap {rbp=Oop [8]=Oop [24]=Oop [40]=NarrowOop [56]=Oop }
                      ;*invokevirtual clone {reexecute=1 rethrow=0 return_oop=0}
                      ; - (reexecute) java.util.Arrays::copyOfRange@18 (line 3856)
                      ; - java.lang.StringLatin1::newString@16 (line 752)
                      ; - java.lang.String::substring@41 (line 2839)
                      ; - java.lang.Class::getPackageName@62 (line 1169)
                      ; - java.lang.ClassLoader::postDefineClass@2 (line 934)
                      ; - java.lang.ClassLoader::defineClass@37 (line 1028)
  0x00007dfa046adf44: b8c3 6dff 

  0x00007dfa046adf48: ;   {other}
  0x00007dfa046adf48: 0f1f 8400 | b86a 00d0 | be97 ffff | ff66 6690 

  0x00007dfa046adf58: ;   {runtime_call UncommonTrapBlob}
  0x00007dfa046adf58: c5f8 77e8 

  0x00007dfa046adf5c: ; ImmutableOopMap {[8]=NarrowOop [12]=NarrowOop [16]=Oop [24]=Oop [40]=Oop [48]=Oop [64]=Oop }
                      ;*invokevirtual clone {reexecute=1 rethrow=0 return_oop=0}
                      ; - (reexecute) java.util.Arrays::copyOf@7 (line 3539)
                      ; - java.lang.AbstractStringBuilder::ensureCapacityInternal@32 (line 242)
                      ; - java.lang.AbstractStringBuilder::append@7 (line 806)
                      ; - java.lang.StringBuilder::append@2 (line 246)
                      ; - java.net.URLStreamHandler::toExternalForm@16 (line 480)
                      ; - java.net.URL::toExternalForm@5 (line 1203)
                      ; - java.net.URL::toString@1 (line 1189)
                      ; - java.lang.ClassLoader::defineClassSourceLocation@22 (line 927)
                      ; - java.lang.ClassLoader::defineClass@12 (line 1026)
  0x00007dfa046adf5c: a0c3 6dff 

  0x00007dfa046adf60: ;   {other}
  0x00007dfa046adf60: 0f1f 8400 | d06a 00d1 | be97 ffff | ff4c 8b54 | 2448 4c89 | 5424 4044 | 8b54 2454 | 4489 5424 
  0x00007dfa046adf80: 4866 6690 

  0x00007dfa046adf84: ;   {runtime_call UncommonTrapBlob}
  0x00007dfa046adf84: c5f8 77e8 

  0x00007dfa046adf88: ; ImmutableOopMap {rbp=Oop [8]=NarrowOop [12]=NarrowOop [16]=Oop [24]=Oop [40]=Oop [48]=Oop [64]=Oop }
                      ;*invokevirtual clone {reexecute=1 rethrow=0 return_oop=0}
                      ; - (reexecute) java.util.Arrays::copyOf@7 (line 3539)
                      ; - java.lang.AbstractStringBuilder::ensureCapacityInternal@32 (line 242)
                      ; - java.lang.AbstractStringBuilder::append@21 (line 587)
                      ; - java.lang.StringBuilder::append@2 (line 179)
                      ; - java.net.URLStreamHandler::toExternalForm@59 (line 483)
                      ; - java.net.URL::toExternalForm@5 (line 1203)
                      ; - java.net.URL::toString@1 (line 1189)
                      ; - java.lang.ClassLoader::defineClassSourceLocation@22 (line 927)
                      ; - java.lang.ClassLoader::defineClass@12 (line 1026)
  0x00007dfa046adf88: 74c3 6dff 

  0x00007dfa046adf8c: ;   {other}
  0x00007dfa046adf8c: 0f1f 8400 | fc6a 00d2 | be97 ffff | ff44 8b54 | 2450 4489 | 5424 4090 

  0x00007dfa046adfa4: ;   {runtime_call UncommonTrapBlob}
  0x00007dfa046adfa4: c5f8 77e8 

  0x00007dfa046adfa8: ; ImmutableOopMap {rbp=Oop [8]=NarrowOop [12]=NarrowOop [16]=Oop [24]=Oop [40]=Oop [48]=Oop [72]=NarrowOop }
                      ;*invokevirtual clone {reexecute=1 rethrow=0 return_oop=0}
                      ; - (reexecute) java.util.Arrays::copyOf@7 (line 3539)
                      ; - java.lang.AbstractStringBuilder::ensureCapacityInternal@32 (line 242)
                      ; - java.lang.AbstractStringBuilder::append@21 (line 587)
                      ; - java.lang.StringBuilder::append@2 (line 179)
                      ; - java.net.URLStreamHandler::toExternalForm@77 (line 484)
                      ; - java.net.URL::toExternalForm@5 (line 1203)
                      ; - java.net.URL::toString@1 (line 1189)
                      ; - java.lang.ClassLoader::defineClassSourceLocation@22 (line 927)
                      ; - java.lang.ClassLoader::defineClass@12 (line 1026)
  0x00007dfa046adfa8: 54c3 6dff 

  0x00007dfa046adfac: ;   {other}
  0x00007dfa046adfac: 0f1f 8400 | 1c6b 00d3 | be97 ffff | ff66 6690 

  0x00007dfa046adfbc: ;   {runtime_call UncommonTrapBlob}
  0x00007dfa046adfbc: c5f8 77e8 

  0x00007dfa046adfc0: ; ImmutableOopMap {[8]=NarrowOop [12]=NarrowOop [16]=Oop [24]=Oop [40]=Oop [48]=Oop [64]=Oop }
                      ;*invokevirtual clone {reexecute=1 rethrow=0 return_oop=0}
                      ; - (reexecute) java.util.Arrays::copyOf@7 (line 3539)
                      ; - java.lang.AbstractStringBuilder::ensureCapacityInternal@32 (line 242)
                      ; - java.lang.AbstractStringBuilder::append@21 (line 587)
                      ; - java.lang.StringBuilder::append@2 (line 179)
                      ; - java.net.URLStreamHandler::toExternalForm@113 (line 485)
                      ; - java.net.URL::toExternalForm@5 (line 1203)
                      ; - java.net.URL::toString@1 (line 1189)
                      ; - java.lang.ClassLoader::defineClassSourceLocation@22 (line 927)
                      ; - java.lang.ClassLoader::defineClass@12 (line 1026)
  0x00007dfa046adfc0: 3cc3 6dff 

  0x00007dfa046adfc4: ;   {other}
  0x00007dfa046adfc4: 0f1f 8400 | 346b 00d4 | be97 ffff | ff44 8b54 | 2420 4489 | 5424 0c90 

  0x00007dfa046adfdc: ;   {runtime_call UncommonTrapBlob}
  0x00007dfa046adfdc: c5f8 77e8 

  0x00007dfa046adfe0: ; ImmutableOopMap {[8]=NarrowOop [16]=Oop [24]=Oop [40]=Oop [48]=Oop [64]=Oop }
                      ;*invokevirtual clone {reexecute=1 rethrow=0 return_oop=0}
                      ; - (reexecute) java.util.Arrays::copyOf@7 (line 3539)
                      ; - java.lang.AbstractStringBuilder::ensureCapacityInternal@32 (line 242)
                      ; - java.lang.AbstractStringBuilder::append@21 (line 587)
                      ; - java.lang.StringBuilder::append@2 (line 179)
                      ; - java.net.URLStreamHandler::toExternalForm@149 (line 486)
                      ; - java.net.URL::toExternalForm@5 (line 1203)
                      ; - java.net.URL::toString@1 (line 1189)
                      ; - java.lang.ClassLoader::defineClassSourceLocation@22 (line 927)
                      ; - java.lang.ClassLoader::defineClass@12 (line 1026)
  0x00007dfa046adfe0: 1cc3 6dff 

  0x00007dfa046adfe4: ;   {other}
  0x00007dfa046adfe4: 0f1f 8400 | 546b 00d5 | be97 ffff | ff48 8b6c | 2410 4c8b | 5424 284c | 8954 2410 | 4c8b 5424 
  0x00007dfa046ae004: 304c 8954 | 2428 6690 

  0x00007dfa046ae00c: ;   {runtime_call UncommonTrapBlob}
  0x00007dfa046ae00c: c5f8 77e8 

  0x00007dfa046ae010: ; ImmutableOopMap {rbp=Oop [8]=NarrowOop [12]=NarrowOop [16]=Oop [24]=Oop [40]=Oop [64]=Oop [72]=Oop }
                      ;*invokevirtual clone {reexecute=1 rethrow=0 return_oop=0}
                      ; - (reexecute) java.util.Arrays::copyOf@7 (line 3539)
                      ; - java.lang.AbstractStringBuilder::ensureCapacityInternal@32 (line 242)
                      ; - java.lang.AbstractStringBuilder::append@21 (line 587)
                      ; - java.lang.StringBuilder::append@2 (line 179)
                      ; - java.net.URLStreamHandler::toExternalForm@11 (line 480)
                      ; - java.net.URL::toExternalForm@5 (line 1203)
                      ; - java.net.URL::toString@1 (line 1189)
                      ; - java.lang.ClassLoader::defineClassSourceLocation@22 (line 927)
                      ; - java.lang.ClassLoader::defineClass@12 (line 1026)
  0x00007dfa046ae010: ecc2 6dff 

  0x00007dfa046ae014: ;   {other}
  0x00007dfa046ae014: 0f1f 8400 | 846b 00d6 | be97 ffff | ff4c 8b54 | 2430 4c89 | 5424 284c | 8b54 2440 | 4c89 5424 
  0x00007dfa046ae034: 3866 6690 

  0x00007dfa046ae038: ;   {runtime_call UncommonTrapBlob}
  0x00007dfa046ae038: c5f8 77e8 

  0x00007dfa046ae03c: ; ImmutableOopMap {rbp=Oop [8]=Oop [16]=Oop [24]=Oop [40]=Oop [56]=Oop [72]=Oop }
                      ;*invokevirtual clone {reexecute=1 rethrow=0 return_oop=0}
                      ; - (reexecute) java.security.CodeSource::getCertificates@86 (line 217)
                      ; - java.lang.ClassLoader::checkCerts@34 (line 1168)
                      ; - java.lang.ClassLoader::preDefineClass@113 (line 917)
                      ; - java.lang.ClassLoader::defineClass@4 (line 1025)
  0x00007dfa046ae03c: c0c2 6dff 

  0x00007dfa046ae040: ;   {other}
  0x00007dfa046ae040: 0f1f 8400 | b06b 00d7 | be97 ffff | ff66 6690 

  0x00007dfa046ae050: ;   {runtime_call UncommonTrapBlob}
  0x00007dfa046ae050: c5f8 77e8 

  0x00007dfa046ae054: ; ImmutableOopMap {[8]=Oop [16]=Oop [40]=Oop }
                      ;*invokevirtual clone {reexecute=1 rethrow=0 return_oop=0}
                      ; - (reexecute) java.security.CodeSource::getCertificates@86 (line 217)
                      ; - java.lang.ClassLoader::postDefineClass@24 (line 937)
                      ; - java.lang.ClassLoader::defineClass@37 (line 1028)
  0x00007dfa046ae054: a8c2 6dff 

  0x00007dfa046ae058: ;   {other}
  0x00007dfa046ae058: 0f1f 8400 | c86b 00d8 | eb70 eb6e | eb6c eb6a | eb68 eb66 | eb64 eb62 | eb60 eb5e | eb5c eb5a 
  0x00007dfa046ae078: eb58 eb56 | eb54 eb52 | eb50 eb4e | eb4c eb4a | eb48 eb46 | eb44 eb42 | eb40 eb3e | eb3c eb3a 
  0x00007dfa046ae098: eb38 eb36 | eb34 eb32 | eb30 eb2e | eb2c eb2a | eb28 eb26 | eb24 eb22 | eb20 eb1e | eb1c eb1a 
  0x00007dfa046ae0b8: eb18 eb16 | eb14 eb12 | eb10 eb0e | eb0c eb0a | eb08 eb06 | eb04 eb02 | eb00 488b | f0e9 b3b3 
  0x00007dfa046ae0d8: ;   {internal_word}
  0x00007dfa046ae0d8: ffff 49ba | 2896 6a04 | fa7d 0000 | 4d89 9760 

  0x00007dfa046ae0e8: ;   {runtime_call SafepointBlob}
  0x00007dfa046ae0e8: 0400 00e9 | 10d3 6dff 

  0x00007dfa046ae0f0: ;   {runtime_call StubRoutines (final stubs)}
  0x00007dfa046ae0f0: e8eb 0e6c | ffe9 449b | ffff f4f4 | f4f4 f4f4 
[Stub Code]
  0x00007dfa046ae100: ;   {no_reloc}
  0x00007dfa046ae100: 48bb 0000 | 0000 0000 

  0x00007dfa046ae108: ;   {runtime_call nmethod}
  0x00007dfa046ae108: 0000 e9fb 

  0x00007dfa046ae10c: ;   {static_stub}
  0x00007dfa046ae10c: ffff ff48 | bb00 0000 | 0000 0000 

  0x00007dfa046ae118: ;   {runtime_call nmethod}
  0x00007dfa046ae118: 00e9 fbff 

  0x00007dfa046ae11c: ;   {static_stub}
  0x00007dfa046ae11c: ffff 48bb | 0000 0000 | 0000 0000 

  0x00007dfa046ae128: ;   {runtime_call nmethod}
  0x00007dfa046ae128: e9fb ffff 

  0x00007dfa046ae12c: ;   {static_stub}
  0x00007dfa046ae12c: ff48 bb00 | 0000 0000 

  0x00007dfa046ae134: ;   {runtime_call nmethod}
  0x00007dfa046ae134: 0000 00e9 | fbff ffff 

  0x00007dfa046ae13c: ;   {static_stub}
  0x00007dfa046ae13c: 48bb 0000 | 0000 0000 

  0x00007dfa046ae144: ;   {runtime_call nmethod}
  0x00007dfa046ae144: 0000 e9fb 

  0x00007dfa046ae148: ;   {static_stub}
  0x00007dfa046ae148: ffff ff48 | bb00 0000 | 0000 0000 

  0x00007dfa046ae154: ;   {runtime_call nmethod}
  0x00007dfa046ae154: 00e9 fbff 

  0x00007dfa046ae158: ;   {static_stub}
  0x00007dfa046ae158: ffff 48bb | 0000 0000 | 0000 0000 

  0x00007dfa046ae164: ;   {runtime_call nmethod}
  0x00007dfa046ae164: e9fb ffff 

  0x00007dfa046ae168: ;   {static_stub}
  0x00007dfa046ae168: ff48 bb00 | 0000 0000 

  0x00007dfa046ae170: ;   {runtime_call nmethod}
  0x00007dfa046ae170: 0000 00e9 | fbff ffff 

  0x00007dfa046ae178: ;   {static_stub}
  0x00007dfa046ae178: 48bb 0000 | 0000 0000 

  0x00007dfa046ae180: ;   {runtime_call nmethod}
  0x00007dfa046ae180: 0000 e9fb 

  0x00007dfa046ae184: ;   {static_stub}
  0x00007dfa046ae184: ffff ff48 | bb00 0000 | 0000 0000 

  0x00007dfa046ae190: ;   {runtime_call nmethod}
  0x00007dfa046ae190: 00e9 fbff 

  0x00007dfa046ae194: ;   {static_stub}
  0x00007dfa046ae194: ffff 48bb | 0000 0000 | 0000 0000 

  0x00007dfa046ae1a0: ;   {runtime_call nmethod}
  0x00007dfa046ae1a0: e9fb ffff 

  0x00007dfa046ae1a4: ;   {static_stub}
  0x00007dfa046ae1a4: ff48 bb00 | 0000 0000 

  0x00007dfa046ae1ac: ;   {runtime_call nmethod}
  0x00007dfa046ae1ac: 0000 00e9 | fbff ffff 

  0x00007dfa046ae1b4: ;   {static_stub}
  0x00007dfa046ae1b4: 48bb a075 | 40ae f97d 

  0x00007dfa046ae1bc: ;   {runtime_call I2C/C2I adapters}
  0x00007dfa046ae1bc: 0000 e9ac 

  0x00007dfa046ae1c0: ;   {static_stub}
  0x00007dfa046ae1c0: 1e6b ff48 | bb00 0000 | 0000 0000 

  0x00007dfa046ae1cc: ;   {runtime_call nmethod}
  0x00007dfa046ae1cc: 00e9 fbff 

  0x00007dfa046ae1d0: ;   {static_stub}
  0x00007dfa046ae1d0: ffff 48bb | 0000 0000 | 0000 0000 

  0x00007dfa046ae1dc: ;   {runtime_call nmethod}
  0x00007dfa046ae1dc: e9fb ffff 

  0x00007dfa046ae1e0: ;   {static_stub}
  0x00007dfa046ae1e0: ff48 bb00 | 0000 0000 

  0x00007dfa046ae1e8: ;   {runtime_call nmethod}
  0x00007dfa046ae1e8: 0000 00e9 | fbff ffff 

  0x00007dfa046ae1f0: ;   {static_stub}
  0x00007dfa046ae1f0: 48bb 0000 | 0000 0000 

  0x00007dfa046ae1f8: ;   {runtime_call nmethod}
  0x00007dfa046ae1f8: 0000 e9fb 

  0x00007dfa046ae1fc: ;   {static_stub}
  0x00007dfa046ae1fc: ffff ff48 | bb00 0000 | 0000 0000 

  0x00007dfa046ae208: ;   {runtime_call nmethod}
  0x00007dfa046ae208: 00e9 fbff 

  0x00007dfa046ae20c: ;   {static_stub}
  0x00007dfa046ae20c: ffff 48bb | 0000 0000 | 0000 0000 

  0x00007dfa046ae218: ;   {runtime_call nmethod}
  0x00007dfa046ae218: e9fb ffff 

  0x00007dfa046ae21c: ;   {static_stub}
  0x00007dfa046ae21c: ff48 bb00 | 0000 0000 

  0x00007dfa046ae224: ;   {runtime_call nmethod}
  0x00007dfa046ae224: 0000 00e9 | fbff ffff 

  0x00007dfa046ae22c: ;   {static_stub}
  0x00007dfa046ae22c: 48bb 0000 | 0000 0000 

  0x00007dfa046ae234: ;   {runtime_call nmethod}
  0x00007dfa046ae234: 0000 e9fb 

  0x00007dfa046ae238: ;   {static_stub}
  0x00007dfa046ae238: ffff ff48 | bb00 0000 | 0000 0000 

  0x00007dfa046ae244: ;   {runtime_call nmethod}
  0x00007dfa046ae244: 00e9 fbff 

  0x00007dfa046ae248: ;   {static_stub}
  0x00007dfa046ae248: ffff 48bb | 0000 0000 | 0000 0000 

  0x00007dfa046ae254: ;   {runtime_call nmethod}
  0x00007dfa046ae254: e9fb ffff 

  0x00007dfa046ae258: ;   {static_stub}
  0x00007dfa046ae258: ff48 bb00 | 0000 0000 

  0x00007dfa046ae260: ;   {runtime_call nmethod}
  0x00007dfa046ae260: 0000 00e9 | fbff ffff 

  0x00007dfa046ae268: ;   {static_stub}
  0x00007dfa046ae268: 48bb 0000 | 0000 0000 

  0x00007dfa046ae270: ;   {runtime_call nmethod}
  0x00007dfa046ae270: 0000 e9fb 

  0x00007dfa046ae274: ;   {static_stub}
  0x00007dfa046ae274: ffff ff48 | bb00 0000 | 0000 0000 

  0x00007dfa046ae280: ;   {runtime_call nmethod}
  0x00007dfa046ae280: 00e9 fbff 

  0x00007dfa046ae284: ;   {static_stub}
  0x00007dfa046ae284: ffff 48bb | 0000 0000 | 0000 0000 

  0x00007dfa046ae290: ;   {runtime_call nmethod}
  0x00007dfa046ae290: e9fb ffff 

  0x00007dfa046ae294: ;   {static_stub}
  0x00007dfa046ae294: ff48 bb00 | 0000 0000 

  0x00007dfa046ae29c: ;   {runtime_call nmethod}
  0x00007dfa046ae29c: 0000 00e9 | fbff ffff 
[Exception Handler]
  0x00007dfa046ae2a4: ;   {runtime_call ExceptionBlob}
  0x00007dfa046ae2a4: e957 bb78 | ffe8 0000 | 0000 4883 

  0x00007dfa046ae2b0: ;   {runtime_call DeoptimizationBlob}
  0x00007dfa046ae2b0: 2c24 05e9 | e8c3 6dff 
[/MachCode]


Compiled method (c2) 4798 7594   !   4       org.eclipse.osgi.internal.loader.classpath.ClasspathManager::defineClass (636 bytes)
 total in heap  [0x00007dfa0472b690,0x00007dfa047343d8] = 36168
 relocation     [0x00007dfa0472b7e8,0x00007dfa0472bca8] = 1216
 main code      [0x00007dfa0472bcc0,0x00007dfa04730930] = 19568
 stub code      [0x00007dfa04730930,0x00007dfa04730a80] = 336
 oops           [0x00007dfa04730a80,0x00007dfa04730aa0] = 32
 metadata       [0x00007dfa04730aa0,0x00007dfa04730e90] = 1008
 scopes data    [0x00007dfa04730e90,0x00007dfa04733178] = 8936
 scopes pcs     [0x00007dfa04733178,0x00007dfa04733c38] = 2752
 dependencies   [0x00007dfa04733c38,0x00007dfa04733d60] = 296
 handler table  [0x00007dfa04733d60,0x00007dfa04734270] = 1296
 nul chk table  [0x00007dfa04734270,0x00007dfa047343d8] = 360

[Constant Pool (empty)]

[MachCode]
[Entry Point]
  # {method} {0x00007df9a465c0a0} 'defineClass' '(Ljava/lang/String;[BLorg/eclipse/osgi/internal/loader/classpath/ClasspathEntry;Lorg/eclipse/osgi/storage/bundlefile/BundleEntry;Ljava/util/List;)Ljava/lang/Class;' in 'org/eclipse/osgi/internal/loader/classpath/ClasspathManager'
  # this:     rsi:rsi   = 'org/eclipse/osgi/internal/loader/classpath/ClasspathManager'
  # parm0:    rdx:rdx   = 'java/lang/String'
  # parm1:    rcx:rcx   = '[B'
  # parm2:    r8:r8     = 'org/eclipse/osgi/internal/loader/classpath/ClasspathEntry'
  # parm3:    r9:r9     = 'org/eclipse/osgi/storage/bundlefile/BundleEntry'
  # parm4:    rdi:rdi   = 'java/util/List'
  #           [sp+0xe0]  (sp of caller)
  0x00007dfa0472bcc0: 448b 5608 | 49bb 0000 | 00ae f97d | 0000 4d03 | d349 3bc2 

  0x00007dfa0472bcd4: ;   {runtime_call ic_miss_stub}
  0x00007dfa0472bcd4: 0f85 a690 | 65ff 6690 | 0f1f 4000 
[Verified Entry Point]
  0x00007dfa0472bce0: 8984 2400 | c0fe ff55 | 4881 ecd0 | 0000 0090 | 4181 7f20 | 0200 0000 | 0f85 284c | 0000 4889 
  0x00007dfa0472bd00: 7c24 404c | 894c 2438 | 4c89 4424 | 3048 894c | 2428 4889 | 7424 204c | 8bd2 448b | 4214 458b 
  0x00007dfa0472bd20: 580c 0fbe | 7210 c4c2 | 4af7 db8d | 4bff 85f6 | 0f85 fa2d | 0000 458d | 4bff 443b | c944 0f4f 
  0x00007dfa0472bd40: c949 8bc8 | 4889 8c24 | 9800 0000 | 4585 c90f | 8ccb 1900 | 0033 f641 | bdff ffff | ff66 6690 
  0x00007dfa0472bd60: 453b cb0f | 8347 2200 | 0043 807c | 0810 2e74 | 1749 8b8f | 5004 0000 

  0x00007dfa0472bd78: ; ImmutableOopMap {r10=Oop r8=NarrowOop [32]=Oop [40]=Oop [48]=Oop [56]=Oop [64]=Oop [152]=Oop }
                      ;*goto {reexecute=1 rethrow=0 return_oop=0}
                      ; - (reexecute) java.lang.StringLatin1::lastIndexOf@35 (line 285)
                      ; - java.lang.String::lastIndexOf@13 (line 2573)
                      ; - java.lang.String::lastIndexOf@8 (line 2535)
                      ; - org.eclipse.osgi.internal.loader.classpath.ClasspathManager::definePackage@3 (line 819)
                      ; - org.eclipse.osgi.internal.loader.classpath.ClasspathManager::defineClass@9 (line 732)
                      ;   {poll}
  0x00007dfa0472bd78: 41ff c985 | 0145 85c9 | 7dde 41b9 | ffff ffff | 4585 c90f | 8c13 2e00 | 0044 3bcb | 0f8f 322e 
  0x00007dfa0472bd98: 0000 498b | 8f80 0300 | 004c 8b31 | 443b cb0f | 84f5 1600 | 0045 85c9 | 0f84 1a1f | 0000 498b 
  0x00007dfa0472bdb8: 9fb8 0100 | 0048 8bcb | 4883 c118 | 493b 8fc8 | 0100 000f | 835f 2000 | 0049 898f | b801 0000 
  0x00007dfa0472bdd8: 0f0d 89c0 | 0000 0048 | c703 0100 

  0x00007dfa0472bde4: ;   {metadata('java/lang/String')}
  0x00007dfa0472bde4: 0000 c743 | 0870 ea00 | 0044 8963 | 0c4c 8963 | 1049 8d78 | 1045 3bcb | 0f84 ad13 | 0000 4181 
  0x00007dfa0472be04: f900 0010 | 000f 8711 | 2b00 0049 | 63c9 453b | d941 8beb | 410f 4fe9 | 443b dd0f | 826c 2b00 
  0x00007dfa0472be24: 0044 3bcd | 0f82 632b | 0000 4883 | c117 488b | d148 83e2 | f841 81f9 | 0000 1000 | 0f87 eb20 
  0x00007dfa0472be44: 0000 4d8b | 9fb8 0100 | 004d 8bc3 | 4c03 c24d | 3b87 c801 | 0000 0f83 | d120 0000 | 4d89 87b8 
  0x00007dfa0472be64: 0100 0041 | 0f0d 88c0 | 0000 0049 | c703 0100 | 0000 410f | 0d88 0001 

  0x00007dfa0472be7c: ;   {metadata({type array byte})}
  0x00007dfa0472be7c: 0000 41c7 | 4308 1823 | 0000 4589 | 4b0c 410f | 0d88 4001 | 0000 410f | 0d88 8001 | 0000 4d8b 
  0x00007dfa0472be9c: c349 83c0 | 1048 c1e9 | 0385 ed0f | 847b 2a00 | 0041 3be9 | 0f8c 291e | 0000 4c89 | 5c24 4848 
  0x00007dfa0472bebc: 895c 2418 | 8bee 498b | da48 83c2 | f048 c1ea | 0349 8bf0 | c5f8 7749 | ba00 e3d6 | 03fa 7d00 
  0x00007dfa0472bedc: 0041 ffd2 

  0x00007dfa0472bee0: ;   {other}
  0x00007dfa0472bee0: 0f1f 8400 | 0000 0000 | 4c8b d38b | f548 8b5c | 2418 4c8b | 5c24 4844 | 8863 104d | 8bc3 4489 
  0x00007dfa0472bf00: 4314 4c8b | db49 c1eb | 0949 b800 | 4051 18fa | 7d00 0047 | 8824 1848 | 895c 2478 | 4c8b 4c24 
  0x00007dfa0472bf20: 2041 8b69 | 1044 8b5d | 5445 85db | 0f84 0e24 | 0000 4c8b | c548 8d9c | 24c0 0000 | 0049 8b03 
  0x00007dfa0472bf40: a802 0f85 | 2300 0000 | 4883 c801 | 4889 03f0 | 490f b11b | 0f84 3700 | 0000 482b | c448 2507 
  0x00007dfa0472bf60: f0ff ff48 | 8903 e924 | 0000 0048 | 8bc8 4833 | c0f0 4c0f | b179 3e48 | c703 0300 | 0000 7411 
  0x00007dfa0472bf80: 4c3b f875 | 1548 ff81 | 8600 0000 | 4833 c075 | 0949 ff87 | 4805 0000 | 33c0 0f85 | 3c25 0000 
  0x00007dfa0472bfa0: 8974 2450 | 4489 6c24 | 544c 8974 | 2458 4c89 | 5c24 184c | 894c 2420 | 4c89 5424 | 4849 8bf0 
  0x00007dfa0472bfc0: 488b 5424 | 784c 8984 | 2480 0000 | 0066 6690 

  0x00007dfa0472bfd0: ;   {optimized virtual_call}
  0x00007dfa0472bfd0: c5f8 77e8 

  0x00007dfa0472bfd4: ; ImmutableOopMap {rbp=NarrowOop [24]=Oop [32]=Oop [40]=Oop [48]=Oop [56]=Oop [64]=Oop [72]=Oop [88]=Oop [120]=Oop [128]=Oop }
                      ;*invokevirtual getDefinedPackage {reexecute=0 rethrow=0 return_oop=1}
                      ; - java.lang.ClassLoader::getPackage@2 (line 2333)
                      ; - org.eclipse.osgi.internal.loader.ModuleClassLoader::publicGetPackage@9 (line 330)
                      ; - org.eclipse.osgi.internal.loader.classpath.ClasspathManager::definePackage@26 (line 824)
                      ; - org.eclipse.osgi.internal.loader.classpath.ClasspathManager::defineClass@9 (line 732)
  0x00007dfa0472bfd4: 2870 e6ff 

  0x00007dfa0472bfd8: ;   {other}
  0x00007dfa0472bfd8: 0f1f 8400 | 4809 0001 | 4c8b d848 | 85c0 754b | 448b 5518 | 4585 d275 | 2048 8b74 | 2478 488b 
  0x00007dfa0472bff8: 6c24 1890 

  0x00007dfa0472bffc: ;   {static_call}
  0x00007dfa0472bffc: c5f8 77e8 

  0x00007dfa0472c000: ; ImmutableOopMap {rbp=Oop [24]=Oop [32]=Oop [40]=Oop [48]=Oop [56]=Oop [64]=Oop [72]=Oop [88]=Oop [120]=Oop }
                      ;*invokestatic getDefinedPackage {reexecute=0 rethrow=0 return_oop=1}
                      ; - java.lang.ClassLoader::getPackage@30 (line 2338)
                      ; - org.eclipse.osgi.internal.loader.ModuleClassLoader::publicGetPackage@9 (line 330)
                      ; - org.eclipse.osgi.internal.loader.classpath.ClasspathManager::definePackage@26 (line 824)
                      ; - org.eclipse.osgi.internal.loader.classpath.ClasspathManager::defineClass@9 (line 732)
  0x00007dfa0472c000: 7c96 65ff 

  0x00007dfa0472c004: ;   {other}
  0x00007dfa0472c004: 0f1f 8400 | 7409 0002 | 4c8b d8eb | 2249 8bf2 | 488b 5424 | 7848 8b6c | 2418 6690 

  0x00007dfa0472c020: ;   {optimized virtual_call}
  0x00007dfa0472c020: c5f8 77e8 

  0x00007dfa0472c024: ; ImmutableOopMap {rbp=Oop [24]=Oop [32]=Oop [40]=Oop [48]=Oop [56]=Oop [64]=Oop [72]=Oop [88]=Oop [120]=Oop }
                      ;*invokevirtual getPackage {reexecute=0 rethrow=0 return_oop=1}
                      ; - java.lang.ClassLoader::getPackage@22 (line 2336)
                      ; - org.eclipse.osgi.internal.loader.ModuleClassLoader::publicGetPackage@9 (line 330)
                      ; - org.eclipse.osgi.internal.loader.classpath.ClasspathManager::definePackage@26 (line 824)
                      ; - org.eclipse.osgi.internal.loader.classpath.ClasspathManager::defineClass@9 (line 732)
  0x00007dfa0472c024: d850 4ff8 

  0x00007dfa0472c028: ;   {other}
  0x00007dfa0472c028: 0f1f 8400 | 9809 0003 | 4c8b d84c | 8b44 2418 | 488d 8424 | c000 0000 | 4883 3800 | 0f84 7900 
  0x00007dfa0472c048: 0000 4d8b | 1041 f6c2 | 020f 8462 | 0000 0049 | 83ba 8600 | 0000 0074 | 0949 ff8a | 8600 0000 
  0x00007dfa0472c068: eb4b 498b | 8296 0000 | 0049 0b82 | 8e00 0000 | 750a 49c7 | 423e 0000 | 0000 eb3d | 4983 ba9e 
  0x00007dfa0472c088: 0000 0000 | 7422 4833 | c049 c742 | 3e00 0000 | 00f0 8304 | 2400 4983 | ba9e 0000 | 0000 750d 
  0x00007dfa0472c0a8: f04d 0fb1 | 7a3e 7505 | 83c8 01eb | 0ca8 00eb | 084c 8b10 | f04d 0fb1 | 1075 0a49 | ff8f 4805 
  0x00007dfa0472c0c8: 0000 4533 | d20f 855a | 2400 004d | 85db 0f84 | f912 0000 | 4c8b 4c24 | 2045 8b59 | 2845 8b43 
  0x00007dfa0472c0e8: ;   {metadata('java/lang/ThreadLocal')}
  0x00007dfa0472c0e8: 0841 81f8 | 281c 1200 | 0f85 6824 | 0000 488b | 5c24 5844 | 8b53 4c49 | 8bd3 4585 | d20f 84df 
  0x00007dfa0472c108: 1700 0041 | 8b6a 148b | 4d0c 448d | 59ff 4423 | 5a0c 85c9 | 0f86 8e26 | 0000 428b | 4c9d 1085 
  0x00007dfa0472c128: c90f 84a4 | 1700 008b | 790c 4c8b | c148 8bcf | 483b ca74 | 2c48 8954 | 2418 498b | f241 8bcb 
  0x00007dfa0472c148: ;   {optimized virtual_call}
  0x00007dfa0472c148: c5f8 77e8 

  0x00007dfa0472c14c: ; ImmutableOopMap {[24]=Oop [32]=Oop [40]=Oop [48]=Oop [56]=Oop [64]=Oop [72]=Oop [88]=Oop }
                      ;*invokevirtual getEntryAfterMiss {reexecute=0 rethrow=0 return_oop=1}
                      ; - java.lang.ThreadLocal$ThreadLocalMap::getEntry@38 (line 504)
                      ; - java.lang.ThreadLocal::get@12 (line 187)
                      ; - java.lang.ThreadLocal::get@4 (line 172)
                      ; - org.eclipse.osgi.internal.loader.classpath.ClasspathManager::defineClass@16 (line 733)
  0x00007dfa0472c14c: 7053 84f8 

  0x00007dfa0472c150: ;   {other}
  0x00007dfa0472c150: 0f1f 8400 | c00a 0004 | 4885 c00f | 847a 1700 | 004c 8bc0 | 4c8b 4c24 | 2045 8b58 | 1c49 8bcb 
  0x00007dfa0472c170: 4885 c90f | 8413 1900 | 0044 8b51 

  0x00007dfa0472c17c: ;   {metadata('org/eclipse/osgi/internal/loader/classpath/ClasspathManager$DefineContext')}
  0x00007dfa0472c17c: 0841 81fa | d85a 0b06 | 0f85 6e31 | 0000 458b | 5914 458b | 5310 410f | b66a 0d85 | ed0f 8459 
  0x00007dfa0472c19c: 2a00 004c | 8b44 2440 

  0x00007dfa0472c1a4: ; implicit exception: dispatches to 0x00007dfa0472f504
  0x00007dfa0472c1a4: 458b 5008 

  0x00007dfa0472c1a8: ;   {metadata('java/util/Collections$UnmodifiableRandomAccessList')}
  0x00007dfa0472c1a8: 4181 fac8 | ee1c 000f | 85ef 2300 | 0049 8bd8 | 448b 530c 

  0x00007dfa0472c1bc: ; implicit exception: dispatches to 0x00007dfa0472f540
  0x00007dfa0472c1bc: 418b 7a08 

  0x00007dfa0472c1c0: ;   {metadata('java/util/HashSet')}
  0x00007dfa0472c1c0: 498b f281 | ff30 d30d | 000f 85ee | 1200 008b | 6e0c 448b | 5508 488b 

  0x00007dfa0472c1d8: ;   {metadata('java/util/HashMap')}
  0x00007dfa0472c1d8: fd41 81fa | 10d1 0800 | 0f85 6513 | 0000 448b | 5f0c 4585 | db0f 8420 | 1700 0041 

  0x00007dfa0472c1f4: ;   {metadata('java/util/HashMap$KeySet')}
  0x00007dfa0472c1f4: 8b7b 0881 | ff90 231b | 000f 8598 | 1300 004d | 8baf b801 | 0000 4d8b | d549 83c2 | 204d 3b97 
  0x00007dfa0472c214: c801 0000 | 0f83 761c | 0000 4d89 | 97b8 0100 | 0041 0f0d | 8ac0 0000 | 0049 c745 | 0001 0000 
  0x00007dfa0472c234: ;   {metadata('java/util/HashMap$KeyIterator')}
  0x00007dfa0472c234: 0041 c745 | 0890 661b | 0045 8965 | 0c4d 8965 | 104d 8965 | 1845 8b5b | 0c45 895d | 1c41 8b6b 
  0x00007dfa0472c254: 2445 8b53 | 1845 8955 | 0c85 ed0f | 8447 1200 | 0045 8b53 | 1445 85d2 | 0f8e 1f12 | 0000 448b 
  0x00007dfa0472c274: 5d0c 4585 | db0f 86ed | 2900 0041 | 81fb feff | ff7f 0f8f | fc25 0000 | 488b c348 | 8bd1 498b 
  0x00007dfa0472c294: f849 8bc9 | 458b cb45 | 8bf3 41ff | c141 ba02 | 0000 0045 | 3bd1 41bb | 0200 0000 | 450f 4fd9 
  0x00007dfa0472c2b4: 4d63 d341 | 83fb ff49 | c7c3 ffff | ffff 4d0f | 4cd3 418b | f241 3bf1 | 410f 4ff1 | 4533 d241 
  0x00007dfa0472c2d4: bb01 0000 | 0041 b802 | 0000 00bb | 0100 0000 | c4c1 796e | d3c4 c179 | 6ee0 4189 | 5d10 453b 
  0x00007dfa0472c2f4: d60f 838d | 1f00 0046 | 8b5c 9510 | 4589 5d14 | 4d8b d549 | c1ea 0949 | b800 4051 | 18fa 7d00 
  0x00007dfa0472c314: 0047 8824 | 1045 85db | 0f85 9701 | 0000 c5f9 | 6ec3 448d | 5301 c4c1 | 796e ca44 | 3bd6 7d09 
  0x00007dfa0472c334: ;   {no_reloc}
  0x00007dfa0472c334: 448b d3c5 | f97e cbeb | b14d 63d6 | 4d63 d94d | 8d42 ff49 | ffcb 4981 | fb00 0000 | 8048 c7c3 
  0x00007dfa0472c354: 0000 0080 | 4c0f 4cdb | 4d3b d34d | 0f4c da49 | 83c3 fe49 | 81fb 0000 | 0080 49c7 | c200 0000 
  0x00007dfa0472c374: 804d 0f4c | da4d 3bc3 | 4d0f 4cd8 | 418b dbc4 | c179 7eca | 443b d30f | 8dfb 0000 | 00c4 c179 
  0x00007dfa0472c394: 7ec2 41ff | c2c4 c179 | 6eca 6690 | c4c1 797e | ca45 8955 | 10c4 c179 | 7ec2 453b | d60f 83d6 
  0x00007dfa0472c3b4: 1e00 00c4 | c179 7ec3 | 468b 549d | 1045 8955 | 144d 8bdd | 49c1 eb09 | 49b8 0040 | 5118 fa7d 
  0x00007dfa0472c3d4: 0000 4788 | 2418 4585 | d20f 85d6 | 0000 00c4 | c179 7ecb | 468b 549d | 1045 8955 | 1441 ffc3 
  0x00007dfa0472c3f4: 4589 5d10 | 4d8b dd49 | c1eb 0947 | 8824 1845 | 85d2 0f85 | ad00 0000 | c4c1 797e | cb46 8b54 
  0x00007dfa0472c414: 9d14 4589 | 5514 c4c1 | 797e c841 | 83c0 0245 | 8945 104d | 8bdd 49c1 | eb09 49b8 

  0x00007dfa0472c430: ;   {no_reloc}
  0x00007dfa0472c430: 0040 5118 | fa7d 0000 | 4788 2418 | 4585 d20f | 8574 0000 | 00c4 c179 | 7ecb 468b | 5c9d 1845 
  0x00007dfa0472c450: 895d 14c4 | c179 7eca | 4183 c203 | c4c1 796e | c245 8955 | 104d 8bd5 | 49c1 ea09 | 4788 2410 
  0x00007dfa0472c470: 4585 db75 | 44c4 c179 | 7eca 4183 | c204 c4c1 | 796e ca44 | 3bd3 0f8c | 14ff ffff | c4c1 797e 
  0x00007dfa0472c490: ca45 3bd1 | 0f8d da2d | 0000 e924 | 2500 0090 | 488b 4424 | 2848 8944 | 2428 4c8b | 4c24 2048 
  0x00007dfa0472c4b0: 8b4c 2418 | 488b ddeb | 304c 8bc9 | 4c8b c7c4 | c179 7ed2 | c4c1 797e | e348 8bca | 488b d84c 
  0x00007dfa0472c4d0: 896c 2460 | 4c89 4424 | 4044 8994 | 24b0 0000 | 0044 899c | 24b4 0000 | 0048 895c | 2458 4889 
  0x00007dfa0472c4f0: 4c24 184c | 894c 2420 | 488b 7424 | 6048 8beb | 6690 c5f8 | 7748 b880 | df18 aef9 

  0x00007dfa0472c50c: ;   {virtual_call}
  0x00007dfa0472c50c: 7d00 00e8 

  0x00007dfa0472c510: ; ImmutableOopMap {rbp=Oop [24]=Oop [32]=Oop [40]=Oop [48]=Oop [56]=Oop [64]=Oop [72]=Oop [88]=Oop [96]=Oop }
                      ;*invokeinterface hasNext {reexecute=0 rethrow=0 return_oop=0}
                      ; - java.util.Collections$UnmodifiableCollection$1::hasNext@4 (line 1078)
                      ; - org.eclipse.osgi.internal.loader.classpath.ClasspathManager::defineClass@305 (line 763)
  0x00007dfa0472c510: eca5 bcff 

  0x00007dfa0472c514: ;   {other}
  0x00007dfa0472c514: 0f1f 8400 | 840e 0005 | 85c0 0f85 | 3706 0000 | 4c8b 4424 | 1841 8b68 | 1044 8b55 

  0x00007dfa0472c530: ;   {metadata('java/util/ArrayList')}
  0x00007dfa0472c530: 0841 81fa | b0b2 0b00 | 0f85 b220 | 0000 4c8b | ed45 8b55 | 1045 8b5d | 1445 85d2 | 0f8e 8d01 
  0x00007dfa0472c550: 0000 458b | 4b0c 4585 | c90f 86d5 | 2200 0049 | 63ca 4d63 | c948 ffc9 | 493b c90f | 83c3 2200 
  0x00007dfa0472c570: 00c4 c179 | 6ec3 458b | f24d 8bd8 | 4c8b 5424 | 4845 8b4a | 1445 0fbe | 4210 c4c1 | 796e d04d 
  0x00007dfa0472c590: 8bd1 4d8d | 5110 c4c1 | f96e ca33 | d266 6690 | c4c1 797e | c041 8b6c | 9010 4c8b | d54c 8b44 
  0x00007dfa0472c5b0: 2448 4d3b | c20f 848d | 1a00 0085 | ed0f 8406 | 0100 0044 

  0x00007dfa0472c5c4: ;   {metadata('java/lang/String')}
  0x00007dfa0472c5c4: 8b55 0841 | 81fa 70ea | 0000 0f85 | b12c 0000 | 4c8b c541 | 0fbe 6810 | c4c1 797e | d244 3bd5 
  0x00007dfa0472c5e4: 0f85 171b | 0000 418b | 490c 458b | 5014 458b | 420c 413b | c80f 85ca | 0000 004d | 8bc2 498d 
  0x00007dfa0472c604: 7210 c4e1 | f97e cf85 | c90f 849d | 0000 008b | c183 e01f | 83e1 e00f | 844b 0000 | 0048 8d3c 
  0x00007dfa0472c624: 0f48 8d34 | 0e48 f7d9 | c5fe 6f24 | 0fc5 fe6f | 1c0e c5dd | efe3 c4e2 | 7d17 e40f | 8572 0000 
  0x00007dfa0472c644: 0048 83c1 | 2075 e185 | c00f 845d | 0000 00c5 | fe6f 6407 | e0c5 fe6f | 5c06 e0c5 | ddef e3c4 
  0x00007dfa0472c664: e27d 17e4 | 754d eb44 | 8bc8 83e1 | fc74 1948 | 8d3c 0f48 | 8d34 0e48 | f7d9 8b1c | 0f3b 1c0e 
  0x00007dfa0472c684: 7531 4883 | c104 75f2 | a802 7412 | 0fb7 1f0f | b70e 3bd9 | 751d 488d | 7f02 488d | 7602 a801 
  0x00007dfa0472c6a4: 740a 0fb6 | 1f0f b60e | 3bd9 7507 | b801 0000 | 00eb 0233 | c0c5 ddef | e4c5 e5ef | db85 c00f 
  0x00007dfa0472c6c4: ;   {no_reloc}
  0x00007dfa0472c6c4: 857f 1900 | 00ff c241 | 3bd6 0f8c | ccfe ffff | 4d8b c345 | 8bd6 c4c1 | 797e c341 | 8b4d 0cff 
  0x00007dfa0472c6e4: c141 894d | 0c45 8b4b | 0c44 894c | 2470 4489 | 5c24 6c4c | 896c 2418 | 4c89 4424 | 6044 8954 
  0x00007dfa0472c704: 2468 41ff | c244 8954 | 2474 4d8b | d34c 8954 | 2478 448b | 5c24 6845 | 3bd9 0f84 | 660b 0000 
  0x00007dfa0472c724: 4d8b d545 | 8bc1 448b | 5c24 6845 | 3bd8 0f83 | 281c 0000 | 4c8b 4424 | 7841 8b48 

  0x00007dfa0472c740: ;   {metadata('java/lang/Object'[])}
  0x00007dfa0472c740: 0881 f970 | 1200 000f | 85c7 1e00 | 008b 4c24 | 7441 894a | 104f 8d54 | 9810 4c8b | 5c24 484d 
  0x00007dfa0472c760: 8bcb 4589 | 0a49 c1ea | 0949 b800 | 4051 18fa | 7d00 0047 | 8824 104c | 8b4c 2420 | 458b 5110 
  0x00007dfa0472c780: ; implicit exception: dispatches to 0x00007dfa0472f600
  0x00007dfa0472c780: 458b 4250 | 4585 c00f | 842b 1c00 | 0049 8bf0 | 4d8b da4c | 895c 2468 | 4489 5424 | 1848 8b54 
  0x00007dfa0472c7a0: 2448 488b | 6c24 3090 

  0x00007dfa0472c7a8: ;   {optimized virtual_call}
  0x00007dfa0472c7a8: c5f8 77e8 

  0x00007dfa0472c7ac: ; ImmutableOopMap {rbp=Oop [24]=NarrowOop [32]=Oop [40]=Oop [48]=Oop [56]=Oop [64]=Oop [72]=Oop [88]=Oop [96]=Oop [104]=Oop }
                      ;*invokevirtual getLock {reexecute=0 rethrow=0 return_oop=1}
                      ; - org.eclipse.osgi.internal.loader.ModuleClassLoader::getClassLoadingLock@5 (line 437)
                      ; - org.eclipse.osgi.internal.loader.ModuleClassLoader::defineClass@8 (line 312)
                      ; - org.eclipse.osgi.internal.loader.classpath.ClasspathManager::defineClass@424 (line 778)
  0x00007dfa0472c7ac: f045 e4ff 

  0x00007dfa0472c7b0: ;   {other}
  0x00007dfa0472c7b0: 0f1f 8400 | 2011 0006 | 4c8b d848 | 85c0 0f84 | 301c 0000 | 488d 9c24 | c000 0000 | 498b 03a8 
  0x00007dfa0472c7d0: 020f 8523 | 0000 0048 | 83c8 0148 | 8903 f049 | 0fb1 1b0f | 8437 0000 | 0048 2bc4 | 4825 07f0 
  0x00007dfa0472c7f0: ffff 4889 | 03e9 2400 | 0000 4c8b | d048 33c0 | f04d 0fb1 | 7a3e 48c7 | 0303 0000 | 0074 114c 
  0x00007dfa0472c810: 3bf8 7515 | 49ff 8286 | 0000 0048 | 33c0 7509 | 49ff 8748 | 0500 0033 | c00f 853d | 1e00 004c 
  0x00007dfa0472c830: 8b54 2448 | 418b 6a14 

  0x00007dfa0472c838: ; implicit exception: dispatches to 0x00007dfa0472f628
  0x00007dfa0472c838: 448b 450c | 4585 c00f | 864f 1e00 | 0045 0fbe | 4a10 4585 | c90f 8557 | 1500 00c4 | c232 f7d0 
  0x00007dfa0472c858: 413b d041 | 0f4f d085 | d20f 8ecc | 0000 0044 | 3bc2 0f82 | 801f 0000 | 4c8b c548 | 8d7d 10b8 
  0x00007dfa0472c878: 2f00 0000 | 488b df83 | fa10 0f8c | 7900 0000 | 83fa 200f | 8c36 0000 | 00c5 f96e | c0c4 e27d 
  0x00007dfa0472c898: 78c0 c5ed | efd2 8bca | 83e1 e083 | e21f c5fe | 6f0b c5f5 

  0x00007dfa0472c8ac: ;   {no_reloc}
  0x00007dfa0472c8ac: 74c8 c4e2 | 7d17 d10f | 8369 0000 | 0048 83c3 | 2083 e920 | 75e4 e90d | 0000 00c5 | f96e c0c5 
  0x00007dfa0472c8cc: e9ef d2c4 | e279 00c2 | 83fa 100f | 8c24 0000 | 008b ca83 | e1f0 83e2 | 0fc5 fa6f | 0bc5 f174 
  0x00007dfa0472c8ec: c8c4 e279 | 17d1 0f83 | 2a00 0000 | 4883 c310 | 83e9 1075 | e485 d20f | 8412 0000 | 000f b60b 
  0x00007dfa0472c90c: 3bc1 741c | 4883 c301 | 83ea 0174 | 02eb eebb | ffff ffff | eb0d c5fd | d7c9 0fbc | c148 03d8 
  0x00007dfa0472c92c: 482b df89 | 5c24 5444 | 8b44 2454 | 4183 f8ff | 0f85 1a22 | 0000 458b | 4a14 4180 | 7a10 000f 
  0x00007dfa0472c94c: 8583 1d00 | 0041 8b69 | 0c85 ed0f | 86b1 1d00 | 0045 0fb6 | 4110 4183 | f85b 0f84 | b822 0000 
  0x00007dfa0472c96c: 4c89 5c24 | 704c 8954 | 2448 488b | 7424 6849 | 8bd2 498b | eb66 6690 

  0x00007dfa0472c984: ;   {optimized virtual_call}
  0x00007dfa0472c984: c5f8 77e8 

  0x00007dfa0472c988: ; ImmutableOopMap {rbp=Oop [24]=NarrowOop [32]=Oop [40]=Oop [48]=Oop [56]=Oop [64]=Oop [72]=Oop [88]=Oop [96]=Oop [104]=Oop [112]=Oop }
                      ;*invokevirtual findLoadedClass0 {reexecute=0 rethrow=0 return_oop=1}
                      ; - java.lang.ClassLoader::findLoadedClass@11 (line 1300)
                      ; - org.eclipse.osgi.internal.loader.ModuleClassLoader::defineClass@17 (line 313)
                      ; - org.eclipse.osgi.internal.loader.classpath.ClasspathManager::defineClass@424 (line 778)
  0x00007dfa0472c988: b4c0 bbff 

  0x00007dfa0472c98c: ;   {other}
  0x00007dfa0472c98c: 0f1f 8400 | fc12 0007 | 4c8b c048 | 85c0 0f85 | a010 0000 | 4c8b 5424 | 2845 8b4a | 0c4c 8b5c 
  0x00007dfa0472c9ac: 2430 458b | 4310 498b | f848 8b74 | 2468 488b | 5424 4848 | 8b4c 2428 | 448b 4424 | 5066 6690 
  0x00007dfa0472c9cc: ;   {optimized virtual_call}
  0x00007dfa0472c9cc: c5f8 77e8 

  0x00007dfa0472c9d0: ; ImmutableOopMap {rbp=Oop [32]=Oop [40]=Oop [48]=Oop [56]=Oop [64]=Oop [72]=Oop [88]=Oop [96]=Oop [112]=Oop }
                      ;*invokevirtual defineClass {reexecute=0 rethrow=0 return_oop=1}
                      ; - org.eclipse.osgi.internal.loader.ModuleClassLoader::defineClass@37 (line 315)
                      ; - org.eclipse.osgi.internal.loader.classpath.ClasspathManager::defineClass@424 (line 778)
  0x00007dfa0472c9d0: 4cb2 f7ff 

  0x00007dfa0472c9d4: ;   {other}
  0x00007dfa0472c9d4: 0f1f 8400 | 4413 0008 | 41bb 0100 | 0000 4c8b | c04c 8bcd | 488d 8424 | c000 0000 | 4883 3800 
  0x00007dfa0472c9f4: 0f84 7900 | 0000 4d8b | 1141 f6c2 | 020f 8462 | 0000 0049 | 83ba 8600 | 0000 0074 | 0949 ff8a 
  0x00007dfa0472ca14: 8600 0000 | eb4b 498b | 8296 0000 | 0049 0b82 | 8e00 0000 | 750a 49c7 | 423e 0000 | 0000 eb3d 
  0x00007dfa0472ca34: 4983 ba9e | 0000 0000 | 7422 4833 | c049 c742 | 3e00 0000 | 00f0 8304 | 2400 4983 | ba9e 0000 
  0x00007dfa0472ca54: 0000 750d | f04d 0fb1 | 7a3e 7505 | 83c8 01eb | 0ca8 00eb | 084c 8b10 | f04d 0fb1 | 1175 0a49 
  0x00007dfa0472ca74: ff8f 4805 | 0000 4533 | d20f 85d1 | 1c00 004d | 8baf b801 | 0000 4d8b | d549 83c2 | 184d 3b97 
  0x00007dfa0472ca94: c801 0000 | 0f83 5d13 | 0000 4d89 | 97b8 0100 | 0041 0f0d | 8ac0 0000 | 0049 c745 | 0001 0000 
  0x00007dfa0472cab4: ;   {metadata('org/eclipse/osgi/internal/loader/ModuleClassLoader$DefineClassResult')}
  0x00007dfa0472cab4: 0041 c745 | 0808 6c0b | 0645 8965 | 0c4d 8965 | 1045 885d | 0c4c 8b54 | 2460 418b | 6a10 4d8b 
  0x00007dfa0472cad4: d045 8955 | 1044 8b55 

  0x00007dfa0472cadc: ;   {metadata('java/util/ArrayList')}
  0x00007dfa0472cadc: 0841 81fa | b0b2 0b00 | 0f85 a11c | 0000 4c8b | c545 8b50 | 1045 85d2 | 0f8e ea02 | 0000 458b 
  0x00007dfa0472cafc: 5814 458b | 730c 4585 | f60f 8623 | 1900 0044 | 895c 2444 | 4c89 4424 | 1844 8954 | 2440 4d63 
  0x00007dfa0472cb1c: d24d 63de | 49ff ca4d | 3bd3 0f83 | f818 0000 | 4c8b 5424 | 4845 8b52 | 144c 8b5c | 2448 410f 
  0x00007dfa0472cb3c: be53 1044 | 8b5c 2444 | 4d8b c34d | 8bda 4d8d | 5a10 c4c1 | f96e c345 | 33db e915 | 0100 0048 
  0x00007dfa0472cb5c: 8b74 2460 | 6690 c5f8 | 7748 b880 | df18 aef9 

  0x00007dfa0472cb6c: ;   {virtual_call}
  0x00007dfa0472cb6c: 7d00 00e8 

  0x00007dfa0472cb70: ; ImmutableOopMap {rbp=Oop [24]=Oop [32]=Oop [40]=Oop [48]=Oop [56]=Oop [64]=Oop [72]=Oop [88]=Oop [96]=Oop }
                      ;*invokeinterface next {reexecute=0 rethrow=0 return_oop=1}
                      ; - java.util.Collections$UnmodifiableCollection$1::next@4 (line 1079)
                      ; - org.eclipse.osgi.internal.loader.classpath.ClasspathManager::defineClass@270 (line 763)
  0x00007dfa0472cb70: 2cb0 bcff 

  0x00007dfa0472cb74: ;   {other}
  0x00007dfa0472cb74: 0f1f 8400 | e414 0009 

  0x00007dfa0472cb7c: ; implicit exception: dispatches to 0x00007dfa0472f340
  0x00007dfa0472cb7c: 448b 5808 | 49ba 0000 | 00ae f97d | 0000 4d03 | d34d 8b52 

  0x00007dfa0472cb90: ;   {metadata('org/eclipse/osgi/internal/hookregistry/ClassLoaderHook')}
  0x00007dfa0472cb90: 3849 bbf8 | 3502 b4f9 | 7d00 004d | 3bd3 0f85 | 3d16 0000 | 4889 4424 | 6848 8bf0 | 6690 c5f8 
  0x00007dfa0472cbb0: 7748 b8ff | ffff ffff 

  0x00007dfa0472cbb8: ;   {virtual_call}
  0x00007dfa0472cbb8: ffff ffe8 

  0x00007dfa0472cbbc: ; ImmutableOopMap {rbp=Oop [24]=Oop [32]=Oop [40]=Oop [48]=Oop [56]=Oop [64]=Oop [72]=Oop [88]=Oop [96]=Oop [104]=Oop }
                      ;*invokevirtual isProcessClassRecursionSupported {reexecute=0 rethrow=0 return_oop=0}
                      ; - org.eclipse.osgi.internal.loader.classpath.ClasspathManager::defineClass@282 (line 764)
  0x00007dfa0472cbbc: 70fc 70ff 

  0x00007dfa0472cbc0: ;   {other}
  0x00007dfa0472cbc0: 0f1f 8400 | 3015 000a | 85c0 0f84 | 8c16 0000 | 488b 7424 | 6848 8b54 | 2448 488b | 4c24 284c 
  0x00007dfa0472cbe0: 8b44 2430 | 4c8b 4c24 | 3848 8b7c | 2420 c5f8 | 7748 b8ff | ffff ffff 

  0x00007dfa0472cbf8: ;   {virtual_call}
  0x00007dfa0472cbf8: ffff ffe8 

  0x00007dfa0472cbfc: ; ImmutableOopMap {rbp=Oop [24]=Oop [32]=Oop [40]=Oop [48]=Oop [56]=Oop [64]=Oop [72]=Oop [88]=Oop [96]=Oop [104]=Oop }
                      ;*invokevirtual processClass {reexecute=0 rethrow=0 return_oop=1}
                      ; - org.eclipse.osgi.internal.loader.classpath.ClasspathManager::processClass@8 (line 798)
                      ; - org.eclipse.osgi.internal.loader.classpath.ClasspathManager::defineClass@299 (line 768)
  0x00007dfa0472cbfc: 70f7 70ff 

  0x00007dfa0472cc00: ;   {other}
  0x00007dfa0472cc00: 0f1f 8400 | 7015 000b | 4885 c00f | 848f f8ff | ff4c 8b5c | 2468 458b 

  0x00007dfa0472cc18: ;   {metadata('org/eclipse/osgi/internal/weaving/WeavingHookConfigurator')}
  0x00007dfa0472cc18: 5308 4181 | fac0 4202 | 060f 847e | f8ff ffbe | deff ffff | 4c8b 5424 | 2049 8bea | 4c8b 5424 
  0x00007dfa0472cc38: 584c 8954 | 2450 4889 | 8424 8000 | 0000 4c89 | 9c24 8800 | 0000 6690 

  0x00007dfa0472cc50: ;   {runtime_call UncommonTrapBlob}
  0x00007dfa0472cc50: c5f8 77e8 

  0x00007dfa0472cc54: ; ImmutableOopMap {rbp=Oop [24]=Oop [40]=Oop [48]=Oop [56]=Oop [72]=Oop [80]=Oop [96]=Oop [128]=Oop [136]=Oop }
                      ;*instanceof {reexecute=0 rethrow=0 return_oop=0}
                      ; - org.eclipse.osgi.internal.loader.classpath.ClasspathManager::processClass@19 (line 802)
                      ; - org.eclipse.osgi.internal.loader.classpath.ClasspathManager::defineClass@299 (line 768)
  0x00007dfa0472cc54: a8d6 65ff 

  0x00007dfa0472cc58: ;   {other}
  0x00007dfa0472cc58: 0f1f 8400 | c815 000c | c4c1 797e | db44 3b5c | 2440 0f8d | 7401 0000 | 4f8d 0c98 | c4c1 f96e 
  0x00007dfa0472cc78: c949 83c1 | 10c4 c1f9 | 6ed1 418b | 0945 8d4b | 01c4 c179 | 6ed9 4c8b | c948 8b5c | 2448 493b 
  0x00007dfa0472cc98: d90f 8400 | 0100 0085 | c974 bd44 

  0x00007dfa0472cca4: ;   {metadata('java/lang/String')}
  0x00007dfa0472cca4: 8b49 0841 | 81f9 70ea | 0000 0f85 | 1026 0000 | 4c8b c941 | 0fbe 6910 | 3bd5 0f85 | 6815 0000 
  0x00007dfa0472ccc4: 418b 4a0c | 418b 5914 | 448b 4b0c | 413b c975 | 8b4c 8bcb | 488d 7310 | c4e1 f97e | c785 c90f 
  0x00007dfa0472cce4: 849d 0000 | 008b c183 | e01f 83e1 | e00f 844b | 0000 0048 | 8d3c 0f48 | 8d34 0e48 | f7d9 c5fe 
  0x00007dfa0472cd04: 6f2c 0fc5 | fe6f 240e | c5d5 efec | c4e2 7d17 | ed0f 8572 | 0000 0048 | 83c1 2075 | e185 c00f 
  0x00007dfa0472cd24: 845d 0000 | 00c5 fe6f | 6c07 e0c5 | fe6f 6406 | e0c5 d5ef | ecc4 e27d | 17ed 754d | eb44 8bc8 
  0x00007dfa0472cd44: 83e1 fc74 | 1948 8d3c | 0f48 8d34 | 0e48 f7d9 | 8b1c 0f3b | 1c0e 7531 | 4883 c104 | 75f2 a802 
  0x00007dfa0472cd64: 7412 0fb7 | 1f0f b70e | 3bd9 751d | 488d 7f02 | 488d 7602 | a801 740a | 0fb6 1f0f | b60e 3bd9 
  0x00007dfa0472cd84: 7507 b801 | 0000 00eb | 0233 c0c5 | d5ef edc5 | ddef e485 | c00f 84c1 | feff ff4c | 8b54 2418 
  0x00007dfa0472cda4: ;   {no_reloc}
  0x00007dfa0472cda4: 458b 520c | 8b5c 2440 | ffcb 41ff | c24c 8b4c | 2418 4589 | 510c 413b | db0f 8f1a | 0c00 004c 
  0x00007dfa0472cdc4: 8b54 2418 | 4189 5a10 | 413b de0f | 83af 1600 | 0044 8b5c | 2444 448b | 5424 4047 | 8964 930c 
  0x00007dfa0472cde4: 450f b655 | 0c45 85d2 | 0f84 560c | 0000 458b | 5510 498b | c248 8b54 | 2458 448b | 520c 458b 
  0x00007dfa0472ce04: 4208 498b 

  0x00007dfa0472ce08: ;   {metadata('java/util/HashSet')}
  0x00007dfa0472ce08: f241 81f8 | 30d3 0d00 | 0f85 f606 | 0000 8b6e | 0c44 8b55 | 084c 8bc5 

  0x00007dfa0472ce20: ;   {metadata('java/util/HashMap')}
  0x00007dfa0472ce20: 4181 fa10 | d108 000f | 850f 0800 | 0045 8b58 | 0c45 85db | 0f84 3e0b | 0000 458b 

  0x00007dfa0472ce3c: ;   {metadata('java/util/HashMap$KeySet')}
  0x00007dfa0472ce3c: 4308 4181 | f890 231b | 000f 853f | 0800 004d | 8b8f b801 | 0000 4d8b | d149 83c2 | 204d 3b97 
  0x00007dfa0472ce5c: c801 0000 | 0f83 8110 | 0000 4d89 | 97b8 0100 | 0041 0f0d | 8ac0 0000 | 0049 c701 | 0100 0000 
  0x00007dfa0472ce7c: ;   {metadata('java/util/HashMap$KeyIterator')}
  0x00007dfa0472ce7c: 41c7 4108 | 9066 1b00 | 4589 610c | 4d89 6110 | 4d89 6118 | 458b 5b0c | 4589 591c 

  0x00007dfa0472ce98: ; implicit exception: dispatches to 0x00007dfa0472f890
  0x00007dfa0472ce98: 418b 4b24 | 458b 5318 | 4589 510c | 85c9 0f84 | e201 0000 | 458b 5314 | 4585 d20f | 8ed5 0100 
  0x00007dfa0472ceb8: 008b 790c | 85ff 0f86 | fc1d 0000 | 81ff feff | ff7f 0f8f | f019 0000 | 448d 5701 | 448b 9c24 
  0x00007dfa0472ced8: b400 0000 | 453b da45 | 0f4f da4d | 63c3 4183 | fbff 49c7 | c3ff ffff | ff4d 0f4c | c341 8bd8 
  0x00007dfa0472cef8: 413b da41 | 0f4f da44 | 8b9c 24b0 | 0000 0045 | 8959 1044 | 8b44 2450 | 443b c70f | 83bb 1300 
  0x00007dfa0472cf18: 0046 8b44 | 8110 4589 | 4114 498b | f148 c1ee | 0948 bd00 | 4051 18fa | 7d00 0044 | 8864 3500 
  0x00007dfa0472cf38: 4585 c00f | 854d 0100 | 0044 8b84 | 24b0 0000 | 0041 ffc0 | 443b c37d | 1f48 8944 | 24f8 8b84 
  0x00007dfa0472cf58: 24b0 0000 | 0089 4424 | 5048 8b44 | 24f8 4489 | 8424 b000 | 0000 eb8f | 4863 df49 | 63ea 4c8d 
  0x00007dfa0472cf78: ;   {no_reloc}
  0x00007dfa0472cf78: 73ff 48ff | cd48 81fd | 0000 0080 | 48c7 c600 | 0000 8048 | 0f4c ee48 | 3bdd 480f | 4ceb 4883 
  0x00007dfa0472cf98: c5fe 4881 | fd00 0000 | 8048 c7c3 | 0000 0080 | 480f 4ceb | 4c3b f549 | 0f4c ee8b | dd44 3bc3 
  0x00007dfa0472cfb8: 0f8d c200 | 0000 448b | 8424 b000 | 0000 41ff | c00f 1f80 | 0000 0000 | 4589 4110 | 443b df0f 
  0x00007dfa0472cfd8: 83fc 1200 | 0046 8b5c | 9910 4589 | 5914 498b | f148 c1ee | 0948 bd00 | 4051 18fa | 7d00 0044 
  0x00007dfa0472cff8: 8864 3500 | 4585 db0f | 8589 0000 | 0046 8b5c | 8110 4589 | 5914 418d | 7001 4189 | 7110 498b 
  0x00007dfa0472d018: f148 c1ee | 0944 8864 | 3500 4585 | db75 6746 | 8b5c 8114 | 4589 5914 | 418d 7002 | 4189 7110 
  0x00007dfa0472d038: 498b f148 | c1ee 0944 | 8864 3500 | 4585 db75 | 4542 8b74 | 8118 4189 | 7114 458d | 5803 4589 
  0x00007dfa0472d058: 5910 498b | e948 c1ed | 0949 be00 | 4051 18fa | 7d00 0045 | 8824 2e85 | f675 1b41 | 83c0 0444 
  0x00007dfa0472d078: ;   {no_reloc}
  0x00007dfa0472d078: 3bc3 0f8c | 50ff ffff | 453b c20f | 8df4 2100 | 00e9 e419 | 0000 4c89 | 4c24 5048 | 8944 2440 
  0x00007dfa0472d098: 4c89 6c24 | 1848 8bea | 488b 7424 | 5090 c5f8 | 7748 b880 | df18 aef9 

  0x00007dfa0472d0b0: ;   {virtual_call}
  0x00007dfa0472d0b0: 7d00 00e8 

  0x00007dfa0472d0b4: ; ImmutableOopMap {rbp=Oop [24]=Oop [32]=Oop [40]=Oop [48]=Oop [56]=Oop [64]=Oop [72]=Oop [80]=Oop }
                      ;*invokeinterface hasNext {reexecute=0 rethrow=0 return_oop=0}
                      ; - java.util.Collections$UnmodifiableCollection$1::hasNext@4 (line 1078)
                      ; - org.eclipse.osgi.internal.loader.classpath.ClasspathManager::defineClass@613 (line 787)
  0x00007dfa0472d0b4: 489a bcff 

  0x00007dfa0472d0b8: ;   {other}
  0x00007dfa0472d0b8: 0f1f 8400 | 281a 000d | 85c0 0f84 | c200 0000 | 0f1f 8400 | 0000 0000 | 488b 7424 | 5090 c5f8 
  0x00007dfa0472d0d8: 7748 b880 | df18 aef9 

  0x00007dfa0472d0e0: ;   {virtual_call}
  0x00007dfa0472d0e0: 7d00 00e8 

  0x00007dfa0472d0e4: ; ImmutableOopMap {rbp=Oop [24]=Oop [32]=Oop [40]=Oop [48]=Oop [56]=Oop [64]=Oop [72]=Oop [80]=Oop }
                      ;*invokeinterface next {reexecute=0 rethrow=0 return_oop=1}
                      ; - java.util.Collections$UnmodifiableCollection$1::next@4 (line 1079)
                      ; - org.eclipse.osgi.internal.loader.classpath.ClasspathManager::defineClass@588 (line 787)
  0x00007dfa0472d0e4: b8aa bcff 

  0x00007dfa0472d0e8: ;   {other}
  0x00007dfa0472d0e8: 0f1f 8400 | 581a 000e 

  0x00007dfa0472d0f0: ; implicit exception: dispatches to 0x00007dfa0472f374
  0x00007dfa0472d0f0: 448b 5808 | 49ba 0000 | 00ae f97d | 0000 4d03 | d34d 8b52 

  0x00007dfa0472d104: ;   {metadata('org/eclipse/osgi/internal/hookregistry/ClassLoaderHook')}
  0x00007dfa0472d104: 3849 bbf8 | 3502 b4f9 | 7d00 004d | 3bd3 0f85 | f810 0000 | 488b f048 | 8b54 2448 | 488b 4c24 
  0x00007dfa0472d124: 404c 8b44 | 2428 4c8b | 4c24 3048 | 8b7c 2438 | 4c8b 5424 | 204c 8914 | 2490 c5f8 | 7748 b8ff 
  0x00007dfa0472d144: ffff ffff 

  0x00007dfa0472d148: ;   {virtual_call}
  0x00007dfa0472d148: ffff ffe8 

  0x00007dfa0472d14c: ; ImmutableOopMap {rbp=Oop [24]=Oop [32]=Oop [40]=Oop [48]=Oop [56]=Oop [64]=Oop [72]=Oop [80]=Oop }
                      ;*invokevirtual recordClassDefine {reexecute=0 rethrow=0 return_oop=0}
                      ; - org.eclipse.osgi.internal.loader.classpath.ClasspathManager::defineClass@608 (line 788)
  0x00007dfa0472d14c: 40d0 73ff 

  0x00007dfa0472d150: ;   {other}
  0x00007dfa0472d150: 0f1f 8400 | c01a 000f | 488b 7424 | 5090 c5f8 | 7748 b880 | df18 aef9 

  0x00007dfa0472d168: ;   {virtual_call}
  0x00007dfa0472d168: 7d00 00e8 

  0x00007dfa0472d16c: ; ImmutableOopMap {rbp=Oop [24]=Oop [32]=Oop [40]=Oop [48]=Oop [56]=Oop [64]=Oop [72]=Oop [80]=Oop }
                      ;*invokeinterface hasNext {reexecute=0 rethrow=0 return_oop=0}
                      ; - java.util.Collections$UnmodifiableCollection$1::hasNext@4 (line 1078)
                      ; - org.eclipse.osgi.internal.loader.classpath.ClasspathManager::defineClass@613 (line 787)
  0x00007dfa0472d16c: 9099 bcff 

  0x00007dfa0472d170: ;   {other}
  0x00007dfa0472d170: 0f1f 8400 | e01a 0010 | 4d8b 9750 

  0x00007dfa0472d17c: ; ImmutableOopMap {rbp=Oop [24]=Oop [32]=Oop [40]=Oop [48]=Oop [56]=Oop [64]=Oop [72]=Oop [80]=Oop }
                      ;*ifne {reexecute=1 rethrow=0 return_oop=0}
                      ; - (reexecute) org.eclipse.osgi.internal.loader.classpath.ClasspathManager::defineClass@618 (line 787)
                      ;   {poll}
  0x00007dfa0472d17c: 0400 0041 | 8502 85c0 | 0f85 46ff | ffff 4c8b | 5424 1845 | 8b52 1049 | 8bc2 c5f8 | 7748 81c4 
  0x00007dfa0472d19c: d000 0000 

  0x00007dfa0472d1a0: ;   {poll_return}
  0x00007dfa0472d1a0: 5d49 3ba7 | 4804 0000 | 0f87 6237 | 0000 c349 | 63d3 4181 | fb00 0010 | 000f 8715 | 0e00 0049 
  0x00007dfa0472d1c0: 8baf b801 | 0000 4c8d | 4a17 4983 | e1f8 488b | cd49 03c9 | 493b 8fc8 | 0100 000f | 83f3 0d00 
  0x00007dfa0472d1e0: 0049 898f | b801 0000 | 0f0d 89c0 | 0000 0048 | c745 0001 | 0000 000f | 0d89 0001 

  0x00007dfa0472d1fc: ;   {metadata({type array byte})}
  0x00007dfa0472d1fc: 0000 c745 | 0818 2300 | 0044 895d | 0c0f 0d89 | 4001 0000 | 0f0d 8980 | 0100 004c | 8954 2418 
  0x00007dfa0472d21c: 8974 2448 | 4489 6c24 | 4c4c 8974 | 2450 4889 | 5c24 5848 | 897c 2460 | 4889 5424 | 6848 8bf5 
  0x00007dfa0472d23c: 4883 c610 | 488b 5424 | 6848 83c2 | 0748 c1ea | 0348 8b7c | 2460 c5f8 | 7749 ba00 | e3d6 03fa 
  0x00007dfa0472d25c: 7d00 0041 

  0x00007dfa0472d260: ;   {other}
  0x00007dfa0472d260: ffd2 0f1f | 8400 0000 | 0000 4c8b | 5424 188b | 7424 4844 | 8b6c 244c | 4c8b 7424 | 5048 8b5c 
  0x00007dfa0472d280: 2458 4c8b | dde9 6dec | ffff 4585 | c90f 879a | 0400 0044 | 8b5c 246c 

  0x00007dfa0472d298: ;   {oop(a 'java/lang/Object'[0] {0x000000008079fe78})}
  0x00007dfa0472d298: 4181 fb78 | fe79 800f | 8588 0400 | 00ba 0a00 | 0000 3b54 | 2474 448b | 5c24 7441 | 0f4c d381 
  0x00007dfa0472d2b8: fa00 0004 | 000f 87ee | 1a00 004c | 63d2 81fa | 0000 0400 | 0f87 4e0d | 0000 498b | 9fb8 0100 
  0x00007dfa0472d2d8: 004a 8d0c | 9517 0000 | 004c 8bd1 | 4983 e2f8 | 4c8b db4d | 03da 4d3b | 9fc8 0100 | 000f 8325 
  0x00007dfa0472d2f8: 0d00 004d | 899f b801 | 0000 410f | 0d8b c000 | 0000 48c7 | 0301 0000 | 0041 0f0d | 8b00 0100 
  0x00007dfa0472d318: ;   {metadata('java/lang/Object'[])}
  0x00007dfa0472d318: 00c7 4308 | 7012 0000 | 8953 0c41 | 0f0d 8b40 | 0100 0048 | 8bfb 4883 | c710 410f | 0d8b 8001 
  0x00007dfa0472d338: 0000 48c1 | e903 4883 | c1fe 4833 | c048 83f9 | 087f 1048 | ffc9 784f | 4889 04cf | 48ff c97d 
  0x00007dfa0472d358: f7eb 44c5 | fdef c0e9 | 0d00 0000 | c5fe 7f07 | c5fe 7f47 | 2048 83c7 | 4048 83e9 | 087d ed48 
  0x00007dfa0472d378: 83c1 047c | 0cc5 fe7f | 0748 83c7 | 2048 83e9 | 0448 83c1 | 047e 1048 | ffc9 c5f9 | d607 4883 
  0x00007dfa0472d398: c708 48ff | c97d f34c | 8b54 2418 | 4c8b c34c | 8b5c 2418 | 4589 4314 | 49c1 ea09 | 49bb 0040 
  0x00007dfa0472d3b8: 5118 fa7d | 0000 4788 | 2413 4c8b | 5424 1844 | 8b43 0c48 | 895c 2478 | e955 f3ff | ff4c 8b44 
  0x00007dfa0472d3d8: 2420 458b | 580c 458b | 534c 458b | 5a0c 458b | 5318 458b | 5214 410f | b66a 2185 | ed0f 8445 
  0x00007dfa0472d3f8: 1b00 004c | 8b54 2430 | 4d85 d20f | 84bd 1a00 | 0049 8bf2 | 488b 5424 | 7849 8be8 

  0x00007dfa0472d414: ;   {optimized virtual_call}
  0x00007dfa0472d414: c5f8 77e8 

  0x00007dfa0472d418: ; ImmutableOopMap {rbp=Oop [32]=Oop [40]=Oop [48]=Oop [56]=Oop [64]=Oop [72]=Oop [88]=Oop [120]=Oop }
                      ;*invokevirtual manifestPackageAttributesFor {reexecute=0 rethrow=0 return_oop=1}
                      ; - org.eclipse.osgi.internal.loader.classpath.ClasspathManager::definePackage@77 (line 835)
                      ; - org.eclipse.osgi.internal.loader.classpath.ClasspathManager::defineClass@9 (line 732)
  0x00007dfa0472d418: 64c7 a0f8 

  0x00007dfa0472d41c: ;   {other}
  0x00007dfa0472d41c: 0f1f 8400 | 8c1d 0012 

  0x00007dfa0472d424: ; implicit exception: dispatches to 0x00007dfa0472f9ec
  0x00007dfa0472d424: 448b 4010 

  0x00007dfa0472d428: ; implicit exception: dispatches to 0x00007dfa0472fa20
  0x00007dfa0472d428: 418b 480c | 448b 580c 

  0x00007dfa0472d430: ; implicit exception: dispatches to 0x00007dfa0472fa54
  0x00007dfa0472d430: 418b 5b0c | 458b 5314 | 488b fd8b | 5710 458b | 4810 418b | 4310 418b | 6814 85d2 | 0f84 b21a 
  0x00007dfa0472d450: 0000 4c8b | d848 8bfb | 488b f24d | 8bc1 4c8b | cd48 8b54 | 2478 4c89 | 1c24 4c89 | 5424 0845 
  0x00007dfa0472d470: 33d2 4c89 | 5424 1048 | 8b6c 2420 

  0x00007dfa0472d47c: ;   {optimized virtual_call}
  0x00007dfa0472d47c: c5f8 77e8 

  0x00007dfa0472d480: ; ImmutableOopMap {rbp=Oop [32]=Oop [40]=Oop [48]=Oop [56]=Oop [64]=Oop [72]=Oop [88]=Oop }
                      ;*invokevirtual publicDefinePackage {reexecute=0 rethrow=0 return_oop=1}
                      ; - org.eclipse.osgi.internal.loader.classpath.ClasspathManager::definePackage@157 (line 848)
                      ; - org.eclipse.osgi.internal.loader.classpath.ClasspathManager::defineClass@9 (line 732)
  0x00007dfa0472d480: 5cfb baf8 

  0x00007dfa0472d484: ;   {other}
  0x00007dfa0472d484: 0f1f 8400 | f41d 0013 | e94b ecff | ff41 ba01 | 0000 0041 | bb02 0000 | 00e9 2df0 | ffff 4c89 
  0x00007dfa0472d4a4: 5424 78e9 | 70ea ffff | 41ba 0100 | 0000 41bb | 0200 0000 | e912 f0ff | ff48 8beb | 4889 4c24 
  0x00007dfa0472d4c4: 184c 894c | 2420 c5f8 | 7748 b8b0 | b20b aef9 

  0x00007dfa0472d4d4: ;   {virtual_call}
  0x00007dfa0472d4d4: 7d00 00e8 

  0x00007dfa0472d4d8: ; ImmutableOopMap {rbp=Oop [24]=Oop [32]=Oop [40]=Oop [48]=Oop [56]=Oop [64]=Oop [72]=Oop }
                      ;*invokeinterface iterator {reexecute=0 rethrow=0 return_oop=1}
                      ; - java.util.Collections$UnmodifiableCollection$1::<init>@17 (line 1076)
                      ; - java.util.Collections$UnmodifiableCollection::iterator@5 (line 1075)
                      ; - org.eclipse.osgi.internal.loader.classpath.ClasspathManager::defineClass@258 (line 763)
  0x00007dfa0472d4d8: 44e2 c0ff 

  0x00007dfa0472d4dc: ;   {other}
  0x00007dfa0472d4dc: 0f1f 8400 | 4c1e 0014 | 4889 4424 | 6041 ba01 | 0000 0041 | bb02 0000 | 004c 8b4c | 2420 4c8b 
  0x00007dfa0472d4fc: 4424 4048 | 8b4c 2418 | 488b dde9 | c8ef ffff | 4889 4424 | 404c 896c | 2418 488b | ea90 c5f8 
  0x00007dfa0472d51c: 7748 b8b0 | b20b aef9 

  0x00007dfa0472d524: ;   {virtual_call}
  0x00007dfa0472d524: 7d00 00e8 

  0x00007dfa0472d528: ; ImmutableOopMap {rbp=Oop [24]=Oop [32]=Oop [40]=Oop [48]=Oop [56]=Oop [64]=Oop [72]=Oop }
                      ;*invokeinterface iterator {reexecute=0 rethrow=0 return_oop=1}
                      ; - java.util.Collections$UnmodifiableCollection$1::<init>@17 (line 1076)
                      ; - java.util.Collections$UnmodifiableCollection::iterator@5 (line 1075)
                      ; - org.eclipse.osgi.internal.loader.classpath.ClasspathManager::defineClass@576 (line 787)
  0x00007dfa0472d528: f4e1 c0ff 

  0x00007dfa0472d52c: ;   {other}
  0x00007dfa0472d52c: 0f1f 8400 | 9c1e 0015 | 4889 4424 | 5048 8bd5 | 4c8b 6c24 | 1848 8b44 | 2440 e948 

  0x00007dfa0472d548: ;   {metadata('java/util/LinkedHashMap')}
  0x00007dfa0472d548: fbff ff41 | 81fa 90cb | 0f00 0f85 | 401a 0000 | 4889 5c24 | 1848 8be9 | 4c89 4c24 | 2048 8bf7 
  0x00007dfa0472d568: ;   {optimized virtual_call}
  0x00007dfa0472d568: c5f8 77e8 

  0x00007dfa0472d56c: ; ImmutableOopMap {rbp=Oop [24]=Oop [32]=Oop [40]=Oop [48]=Oop [56]=Oop [64]=Oop [72]=Oop }
                      ;*invokevirtual sequencedKeySet {reexecute=0 rethrow=0 return_oop=1}
                      ; - java.util.LinkedHashMap::keySet@1 (line 628)
                      ; - java.util.HashSet::iterator@4 (line 182)
                      ; - java.util.Collections$UnmodifiableCollection$1::<init>@17 (line 1076)
                      ; - java.util.Collections$UnmodifiableCollection::iterator@5 (line 1075)
                      ; - org.eclipse.osgi.internal.loader.classpath.ClasspathManager::defineClass@258 (line 763)
  0x00007dfa0472d56c: 107b 65ff 

  0x00007dfa0472d570: ;   {other}
  0x00007dfa0472d570: 0f1f 8400 | e01e 0016 | 4c8b d848 | 85c0 0f84 | e019 0000 | 4c8b 4c24 | 204c 8b44 | 2440 488b 
  0x00007dfa0472d590: cd48 8b5c | 2418 e958 

  0x00007dfa0472d598: ;   {metadata('java/util/LinkedHashMap$LinkedKeySet')}
  0x00007dfa0472d598: ecff ff81 | ffe8 137a | 020f 8521 | 1a00 004d | 8baf b801 | 0000 4d8b | d549 83c2 | 204d 3b97 
  0x00007dfa0472d5b8: c801 0000 | 0f83 820b | 0000 4d89 | 97b8 0100 | 0041 0f0d | 8ac0 0000 | 0049 c745 | 0001 0000 
  0x00007dfa0472d5d8: ;   {metadata('java/util/LinkedHashMap$LinkedKeyIterator')}
  0x00007dfa0472d5d8: 0041 c745 | 0848 5b08 | 0145 8965 | 0c4d 8965 | 104d 8965 | 1845 8b53 | 1045 8955 | 1c41 0fb6 
  0x00007dfa0472d5f8: 6b0c 4188 | 6d10 85ed | 0f85 9e1a | 0000 458b | 5a18 4589 | 5d0c 458b | 5a34 4589 | 5d14 4d8b 
  0x00007dfa0472d618: d549 c1ea | 0949 bb00 | 4051 18fa | 7d00 0047 | 8824 1341 | ba01 0000 | 0041 bb02 | 0000 00e9 
  0x00007dfa0472d638: 93ee ffff 

  0x00007dfa0472d63c: ;   {metadata('java/util/LinkedHashMap')}
  0x00007dfa0472d63c: 4181 fa90 | cb0f 000f | 85cf 1900 | 0048 8944 | 2440 4c89 | 6c24 1848 | 8bea 498b | f066 6690 
  0x00007dfa0472d65c: ;   {optimized virtual_call}
  0x00007dfa0472d65c: c5f8 77e8 

  0x00007dfa0472d660: ; ImmutableOopMap {rbp=Oop [24]=Oop [32]=Oop [40]=Oop [48]=Oop [56]=Oop [64]=Oop [72]=Oop }
                      ;*invokevirtual sequencedKeySet {reexecute=0 rethrow=0 return_oop=1}
                      ; - java.util.LinkedHashMap::keySet@1 (line 628)
                      ; - java.util.HashSet::iterator@4 (line 182)
                      ; - java.util.Collections$UnmodifiableCollection$1::<init>@17 (line 1076)
                      ; - java.util.Collections$UnmodifiableCollection::iterator@5 (line 1075)
                      ; - org.eclipse.osgi.internal.loader.classpath.ClasspathManager::defineClass@576 (line 787)
  0x00007dfa0472d660: 1c7a 65ff 

  0x00007dfa0472d664: ;   {other}
  0x00007dfa0472d664: 0f1f 8400 | d41f 0017 | 4c8b d848 | 85c0 0f84 | 0419 0000 | 488b d54c | 8b6c 2418 | 488b 4424 
  0x00007dfa0472d684: 40e9 b0f7 

  0x00007dfa0472d688: ;   {metadata('java/util/LinkedHashMap$LinkedKeySet')}
  0x00007dfa0472d688: ffff 4181 | f8e8 137a | 020f 85b5 | 1900 004d | 8b8f b801 | 0000 4d8b | d149 83c2 | 204d 3b97 
  0x00007dfa0472d6a8: c801 0000 | 0f83 e50a | 0000 4d89 | 97b8 0100 | 0041 0f0d | 8ac0 0000 | 0049 c701 | 0100 0000 
  0x00007dfa0472d6c8: ;   {metadata('java/util/LinkedHashMap$LinkedKeyIterator')}
  0x00007dfa0472d6c8: 41c7 4108 | 485b 0801 | 4589 610c | 4d89 6110 | 4d89 6118 | 450f b653 | 0c45 8851 | 1041 8b6b 
  0x00007dfa0472d6e8: 1041 8969 | 1c45 85d2 | 0f85 ee19 | 0000 448b | 5d18 4589 | 590c 448b | 5534 4589 | 5114 4d8b 
  0x00007dfa0472d708: d149 c1ea | 0949 bb00 | 4051 18fa | 7d00 0047 | 8824 13e9 | 6ef9 ffff | 33f6 41bd | ffff ffff 
  0x00007dfa0472d728: e955 e6ff | ff8b 6c24 | 6841 2be9 | 458b c141 | d1f8 ffc5 | 443b c544 | 0f4c c547 | 8d1c 0844 
  0x00007dfa0472d748: 899c 2480 | 0000 0041 | ffcb 4181 | fbf7 ffff | 7f0f 836d | 1a00 0044 | 8b54 246c | 458b 5208 
  0x00007dfa0472d768: 48be 0000 | 00ae f97d | 0000 4903 | f24c 8b5e | 7049 8b2b | 448b 8c24 | 8000 0000 | 4585 c90f 
  0x00007dfa0472d788: 8c0b 1a00 | 0044 8b5e | 144d 63cb | 4e8b 0c0e | 493b f10f | 85ae 0200 | 004d 63d8 | 4c63 4424 
  0x00007dfa0472d7a8: 704d 03d8 | 4e8d 1c9d | 1700 0000 | 4c89 9c24 | 8800 0000 | 448b 9c24 | 8000 0000 

  0x00007dfa0472d7c4: ;   {no_reloc}
  0x00007dfa0472d7c4: 4181 fb00 | 0004 000f | 873f 1300 | 004d 8b9f | b801 0000 | 4c8b 8424 | 8800 0000 | 4983 e0f8 
  0x00007dfa0472d7e4: 4d8b cb4d | 03c8 4d3b | 8fc8 0100 | 000f 8319 | 1300 004d | 898f b801 | 0000 410f | 0d89 c000 
  0x00007dfa0472d804: 0000 49c7 | 0301 0000 | 0045 8953 | 088b 8c24 | 8000 0000 | 4189 4b0c | 410f 0d89 | 0001 0000 
  0x00007dfa0472d824: 410f 0d89 | 4001 0000 | 410f 0d89 | 8001 0000 | 4d8b d349 | 8bda 448b | 5424 7044 | 3b94 2480 
  0x00007dfa0472d844: 0000 0045 | 8bda 448b | 9424 8000 | 0000 450f | 4fda 458b | d34c 8bdb | 4983 c310 | 488b eb4c 
  0x00007dfa0472d864: 8b84 2488 | 0000 0049 | c1e8 0345 | 85d2 0f84 | b418 0000 | 448b 4c24 | 6c4d 8d49 | 1049 63d2 
  0x00007dfa0472d884: 443b 9424 | 8000 0000 | 0f8c ee07 | 0000 498b | f949 8bf3 | c5f8 7749 | bae0 e1d6 | 03fa 7d00 
  0x00007dfa0472d8a4: 0041 ffd2 

  0x00007dfa0472d8a8: ;   {other}
  0x00007dfa0472d8a8: 0f1f 8400 | 0000 0000 | 4c8b 5424 | 1841 896a | 144d 8bda | 49c1 eb09 | 49b8 0040 | 5118 fa7d 
  0x00007dfa0472d8c8: 0000 4788 | 2418 e9f4 | faff ff45 | 33c0 e962 | e8ff ff4c | 8b4c 2420 | 488b 5c24 | 5848 8b54 
  0x00007dfa0472d8e8: 2418 4c89 | 4c24 2048 | 8bf2 488b | d349 8be9 

  0x00007dfa0472d8f8: ;   {optimized virtual_call}
  0x00007dfa0472d8f8: c5f8 77e8 

  0x00007dfa0472d8fc: ; ImmutableOopMap {rbp=Oop [32]=Oop [40]=Oop [48]=Oop [56]=Oop [64]=Oop [72]=Oop }
                      ;*invokevirtual setInitialValue {reexecute=0 rethrow=0 return_oop=1}
                      ; - java.lang.ThreadLocal::get@31 (line 194)
                      ; - java.lang.ThreadLocal::get@4 (line 172)
                      ; - org.eclipse.osgi.internal.loader.classpath.ClasspathManager::defineClass@16 (line 733)
  0x00007dfa0472d8fc: 808b f3f8 

  0x00007dfa0472d900: ;   {other}
  0x00007dfa0472d900: 0f1f 8400 | 7022 0018 | 4c8b cd48 | 8bc8 e95d | e8ff ff4d | 8b9f b801 | 0000 4d8b | d349 83c2 
  0x00007dfa0472d920: 104d 3b97 | c801 0000 | 0f83 ee13 | 0000 4d89 | 97b8 0100 | 0041 0f0d | 8ac0 0000 | 0049 c703 
  0x00007dfa0472d940: 0100 0000 

  0x00007dfa0472d944: ;   {metadata('java/util/HashMap$KeySet')}
  0x00007dfa0472d944: 41c7 4308 | 9023 1b00 | 4589 630c | 4c8b d745 | 8953 0c4d | 8bd3 4489 | 570c 4c8b | d749 c1ea 
  0x00007dfa0472d964: 0948 bf00 | 4051 18fa | 7d00 0046 | 8824 17e9 | 7be8 ffff | 4d8b 9fb8 | 0100 004d | 8bd3 4983 
  0x00007dfa0472d984: c210 4d3b | 97c8 0100 | 000f 83d4 | 1300 004d | 8997 b801 | 0000 410f | 0d8a c000 | 0000 49c7 
  0x00007dfa0472d9a4: 0301 0000 

  0x00007dfa0472d9a8: ;   {metadata('java/util/HashMap$KeySet')}
  0x00007dfa0472d9a8: 0041 c743 | 0890 231b | 0045 8963 | 0c4d 8bd0 | 4589 530c | 4d8b d345 | 8950 0c4d | 8bd0 49c1 
  0x00007dfa0472d9c8: ea09 49b8 | 0040 5118 | fa7d 0000 | 4788 2410 | e95d f4ff | ff44 8b54 | 2440 452b | d341 8d6a 
  0x00007dfa0472d9e8: ff44 3b74 | 2440 0f82 | 2018 0000 | 443b f30f | 8217 1800 | 0085 ed0f | 8c0f 1800 | 0041 83fa 
  0x00007dfa0472da08: 010f 84b4 | f3ff ffc4 | c1f9 7eca | 4983 c214 | 4863 d549 | 8bfa c4e1 | f97e d6c5 | f877 49ba 
  0x00007dfa0472da28: 00e5 d603 | fa7d 0000 

  0x00007dfa0472da30: ;   {other}
  0x00007dfa0472da30: 41ff d20f | 1f84 0000 | 0000 00e9 | 83f3 ffff | 4533 dbe9 | 9def ffff | 33c0 e9aa | f3ff ff41 
  0x00007dfa0472da50: 83fb 200f | 8448 fdff | ffbe dcff | ffff 4c8b | 5424 584c | 8954 2450 | 4c8b 5424 | 604c 8954 
  0x00007dfa0472da70: 2458 448b | 5c24 6844 | 895c 2460 

  0x00007dfa0472da7c: ;   {runtime_call UncommonTrapBlob}
  0x00007dfa0472da7c: c5f8 77e8 

  0x00007dfa0472da80: ; ImmutableOopMap {rbp=Oop [24]=Oop [32]=Oop [40]=Oop [48]=Oop [56]=Oop [72]=Oop [80]=Oop [88]=Oop [108]=NarrowOop }
                      ;*invokestatic copyOf {reexecute=1 rethrow=0 return_oop=0}
                      ; - (reexecute) java.util.Arrays::copyOf@6 (line 3482)
                      ; - java.util.ArrayList::grow@37 (line 237)
                      ; - java.util.ArrayList::grow@7 (line 244)
                      ; - java.util.ArrayList::add@7 (line 483)
                      ; - java.util.ArrayList::add@20 (line 496)
                      ; - org.eclipse.osgi.internal.loader.classpath.ClasspathManager::defineClass@411 (line 776)
  0x00007dfa0472da80: 7cc8 65ff 

  0x00007dfa0472da84: ;   {other}
  0x00007dfa0472da84: 0f1f 8400 | f423 0019 | 498b 87b8 | 0100 004c | 8bd0 4983 | c218 4d3b | 97c8 0100 | 000f 8312 
  0x00007dfa0472daa4: 1300 004d | 8997 b801 | 0000 410f | 0d8a c000 | 0000 48c7 | 0001 0000 

  0x00007dfa0472dabc: ;   {metadata('org/eclipse/osgi/internal/loader/classpath/ClasspathManager$DefineContext')}
  0x00007dfa0472dabc: 00c7 4008 | d85a 0b06 | 4489 600c | 4c89 6010 | 4c8b d84d | 8b87 b801 | 0000 4d8b | d049 83c2 
  0x00007dfa0472dadc: 184d 3b97 | c801 0000 | 0f83 fa12 | 0000 4d89 | 97b8 0100 | 0041 0f0d | 8ac0 0000 | 0049 c700 
  0x00007dfa0472dafc: 0100 0000 

  0x00007dfa0472db00: ;   {metadata('java/util/ArrayList')}
  0x00007dfa0472db00: 41c7 4008 | b0b2 0b00 | 4589 600c | 4d89 6010 | 498b 87b8 | 0100 004c | 8bd0 4983 | c228 4d3b 
  0x00007dfa0472db20: 97c8 0100 | 000f 83ed | 1200 004d | 8997 b801 | 0000 410f | 0d8a c000 | 0000 48c7 | 0001 0000 
  0x00007dfa0472db40: 0041 0f0d | 8a00 0100 

  0x00007dfa0472db48: ;   {metadata('java/lang/Object'[])}
  0x00007dfa0472db48: 00c7 4008 | 7012 0000 | 410f 0d8a | 4001 0000 | c740 0c05 | 0000 0041 | 0f0d 8a80 | 0100 004c 
  0x00007dfa0472db68: 8960 104c | 8960 184c | 8960 204d | 8bd0 4589 | 530c 4c8b | d045 8950 | 144d 8bd0 | 4d8b c349 
  0x00007dfa0472db88: c1ea 0948 | b900 4051 | 18fa 7d00 | 0046 8824 | 1149 c1e8 | 0949 ba00 | 4051 18fa | 7d00 0047 
  0x00007dfa0472dba8: 8824 024d | 8b87 b801 | 0000 4d8b | d049 83c2 | 184d 3b97 | c801 0000 | 0f83 9012 | 0000 4d89 
  0x00007dfa0472dbc8: 97b8 0100 | 0041 0f0d | 8ac0 0000 | 0049 c700 | 0100 0000 

  0x00007dfa0472dbdc: ;   {metadata('java/util/ArrayList')}
  0x00007dfa0472dbdc: 41c7 4008 | b0b2 0b00 | 4589 600c | 4d89 6010 | 498b 87b8 | 0100 004c | 8bd0 4983 | c228 4d3b 
  0x00007dfa0472dbfc: 97c8 0100 | 000f 8381 | 1200 004d | 8997 b801 | 0000 410f | 0d8a c000 | 0000 48c7 | 0001 0000 
  0x00007dfa0472dc1c: 0041 0f0d | 8a00 0100 

  0x00007dfa0472dc24: ;   {metadata('java/lang/Object'[])}
  0x00007dfa0472dc24: 00c7 4008 | 7012 0000 | 410f 0d8a | 4001 0000 | c740 0c05 | 0000 0041 | 0f0d 8a80 | 0100 004c 
  0x00007dfa0472dc44: 8960 104c | 8960 184c | 8960 2041 | 8b69 284c | 8bd0 4589 | 5014 4d8b | d045 8953 | 104d 8bd0 
  0x00007dfa0472dc64: 4d8b c349 | c1ea 0948 | b900 4051 | 18fa 7d00 | 0046 8824 | 1149 c1e8 | 0949 ba00 | 4051 18fa 
  0x00007dfa0472dc84: 7d00 0047 | 8824 0244 

  0x00007dfa0472dc8c: ;   {metadata('java/lang/ThreadLocal')}
  0x00007dfa0472dc8c: 8b55 0841 | 81fa 281c | 1200 0f85 | ac15 0000 | 4c89 5c24 | 184c 894c | 2420 488b | f549 8bd3 
  0x00007dfa0472dcac: 498b e990 

  0x00007dfa0472dcb0: ;   {optimized virtual_call}
  0x00007dfa0472dcb0: c5f8 77e8 

  0x00007dfa0472dcb4: ; ImmutableOopMap {rbp=Oop [24]=Oop [32]=Oop [40]=Oop [48]=Oop [56]=Oop [64]=Oop [72]=Oop }
                      ;*invokevirtual set {reexecute=0 rethrow=0 return_oop=0}
                      ; - org.eclipse.osgi.internal.loader.classpath.ClasspathManager::defineClass@44 (line 736)
  0x00007dfa0472dcb4: c8c8 37f9 

  0x00007dfa0472dcb8: ;   {other}
  0x00007dfa0472dcb8: 0f1f 8400 | 2826 001a | 4c8b 5424 | 184c 8bcd | 498b cae9 | bae4 ffff 

  0x00007dfa0472dcd0: ;   {oop(""{0x0000000080000000})}
  0x00007dfa0472dcd0: 48bb 0000 | 0080 0000 | 0000 e938 | e2ff ffc4 | c1f9 6ec0 | 4c8b cf48 | 895c 2448 | 4c89 7424 
  0x00007dfa0472dcf0: 1844 8bf6 | 498b da48 | 63d5 4c8d | 5210 4d8b | c249 83e0 | f849 8bfb | 4903 f849 | 8beb 49c1 
  0x00007dfa0472dd10: ea03 492b | ca48 33c0 | 4883 f908 | 7f10 48ff | c978 4f48 | 8904 cf48 | ffc9 7df7 | eb44 c5f5 
  0x00007dfa0472dd30: efc9 e90d | 0000 00c5 | fe7f 0fc5 | fe7f 4f20 | 4883 c740 | 4883 e908 | 7ded 4883 | c104 7c0c 
  0x00007dfa0472dd50: c5fe 7f0f | 4883 c720 | 4883 e904 | 4883 c104 | 7e10 48ff | c9c5 f9d6 | 0f48 83c7 | 0848 ffc9 
  0x00007dfa0472dd70: 7df3 498b | f9c4 e1f9 | 7ec6 c5f8 | 7749 bac0 | ded6 03fa | 7d00 0041 

  0x00007dfa0472dd88: ;   {other}
  0x00007dfa0472dd88: ffd2 0f1f | 8400 0000 | 0000 4c8b | d341 8bf6 | 4c8b 7424 | 1848 8b5c | 2448 4c8b | dde9 4de1 
  0x00007dfa0472dda8: ffff 4c89 | 5c24 7049 | 8bf2 6690 

  0x00007dfa0472ddb4: ;   {optimized virtual_call}
  0x00007dfa0472ddb4: c5f8 77e8 

  0x00007dfa0472ddb8: ; ImmutableOopMap {rbp=NarrowOop [24]=NarrowOop [32]=Oop [40]=Oop [48]=Oop [56]=Oop [64]=Oop [72]=Oop [88]=Oop [96]=Oop [104]=Oop [112]=Oop }
                      ;*invokevirtual length {reexecute=0 rethrow=0 return_oop=0}
                      ; - java.lang.String::indexOf@30 (line 2462)
                      ; - java.lang.String::indexOf@3 (line 2405)
                      ; - java.lang.ClassLoader::checkName@16 (line 1157)
                      ; - java.lang.ClassLoader::findLoadedClass@1 (line 1298)
                      ; - org.eclipse.osgi.internal.loader.ModuleClassLoader::defineClass@17 (line 313)
                      ; - org.eclipse.osgi.internal.loader.classpath.ClasspathManager::defineClass@424 (line 778)
  0x00007dfa0472ddb8: c472 65ff 

  0x00007dfa0472ddbc: ;   {other}
  0x00007dfa0472ddbc: 0f1f 8400 | 2c27 001b | 488b f5ba | 2f00 0000 | 8b4c 2450 | 448b c048 | 8b6c 2420 

  0x00007dfa0472ddd8: ;   {static_call}
  0x00007dfa0472ddd8: c5f8 77e8 

  0x00007dfa0472dddc: ; ImmutableOopMap {rbp=Oop [24]=NarrowOop [32]=Oop [40]=Oop [48]=Oop [56]=Oop [64]=Oop [72]=Oop [88]=Oop [96]=Oop [104]=Oop [112]=Oop }
                      ;*invokestatic indexOf {reexecute=0 rethrow=0 return_oop=0}
                      ; - java.lang.String::indexOf@33 (line 2462)
                      ; - java.lang.String::indexOf@3 (line 2405)
                      ; - java.lang.ClassLoader::checkName@16 (line 1157)
                      ; - java.lang.ClassLoader::findLoadedClass@1 (line 1298)
                      ; - org.eclipse.osgi.internal.loader.ModuleClassLoader::defineClass@17 (line 313)
                      ; - org.eclipse.osgi.internal.loader.classpath.ClasspathManager::defineClass@424 (line 778)
  0x00007dfa0472dddc: a078 65ff 

  0x00007dfa0472dde0: ;   {other}
  0x00007dfa0472dde0: 0f1f 8400 | 5027 001c | 8944 2454 | 4c8b 5424 | 484c 8b5c | 2470 e938 | ebff ff44 | 895c 2418 
  0x00007dfa0472de00: ;   {metadata('org/eclipse/osgi/internal/loader/ModuleClassLoader$DefineClassResult')}
  0x00007dfa0472de00: 498b e848 | be08 6c0b | b4f9 7d00 | 0066 6690 

  0x00007dfa0472de10: ;   {runtime_call _new_instance_Java}
  0x00007dfa0472de10: c5f8 77e8 

  0x00007dfa0472de14: ; ImmutableOopMap {rbp=Oop [32]=Oop [40]=Oop [48]=Oop [56]=Oop [64]=Oop [72]=Oop [88]=Oop [96]=Oop }
                      ;*new {reexecute=0 rethrow=0 return_oop=1}
                      ; - org.eclipse.osgi.internal.loader.ModuleClassLoader::defineClass@55 (line 319)
                      ; - org.eclipse.osgi.internal.loader.classpath.ClasspathManager::defineClass@424 (line 778)
  0x00007dfa0472de14: e8fe 70ff 

  0x00007dfa0472de18: ;   {other}
  0x00007dfa0472de18: 0f1f 8400 | 8827 001d | 4c8b c544 | 8b5c 2418 | 4c8b e8e9 | 95ec ffff | 4c89 7424 | 5844 896c 
  0x00007dfa0472de38: 2454 4489 | 4c24 1c89 | 7424 5044 | 895c 2418 | 418b e84c | 8954 2448 

  0x00007dfa0472de50: ;   {metadata('java/lang/String')}
  0x00007dfa0472de50: 48be 70ea | 00ae f97d | 0000 6690 

  0x00007dfa0472de5c: ;   {runtime_call _new_instance_Java}
  0x00007dfa0472de5c: c5f8 77e8 

  0x00007dfa0472de60: ; ImmutableOopMap {rbp=NarrowOop [32]=Oop [40]=Oop [48]=Oop [56]=Oop [64]=Oop [72]=Oop [88]=Oop [152]=Oop }
                      ;*new {reexecute=0 rethrow=0 return_oop=1}
                      ; - java.lang.StringLatin1::newString@7 (line 752)
                      ; - java.lang.String::substring@41 (line 2839)
                      ; - org.eclipse.osgi.internal.loader.classpath.ClasspathManager::definePackage@15 (line 823)
                      ; - org.eclipse.osgi.internal.loader.classpath.ClasspathManager::defineClass@9 (line 732)
  0x00007dfa0472de60: 9cfe 70ff 

  0x00007dfa0472de64: ;   {other}
  0x00007dfa0472de64: 0f1f 8400 | d427 001e | 4c8b 5424 | 4844 8bc5 | 448b 5c24 | 188b 7424 | 5044 8b4c | 241c 448b 
  0x00007dfa0472de84: 6c24 544c | 8b74 2458 | 488b d8e9 | 61df ffff | 4c89 5c24 | 5848 895c | 2418 488b | e94c 8944 
  0x00007dfa0472dea4: 2440 4c89 

  0x00007dfa0472dea8: ;   {metadata('java/util/HashMap$KeyIterator')}
  0x00007dfa0472dea8: 4c24 2048 | be90 661b | aef9 7d00 | 0066 6690 

  0x00007dfa0472deb8: ;   {runtime_call _new_instance_Java}
  0x00007dfa0472deb8: c5f8 77e8 

  0x00007dfa0472debc: ; ImmutableOopMap {rbp=Oop [24]=Oop [32]=Oop [40]=Oop [48]=Oop [56]=Oop [64]=Oop [72]=Oop [88]=Oop }
                      ;*new {reexecute=0 rethrow=0 return_oop=1}
                      ; - java.util.HashMap$KeySet::iterator@0 (line 991)
                      ; - java.util.HashSet::iterator@7 (line 182)
                      ; - java.util.Collections$UnmodifiableCollection$1::<init>@17 (line 1076)
                      ; - java.util.Collections$UnmodifiableCollection::iterator@5 (line 1075)
                      ; - org.eclipse.osgi.internal.loader.classpath.ClasspathManager::defineClass@258 (line 763)
  0x00007dfa0472debc: 40fe 70ff 

  0x00007dfa0472dec0: ;   {other}
  0x00007dfa0472dec0: 0f1f 8400 | 3028 001f | 4c8b 4c24 | 204c 8b44 | 2440 488b | cd48 8b5c | 2418 4c8b | 5c24 584c 
  0x00007dfa0472dee0: 8be8 e962 | e3ff ff4c | 895c 2458 | 4889 4424 | 404c 896c | 2418 488b 

  0x00007dfa0472def8: ;   {metadata('java/util/HashMap$KeyIterator')}
  0x00007dfa0472def8: ea48 be90 | 661b aef9 | 7d00 0090 

  0x00007dfa0472df04: ;   {runtime_call _new_instance_Java}
  0x00007dfa0472df04: c5f8 77e8 

  0x00007dfa0472df08: ; ImmutableOopMap {rbp=Oop [24]=Oop [32]=Oop [40]=Oop [48]=Oop [56]=Oop [64]=Oop [72]=Oop [88]=Oop }
                      ;*new {reexecute=0 rethrow=0 return_oop=1}
                      ; - java.util.HashMap$KeySet::iterator@0 (line 991)
                      ; - java.util.HashSet::iterator@7 (line 182)
                      ; - java.util.Collections$UnmodifiableCollection$1::<init>@17 (line 1076)
                      ; - java.util.Collections$UnmodifiableCollection::iterator@5 (line 1075)
                      ; - org.eclipse.osgi.internal.loader.classpath.ClasspathManager::defineClass@576 (line 787)
  0x00007dfa0472df08: f4fd 70ff 

  0x00007dfa0472df0c: ;   {other}
  0x00007dfa0472df0c: 0f1f 8400 | 7c28 0020 | 4c8b d048 | 8bd5 4c8b | 6c24 1848 | 8b44 2440 | 4c8b 5c24 | 584d 8bca 
  0x00007dfa0472df2c: e95f efff | ff48 8954 | 2478 4889 | 4c24 7048 | 897c 2468 | 4889 5c24 | 604c 8974 | 2458 4489 
  0x00007dfa0472df4c: 6c24 1c44 | 894c 2418 | 8974 2450 | 4c89 5424 

  0x00007dfa0472df5c: ;   {metadata({type array byte})}
  0x00007dfa0472df5c: 4848 be18 | 2300 aef9 | 7d00 0041 | 8bd1 6690 

  0x00007dfa0472df6c: ;   {runtime_call _new_array_nozero_Java}
  0x00007dfa0472df6c: c5f8 77e8 

  0x00007dfa0472df70: ; ImmutableOopMap {[32]=Oop [40]=Oop [48]=Oop [56]=Oop [64]=Oop [72]=Oop [88]=Oop [96]=Oop [152]=Oop [104]=Derived_oop_[152] }
                      ;*newarray {reexecute=0 rethrow=0 return_oop=1}
                      ; - java.util.Arrays::copyOfRangeByte@10 (line 3863)
                      ; - java.util.Arrays::copyOfRange@13 (line 3854)
                      ; - java.lang.StringLatin1::newString@16 (line 752)
                      ; - java.lang.String::substring@41 (line 2839)
                      ; - org.eclipse.osgi.internal.loader.classpath.ClasspathManager::definePackage@15 (line 823)
                      ; - org.eclipse.osgi.internal.loader.classpath.ClasspathManager::defineClass@9 (line 732)
  0x00007dfa0472df70: 0cd1 70ff 

  0x00007dfa0472df74: ;   {other}
  0x00007dfa0472df74: 0f1f 8400 | e428 0021 | 4c8b 5424 | 488b 7424 | 5044 8b4c | 2418 448b | 6c24 1c4c | 8b74 2458 
  0x00007dfa0472df94: 488b 5c24 | 6048 8b7c | 2468 488b | 4c24 7048 | 8b54 2478 | 4c8b d8e9 | eade ffff | bee4 ffff 
  0x00007dfa0472dfb4: ff44 894c | 2418 4c89 | 5424 5844 | 8944 2468 

  0x00007dfa0472dfc4: ;   {runtime_call UncommonTrapBlob}
  0x00007dfa0472dfc4: c5f8 77e8 

  0x00007dfa0472dfc8: ; ImmutableOopMap {[32]=Oop [40]=Oop [48]=Oop [56]=Oop [64]=Oop [88]=Oop [104]=NarrowOop }
                      ;*baload {reexecute=0 rethrow=0 return_oop=0}
                      ; - java.lang.StringLatin1::lastIndexOf@24 (line 286)
                      ; - java.lang.String::lastIndexOf@13 (line 2573)
                      ; - java.lang.String::lastIndexOf@8 (line 2535)
                      ; - org.eclipse.osgi.internal.loader.classpath.ClasspathManager::definePackage@3 (line 819)
                      ; - org.eclipse.osgi.internal.loader.classpath.ClasspathManager::defineClass@9 (line 732)
  0x00007dfa0472dfc8: 34c3 65ff 

  0x00007dfa0472dfcc: ;   {other}
  0x00007dfa0472dfcc: 0f1f 8400 | 3c29 0022 | 4889 5424 | 6848 897c | 2460 4889 | 5c24 584c | 8974 2450 | 4489 6c24 
  0x00007dfa0472dfec: 4c89 7424 | 4841 8be8 | 4c89 5424 

  0x00007dfa0472dff8: ;   {metadata({type array byte})}
  0x00007dfa0472dff8: 1848 be18 | 2300 aef9 | 7d00 0041 | 8bd3 6690 

  0x00007dfa0472e008: ;   {runtime_call _new_array_nozero_Java}
  0x00007dfa0472e008: c5f8 77e8 

  0x00007dfa0472e00c: ; ImmutableOopMap {rbp=NarrowOop [24]=Oop [32]=Oop [40]=Oop [48]=Oop [56]=Oop [64]=Oop [80]=Oop [88]=Oop [152]=Oop [96]=Derived_oop_[152] }
                      ;*invokevirtual clone {reexecute=1 rethrow=0 return_oop=1}
                      ; - (reexecute) java.util.Arrays::copyOfRange@18 (line 3856)
                      ; - java.lang.StringLatin1::newString@16 (line 752)
                      ; - java.lang.String::substring@41 (line 2839)
                      ; - org.eclipse.osgi.internal.loader.classpath.ClasspathManager::definePackage@15 (line 823)
                      ; - org.eclipse.osgi.internal.loader.classpath.ClasspathManager::defineClass@9 (line 732)
  0x00007dfa0472e00c: 70d0 70ff 

  0x00007dfa0472e010: ;   {other}
  0x00007dfa0472e010: 0f1f 8400 | 8029 0023 | 488b e8e9 | 19f2 ffff 

  0x00007dfa0472e020: ;   {metadata('java/lang/Object'[])}
  0x00007dfa0472e020: 48be 7012 | 00ae f97d | 0000 488b | 6c24 2090 

  0x00007dfa0472e030: ;   {runtime_call _new_array_Java}
  0x00007dfa0472e030: c5f8 77e8 

  0x00007dfa0472e034: ; ImmutableOopMap {rbp=Oop [24]=Oop [32]=Oop [40]=Oop [48]=Oop [56]=Oop [64]=Oop [72]=Oop [88]=Oop [96]=Oop }
                      ;*anewarray {reexecute=0 rethrow=0 return_oop=1}
                      ; - java.util.ArrayList::grow@52 (line 239)
                      ; - java.util.ArrayList::grow@7 (line 244)
                      ; - java.util.ArrayList::add@7 (line 483)
                      ; - java.util.ArrayList::add@20 (line 496)
                      ; - org.eclipse.osgi.internal.loader.classpath.ClasspathManager::defineClass@411 (line 776)
  0x00007dfa0472e034: 48d9 70ff 

  0x00007dfa0472e038: ;   {other}
  0x00007dfa0472e038: 0f1f 8400 | a829 0024 | 488b d8e9 | 57f3 ffff | be45 ffff | ff48 8b6c | 2420 4c8b | 5424 284c 
  0x00007dfa0472e058: 8954 2420 | 4c8b 5424 | 304c 8954 | 2428 4c8b | 5424 384c | 8954 2430 

  0x00007dfa0472e070: ;   {runtime_call UncommonTrapBlob}
  0x00007dfa0472e070: c5f8 77e8 

  0x00007dfa0472e074: ; ImmutableOopMap {rbp=Oop [32]=Oop [40]=Oop [48]=Oop [72]=Oop [88]=Oop }
                      ;*ifeq {reexecute=1 rethrow=0 return_oop=0}
                      ; - (reexecute) org.eclipse.osgi.internal.loader.classpath.ClasspathManager::defineClass@324 (line 772)
  0x00007dfa0472e074: 88c2 65ff 

  0x00007dfa0472e078: ;   {other}
  0x00007dfa0472e078: 0f1f 8400 | e829 0025 | 488d 0c95 | 1000 0000 | 4c8b d149 | c1ea 034d | 2bc2 4883 | e1fb 488b 
  0x00007dfa0472e098: fb48 03f9 | 498b c848 | 33c0 4883 | f908 7f10 | 48ff c978 | 4f48 8904 | cf48 ffc9 | 7df7 eb44 
  0x00007dfa0472e0b8: c5fd efc0 | e90d 0000 | 00c5 fe7f | 07c5 fe7f | 4720 4883 | c740 4883 | e908 7ded | 4883 c104 
  0x00007dfa0472e0d8: 7c0c c5fe | 7f07 4883 | c720 4883 | e904 4883 | c104 7e10 | 48ff c9c5 | f9d6 0748 | 83c7 0848 
  0x00007dfa0472e0f8: ffc9 7df3 | e991 f7ff | ffbe 45ff | ffff 4c8b | 5424 204c | 8954 2418 | 4c8b 5424 | 584c 8954 
  0x00007dfa0472e118: 2440 4c89 | 5c24 5044 | 8974 2458 | c5fa 1144 | 245c 8954 | 2460 c5fa | 1154 2464 

  0x00007dfa0472e134: ;   {runtime_call UncommonTrapBlob}
  0x00007dfa0472e134: c5f8 77e8 

  0x00007dfa0472e138: ; ImmutableOopMap {[24]=Oop [40]=Oop [48]=Oop [56]=Oop [64]=Oop [72]=Oop [80]=Oop [92]=NarrowOop }
                      ;*if_icmpne {reexecute=1 rethrow=0 return_oop=0}
                      ; - (reexecute) java.lang.String::equals@33 (line 1861)
                      ; - java.util.ArrayList::indexOfRange@54 (line 299)
                      ; - java.util.ArrayList::indexOf@7 (line 286)
                      ; - java.util.ArrayList::contains@2 (line 275)
                      ; - org.eclipse.osgi.internal.loader.classpath.ClasspathManager::defineClass@319 (line 772)
  0x00007dfa0472e138: c4c1 65ff 

  0x00007dfa0472e13c: ;   {other}
  0x00007dfa0472e13c: 0f1f 8400 | ac2a 0026 | 4c89 5c24 | 5848 895c | 2418 488b | e94c 8944 | 2440 4c89 

  0x00007dfa0472e158: ;   {metadata('java/util/LinkedHashMap$LinkedKeyIterator')}
  0x00007dfa0472e158: 4c24 2048 | be48 5b08 | aff9 7d00 | 0066 6690 

  0x00007dfa0472e168: ;   {runtime_call _new_instance_Java}
  0x00007dfa0472e168: c5f8 77e8 

  0x00007dfa0472e16c: ; ImmutableOopMap {rbp=Oop [24]=Oop [32]=Oop [40]=Oop [48]=Oop [56]=Oop [64]=Oop [72]=Oop [88]=Oop }
                      ;*new {reexecute=0 rethrow=0 return_oop=1}
                      ; - java.util.LinkedHashMap$LinkedKeySet::iterator@0 (line 700)
                      ; - java.util.HashSet::iterator@7 (line 182)
                      ; - java.util.Collections$UnmodifiableCollection$1::<init>@17 (line 1076)
                      ; - java.util.Collections$UnmodifiableCollection::iterator@5 (line 1075)
                      ; - org.eclipse.osgi.internal.loader.classpath.ClasspathManager::defineClass@258 (line 763)
  0x00007dfa0472e16c: 90fb 70ff 

  0x00007dfa0472e170: ;   {other}
  0x00007dfa0472e170: 0f1f 8400 | e02a 0027 | 4c8b 4c24 | 204c 8b44 | 2440 488b | cd48 8b5c | 2418 4c8b | 5c24 584c 
  0x00007dfa0472e190: 8be8 e956 | f4ff ff4c | 895c 2450 | 4889 4424 | 404c 896c | 2418 488b 

  0x00007dfa0472e1a8: ;   {metadata('java/util/LinkedHashMap$LinkedKeyIterator')}
  0x00007dfa0472e1a8: ea48 be48 | 5b08 aff9 | 7d00 0090 

  0x00007dfa0472e1b4: ;   {runtime_call _new_instance_Java}
  0x00007dfa0472e1b4: c5f8 77e8 

  0x00007dfa0472e1b8: ; ImmutableOopMap {rbp=Oop [24]=Oop [32]=Oop [40]=Oop [48]=Oop [56]=Oop [64]=Oop [72]=Oop [80]=Oop }
                      ;*new {reexecute=0 rethrow=0 return_oop=1}
                      ; - java.util.LinkedHashMap$LinkedKeySet::iterator@0 (line 700)
                      ; - java.util.HashSet::iterator@7 (line 182)
                      ; - java.util.Collections$UnmodifiableCollection$1::<init>@17 (line 1076)
                      ; - java.util.Collections$UnmodifiableCollection::iterator@5 (line 1075)
                      ; - org.eclipse.osgi.internal.loader.classpath.ClasspathManager::defineClass@576 (line 787)
  0x00007dfa0472e1b8: 44fb 70ff 

  0x00007dfa0472e1bc: ;   {other}
  0x00007dfa0472e1bc: 0f1f 8400 | 2c2b 0028 | 4c8b d048 | 8bd5 4c8b | 6c24 1848 | 8b44 2440 | 4c8b 5c24 | 504d 8bca 
  0x00007dfa0472e1dc: e9fb f4ff | ffbe deff | ffff 4c8b | 5424 2049 | 8bea 4c8b | 5424 484c | 8954 2420 | 4889 4424 
  0x00007dfa0472e1fc: 4866 6690 

  0x00007dfa0472e200: ;   {runtime_call UncommonTrapBlob}
  0x00007dfa0472e200: c5f8 77e8 

  0x00007dfa0472e204: ; ImmutableOopMap {rbp=Oop [24]=Oop [32]=Oop [40]=Oop [48]=Oop [56]=Oop [72]=Oop [88]=Oop [96]=Oop }
                      ;*checkcast {reexecute=0 rethrow=0 return_oop=0}
                      ; - org.eclipse.osgi.internal.loader.classpath.ClasspathManager::defineClass@275 (line 763)
  0x00007dfa0472e204: f8c0 65ff 

  0x00007dfa0472e208: ;   {other}
  0x00007dfa0472e208: 0f1f 8400 | 782b 0029 | bede ffff | ff48 8944 | 2458 6690 

  0x00007dfa0472e21c: ;   {runtime_call UncommonTrapBlob}
  0x00007dfa0472e21c: c5f8 77e8 

  0x00007dfa0472e220: ; ImmutableOopMap {rbp=Oop [24]=Oop [32]=Oop [40]=Oop [48]=Oop [56]=Oop [64]=Oop [72]=Oop [80]=Oop [88]=Oop }
                      ;*checkcast {reexecute=0 rethrow=0 return_oop=0}
                      ; - org.eclipse.osgi.internal.loader.classpath.ClasspathManager::defineClass@593 (line 787)
  0x00007dfa0472e220: dcc0 65ff 

  0x00007dfa0472e224: ;   {other}
  0x00007dfa0472e224: 0f1f 8400 | 942b 002a | be45 ffff | ff4c 8b54 | 2458 4c89 | 5424 504c | 896c 2458 | 4489 5c24 
  0x00007dfa0472e244: 6889 5424 | 6c66 6690 

  0x00007dfa0472e24c: ;   {runtime_call UncommonTrapBlob}
  0x00007dfa0472e24c: c5f8 77e8 

  0x00007dfa0472e250: ; ImmutableOopMap {[24]=Oop [32]=Oop [40]=Oop [48]=Oop [56]=Oop [68]=NarrowOop [72]=Oop [80]=Oop [88]=Oop }
                      ;*if_icmpne {reexecute=1 rethrow=0 return_oop=0}
                      ; - (reexecute) java.lang.String::equals@33 (line 1861)
                      ; - java.util.ArrayList::remove@50 (line 706)
                      ; - org.eclipse.osgi.internal.loader.classpath.ClasspathManager::defineClass@455 (line 780)
  0x00007dfa0472e250: acc0 65ff 

  0x00007dfa0472e254: ;   {other}
  0x00007dfa0472e254: 0f1f 8400 | c42b 002b | be45 ffff | ff4c 8b54 | 2420 498b | ea4c 8b54 | 2448 4c89 | 5424 2089 
  0x00007dfa0472e274: 4424 4890 

  0x00007dfa0472e278: ;   {runtime_call UncommonTrapBlob}
  0x00007dfa0472e278: c5f8 77e8 

  0x00007dfa0472e27c: ; ImmutableOopMap {rbp=Oop [24]=Oop [32]=Oop [40]=Oop [48]=Oop [56]=Oop [88]=Oop [96]=Oop }
                      ;*ifeq {reexecute=1 rethrow=0 return_oop=0}
                      ; - (reexecute) org.eclipse.osgi.internal.loader.classpath.ClasspathManager::defineClass@285 (line 764)
  0x00007dfa0472e27c: 80c0 65ff 

  0x00007dfa0472e280: ;   {other}
  0x00007dfa0472e280: 0f1f 8400 | f02b 002c | c4c1 796e | c249 8bdd | c4c1 797e | c3be e4ff | ffff 4889 | 4c24 184c 
  0x00007dfa0472e2a0: 8b54 2448 | 4c89 5424 | 2048 8954 | 2448 4889 | 5c24 5848 | 895c 2460 | 4489 5c24 | 6c48 8944 
  0x00007dfa0472e2c0: 2470 6690 

  0x00007dfa0472e2c4: ;   {runtime_call UncommonTrapBlob}
  0x00007dfa0472e2c4: c5f8 77e8 

  0x00007dfa0472e2c8: ; ImmutableOopMap {rbp=NarrowOop [24]=Oop [32]=Oop [40]=Oop [48]=Oop [56]=Oop [72]=Oop [88]=Oop [96]=Oop [112]=Oop }
                      ;*aaload {reexecute=0 rethrow=0 return_oop=0}
                      ; - java.util.HashMap$HashIterator::<init>@70 (line 1593)
                      ; - java.util.HashMap$KeyIterator::<init>@2 (line 1626)
                      ; - java.util.HashMap$KeySet::iterator@8 (line 991)
                      ; - java.util.HashSet::iterator@7 (line 182)
                      ; - java.util.Collections$UnmodifiableCollection$1::<init>@17 (line 1076)
                      ; - java.util.Collections$UnmodifiableCollection::iterator@5 (line 1075)
                      ; - org.eclipse.osgi.internal.loader.classpath.ClasspathManager::defineClass@258 (line 763)
  0x00007dfa0472e2c8: 34c0 65ff 

  0x00007dfa0472e2cc: ;   {other}
  0x00007dfa0472e2cc: 0f1f 8400 | 3c2c 002d | 448b 5c24 | 50be e4ff | ffff 488b | 6c24 204c | 8b54 2448 | 4c89 5424 
  0x00007dfa0472e2ec: 184c 8b54 | 2428 4c89 | 5424 204c | 8b54 2430 | 4c89 5424 | 284c 8b54 | 2438 4c89 | 5424 304c 
  0x00007dfa0472e30c: 896c 2438 | 4889 4424 | 404c 894c | 2450 4c89 | 4c24 6089 | 4c24 5c44 | 895c 2468 | 4889 5424 
  0x00007dfa0472e32c: 7066 6690 

  0x00007dfa0472e330: ;   {runtime_call UncommonTrapBlob}
  0x00007dfa0472e330: c5f8 77e8 

  0x00007dfa0472e334: ; ImmutableOopMap {rbp=Oop [24]=Oop [32]=Oop [40]=Oop [48]=Oop [56]=Oop [64]=Oop [80]=Oop [92]=NarrowOop [96]=Oop [112]=Oop }
                      ;*aaload {reexecute=0 rethrow=0 return_oop=0}
                      ; - java.util.HashMap$HashIterator::<init>@70 (line 1593)
                      ; - java.util.HashMap$KeyIterator::<init>@2 (line 1626)
                      ; - java.util.HashMap$KeySet::iterator@8 (line 991)
                      ; - java.util.HashSet::iterator@7 (line 182)
                      ; - java.util.Collections$UnmodifiableCollection$1::<init>@17 (line 1076)
                      ; - java.util.Collections$UnmodifiableCollection::iterator@5 (line 1075)
                      ; - org.eclipse.osgi.internal.loader.classpath.ClasspathManager::defineClass@576 (line 787)
  0x00007dfa0472e334: c8bf 65ff 

  0x00007dfa0472e338: ;   {other}
  0x00007dfa0472e338: 0f1f 8400 | a82c 002e | bef6 ffff | ff4c 8954 | 2420 4c89 | 4c24 4890 

  0x00007dfa0472e350: ;   {runtime_call UncommonTrapBlob}
  0x00007dfa0472e350: c5f8 77e8 

  0x00007dfa0472e354: ; ImmutableOopMap {rbp=NarrowOop [32]=Oop [40]=Oop [48]=Oop [56]=Oop [64]=Oop [72]=Oop [120]=Oop }
                      ;*monitorenter {reexecute=0 rethrow=0 return_oop=0}
                      ; - org.eclipse.osgi.internal.loader.ModuleClassLoader::publicGetPackage@6 (line 329)
                      ; - org.eclipse.osgi.internal.loader.classpath.ClasspathManager::definePackage@26 (line 824)
                      ; - org.eclipse.osgi.internal.loader.classpath.ClasspathManager::defineClass@9 (line 732)
  0x00007dfa0472e354: a8bf 65ff 

  0x00007dfa0472e358: ;   {other}
  0x00007dfa0472e358: 0f1f 8400 | c82c 002f | bee4 ffff | ff48 8b6c | 2420 4c8b | 4424 284c | 8944 2420 | 4c8b 4424 
  0x00007dfa0472e378: 304c 8944 | 2428 4c8b | 4424 384c | 8944 2430 | 4c8b 4424 | 584c 8944 | 2438 4c8b | 4424 604c 
  0x00007dfa0472e398: 8944 2440 | 4c89 5424 | 5044 895c | 245c 6690 

  0x00007dfa0472e3a8: ;   {runtime_call UncommonTrapBlob}
  0x00007dfa0472e3a8: c5f8 77e8 

  0x00007dfa0472e3ac: ; ImmutableOopMap {rbp=Oop [32]=Oop [40]=Oop [48]=Oop [56]=Oop [64]=Oop [72]=Oop [80]=Oop [120]=Oop }
                      ;*aastore {reexecute=1 rethrow=0 return_oop=0}
                      ; - (reexecute) java.util.ArrayList::add@14 (line 484)
                      ; - java.util.ArrayList::add@20 (line 496)
                      ; - org.eclipse.osgi.internal.loader.classpath.ClasspathManager::defineClass@411 (line 776)
  0x00007dfa0472e3ac: 50bf 65ff 

  0x00007dfa0472e3b0: ;   {other}
  0x00007dfa0472e3b0: 0f1f 8400 | 202d 0030 | bef6 ffff | ff49 8be9 | 4c8b 4424 | 584c 8944 | 2440 4c8b | 4424 604c 
  0x00007dfa0472e3d0: 8944 2448 | 4489 5424 | 504c 895c | 2458 4c89 | 5c24 6890 

  0x00007dfa0472e3e4: ;   {runtime_call UncommonTrapBlob}
  0x00007dfa0472e3e4: c5f8 77e8 

  0x00007dfa0472e3e8: ; ImmutableOopMap {rbp=Oop [40]=Oop [48]=Oop [56]=Oop [64]=Oop [72]=Oop [80]=NarrowOop [88]=Oop [104]=Oop }
                      ;*invokevirtual getLock {reexecute=0 rethrow=0 return_oop=0}
                      ; - org.eclipse.osgi.internal.loader.ModuleClassLoader::getClassLoadingLock@5 (line 437)
                      ; - org.eclipse.osgi.internal.loader.ModuleClassLoader::defineClass@8 (line 312)
                      ; - org.eclipse.osgi.internal.loader.classpath.ClasspathManager::defineClass@424 (line 778)
  0x00007dfa0472e3e8: 14bf 65ff 

  0x00007dfa0472e3ec: ;   {other}
  0x00007dfa0472e3ec: 0f1f 8400 | 5c2d 0031 | bef6 ffff | ff48 8b6c | 2420 4c8b | 5424 584c | 8954 2440 | 4c8b 5424 
  0x00007dfa0472e40c: 604c 8954 | 2450 6690 

  0x00007dfa0472e414: ;   {runtime_call UncommonTrapBlob}
  0x00007dfa0472e414: c5f8 77e8 

  0x00007dfa0472e418: ; ImmutableOopMap {rbp=Oop [24]=NarrowOop [40]=Oop [48]=Oop [56]=Oop [64]=Oop [72]=Oop [80]=Oop }
                      ;*monitorenter {reexecute=0 rethrow=0 return_oop=0}
                      ; - org.eclipse.osgi.internal.loader.ModuleClassLoader::defineClass@14 (line 312)
                      ; - org.eclipse.osgi.internal.loader.classpath.ClasspathManager::defineClass@424 (line 778)
  0x00007dfa0472e418: e4be 65ff 

  0x00007dfa0472e41c: ;   {other}
  0x00007dfa0472e41c: 0f1f 8400 | 8c2d 0032 | 448b 5424 | 4044 8b5c | 2444 be76 | ffff ff48 | 8b6c 2420 | 4c8b 4c24 
  0x00007dfa0472e43c: 284c 894c | 2420 4c8b | 4c24 304c | 894c 2428 | 4c8b 4c24 | 384c 894c | 2430 4c8b | 4c24 584c 
  0x00007dfa0472e45c: 894c 2438 | 4c89 6c24 | 404c 8944 | 2450 4489 | 5c24 5844 | 8954 2460 

  0x00007dfa0472e474: ;   {runtime_call UncommonTrapBlob}
  0x00007dfa0472e474: c5f8 77e8 

  0x00007dfa0472e478: ; ImmutableOopMap {rbp=Oop [32]=Oop [40]=Oop [48]=Oop [56]=Oop [64]=Oop [72]=Oop [80]=Oop [88]=NarrowOop }
                      ;*if_icmpge {reexecute=1 rethrow=0 return_oop=0}
                      ; - (reexecute) java.util.ArrayList::remove@42 (line 705)
                      ; - org.eclipse.osgi.internal.loader.classpath.ClasspathManager::defineClass@455 (line 780)
  0x00007dfa0472e478: 84be 65ff 

  0x00007dfa0472e47c: ;   {other}
  0x00007dfa0472e47c: 0f1f 8400 | ec2d 0033 | bee4 ffff | ff48 8b6c | 2420 4c8b | 5424 484c | 8954 2418 | 4c8b 5424 
  0x00007dfa0472e49c: 284c 8954 | 2420 4c8b | 5424 304c | 8954 2428 | 4c8b 5424 | 384c 8954 | 2430 4c89 | 6c24 4844 
  0x00007dfa0472e4bc: 8b5c 2444 | 4489 5c24 | 4089 5c24 | 4466 6690 

  0x00007dfa0472e4cc: ;   {runtime_call UncommonTrapBlob}
  0x00007dfa0472e4cc: c5f8 77e8 

  0x00007dfa0472e4d0: ; ImmutableOopMap {rbp=Oop [24]=Oop [32]=Oop [40]=Oop [48]=Oop [64]=NarrowOop [72]=Oop [88]=Oop }
                      ;*aastore {reexecute=1 rethrow=0 return_oop=0}
                      ; - (reexecute) java.util.ArrayList::fastRemove@42 (line 724)
                      ; - java.util.ArrayList::remove@71 (line 711)
                      ; - org.eclipse.osgi.internal.loader.classpath.ClasspathManager::defineClass@455 (line 780)
  0x00007dfa0472e4d0: 2cbe 65ff 

  0x00007dfa0472e4d4: ;   {other}
  0x00007dfa0472e4d4: 0f1f 8400 | 442e 0034 | 4c89 5c24 | 604c 8944 | 2448 4c89 | 7424 5844 | 896c 2454 | 8974 2450 
  0x00007dfa0472e4f4: 4c89 5424 | 1849 8bf3 | 488d 9424 | c000 0000 

  0x00007dfa0472e504: ;   {runtime_call _complete_monitor_locking_Java}
  0x00007dfa0472e504: c5f8 77e8 

  0x00007dfa0472e508: ; ImmutableOopMap {rbp=NarrowOop [24]=Oop [32]=Oop [40]=Oop [48]=Oop [56]=Oop [64]=Oop [72]=Oop [88]=Oop [96]=Oop [120]=Oop }
                      ;*monitorenter {reexecute=0 rethrow=0 return_oop=0}
                      ; - org.eclipse.osgi.internal.loader.ModuleClassLoader::publicGetPackage@6 (line 329)
                      ; - org.eclipse.osgi.internal.loader.classpath.ClasspathManager::definePackage@26 (line 824)
                      ; - org.eclipse.osgi.internal.loader.classpath.ClasspathManager::defineClass@9 (line 732)
  0x00007dfa0472e508: f440 71ff 

  0x00007dfa0472e50c: ;   {other}
  0x00007dfa0472e50c: 0f1f 8400 | 7c2e 0035 | 4c8b 5424 | 184c 8b4c | 2420 4c8b | 4424 484c | 8b5c 2460 | e981 daff 
  0x00007dfa0472e52c: ff49 8bdb | 498b f848 | 8db4 24c0 | 0000 0049 | 8bd7 c5f8 | 7749 ba60 | 349c 1afa | 7d00 0041 
  0x00007dfa0472e54c: ;   {other}
  0x00007dfa0472e54c: ffd2 0f1f | 8400 0000 | 0000 4c8b | dbe9 75db | ffff bede | ffff ff49 | 8be9 4c8b | 5424 284c 
  0x00007dfa0472e56c: 8954 2420 | 4c8b 5424 | 304c 8954 | 2428 4c8b | 5424 384c | 8954 2430 | 4c8b 5424 | 404c 8954 
  0x00007dfa0472e58c: 2438 4489 | 5c24 4090 

  0x00007dfa0472e594: ;   {runtime_call UncommonTrapBlob}
  0x00007dfa0472e594: c5f8 77e8 

  0x00007dfa0472e598: ; ImmutableOopMap {rbp=Oop [32]=Oop [40]=Oop [48]=Oop [56]=Oop [64]=NarrowOop [72]=Oop }
                      ;*invokevirtual get {reexecute=0 rethrow=0 return_oop=0}
                      ; - org.eclipse.osgi.internal.loader.classpath.ClasspathManager::defineClass@16 (line 733)
  0x00007dfa0472e598: 64bd 65ff 

  0x00007dfa0472e59c: ;   {other}
  0x00007dfa0472e59c: 0f1f 8400 | 0c2f 0036 | bede ffff | ff49 8be9 | 4c8b 5424 | 484c 8954 | 2418 4c8b | 5424 284c 
  0x00007dfa0472e5bc: 8954 2420 | 4c8b 5424 | 304c 8954 | 2428 4c8b | 5424 384c | 8954 2430 | 4889 4c24 | 404c 8944 
  0x00007dfa0472e5dc: 2448 6690 

  0x00007dfa0472e5e0: ;   {runtime_call UncommonTrapBlob}
  0x00007dfa0472e5e0: c5f8 77e8 

  0x00007dfa0472e5e4: ; ImmutableOopMap {rbp=Oop [24]=Oop [32]=Oop [40]=Oop [48]=Oop [64]=Oop [72]=Oop }
                      ;*invokeinterface iterator {reexecute=0 rethrow=0 return_oop=0}
                      ; - org.eclipse.osgi.internal.loader.classpath.ClasspathManager::defineClass@258 (line 763)
  0x00007dfa0472e5e4: 18bd 65ff 

  0x00007dfa0472e5e8: ;   {other}
  0x00007dfa0472e5e8: 0f1f 8400 | 582f 0037 | bede ffff | ff4c 8b54 | 2420 4c89 | 5424 184c | 8944 2450 

  0x00007dfa0472e604: ;   {runtime_call UncommonTrapBlob}
  0x00007dfa0472e604: c5f8 77e8 

  0x00007dfa0472e608: ; ImmutableOopMap {rbp=NarrowOop [24]=Oop [40]=Oop [48]=Oop [56]=Oop [72]=Oop [80]=Oop [88]=Oop }
                      ;*invokeinterface contains {reexecute=0 rethrow=0 return_oop=0}
                      ; - org.eclipse.osgi.internal.loader.classpath.ClasspathManager::defineClass@319 (line 772)
  0x00007dfa0472e608: f4bc 65ff 

  0x00007dfa0472e60c: ;   {other}
  0x00007dfa0472e60c: 0f1f 8400 | 7c2f 0038 | bed6 ffff | ff48 8b6c | 2420 4c8b | 4c24 284c | 894c 2420 | 4c8b 4c24 
  0x00007dfa0472e62c: 304c 894c | 2428 4c8b | 4c24 384c | 894c 2430 | 4c8b 4c24 | 584c 894c | 2438 4c8b | 4c24 604c 
  0x00007dfa0472e64c: 894c 2440 | 4c89 5424 | 5044 895c | 245c 6690 

  0x00007dfa0472e65c: ;   {runtime_call UncommonTrapBlob}
  0x00007dfa0472e65c: c5f8 77e8 

  0x00007dfa0472e660: ; ImmutableOopMap {rbp=Oop [32]=Oop [40]=Oop [48]=Oop [56]=Oop [64]=Oop [72]=Oop [80]=Oop [120]=Oop }
                      ;*aastore {reexecute=1 rethrow=0 return_oop=0}
                      ; - (reexecute) java.util.ArrayList::add@14 (line 484)
                      ; - java.util.ArrayList::add@20 (line 496)
                      ; - org.eclipse.osgi.internal.loader.classpath.ClasspathManager::defineClass@411 (line 776)
  0x00007dfa0472e660: 9cbc 65ff 

  0x00007dfa0472e664: ;   {other}
  0x00007dfa0472e664: 0f1f 8400 | d42f 0039 | 498b eb49 | 8bf3 488d | 9424 c000 | 0000 6690 

  0x00007dfa0472e67c: ;   {runtime_call _complete_monitor_locking_Java}
  0x00007dfa0472e67c: c5f8 77e8 

  0x00007dfa0472e680: ; ImmutableOopMap {rbp=Oop [24]=NarrowOop [32]=Oop [40]=Oop [48]=Oop [56]=Oop [64]=Oop [72]=Oop [88]=Oop [96]=Oop [104]=Oop }
                      ;*monitorenter {reexecute=0 rethrow=0 return_oop=0}
                      ; - org.eclipse.osgi.internal.loader.ModuleClassLoader::defineClass@14 (line 312)
                      ; - org.eclipse.osgi.internal.loader.classpath.ClasspathManager::defineClass@424 (line 778)
  0x00007dfa0472e680: 7c3f 71ff 

  0x00007dfa0472e684: ;   {other}
  0x00007dfa0472e684: 0f1f 8400 | f42f 003a | 4c8b dde9 | 9be1 ffff | be45 ffff | ff48 8b6c | 2420 4c8b | 4424 584c 
  0x00007dfa0472e6a4: 8944 2440 | 4c8b 4424 | 604c 8944 | 2448 4c89 | 5424 504c | 895c 2470 | 4c89 5424 | 7866 6690 
  0x00007dfa0472e6c4: ;   {runtime_call UncommonTrapBlob}
  0x00007dfa0472e6c4: c5f8 77e8 

  0x00007dfa0472e6c8: ; ImmutableOopMap {rbp=Oop [24]=NarrowOop [40]=Oop [48]=Oop [56]=Oop [64]=Oop [72]=Oop [80]=Oop [112]=Oop [120]=Oop }
                      ;*ifeq {reexecute=1 rethrow=0 return_oop=0}
                      ; - (reexecute) java.lang.ClassLoader::checkName@8 (line 1155)
                      ; - java.lang.ClassLoader::findLoadedClass@1 (line 1298)
                      ; - org.eclipse.osgi.internal.loader.ModuleClassLoader::defineClass@17 (line 313)
                      ; - org.eclipse.osgi.internal.loader.classpath.ClasspathManager::defineClass@424 (line 778)
  0x00007dfa0472e6c8: 34bc 65ff 

  0x00007dfa0472e6cc: ;   {other}
  0x00007dfa0472e6cc: 0f1f 8400 | 3c30 003b | 4c89 5c24 | 704c 8954 | 2448 498b | f18b 5424 | 5048 8b6c | 2420 6690 
  0x00007dfa0472e6ec: ;   {static_call}
  0x00007dfa0472e6ec: c5f8 77e8 

  0x00007dfa0472e6f0: ; ImmutableOopMap {rbp=Oop [24]=NarrowOop [32]=Oop [40]=Oop [48]=Oop [56]=Oop [64]=Oop [72]=Oop [88]=Oop [96]=Oop [104]=Oop [112]=Oop }
                      ;*invokestatic charAt {reexecute=0 rethrow=0 return_oop=0}
                      ; - java.lang.String::charAt@21 (line 1557)
                      ; - java.lang.ClassLoader::checkName@25 (line 1157)
                      ; - java.lang.ClassLoader::findLoadedClass@1 (line 1298)
                      ; - org.eclipse.osgi.internal.loader.ModuleClassLoader::defineClass@17 (line 313)
                      ; - org.eclipse.osgi.internal.loader.classpath.ClasspathManager::defineClass@424 (line 778)
  0x00007dfa0472e6f0: 8c6f 65ff 

  0x00007dfa0472e6f4: ;   {other}
  0x00007dfa0472e6f4: 0f1f 8400 | 6430 003c | 4c8b 5424 | 484c 8b5c | 2470 448b | c0e9 54e2 | ffff bee4 | ffff ff4c 
  0x00007dfa0472e714: 8b44 2458 | 4c89 4424 | 484c 8b44 | 2460 4c89 | 4424 504c | 8954 2458 | 4c89 5c24 | 784c 8994 
  0x00007dfa0472e734: 2480 0000 | 0044 898c | 2488 0000 | 0066 6690 

  0x00007dfa0472e744: ;   {runtime_call UncommonTrapBlob}
  0x00007dfa0472e744: c5f8 77e8 

  0x00007dfa0472e748: ; ImmutableOopMap {[24]=NarrowOop [32]=Oop [40]=Oop [48]=Oop [56]=Oop [72]=Oop [80]=Oop [88]=Oop [120]=Oop [128]=Oop [136]=NarrowOop }
                      ;*invokestatic checkIndex {reexecute=0 rethrow=0 return_oop=0}
                      ; - java.lang.String::checkIndex@5 (line 4832)
                      ; - java.lang.StringLatin1::charAt@3 (line 46)
                      ; - java.lang.String::charAt@12 (line 1555)
                      ; - java.lang.ClassLoader::checkName@25 (line 1157)
                      ; - java.lang.ClassLoader::findLoadedClass@1 (line 1298)
                      ; - org.eclipse.osgi.internal.loader.ModuleClassLoader::defineClass@17 (line 313)
                      ; - org.eclipse.osgi.internal.loader.classpath.ClasspathManager::defineClass@424 (line 778)
  0x00007dfa0472e748: b4bb 65ff 

  0x00007dfa0472e74c: ;   {other}
  0x00007dfa0472e74c: 0f1f 8400 | bc30 003d | 418b eb49 | 8bd8 498b | f948 8db4 | 24c0 0000 | 0049 8bd7 | c5f8 7749 
  0x00007dfa0472e76c: ba60 349c | 1afa 7d00 | 0041 ffd2 

  0x00007dfa0472e778: ;   {other}
  0x00007dfa0472e778: 0f1f 8400 | 0000 0000 | 4c8b c344 | 8bdd e9f8 | e2ff ffbe | deff ffff | 4c8b 5424 | 204c 8954 
  0x00007dfa0472e798: 2418 4c89 | 6c24 5090 

  0x00007dfa0472e7a0: ;   {runtime_call UncommonTrapBlob}
  0x00007dfa0472e7a0: c5f8 77e8 

  0x00007dfa0472e7a4: ; ImmutableOopMap {rbp=NarrowOop [24]=Oop [40]=Oop [48]=Oop [56]=Oop [72]=Oop [80]=Oop [88]=Oop }
                      ;*invokeinterface remove {reexecute=0 rethrow=0 return_oop=0}
                      ; - org.eclipse.osgi.internal.loader.classpath.ClasspathManager::defineClass@455 (line 780)
  0x00007dfa0472e7a4: 58bb 65ff 

  0x00007dfa0472e7a8: ;   {other}
  0x00007dfa0472e7a8: 0f1f 8400 | 1831 003e | bee4 ffff | ff4c 894c | 2418 4c8b | 4424 484c | 8944 2420 | 48ff 7424 
  0x00007dfa0472e7c8: 5848 8f44 | 2450 4489 | 5424 5848 | 8954 2460 | 4489 5c24 | 6866 6690 

  0x00007dfa0472e7e0: ;   {runtime_call UncommonTrapBlob}
  0x00007dfa0472e7e0: c5f8 77e8 

  0x00007dfa0472e7e4: ; ImmutableOopMap {rbp=NarrowOop [24]=Oop [32]=Oop [40]=Oop [48]=Oop [56]=Oop [64]=Oop [80]=Oop [88]=NarrowOop [96]=Oop }
                      ;*aaload {reexecute=0 rethrow=0 return_oop=0}
                      ; - java.lang.ThreadLocal$ThreadLocalMap::getEntry@18 (line 500)
                      ; - java.lang.ThreadLocal::get@12 (line 187)
                      ; - java.lang.ThreadLocal::get@4 (line 172)
                      ; - org.eclipse.osgi.internal.loader.classpath.ClasspathManager::defineClass@16 (line 733)
  0x00007dfa0472e7e4: 18bb 65ff 

  0x00007dfa0472e7e8: ;   {other}
  0x00007dfa0472e7e8: 0f1f 8400 | 5831 003f | bece ffff | ff4c 8b44 | 2458 4c89 | 4424 484c | 8b44 2460 | 4c89 4424 
  0x00007dfa0472e808: 504c 8954 | 2458 4c89 | 5c24 784c | 8994 2480 | 0000 0089 | 9424 9000 | 0000 6690 

  0x00007dfa0472e824: ;   {runtime_call UncommonTrapBlob}
  0x00007dfa0472e824: c5f8 77e8 

  0x00007dfa0472e828: ; ImmutableOopMap {rbp=NarrowOop [24]=NarrowOop [32]=Oop [40]=Oop [48]=Oop [56]=Oop [72]=Oop [80]=Oop [88]=Oop [120]=Oop [128]=Oop }
                      ;*invokestatic indexOfChar {reexecute=0 rethrow=0 return_oop=0}
                      ; - java.lang.StringLatin1::indexOf@33 (line 204)
                      ; - java.lang.String::indexOf@17 (line 2461)
                      ; - java.lang.String::indexOf@3 (line 2405)
                      ; - java.lang.ClassLoader::checkName@16 (line 1157)
                      ; - java.lang.ClassLoader::findLoadedClass@1 (line 1298)
                      ; - org.eclipse.osgi.internal.loader.ModuleClassLoader::defineClass@17 (line 313)
                      ; - org.eclipse.osgi.internal.loader.classpath.ClasspathManager::defineClass@424 (line 778)
  0x00007dfa0472e828: d4ba 65ff 

  0x00007dfa0472e82c: ;   {other}
  0x00007dfa0472e82c: 0f1f 8400 | 9c31 0040 | be76 ffff | ff48 8b6c | 2420 4c8b | 4c24 284c | 894c 2420 | 4c8b 4c24 
  0x00007dfa0472e84c: 304c 894c | 2428 4c8b | 4c24 384c | 894c 2430 | 4c8b 4c24 | 584c 894c | 2438 4c89 | 4424 4044 
  0x00007dfa0472e86c: 895c 2454 | 4489 5424 | 5866 6690 

  0x00007dfa0472e878: ;   {runtime_call UncommonTrapBlob}
  0x00007dfa0472e878: c5f8 77e8 

  0x00007dfa0472e87c: ; ImmutableOopMap {rbp=Oop [32]=Oop [40]=Oop [48]=Oop [56]=Oop [64]=Oop [72]=Oop [84]=NarrowOop }
                      ;*if_icmpge {reexecute=1 rethrow=0 return_oop=0}
                      ; - (reexecute) java.util.ArrayList::indexOfRange@45 (line 298)
                      ; - java.util.ArrayList::indexOf@7 (line 286)
                      ; - java.util.ArrayList::contains@2 (line 275)
                      ; - org.eclipse.osgi.internal.loader.classpath.ClasspathManager::defineClass@319 (line 772)
  0x00007dfa0472e87c: 80ba 65ff 

  0x00007dfa0472e880: ;   {other}
  0x00007dfa0472e880: 0f1f 8400 | f031 0041 | be6e ffff | ff4c 894c | 2418 4c8b | 5424 484c | 8954 2420 | 4889 4c24 
  0x00007dfa0472e8a0: 484c 896c | 2458 4489 | 5c24 6048 | 895c 2468 

  0x00007dfa0472e8b0: ;   {runtime_call UncommonTrapBlob}
  0x00007dfa0472e8b0: c5f8 77e8 

  0x00007dfa0472e8b4: ; ImmutableOopMap {rbp=NarrowOop [24]=Oop [32]=Oop [40]=Oop [48]=Oop [56]=Oop [72]=Oop [88]=Oop [104]=Oop }
                      ;*if_icmpge {reexecute=1 rethrow=0 return_oop=0}
                      ; - (reexecute) java.util.HashMap$HashIterator::<init>@54 (line 1593)
                      ; - java.util.HashMap$KeyIterator::<init>@2 (line 1626)
                      ; - java.util.HashMap$KeySet::iterator@8 (line 991)
                      ; - java.util.HashSet::iterator@7 (line 182)
                      ; - java.util.Collections$UnmodifiableCollection$1::<init>@17 (line 1076)
                      ; - java.util.Collections$UnmodifiableCollection::iterator@5 (line 1075)
                      ; - org.eclipse.osgi.internal.loader.classpath.ClasspathManager::defineClass@258 (line 763)
  0x00007dfa0472e8b4: 48ba 65ff 

  0x00007dfa0472e8b8: ;   {other}
  0x00007dfa0472e8b8: 0f1f 8400 | 2832 0042 | be6e ffff | ff48 8b6c | 2420 4c8b | 5424 484c | 8954 2418 | 4c8b 5424 
  0x00007dfa0472e8d8: 284c 8954 | 2420 4c8b | 5424 304c | 8954 2428 | 4c8b 5424 | 384c 8954 | 2430 4c89 | 6c24 3848 
  0x00007dfa0472e8f8: 8944 2440 | 4c89 4c24 | 5089 4c24 | 5889 7c24 | 5c48 8954 | 2460 6690 

  0x00007dfa0472e910: ;   {runtime_call UncommonTrapBlob}
  0x00007dfa0472e910: c5f8 77e8 

  0x00007dfa0472e914: ; ImmutableOopMap {rbp=Oop [24]=Oop [32]=Oop [40]=Oop [48]=Oop [56]=Oop [64]=Oop [80]=Oop [88]=NarrowOop [96]=Oop }
                      ;*if_icmpge {reexecute=1 rethrow=0 return_oop=0}
                      ; - (reexecute) java.util.HashMap$HashIterator::<init>@54 (line 1593)
                      ; - java.util.HashMap$KeyIterator::<init>@2 (line 1626)
                      ; - java.util.HashMap$KeySet::iterator@8 (line 991)
                      ; - java.util.HashSet::iterator@7 (line 182)
                      ; - java.util.Collections$UnmodifiableCollection$1::<init>@17 (line 1076)
                      ; - java.util.Collections$UnmodifiableCollection::iterator@5 (line 1075)
                      ; - org.eclipse.osgi.internal.loader.classpath.ClasspathManager::defineClass@576 (line 787)
  0x00007dfa0472e914: e8b9 65ff 

  0x00007dfa0472e918: ;   {other}
  0x00007dfa0472e918: 0f1f 8400 | 8832 0043 | 4963 c9e9 | ead4 ffff | 4883 c1fe | 498b f848 | 33c0 4883 | f908 7f10 
  0x00007dfa0472e938: 48ff c978 | 4f48 8904 | cf48 ffc9 | 7df7 eb44 | c5fd efc0 | e90d 0000 | 00c5 fe7f | 07c5 fe7f 
  0x00007dfa0472e958: 4720 4883 | c740 4883 | e908 7ded | 4883 c104 | 7c0c c5fe | 7f07 4883 | c720 4883 | e904 4883 
  0x00007dfa0472e978: c104 7e10 | 48ff c9c5 | f9d6 0748 | 83c7 0848 | ffc9 7df3 | e966 d5ff | ffbe ccff | ffff 4489 
  0x00007dfa0472e998: 4c24 184c | 8954 2448 | 4889 5c24 | 6844 8944 | 241c 6690 

  0x00007dfa0472e9ac: ;   {runtime_call UncommonTrapBlob}
  0x00007dfa0472e9ac: c5f8 77e8 

  0x00007dfa0472e9b0: ; ImmutableOopMap {[28]=NarrowOop [32]=Oop [40]=Oop [48]=Oop [56]=Oop [64]=Oop [72]=Oop [104]=Oop }
                      ;*newarray {reexecute=1 rethrow=0 return_oop=0}
                      ; - (reexecute) java.util.Arrays::copyOfRangeByte@10 (line 3863)
                      ; - java.util.Arrays::copyOfRange@13 (line 3854)
                      ; - java.lang.StringLatin1::newString@16 (line 752)
                      ; - java.lang.String::substring@41 (line 2839)
                      ; - org.eclipse.osgi.internal.loader.classpath.ClasspathManager::definePackage@15 (line 823)
                      ; - org.eclipse.osgi.internal.loader.classpath.ClasspathManager::defineClass@9 (line 732)
  0x00007dfa0472e9b0: 4cb9 65ff 

  0x00007dfa0472e9b4: ;   {other}
  0x00007dfa0472e9b4: 0f1f 8400 | 2433 0044 | c5f8 28c1 | 458b d349 | 8bdd 4589 | 5510 c4c1 | 797e c345 | 3bde 0f83 
  0x00007dfa0472e9d4: bdf8 ffff | c4c1 796e | ca46 8b54 | 9d10 4589 | 5514 4d8b | dd49 c1eb | 0949 b800 | 4051 18fa 
  0x00007dfa0472e9f4: 7d00 0047 | 8824 1845 | 85d2 0f85 | b5da ffff | c4c1 797e | cb41 ffc3 | 453b d97c | abbe 45ff 
  0x00007dfa0472ea14: ffff 488b | e94c 8b54 | 2448 4c89 | 5424 184c | 8b54 2428 | 4c89 5424 | 204c 8b54 | 2430 4c89 
  0x00007dfa0472ea34: 5424 284c | 8b54 2438 | 4c89 5424 | 3048 8954 | 2440 4c89 | 6c24 48c5 | fa11 4c24 | 5044 8974 
  0x00007dfa0472ea54: 2454 4889 | 4424 5890 

  0x00007dfa0472ea5c: ;   {runtime_call UncommonTrapBlob}
  0x00007dfa0472ea5c: c5f8 77e8 

  0x00007dfa0472ea60: ; ImmutableOopMap {rbp=Oop [24]=Oop [32]=Oop [40]=Oop [48]=Oop [64]=Oop [72]=Oop [88]=Oop }
                      ;*if_icmpge {reexecute=1 rethrow=0 return_oop=0}
                      ; - (reexecute) java.util.HashMap$HashIterator::<init>@54 (line 1593)
                      ; - java.util.HashMap$KeyIterator::<init>@2 (line 1626)
                      ; - java.util.HashMap$KeySet::iterator@8 (line 991)
                      ; - java.util.HashSet::iterator@7 (line 182)
                      ; - java.util.Collections$UnmodifiableCollection$1::<init>@17 (line 1076)
                      ; - java.util.Collections$UnmodifiableCollection::iterator@5 (line 1075)
                      ; - org.eclipse.osgi.internal.loader.classpath.ClasspathManager::defineClass@258 (line 763)
  0x00007dfa0472ea60: 9cb8 65ff 

  0x00007dfa0472ea64: ;   {other}
  0x00007dfa0472ea64: 0f1f 8400 | d433 0045 | 458b d844 | 8bc3 4589 | 4110 443b | df0f 835a | f8ff ff46 | 8b5c 9910 
  0x00007dfa0472ea84: 4589 5914 | 498b d948 | c1eb 0948 | be00 4051 | 18fa 7d00 | 0044 8824 | 1e45 85db | 0f85 e8e5 
  0x00007dfa0472eaa4: ffff 418d | 5801 413b | da7c bdbe | 45ff ffff | 488b 6c24 | 204c 8b54 | 2448 4c89 | 5424 184c 
  0x00007dfa0472eac4: 8b54 2428 | 4c89 5424 | 204c 8b54 | 2430 4c89 | 5424 284c | 8b54 2438 | 4c89 5424 | 304c 896c 
  0x00007dfa0472eae4: 2438 4889 | 4424 404c | 894c 2448 | 4489 4424 | 5089 7c24 | 5448 8954 | 2458 6690 

  0x00007dfa0472eb00: ;   {runtime_call UncommonTrapBlob}
  0x00007dfa0472eb00: c5f8 77e8 

  0x00007dfa0472eb04: ; ImmutableOopMap {rbp=Oop [24]=Oop [32]=Oop [40]=Oop [48]=Oop [56]=Oop [64]=Oop [72]=Oop [88]=Oop }
                      ;*if_icmpge {reexecute=1 rethrow=0 return_oop=0}
                      ; - (reexecute) java.util.HashMap$HashIterator::<init>@54 (line 1593)
                      ; - java.util.HashMap$KeyIterator::<init>@2 (line 1626)
                      ; - java.util.HashMap$KeySet::iterator@8 (line 991)
                      ; - java.util.HashSet::iterator@7 (line 182)
                      ; - java.util.Collections$UnmodifiableCollection$1::<init>@17 (line 1076)
                      ; - java.util.Collections$UnmodifiableCollection::iterator@5 (line 1075)
                      ; - org.eclipse.osgi.internal.loader.classpath.ClasspathManager::defineClass@576 (line 787)
  0x00007dfa0472eb04: f8b7 65ff 

  0x00007dfa0472eb08: ;   {other}
  0x00007dfa0472eb08: 0f1f 8400 | 7834 0046 | 8b94 2480 | 0000 0090 

  0x00007dfa0472eb18: ;   {runtime_call _new_array_Java}
  0x00007dfa0472eb18: c5f8 77e8 

  0x00007dfa0472eb1c: ; ImmutableOopMap {rbp=Oop [24]=Oop [32]=Oop [40]=Oop [48]=Oop [56]=Oop [64]=Oop [72]=Oop [88]=Oop [96]=Oop [108]=NarrowOop [120]=Oop }
                      ;*invokestatic copyOf {reexecute=1 rethrow=0 return_oop=1}
                      ; - (reexecute) java.util.Arrays::copyOf@6 (line 3482)
                      ; - java.util.ArrayList::grow@37 (line 237)
                      ; - java.util.ArrayList::grow@7 (line 244)
                      ; - java.util.ArrayList::add@7 (line 483)
                      ; - java.util.ArrayList::add@20 (line 496)
                      ; - org.eclipse.osgi.internal.loader.classpath.ClasspathManager::defineClass@411 (line 776)
  0x00007dfa0472eb1c: 60ce 70ff 

  0x00007dfa0472eb20: ;   {other}
  0x00007dfa0472eb20: 0f1f 8400 | 9034 0047 | 4c8b d8e9 | 04ed ffff | 33ed 85f6 | 400f 94c5 | be45 ffff | ff48 8954 
  0x00007dfa0472eb40: 2450 4889 | 5424 6089 | 4c24 6890 

  0x00007dfa0472eb4c: ;   {runtime_call UncommonTrapBlob}
  0x00007dfa0472eb4c: c5f8 77e8 

  0x00007dfa0472eb50: ; ImmutableOopMap {[32]=Oop [40]=Oop [48]=Oop [56]=Oop [64]=Oop [80]=Oop [96]=Oop }
                      ;*ifeq {reexecute=1 rethrow=0 return_oop=0}
                      ; - (reexecute) java.lang.String::lastIndexOf@4 (line 2573)
                      ; - java.lang.String::lastIndexOf@8 (line 2535)
                      ; - org.eclipse.osgi.internal.loader.classpath.ClasspathManager::definePackage@3 (line 819)
                      ; - org.eclipse.osgi.internal.loader.classpath.ClasspathManager::defineClass@9 (line 732)
  0x00007dfa0472eb50: acb7 65ff 

  0x00007dfa0472eb54: ;   {other}
  0x00007dfa0472eb54: 0f1f 8400 | c434 0048 | be45 ffff | ff48 8b6c | 2420 4c8b | 4c24 584c | 894c 2440 | 4c8b 4c24 
  0x00007dfa0472eb74: 604c 894c | 2448 4c89 | 5424 504c | 895c 2470 | 4c89 5424 | 7844 8984 | 2480 0000 | 0066 6690 
  0x00007dfa0472eb94: ;   {runtime_call UncommonTrapBlob}
  0x00007dfa0472eb94: c5f8 77e8 

  0x00007dfa0472eb98: ; ImmutableOopMap {rbp=Oop [24]=NarrowOop [40]=Oop [48]=Oop [56]=Oop [64]=Oop [72]=Oop [80]=Oop [112]=Oop [120]=Oop }
                      ;*if_icmpne {reexecute=1 rethrow=0 return_oop=0}
                      ; - (reexecute) java.lang.ClassLoader::checkName@20 (line 1157)
                      ; - java.lang.ClassLoader::findLoadedClass@1 (line 1298)
                      ; - org.eclipse.osgi.internal.loader.ModuleClassLoader::defineClass@17 (line 313)
                      ; - org.eclipse.osgi.internal.loader.classpath.ClasspathManager::defineClass@424 (line 778)
  0x00007dfa0472eb98: 64b7 65ff 

  0x00007dfa0472eb9c: ;   {other}
  0x00007dfa0472eb9c: 0f1f 8400 | 0c35 0049 | be45 ffff | ff41 8be9 | 4c8b 5c24 | 204c 895c | 2418 4c89 | 5424 2090 
  0x00007dfa0472ebbc: ;   {runtime_call UncommonTrapBlob}
  0x00007dfa0472ebbc: c5f8 77e8 

  0x00007dfa0472ebc0: ; ImmutableOopMap {[24]=Oop [32]=Oop [40]=Oop [48]=Oop [56]=Oop [64]=Oop }
                      ;*ifge {reexecute=1 rethrow=0 return_oop=0}
                      ; - (reexecute) org.eclipse.osgi.internal.loader.classpath.ClasspathManager::definePackage@8 (line 820)
                      ; - org.eclipse.osgi.internal.loader.classpath.ClasspathManager::defineClass@9 (line 732)
  0x00007dfa0472ebc0: 3cb7 65ff 

  0x00007dfa0472ebc4: ;   {other}
  0x00007dfa0472ebc4: 0f1f 8400 | 3435 004a | be45 ffff | ff44 894c | 2418 4489 | 4c24 1c4c | 8954 2460 | 895c 246c 
  0x00007dfa0472ebe4: 895c 2470 

  0x00007dfa0472ebe8: ;   {runtime_call UncommonTrapBlob}
  0x00007dfa0472ebe8: c5f8 77e8 

  0x00007dfa0472ebec: ; ImmutableOopMap {[32]=Oop [40]=Oop [48]=Oop [56]=Oop [64]=Oop [96]=Oop }
                      ;*if_icmple {reexecute=1 rethrow=0 return_oop=0}
                      ; - (reexecute) jdk.internal.util.Preconditions::checkFromToIndex@11 (line 348)
                      ; - java.lang.String::checkBoundsBeginEnd@6 (line 4865)
                      ; - java.lang.String::substring@8 (line 2834)
                      ; - org.eclipse.osgi.internal.loader.classpath.ClasspathManager::definePackage@15 (line 823)
                      ; - org.eclipse.osgi.internal.loader.classpath.ClasspathManager::defineClass@9 (line 732)
  0x00007dfa0472ebec: 10b7 65ff 

  0x00007dfa0472ebf0: ;   {other}
  0x00007dfa0472ebf0: 0f1f 8400 | 6035 004b | be45 ffff | ff4c 894c | 2418 4c8b | 5424 484c | 8954 2420 | 4889 4c24 
  0x00007dfa0472ec10: 4866 6690 

  0x00007dfa0472ec14: ;   {runtime_call UncommonTrapBlob}
  0x00007dfa0472ec14: c5f8 77e8 

  0x00007dfa0472ec18: ; ImmutableOopMap {[24]=Oop [32]=Oop [40]=Oop [48]=Oop [56]=Oop [64]=Oop [72]=Oop }
                      ;*ifne {reexecute=1 rethrow=0 return_oop=0}
                      ; - (reexecute) org.eclipse.osgi.internal.loader.classpath.ClasspathManager::defineClass@57 (line 740)
  0x00007dfa0472ec18: e4b6 65ff 

  0x00007dfa0472ec1c: ;   {other}
  0x00007dfa0472ec1c: 0f1f 8400 | 8c35 004c | be45 ffff | ff48 8b6c | 2420 4c8b | 4c24 584c | 894c 2440 | 4c8b 4c24 
  0x00007dfa0472ec3c: 604c 894c | 2448 4c89 | 5424 504c | 895c 2470 | 4c89 5424 | 7844 8984 | 2480 0000 | 0066 6690 
  0x00007dfa0472ec5c: ;   {runtime_call UncommonTrapBlob}
  0x00007dfa0472ec5c: c5f8 77e8 

  0x00007dfa0472ec60: ; ImmutableOopMap {rbp=Oop [24]=NarrowOop [40]=Oop [48]=Oop [56]=Oop [64]=Oop [72]=Oop [80]=Oop [112]=Oop [120]=Oop }
                      ;*if_icmpne {reexecute=1 rethrow=0 return_oop=0}
                      ; - (reexecute) java.lang.ClassLoader::checkName@30 (line 1157)
                      ; - java.lang.ClassLoader::findLoadedClass@1 (line 1298)
                      ; - org.eclipse.osgi.internal.loader.ModuleClassLoader::defineClass@17 (line 313)
                      ; - org.eclipse.osgi.internal.loader.classpath.ClasspathManager::defineClass@424 (line 778)
  0x00007dfa0472ec60: 9cb6 65ff 

  0x00007dfa0472ec64: ;   {other}
  0x00007dfa0472ec64: 0f1f 8400 | d435 004d | be45 ffff | ff49 8be9 | 4c8b 5424 | 484c 8954 | 2418 4c8b | 5424 284c 
  0x00007dfa0472ec84: 8954 2420 | 4c8b 5424 | 304c 8954 | 2428 4c8b | 5424 384c | 8954 2430 | 4889 4c24 | 404c 896c 
  0x00007dfa0472eca4: 2448 4489 | 5c24 5048 | 895c 2458 

  0x00007dfa0472ecb0: ;   {runtime_call UncommonTrapBlob}
  0x00007dfa0472ecb0: c5f8 77e8 

  0x00007dfa0472ecb4: ; ImmutableOopMap {rbp=Oop [24]=Oop [32]=Oop [40]=Oop [48]=Oop [64]=Oop [72]=Oop [88]=Oop }
                      ;*if_icmpge {reexecute=1 rethrow=0 return_oop=0}
                      ; - (reexecute) java.util.HashMap$HashIterator::<init>@54 (line 1593)
                      ; - java.util.HashMap$KeyIterator::<init>@2 (line 1626)
                      ; - java.util.HashMap$KeySet::iterator@8 (line 991)
                      ; - java.util.HashSet::iterator@7 (line 182)
                      ; - java.util.Collections$UnmodifiableCollection$1::<init>@17 (line 1076)
                      ; - java.util.Collections$UnmodifiableCollection::iterator@5 (line 1075)
                      ; - org.eclipse.osgi.internal.loader.classpath.ClasspathManager::defineClass@258 (line 763)
  0x00007dfa0472ecb4: 48b6 65ff 

  0x00007dfa0472ecb8: ;   {other}
  0x00007dfa0472ecb8: 0f1f 8400 | 2836 004e | be45 ffff | ff48 8b6c | 2420 4c8b | 5424 484c | 8954 2418 | 4c8b 5424 
  0x00007dfa0472ecd8: 284c 8954 | 2420 4c8b | 5424 304c | 8954 2428 | 4c8b 5424 | 384c 8954 | 2430 4c89 | 6c24 3848 
  0x00007dfa0472ecf8: 8944 2440 | 4c89 4c24 | 4889 7c24 | 5048 8954 | 2458 6690 

  0x00007dfa0472ed0c: ;   {runtime_call UncommonTrapBlob}
  0x00007dfa0472ed0c: c5f8 77e8 

  0x00007dfa0472ed10: ; ImmutableOopMap {rbp=Oop [24]=Oop [32]=Oop [40]=Oop [48]=Oop [56]=Oop [64]=Oop [72]=Oop [88]=Oop }
                      ;*if_icmpge {reexecute=1 rethrow=0 return_oop=0}
                      ; - (reexecute) java.util.HashMap$HashIterator::<init>@54 (line 1593)
                      ; - java.util.HashMap$KeyIterator::<init>@2 (line 1626)
                      ; - java.util.HashMap$KeySet::iterator@8 (line 991)
                      ; - java.util.HashSet::iterator@7 (line 182)
                      ; - java.util.Collections$UnmodifiableCollection$1::<init>@17 (line 1076)
                      ; - java.util.Collections$UnmodifiableCollection::iterator@5 (line 1075)
                      ; - org.eclipse.osgi.internal.loader.classpath.ClasspathManager::defineClass@576 (line 787)
  0x00007dfa0472ed10: ecb5 65ff 

  0x00007dfa0472ed14: ;   {other}
  0x00007dfa0472ed14: 0f1f 8400 | 8436 004f | 4889 7c24 | 5848 895c | 2418 488b | e94c 894c 

  0x00007dfa0472ed2c: ;   {metadata('java/util/HashMap$KeySet')}
  0x00007dfa0472ed2c: 2420 48be | 9023 1bae | f97d 0000 

  0x00007dfa0472ed38: ;   {runtime_call _new_instance_Java}
  0x00007dfa0472ed38: c5f8 77e8 

  0x00007dfa0472ed3c: ; ImmutableOopMap {rbp=Oop [24]=Oop [32]=Oop [40]=Oop [48]=Oop [56]=Oop [64]=Oop [72]=Oop [88]=Oop }
                      ;*new {reexecute=0 rethrow=0 return_oop=1}
                      ; - java.util.HashMap::keySet@9 (line 914)
                      ; - java.util.HashSet::iterator@4 (line 182)
                      ; - java.util.Collections$UnmodifiableCollection$1::<init>@17 (line 1076)
                      ; - java.util.Collections$UnmodifiableCollection::iterator@5 (line 1075)
                      ; - org.eclipse.osgi.internal.loader.classpath.ClasspathManager::defineClass@258 (line 763)
  0x00007dfa0472ed3c: c0ef 70ff 

  0x00007dfa0472ed40: ;   {other}
  0x00007dfa0472ed40: 0f1f 8400 | b036 0050 | 4c8b 4c24 | 204c 8b44 | 2440 488b | cd48 8b5c | 2418 488b | 7c24 584c 
  0x00007dfa0472ed60: 8bd8 e9e9 | ebff ff4c | 8944 2458 | 4889 4424 | 404c 896c | 2418 488b 

  0x00007dfa0472ed78: ;   {metadata('java/util/HashMap$KeySet')}
  0x00007dfa0472ed78: ea48 be90 | 231b aef9 | 7d00 0090 

  0x00007dfa0472ed84: ;   {runtime_call _new_instance_Java}
  0x00007dfa0472ed84: c5f8 77e8 

  0x00007dfa0472ed88: ; ImmutableOopMap {rbp=Oop [24]=Oop [32]=Oop [40]=Oop [48]=Oop [56]=Oop [64]=Oop [72]=Oop [88]=Oop }
                      ;*new {reexecute=0 rethrow=0 return_oop=1}
                      ; - java.util.HashMap::keySet@9 (line 914)
                      ; - java.util.HashSet::iterator@4 (line 182)
                      ; - java.util.Collections$UnmodifiableCollection$1::<init>@17 (line 1076)
                      ; - java.util.Collections$UnmodifiableCollection::iterator@5 (line 1075)
                      ; - org.eclipse.osgi.internal.loader.classpath.ClasspathManager::defineClass@576 (line 787)
  0x00007dfa0472ed88: 74ef 70ff 

  0x00007dfa0472ed8c: ;   {other}
  0x00007dfa0472ed8c: 0f1f 8400 | fc36 0051 | 4c8b d048 | 8bd5 4c8b | 6c24 1848 | 8b44 2440 | 4c8b 4424 | 584d 8bda 
  0x00007dfa0472edac: e904 ecff | ff4c 63d2 | e90d e5ff | ff4c 894c 

  0x00007dfa0472edbc: ;   {metadata('org/eclipse/osgi/internal/loader/classpath/ClasspathManager$DefineContext')}
  0x00007dfa0472edbc: 2420 48be | d85a 0bb4 | f97d 0000 | 498b e990 

  0x00007dfa0472edcc: ;   {runtime_call _new_instance_Java}
  0x00007dfa0472edcc: c5f8 77e8 

  0x00007dfa0472edd0: ; ImmutableOopMap {rbp=Oop [32]=Oop [40]=Oop [48]=Oop [56]=Oop [64]=Oop [72]=Oop }
                      ;*new {reexecute=0 rethrow=0 return_oop=1}
                      ; - org.eclipse.osgi.internal.loader.classpath.ClasspathManager::defineClass@29 (line 735)
  0x00007dfa0472edd0: 2cef 70ff 

  0x00007dfa0472edd4: ;   {other}
  0x00007dfa0472edd4: 0f1f 8400 | 4437 0052 | 4c8b cde9 | e8ec ffff | 498b eb4c | 894c 2420 

  0x00007dfa0472edec: ;   {metadata('java/util/ArrayList')}
  0x00007dfa0472edec: 48be b0b2 | 0bae f97d | 0000 6690 

  0x00007dfa0472edf8: ;   {runtime_call _new_instance_Java}
  0x00007dfa0472edf8: c5f8 77e8 

  0x00007dfa0472edfc: ; ImmutableOopMap {rbp=Oop [32]=Oop [40]=Oop [48]=Oop [56]=Oop [64]=Oop [72]=Oop }
                      ;*new {reexecute=0 rethrow=0 return_oop=1}
                      ; - org.eclipse.osgi.internal.loader.classpath.ClasspathManager$DefineContext::<init>@5 (line 704)
                      ; - org.eclipse.osgi.internal.loader.classpath.ClasspathManager::defineClass@33 (line 735)
  0x00007dfa0472edfc: 00ef 70ff 

  0x00007dfa0472ee00: ;   {other}
  0x00007dfa0472ee00: 0f1f 8400 | 7037 0053 | 4c8b 4c24 | 204c 8bdd | 4c8b c0e9 | f8ec ffff | 4c89 4424 | 1849 8beb 
  0x00007dfa0472ee20: 4c89 4c24 

  0x00007dfa0472ee24: ;   {metadata('java/lang/Object'[])}
  0x00007dfa0472ee24: 2048 be70 | 1200 aef9 | 7d00 00ba | 0500 0000 

  0x00007dfa0472ee34: ;   {runtime_call _new_array_Java}
  0x00007dfa0472ee34: c5f8 77e8 

  0x00007dfa0472ee38: ; ImmutableOopMap {rbp=Oop [24]=Oop [32]=Oop [40]=Oop [48]=Oop [56]=Oop [64]=Oop [72]=Oop }
                      ;*anewarray {reexecute=0 rethrow=0 return_oop=1}
                      ; - java.util.ArrayList::<init>@10 (line 156)
                      ; - org.eclipse.osgi.internal.loader.classpath.ClasspathManager$DefineContext::<init>@10 (line 704)
                      ; - org.eclipse.osgi.internal.loader.classpath.ClasspathManager::defineClass@33 (line 735)
  0x00007dfa0472ee38: 44cb 70ff 

  0x00007dfa0472ee3c: ;   {other}
  0x00007dfa0472ee3c: 0f1f 8400 | ac37 0054 | 4c8b 4c24 | 204c 8bdd | 4c8b 4424 | 18e9 1ded | ffff 498b | eb4c 894c 
  0x00007dfa0472ee5c: ;   {metadata('java/util/ArrayList')}
  0x00007dfa0472ee5c: 2420 48be | b0b2 0bae | f97d 0000 

  0x00007dfa0472ee68: ;   {runtime_call _new_instance_Java}
  0x00007dfa0472ee68: c5f8 77e8 

  0x00007dfa0472ee6c: ; ImmutableOopMap {rbp=Oop [32]=Oop [40]=Oop [48]=Oop [56]=Oop [64]=Oop [72]=Oop }
                      ;*new {reexecute=0 rethrow=0 return_oop=1}
                      ; - org.eclipse.osgi.internal.loader.classpath.ClasspathManager$DefineContext::<init>@17 (line 705)
                      ; - org.eclipse.osgi.internal.loader.classpath.ClasspathManager::defineClass@33 (line 735)
  0x00007dfa0472ee6c: 90ee 70ff 

  0x00007dfa0472ee70: ;   {other}
  0x00007dfa0472ee70: 0f1f 8400 | e037 0055 | 4c8b 4c24 | 204c 8bdd | 4c8b c0e9 | 64ed ffff | 4c89 4424 | 1849 8beb 
  0x00007dfa0472ee90: 4c89 4c24 

  0x00007dfa0472ee94: ;   {metadata('java/lang/Object'[])}
  0x00007dfa0472ee94: 2048 be70 | 1200 aef9 | 7d00 00ba | 0500 0000 

  0x00007dfa0472eea4: ;   {runtime_call _new_array_Java}
  0x00007dfa0472eea4: c5f8 77e8 

  0x00007dfa0472eea8: ; ImmutableOopMap {rbp=Oop [24]=Oop [32]=Oop [40]=Oop [48]=Oop [56]=Oop [64]=Oop [72]=Oop }
                      ;*anewarray {reexecute=0 rethrow=0 return_oop=1}
                      ; - java.util.ArrayList::<init>@10 (line 156)
                      ; - org.eclipse.osgi.internal.loader.classpath.ClasspathManager$DefineContext::<init>@22 (line 705)
                      ; - org.eclipse.osgi.internal.loader.classpath.ClasspathManager::defineClass@33 (line 735)
  0x00007dfa0472eea8: d4ca 70ff 

  0x00007dfa0472eeac: ;   {other}
  0x00007dfa0472eeac: 0f1f 8400 | 1c38 0056 | 4c8b 4c24 | 204c 8bdd | 4c8b 4424 | 18e9 89ed | ffff bef6 | ffff ff49 
  0x00007dfa0472eecc: 8be8 4c8b | 5c24 284c | 895c 2420 | 4c89 5424 | 284c 8b54 | 2438 4c89 | 5424 304c | 8b54 2440 
  0x00007dfa0472eeec: 4c89 5424 | 3866 6690 

  0x00007dfa0472eef4: ;   {runtime_call UncommonTrapBlob}
  0x00007dfa0472eef4: c5f8 77e8 

  0x00007dfa0472eef8: ; ImmutableOopMap {rbp=Oop [32]=Oop [40]=Oop [48]=Oop [56]=Oop [72]=Oop [120]=Oop }
                      ;*invokevirtual manifestPackageAttributesFor {reexecute=0 rethrow=0 return_oop=0}
                      ; - org.eclipse.osgi.internal.loader.classpath.ClasspathManager::definePackage@77 (line 835)
                      ; - org.eclipse.osgi.internal.loader.classpath.ClasspathManager::defineClass@9 (line 732)
  0x00007dfa0472eef8: 04b4 65ff 

  0x00007dfa0472eefc: ;   {other}
  0x00007dfa0472eefc: 0f1f 8400 | 6c38 0057 | bef6 ffff | ff48 897c | 2418 4c8b | 5c24 484c | 895c 2420 | 894c 2450 
  0x00007dfa0472ef1c: 4489 4c24 | 5489 5c24 | 5889 4424 | 5c44 8954 | 2460 6690 

  0x00007dfa0472ef30: ;   {runtime_call UncommonTrapBlob}
  0x00007dfa0472ef30: c5f8 77e8 

  0x00007dfa0472ef34: ; ImmutableOopMap {rbp=NarrowOop [24]=Oop [32]=Oop [40]=Oop [48]=Oop [56]=Oop [64]=Oop [80]=NarrowOop [84]=NarrowOop [88]=NarrowOop [92]=NarrowOop [96]=NarrowOop [120]=Oop }
                      ;*invokevirtual publicDefinePackage {reexecute=0 rethrow=0 return_oop=0}
                      ; - org.eclipse.osgi.internal.loader.classpath.ClasspathManager::definePackage@157 (line 848)
                      ; - org.eclipse.osgi.internal.loader.classpath.ClasspathManager::defineClass@9 (line 732)
  0x00007dfa0472ef34: c8b3 65ff 

  0x00007dfa0472ef38: ;   {other}
  0x00007dfa0472ef38: 0f1f 8400 | a838 0058 | be45 ffff | ff4c 8b54 | 2448 4c89 | 5424 204c | 8944 2448 

  0x00007dfa0472ef54: ;   {runtime_call UncommonTrapBlob}
  0x00007dfa0472ef54: c5f8 77e8 

  0x00007dfa0472ef58: ; ImmutableOopMap {[32]=Oop [40]=Oop [48]=Oop [56]=Oop [64]=Oop [72]=Oop [120]=Oop }
                      ;*ifeq {reexecute=1 rethrow=0 return_oop=0}
                      ; - (reexecute) org.eclipse.osgi.internal.loader.classpath.ClasspathManager::definePackage@71 (line 833)
                      ; - org.eclipse.osgi.internal.loader.classpath.ClasspathManager::defineClass@9 (line 732)
  0x00007dfa0472ef58: a4b3 65ff 

  0x00007dfa0472ef5c: ;   {other}
  0x00007dfa0472ef5c: 0f1f 8400 | cc38 0059 | bef6 ffff | ff66 6690 

  0x00007dfa0472ef6c: ;   {runtime_call UncommonTrapBlob}
  0x00007dfa0472ef6c: c5f8 77e8 

  0x00007dfa0472ef70: ; ImmutableOopMap {rbp=Oop [24]=Oop [32]=Oop [40]=Oop [48]=Oop [56]=Oop [72]=Oop }
                      ;*invokeinterface iterator {reexecute=0 rethrow=0 return_oop=0}
                      ; - java.util.HashSet::iterator@7 (line 182)
                      ; - java.util.Collections$UnmodifiableCollection$1::<init>@17 (line 1076)
                      ; - java.util.Collections$UnmodifiableCollection::iterator@5 (line 1075)
                      ; - org.eclipse.osgi.internal.loader.classpath.ClasspathManager::defineClass@258 (line 763)
  0x00007dfa0472ef70: 8cb3 65ff 

  0x00007dfa0472ef74: ;   {other}
  0x00007dfa0472ef74: 0f1f 8400 | e438 005a | bef6 ffff | ff48 8b6c | 2420 6690 

  0x00007dfa0472ef88: ;   {runtime_call UncommonTrapBlob}
  0x00007dfa0472ef88: c5f8 77e8 

  0x00007dfa0472ef8c: ; ImmutableOopMap {rbp=Oop [24]=Oop [40]=Oop [48]=Oop [56]=Oop [64]=Oop [72]=Oop }
                      ;*invokeinterface iterator {reexecute=0 rethrow=0 return_oop=0}
                      ; - java.util.HashSet::iterator@7 (line 182)
                      ; - java.util.Collections$UnmodifiableCollection$1::<init>@17 (line 1076)
                      ; - java.util.Collections$UnmodifiableCollection::iterator@5 (line 1075)
                      ; - org.eclipse.osgi.internal.loader.classpath.ClasspathManager::defineClass@576 (line 787)
  0x00007dfa0472ef8c: 70b3 65ff 

  0x00007dfa0472ef90: ;   {other}
  0x00007dfa0472ef90: 0f1f 8400 | 0039 005b | bec6 ffff | ff4c 894c | 2418 4c8b | 5424 484c | 8954 2420 | 4889 4c24 
  0x00007dfa0472efb0: 4848 895c | 2450 6690 

  0x00007dfa0472efb8: ;   {runtime_call UncommonTrapBlob}
  0x00007dfa0472efb8: c5f8 77e8 

  0x00007dfa0472efbc: ; ImmutableOopMap {rbp=NarrowOop [24]=Oop [32]=Oop [40]=Oop [48]=Oop [56]=Oop [72]=Oop [80]=Oop }
                      ;*invokevirtual keySet {reexecute=0 rethrow=0 return_oop=0}
                      ; - java.util.HashSet::iterator@4 (line 182)
                      ; - java.util.Collections$UnmodifiableCollection$1::<init>@17 (line 1076)
                      ; - java.util.Collections$UnmodifiableCollection::iterator@5 (line 1075)
                      ; - org.eclipse.osgi.internal.loader.classpath.ClasspathManager::defineClass@258 (line 763)
  0x00007dfa0472efbc: 40b3 65ff 

  0x00007dfa0472efc0: ;   {other}
  0x00007dfa0472efc0: 0f1f 8400 | 3039 005c | bec6 ffff | ff49 8be9 | 4c8b 5424 | 484c 8954 | 2418 4c8b | 5424 284c 
  0x00007dfa0472efe0: 8954 2420 | 4c8b 5424 | 304c 8954 | 2428 4c8b | 5424 384c | 8954 2430 | 4889 4c24 | 404c 895c 
  0x00007dfa0472f000: 2448 4889 | 5c24 5090 

  0x00007dfa0472f008: ;   {runtime_call UncommonTrapBlob}
  0x00007dfa0472f008: c5f8 77e8 

  0x00007dfa0472f00c: ; ImmutableOopMap {rbp=Oop [24]=Oop [32]=Oop [40]=Oop [48]=Oop [64]=Oop [72]=Oop [80]=Oop }
                      ;*invokeinterface iterator {reexecute=0 rethrow=0 return_oop=0}
                      ; - java.util.HashSet::iterator@7 (line 182)
                      ; - java.util.Collections$UnmodifiableCollection$1::<init>@17 (line 1076)
                      ; - java.util.Collections$UnmodifiableCollection::iterator@5 (line 1075)
                      ; - org.eclipse.osgi.internal.loader.classpath.ClasspathManager::defineClass@258 (line 763)
  0x00007dfa0472f00c: f0b2 65ff 

  0x00007dfa0472f010: ;   {other}
  0x00007dfa0472f010: 0f1f 8400 | 8039 005d | bec6 ffff | ff4c 8b54 | 2420 4c89 | 5424 184c | 8b54 2448 | 4c89 5424 
  0x00007dfa0472f030: 204c 896c | 2440 4889 | 4424 4890 

  0x00007dfa0472f03c: ;   {runtime_call UncommonTrapBlob}
  0x00007dfa0472f03c: c5f8 77e8 

  0x00007dfa0472f040: ; ImmutableOopMap {rbp=NarrowOop [24]=Oop [32]=Oop [40]=Oop [48]=Oop [56]=Oop [64]=Oop [72]=Oop [88]=Oop }
                      ;*invokevirtual keySet {reexecute=0 rethrow=0 return_oop=0}
                      ; - java.util.HashSet::iterator@4 (line 182)
                      ; - java.util.Collections$UnmodifiableCollection$1::<init>@17 (line 1076)
                      ; - java.util.Collections$UnmodifiableCollection::iterator@5 (line 1075)
                      ; - org.eclipse.osgi.internal.loader.classpath.ClasspathManager::defineClass@576 (line 787)
  0x00007dfa0472f040: bcb2 65ff 

  0x00007dfa0472f044: ;   {other}
  0x00007dfa0472f044: 0f1f 8400 | b439 005e | bec6 ffff | ff48 8b6c | 2420 4c8b | 5424 484c | 8954 2418 | 4c8b 5424 
  0x00007dfa0472f064: 284c 8954 | 2420 4c8b | 5424 304c | 8954 2428 | 4c8b 5424 | 384c 8954 | 2430 4c89 | 6c24 3848 
  0x00007dfa0472f084: 8944 2440 | 4c89 5c24 | 4848 8954 | 2450 6690 

  0x00007dfa0472f094: ;   {runtime_call UncommonTrapBlob}
  0x00007dfa0472f094: c5f8 77e8 

  0x00007dfa0472f098: ; ImmutableOopMap {rbp=Oop [24]=Oop [32]=Oop [40]=Oop [48]=Oop [56]=Oop [64]=Oop [72]=Oop [80]=Oop }
                      ;*invokeinterface iterator {reexecute=0 rethrow=0 return_oop=0}
                      ; - java.util.HashSet::iterator@7 (line 182)
                      ; - java.util.Collections$UnmodifiableCollection$1::<init>@17 (line 1076)
                      ; - java.util.Collections$UnmodifiableCollection::iterator@5 (line 1075)
                      ; - org.eclipse.osgi.internal.loader.classpath.ClasspathManager::defineClass@576 (line 787)
  0x00007dfa0472f098: 64b2 65ff 

  0x00007dfa0472f09c: ;   {other}
  0x00007dfa0472f09c: 0f1f 8400 | 0c3a 005f | be45 ffff | ff4c 894c | 2418 4c8b | 5c24 484c | 895c 2420 | 4889 4c24 
  0x00007dfa0472f0bc: 484c 896c | 2458 4489 | 5424 604c | 896c 2468 | 4889 5c24 | 7066 6690 

  0x00007dfa0472f0d4: ;   {runtime_call UncommonTrapBlob}
  0x00007dfa0472f0d4: c5f8 77e8 

  0x00007dfa0472f0d8: ; ImmutableOopMap {[24]=Oop [32]=Oop [40]=Oop [48]=Oop [56]=Oop [72]=Oop [88]=Oop [96]=NarrowOop [104]=Oop [112]=Oop }
                      ;*ifeq {reexecute=1 rethrow=0 return_oop=0}
                      ; - (reexecute) java.util.LinkedHashMap$LinkedHashIterator::<init>@16 (line 1011)
                      ; - java.util.LinkedHashMap$LinkedKeyIterator::<init>@3 (line 1045)
                      ; - java.util.LinkedHashMap$LinkedKeySet::iterator@12 (line 700)
                      ; - java.util.HashSet::iterator@7 (line 182)
                      ; - java.util.Collections$UnmodifiableCollection$1::<init>@17 (line 1076)
                      ; - java.util.Collections$UnmodifiableCollection::iterator@5 (line 1075)
                      ; - org.eclipse.osgi.internal.loader.classpath.ClasspathManager::defineClass@258 (line 763)
  0x00007dfa0472f0d8: 24b2 65ff 

  0x00007dfa0472f0dc: ;   {other}
  0x00007dfa0472f0dc: 0f1f 8400 | 4c3a 0060 | be45 ffff | ff4c 8b5c | 2420 4c89 | 5c24 184c | 8b5c 2448 | 4c89 5c24 
  0x00007dfa0472f0fc: 204c 896c | 2440 4889 | 4424 484c | 894c 2458 | 4c89 4c24 | 6044 8954 | 2468 4889 | 5424 7090 
  0x00007dfa0472f11c: ;   {runtime_call UncommonTrapBlob}
  0x00007dfa0472f11c: c5f8 77e8 

  0x00007dfa0472f120: ; ImmutableOopMap {rbp=NarrowOop [24]=Oop [32]=Oop [40]=Oop [48]=Oop [56]=Oop [64]=Oop [72]=Oop [88]=Oop [96]=Oop [112]=Oop }
                      ;*ifeq {reexecute=1 rethrow=0 return_oop=0}
                      ; - (reexecute) java.util.LinkedHashMap$LinkedHashIterator::<init>@16 (line 1011)
                      ; - java.util.LinkedHashMap$LinkedKeyIterator::<init>@3 (line 1045)
                      ; - java.util.LinkedHashMap$LinkedKeySet::iterator@12 (line 700)
                      ; - java.util.HashSet::iterator@7 (line 182)
                      ; - java.util.Collections$UnmodifiableCollection$1::<init>@17 (line 1076)
                      ; - java.util.Collections$UnmodifiableCollection::iterator@5 (line 1075)
                      ; - org.eclipse.osgi.internal.loader.classpath.ClasspathManager::defineClass@576 (line 787)
  0x00007dfa0472f120: dcb1 65ff 

  0x00007dfa0472f124: ;   {other}
  0x00007dfa0472f124: 0f1f 8400 | 943a 0061 | 4d8d 50fe | 498b ca49 | 8bfb 4833 | c048 83f9 | 087f 1048 | ffc9 784f 
  0x00007dfa0472f144: 4889 04cf | 48ff c97d | f7eb 44c5 | fdef c0e9 | 0d00 0000 | c5fe 7f07 | c5fe 7f47 | 2048 83c7 
  0x00007dfa0472f164: 4048 83e9 | 087d ed48 | 83c1 047c | 0cc5 fe7f | 0748 83c7 | 2048 83e9 | 0448 83c1 | 047e 1048 
  0x00007dfa0472f184: ffc9 c5f9 | d607 4883 | c708 48ff | c97d f3e9 | 18e7 ffff | bece ffff | ff4c 8b54 | 2458 4c89 
  0x00007dfa0472f1a4: 5424 504c | 8b54 2460 | 4c89 5424 | 5844 8b54 | 2468 4489 | 5424 6090 

  0x00007dfa0472f1bc: ;   {runtime_call UncommonTrapBlob}
  0x00007dfa0472f1bc: c5f8 77e8 

  0x00007dfa0472f1c0: ; ImmutableOopMap {rbp=Oop [24]=Oop [32]=Oop [40]=Oop [48]=Oop [56]=Oop [72]=Oop [80]=Oop [88]=Oop [108]=NarrowOop }
                      ;*invokestatic copyOf {reexecute=1 rethrow=0 return_oop=0}
                      ; - (reexecute) java.util.Arrays::copyOf@6 (line 3482)
                      ; - java.util.ArrayList::grow@37 (line 237)
                      ; - java.util.ArrayList::grow@7 (line 244)
                      ; - java.util.ArrayList::add@7 (line 483)
                      ; - java.util.ArrayList::add@20 (line 496)
                      ; - org.eclipse.osgi.internal.loader.classpath.ClasspathManager::defineClass@411 (line 776)
  0x00007dfa0472f1c0: 3cb1 65ff 

  0x00007dfa0472f1c4: ;   {other}
  0x00007dfa0472f1c4: 0f1f 8400 | 343b 0062 | be3d ffff | ff4c 8b54 | 2458 4c89 | 5424 504c | 8b54 2460 | 4c89 5424 
  0x00007dfa0472f1e4: 5844 8b5c | 2468 4489 | 5c24 6044 | 894c 2464 | 448b 9c24 | 8000 0000 | 4489 5c24 | 7466 6690 
  0x00007dfa0472f204: ;   {runtime_call UncommonTrapBlob}
  0x00007dfa0472f204: c5f8 77e8 

  0x00007dfa0472f208: ; ImmutableOopMap {[24]=Oop [32]=Oop [40]=Oop [48]=Oop [56]=Oop [72]=Oop [80]=Oop [88]=Oop }
                      ;*if_icmpge {reexecute=1 rethrow=0 return_oop=0}
                      ; - (reexecute) jdk.internal.util.ArraysSupport::newLength@10 (line 741)
                      ; - java.util.ArrayList::grow@27 (line 234)
                      ; - java.util.ArrayList::grow@7 (line 244)
                      ; - java.util.ArrayList::add@7 (line 483)
                      ; - java.util.ArrayList::add@20 (line 496)
                      ; - org.eclipse.osgi.internal.loader.classpath.ClasspathManager::defineClass@411 (line 776)
  0x00007dfa0472f208: f4b0 65ff 

  0x00007dfa0472f20c: ;   {other}
  0x00007dfa0472f20c: 0f1f 8400 | 7c3b 0063 | becc ffff | ff4c 8b54 | 2458 4c89 | 5424 504c | 896c 2458 | 895c 2460 
  0x00007dfa0472f22c: c5fa 115c | 2464 4489 | 5c24 6c90 

  0x00007dfa0472f238: ;   {runtime_call UncommonTrapBlob}
  0x00007dfa0472f238: c5f8 77e8 

  0x00007dfa0472f23c: ; ImmutableOopMap {[24]=Oop [32]=Oop [40]=Oop [48]=Oop [56]=Oop [68]=NarrowOop [72]=Oop [80]=Oop [88]=Oop }
                      ;*invokestatic arraycopy {reexecute=0 rethrow=0 return_oop=0}
                      ; - java.util.ArrayList::fastRemove@31 (line 723)
                      ; - java.util.ArrayList::remove@71 (line 711)
                      ; - org.eclipse.osgi.internal.loader.classpath.ClasspathManager::defineClass@455 (line 780)
  0x00007dfa0472f23c: c0b0 65ff 

  0x00007dfa0472f240: ;   {other}
  0x00007dfa0472f240: 0f1f 8400 | b03b 0064 | bede ffff | ff4c 894c | 2418 4c8b | 5424 484c | 8954 2420 | 4c89 5c24 
  0x00007dfa0472f260: 5066 6690 

  0x00007dfa0472f264: ;   {runtime_call UncommonTrapBlob}
  0x00007dfa0472f264: c5f8 77e8 

  0x00007dfa0472f268: ; ImmutableOopMap {rbp=NarrowOop [24]=Oop [32]=Oop [40]=Oop [48]=Oop [56]=Oop [64]=Oop [80]=Oop }
                      ;*invokevirtual set {reexecute=0 rethrow=0 return_oop=0}
                      ; - org.eclipse.osgi.internal.loader.classpath.ClasspathManager::defineClass@44 (line 736)
  0x00007dfa0472f268: 94b0 65ff 

  0x00007dfa0472f26c: ;   {other}
  0x00007dfa0472f26c: 0f1f 8400 | dc3b 0065 | c5f8 28c8 | e994 f7ff | ff45 8bc3 | e92a f8ff | ffbe deff | ffff 4c8b 
  0x00007dfa0472f28c: 5424 204c | 8954 2418 | 4c8b 5424 | 584c 8954 | 2440 4c89 | 5c24 5044 | 8974 2458 | c5fa 1144 
  0x00007dfa0472f2ac: 245c 8954 | 2460 6690 

  0x00007dfa0472f2b4: ;   {runtime_call UncommonTrapBlob}
  0x00007dfa0472f2b4: c5f8 77e8 

  0x00007dfa0472f2b8: ; ImmutableOopMap {rbp=NarrowOop [24]=Oop [40]=Oop [48]=Oop [56]=Oop [64]=Oop [72]=Oop [80]=Oop [92]=NarrowOop }
                      ;*instanceof {reexecute=0 rethrow=0 return_oop=0}
                      ; - java.lang.String::equals@8 (line 1863)
                      ; - java.util.ArrayList::indexOfRange@54 (line 299)
                      ; - java.util.ArrayList::indexOf@7 (line 286)
                      ; - java.util.ArrayList::contains@2 (line 275)
                      ; - org.eclipse.osgi.internal.loader.classpath.ClasspathManager::defineClass@319 (line 772)
  0x00007dfa0472f2b8: 44b0 65ff 

  0x00007dfa0472f2bc: ;   {other}
  0x00007dfa0472f2bc: 0f1f 8400 | 2c3c 0066 | bede ffff | ff48 8b6c | 2420 4c8b | 5424 584c | 8954 2450 | 4c89 6c24 
  0x00007dfa0472f2dc: 5844 895c | 2460 894c | 2470 6690 

  0x00007dfa0472f2e8: ;   {runtime_call UncommonTrapBlob}
  0x00007dfa0472f2e8: c5f8 77e8 

  0x00007dfa0472f2ec: ; ImmutableOopMap {rbp=Oop [24]=Oop [40]=Oop [48]=Oop [56]=Oop [68]=NarrowOop [72]=Oop [80]=Oop [88]=Oop [112]=NarrowOop }
                      ;*instanceof {reexecute=0 rethrow=0 return_oop=0}
                      ; - java.lang.String::equals@8 (line 1863)
                      ; - java.util.ArrayList::remove@50 (line 706)
                      ; - org.eclipse.osgi.internal.loader.classpath.ClasspathManager::defineClass@455 (line 780)
  0x00007dfa0472f2ec: 10b0 65ff 

  0x00007dfa0472f2f0: ;   {other}
  0x00007dfa0472f2f0: 0f1f 8400 | 603c 0067 | bede ffff | ff49 8be9 | 4c8b 5424 | 284c 8954 | 2420 4c8b | 5424 304c 
  0x00007dfa0472f310: 8954 2428 | 4c8b 5424 | 384c 8954 | 2430 4c8b | 5424 404c | 8954 2438 | 4889 4c24 | 4066 6690 
  0x00007dfa0472f330: ;   {runtime_call UncommonTrapBlob}
  0x00007dfa0472f330: c5f8 77e8 

  0x00007dfa0472f334: ; ImmutableOopMap {rbp=Oop [32]=Oop [40]=Oop [48]=Oop [56]=Oop [64]=Oop [72]=Oop }
                      ;*checkcast {reexecute=0 rethrow=0 return_oop=0}
                      ; - org.eclipse.osgi.internal.loader.classpath.ClasspathManager::defineClass@19 (line 733)
  0x00007dfa0472f334: c8af 65ff 

  0x00007dfa0472f338: ;   {other}
  0x00007dfa0472f338: 0f1f 8400 | a83c 0068 | bef4 ffff | ff4c 8b54 | 2420 498b | ea4c 8b54 | 2448 4c89 | 5424 204c 
  0x00007dfa0472f358: 8b54 2458 | 4c89 5424 | 4066 6690 

  0x00007dfa0472f364: ;   {runtime_call UncommonTrapBlob}
  0x00007dfa0472f364: c5f8 77e8 

  0x00007dfa0472f368: ; ImmutableOopMap {rbp=Oop [24]=Oop [32]=Oop [40]=Oop [48]=Oop [56]=Oop [64]=Oop [96]=Oop }
                      ;*checkcast {reexecute=0 rethrow=0 return_oop=0}
                      ; - org.eclipse.osgi.internal.loader.classpath.ClasspathManager::defineClass@275 (line 763)
  0x00007dfa0472f368: 94af 65ff 

  0x00007dfa0472f36c: ;   {other}
  0x00007dfa0472f36c: 0f1f 8400 | dc3c 0069 | bef4 ffff | ff66 6690 

  0x00007dfa0472f37c: ;   {runtime_call UncommonTrapBlob}
  0x00007dfa0472f37c: c5f8 77e8 

  0x00007dfa0472f380: ; ImmutableOopMap {rbp=Oop [24]=Oop [32]=Oop [40]=Oop [48]=Oop [56]=Oop [64]=Oop [72]=Oop [80]=Oop }
                      ;*checkcast {reexecute=0 rethrow=0 return_oop=0}
                      ; - org.eclipse.osgi.internal.loader.classpath.ClasspathManager::defineClass@593 (line 787)
  0x00007dfa0472f380: 7caf 65ff 

  0x00007dfa0472f384: ;   {other}
  0x00007dfa0472f384: 0f1f 8400 | f43c 006a | bef6 ffff | ff48 8b6c | 2420 4889 | 5424 1848 | 894c 2420 | 4c8b 5424 
  0x00007dfa0472f3a4: 304c 8954 | 2428 4c89 | 4c24 3090 

  0x00007dfa0472f3b0: ;   {runtime_call UncommonTrapBlob}
  0x00007dfa0472f3b0: c5f8 77e8 

  0x00007dfa0472f3b4: ; ImmutableOopMap {rbp=Oop [24]=Oop [32]=Oop [40]=Oop [48]=Oop [64]=Oop }
                      ;*invokevirtual lastIndexOf {reexecute=0 rethrow=0 return_oop=0}
                      ; - org.eclipse.osgi.internal.loader.classpath.ClasspathManager::definePackage@3 (line 819)
                      ; - org.eclipse.osgi.internal.loader.classpath.ClasspathManager::defineClass@9 (line 732)
  0x00007dfa0472f3b4: 48af 65ff 

  0x00007dfa0472f3b8: ;   {other}
  0x00007dfa0472f3b8: 0f1f 8400 | 283d 006b | bef6 ffff | ff48 8b6c | 2420 4889 | 5424 1848 | 894c 2420 | 4c8b 5424 
  0x00007dfa0472f3d8: 304c 8954 | 2428 4c89 | 4c24 3090 

  0x00007dfa0472f3e4: ;   {runtime_call UncommonTrapBlob}
  0x00007dfa0472f3e4: c5f8 77e8 

  0x00007dfa0472f3e8: ; ImmutableOopMap {rbp=Oop [24]=Oop [32]=Oop [40]=Oop [48]=Oop [64]=Oop }
                      ;*arraylength {reexecute=0 rethrow=0 return_oop=0}
                      ; - java.lang.String::length@4 (line 1519)
                      ; - java.lang.String::lastIndexOf@3 (line 2535)
                      ; - org.eclipse.osgi.internal.loader.classpath.ClasspathManager::definePackage@3 (line 819)
                      ; - org.eclipse.osgi.internal.loader.classpath.ClasspathManager::defineClass@9 (line 732)
  0x00007dfa0472f3e8: 14af 65ff 

  0x00007dfa0472f3ec: ;   {other}
  0x00007dfa0472f3ec: 0f1f 8400 | 5c3d 006c | bef6 ffff | ff49 8be9 | 4c89 5424 | 184c 8b54 | 2428 4c89 | 5424 204c 
  0x00007dfa0472f40c: 8b54 2430 | 4c89 5424 | 284c 8b54 | 2438 4c89 | 5424 304c | 8b54 2440 | 4c89 5424 | 3866 6690 
  0x00007dfa0472f42c: ;   {runtime_call UncommonTrapBlob}
  0x00007dfa0472f42c: c5f8 77e8 

  0x00007dfa0472f430: ; ImmutableOopMap {rbp=Oop [24]=Oop [32]=Oop [40]=Oop [48]=Oop [56]=Oop [120]=Oop }
                      ;*invokevirtual publicGetPackage {reexecute=0 rethrow=0 return_oop=0}
                      ; - org.eclipse.osgi.internal.loader.classpath.ClasspathManager::definePackage@26 (line 824)
                      ; - org.eclipse.osgi.internal.loader.classpath.ClasspathManager::defineClass@9 (line 732)
  0x00007dfa0472f430: ccae 65ff 

  0x00007dfa0472f434: ;   {other}
  0x00007dfa0472f434: 0f1f 8400 | a43d 006d | bef6 ffff | ff49 8be9 | 4c8b 5424 | 284c 8954 | 2420 4c8b | 5424 304c 
  0x00007dfa0472f454: 8954 2428 | 4c8b 5424 | 384c 8954 | 2430 6690 

  0x00007dfa0472f464: ;   {runtime_call UncommonTrapBlob}
  0x00007dfa0472f464: c5f8 77e8 

  0x00007dfa0472f468: ; ImmutableOopMap {rbp=Oop [32]=Oop [40]=Oop [48]=Oop [64]=Oop [72]=Oop }
                      ;*invokevirtual get {reexecute=0 rethrow=0 return_oop=0}
                      ; - org.eclipse.osgi.internal.loader.classpath.ClasspathManager::defineClass@16 (line 733)
  0x00007dfa0472f468: 94ae 65ff 

  0x00007dfa0472f46c: ;   {other}
  0x00007dfa0472f46c: 0f1f 8400 | dc3d 006e | bef6 ffff | ff49 8be9 | 4c8b 5424 | 284c 8954 | 2420 4c8b | 5424 304c 
  0x00007dfa0472f48c: 8954 2428 | 4c8b 5424 | 384c 8954 | 2430 4c8b | 5424 404c | 8954 2438 | 4889 4c24 | 4066 6690 
  0x00007dfa0472f4ac: ;   {runtime_call UncommonTrapBlob}
  0x00007dfa0472f4ac: c5f8 77e8 

  0x00007dfa0472f4b0: ; ImmutableOopMap {rbp=Oop [32]=Oop [40]=Oop [48]=Oop [56]=Oop [64]=Oop [72]=Oop }
                      ;*invokevirtual getContainer {reexecute=0 rethrow=0 return_oop=0}
                      ; - org.eclipse.osgi.internal.loader.classpath.ClasspathManager::defineClass@51 (line 740)
  0x00007dfa0472f4b0: 4cae 65ff 

  0x00007dfa0472f4b4: ;   {other}
  0x00007dfa0472f4b4: 0f1f 8400 | 243e 006f | bef6 ffff | ff49 8be9 | 4c8b 5424 | 284c 8954 | 2420 4c8b | 5424 304c 
  0x00007dfa0472f4d4: 8954 2428 | 4c8b 5424 | 384c 8954 | 2430 4c8b | 5424 404c | 8954 2438 | 4889 4c24 | 4066 6690 
  0x00007dfa0472f4f4: ;   {runtime_call UncommonTrapBlob}
  0x00007dfa0472f4f4: c5f8 77e8 

  0x00007dfa0472f4f8: ; ImmutableOopMap {rbp=Oop [32]=Oop [40]=Oop [48]=Oop [56]=Oop [64]=Oop [72]=Oop }
                      ;*invokevirtual isProcessClassRecursionSupportedByAll {reexecute=0 rethrow=0 return_oop=0}
                      ; - org.eclipse.osgi.internal.loader.classpath.ClasspathManager::defineClass@54 (line 740)
  0x00007dfa0472f4f8: 04ae 65ff 

  0x00007dfa0472f4fc: ;   {other}
  0x00007dfa0472f4fc: 0f1f 8400 | 6c3e 0070 | bef6 ffff | ff49 8be9 | 4c8b 5424 | 284c 8954 | 2420 4c8b | 5424 304c 
  0x00007dfa0472f51c: 8954 2428 | 4c8b 5424 | 384c 8954 | 2430 4889 | 4c24 3890 

  0x00007dfa0472f530: ;   {runtime_call UncommonTrapBlob}
  0x00007dfa0472f530: c5f8 77e8 

  0x00007dfa0472f534: ; ImmutableOopMap {rbp=Oop [32]=Oop [40]=Oop [48]=Oop [56]=Oop [72]=Oop }
                      ;*invokeinterface iterator {reexecute=0 rethrow=0 return_oop=0}
                      ; - org.eclipse.osgi.internal.loader.classpath.ClasspathManager::defineClass@258 (line 763)
  0x00007dfa0472f534: c8ad 65ff 

  0x00007dfa0472f538: ;   {other}
  0x00007dfa0472f538: 0f1f 8400 | a83e 0071 | bef6 ffff | ff49 8be9 | 4c8b 5424 | 284c 8954 | 2420 4c8b | 5424 304c 
  0x00007dfa0472f558: 8954 2428 | 4c8b 5424 | 384c 8954 | 2430 4889 | 5c24 3848 | 894c 2440 

  0x00007dfa0472f570: ;   {runtime_call UncommonTrapBlob}
  0x00007dfa0472f570: c5f8 77e8 

  0x00007dfa0472f574: ; ImmutableOopMap {rbp=Oop [32]=Oop [40]=Oop [48]=Oop [56]=Oop [64]=Oop [72]=Oop }
                      ;*invokeinterface iterator {reexecute=0 rethrow=0 return_oop=0}
                      ; - java.util.Collections$UnmodifiableCollection$1::<init>@17 (line 1076)
                      ; - java.util.Collections$UnmodifiableCollection::iterator@5 (line 1075)
                      ; - org.eclipse.osgi.internal.loader.classpath.ClasspathManager::defineClass@258 (line 763)
  0x00007dfa0472f574: 88ad 65ff 

  0x00007dfa0472f578: ;   {other}
  0x00007dfa0472f578: 0f1f 8400 | e83e 0072 | bef6 ffff | ff48 8b6c | 2420 4c8b | 5424 284c | 8954 2420 | 4c8b 5424 
  0x00007dfa0472f598: 304c 8954 | 2428 4c8b | 5424 384c | 8954 2430 | 4c89 4424 | 4066 6690 

  0x00007dfa0472f5b0: ;   {runtime_call UncommonTrapBlob}
  0x00007dfa0472f5b0: c5f8 77e8 

  0x00007dfa0472f5b4: ; ImmutableOopMap {rbp=Oop [32]=Oop [40]=Oop [48]=Oop [64]=Oop [72]=Oop [88]=Oop }
                      ;*invokeinterface contains {reexecute=0 rethrow=0 return_oop=0}
                      ; - org.eclipse.osgi.internal.loader.classpath.ClasspathManager::defineClass@319 (line 772)
  0x00007dfa0472f5b4: 48ad 65ff 

  0x00007dfa0472f5b8: ;   {other}
  0x00007dfa0472f5b8: 0f1f 8400 | 283f 0073 | bef6 ffff | ff48 8b6c | 2420 4c8b | 5424 284c | 8954 2420 | 4c8b 5424 
  0x00007dfa0472f5d8: 304c 8954 | 2428 4c8b | 5424 384c | 8954 2430 | 4c89 4424 | 4066 6690 

  0x00007dfa0472f5f0: ;   {runtime_call UncommonTrapBlob}
  0x00007dfa0472f5f0: c5f8 77e8 

  0x00007dfa0472f5f4: ; ImmutableOopMap {rbp=Oop [32]=Oop [40]=Oop [48]=Oop [64]=Oop [72]=Oop [88]=Oop }
                      ;*arraylength {reexecute=0 rethrow=0 return_oop=0}
                      ; - java.util.ArrayList::add@2 (line 482)
                      ; - java.util.ArrayList::add@20 (line 496)
                      ; - org.eclipse.osgi.internal.loader.classpath.ClasspathManager::defineClass@411 (line 776)
  0x00007dfa0472f5f4: 08ad 65ff 

  0x00007dfa0472f5f8: ;   {other}
  0x00007dfa0472f5f8: 0f1f 8400 | 683f 0074 | bef6 ffff | ff49 8be9 | 4c8b 5424 | 584c 8954 | 2440 4c89 | 5c24 5090 
  0x00007dfa0472f618: ;   {runtime_call UncommonTrapBlob}
  0x00007dfa0472f618: c5f8 77e8 

  0x00007dfa0472f61c: ; ImmutableOopMap {rbp=Oop [40]=Oop [48]=Oop [56]=Oop [64]=Oop [80]=Oop [96]=Oop }
                      ;*invokevirtual defineClass {reexecute=0 rethrow=0 return_oop=0}
                      ; - org.eclipse.osgi.internal.loader.classpath.ClasspathManager::defineClass@424 (line 778)
  0x00007dfa0472f61c: e0ac 65ff 

  0x00007dfa0472f620: ;   {other}
  0x00007dfa0472f620: 0f1f 8400 | 903f 0075 | bef6 ffff | ff48 8b6c | 2420 4c8b | 4424 584c | 8944 2440 | 4c8b 4424 
  0x00007dfa0472f640: 604c 8944 | 2448 4c89 | 5424 504c | 895c 2470 

  0x00007dfa0472f650: ;   {runtime_call UncommonTrapBlob}
  0x00007dfa0472f650: c5f8 77e8 

  0x00007dfa0472f654: ; ImmutableOopMap {rbp=Oop [24]=NarrowOop [40]=Oop [48]=Oop [56]=Oop [64]=Oop [72]=Oop [80]=Oop [112]=Oop }
                      ;*arraylength {reexecute=0 rethrow=0 return_oop=0}
                      ; - java.lang.String::isEmpty@4 (line 1532)
                      ; - java.lang.ClassLoader::checkName@5 (line 1155)
                      ; - java.lang.ClassLoader::findLoadedClass@1 (line 1298)
                      ; - org.eclipse.osgi.internal.loader.ModuleClassLoader::defineClass@17 (line 313)
                      ; - org.eclipse.osgi.internal.loader.classpath.ClasspathManager::defineClass@424 (line 778)
  0x00007dfa0472f654: a8ac 65ff 

  0x00007dfa0472f658: ;   {other}
  0x00007dfa0472f658: 0f1f 8400 | c83f 0076 | bef6 ffff | ff48 8b6c | 2420 4c8b | 4424 584c | 8944 2440 | 4c8b 4424 
  0x00007dfa0472f678: 604c 8944 | 2448 4c89 | 5424 504c | 895c 2470 

  0x00007dfa0472f688: ;   {runtime_call UncommonTrapBlob}
  0x00007dfa0472f688: c5f8 77e8 

  0x00007dfa0472f68c: ; ImmutableOopMap {rbp=Oop [24]=NarrowOop [40]=Oop [48]=Oop [56]=Oop [64]=Oop [72]=Oop [80]=Oop [112]=Oop }
                      ;*arraylength {reexecute=0 rethrow=0 return_oop=0}
                      ; - java.lang.StringLatin1::charAt@2 (line 46)
                      ; - java.lang.String::charAt@12 (line 1555)
                      ; - java.lang.ClassLoader::checkName@25 (line 1157)
                      ; - java.lang.ClassLoader::findLoadedClass@1 (line 1298)
                      ; - org.eclipse.osgi.internal.loader.ModuleClassLoader::defineClass@17 (line 313)
                      ; - org.eclipse.osgi.internal.loader.classpath.ClasspathManager::defineClass@424 (line 778)
  0x00007dfa0472f68c: 70ac 65ff 

  0x00007dfa0472f690: ;   {other}
  0x00007dfa0472f690: 0f1f 8400 | 0040 0077 | bef6 ffff | ff48 8b6c | 2420 4c8b | 5424 284c | 8954 2420 | 4c8b 5424 
  0x00007dfa0472f6b0: 304c 8954 | 2428 4c8b | 5424 384c | 8954 2430 | 4c89 6c24 | 4066 6690 

  0x00007dfa0472f6c8: ;   {runtime_call UncommonTrapBlob}
  0x00007dfa0472f6c8: c5f8 77e8 

  0x00007dfa0472f6cc: ; ImmutableOopMap {rbp=Oop [32]=Oop [40]=Oop [48]=Oop [64]=Oop [72]=Oop [88]=Oop }
                      ;*invokeinterface remove {reexecute=0 rethrow=0 return_oop=0}
                      ; - org.eclipse.osgi.internal.loader.classpath.ClasspathManager::defineClass@455 (line 780)
  0x00007dfa0472f6cc: 30ac 65ff 

  0x00007dfa0472f6d0: ;   {other}
  0x00007dfa0472f6d0: 0f1f 8400 | 4040 0078 | bef6 ffff | ff48 8b6c | 2420 4c8b | 5424 284c | 8954 2420 | 4c8b 5424 
  0x00007dfa0472f6f0: 304c 8954 | 2428 4c8b | 5424 384c | 8954 2430 | 4c89 6c24 | 3848 8944 | 2440 6690 

  0x00007dfa0472f70c: ;   {runtime_call UncommonTrapBlob}
  0x00007dfa0472f70c: c5f8 77e8 

  0x00007dfa0472f710: ; ImmutableOopMap {rbp=Oop [32]=Oop [40]=Oop [48]=Oop [56]=Oop [64]=Oop [72]=Oop }
                      ;*invokeinterface iterator {reexecute=0 rethrow=0 return_oop=0}
                      ; - java.util.Collections$UnmodifiableCollection$1::<init>@17 (line 1076)
                      ; - java.util.Collections$UnmodifiableCollection::iterator@5 (line 1075)
                      ; - org.eclipse.osgi.internal.loader.classpath.ClasspathManager::defineClass@576 (line 787)
  0x00007dfa0472f710: ecab 65ff 

  0x00007dfa0472f714: ;   {other}
  0x00007dfa0472f714: 0f1f 8400 | 8440 0079 | bef6 ffff | ff49 8be9 | 4c8b 5424 | 284c 8954 | 2420 4c8b | 5424 304c 
  0x00007dfa0472f734: 8954 2428 | 4c8b 5424 | 384c 8954 | 2430 6690 

  0x00007dfa0472f744: ;   {runtime_call UncommonTrapBlob}
  0x00007dfa0472f744: c5f8 77e8 

  0x00007dfa0472f748: ; ImmutableOopMap {rbp=Oop [32]=Oop [40]=Oop [48]=Oop [64]=Oop [72]=Oop }
                      ;*arraylength {reexecute=0 rethrow=0 return_oop=0}
                      ; - java.lang.ThreadLocal$ThreadLocalMap::getEntry@8 (line 499)
                      ; - java.lang.ThreadLocal::get@12 (line 187)
                      ; - java.lang.ThreadLocal::get@4 (line 172)
                      ; - org.eclipse.osgi.internal.loader.classpath.ClasspathManager::defineClass@16 (line 733)
  0x00007dfa0472f748: b4ab 65ff 

  0x00007dfa0472f74c: ;   {other}
  0x00007dfa0472f74c: 0f1f 8400 | bc40 007a | bef6 ffff | ff48 8b6c | 2420 4c8b | 5424 584c | 8954 2440 | 4c8b 5424 
  0x00007dfa0472f76c: 604c 8954 | 2450 4c8b | 5424 704c | 8954 2468 

  0x00007dfa0472f77c: ;   {runtime_call UncommonTrapBlob}
  0x00007dfa0472f77c: c5f8 77e8 

  0x00007dfa0472f780: ; ImmutableOopMap {rbp=Oop [24]=NarrowOop [40]=Oop [48]=Oop [56]=Oop [64]=Oop [72]=Oop [80]=Oop [104]=Oop [112]=Oop }
                      ;*arraylength {reexecute=0 rethrow=0 return_oop=0}
                      ; - org.eclipse.osgi.internal.loader.ModuleClassLoader::defineClass@32 (line 315)
                      ; - org.eclipse.osgi.internal.loader.classpath.ClasspathManager::defineClass@424 (line 778)
  0x00007dfa0472f780: 7cab 65ff 

  0x00007dfa0472f784: ;   {other}
  0x00007dfa0472f784: 0f1f 8400 | f440 007b | bef6 ffff | ff48 8b6c | 2420 4c8b | 5c24 584c | 895c 2440 | 4c8b 5c24 
  0x00007dfa0472f7a4: 604c 895c | 2450 4c8b | 5c24 7044 | 894c 241c | 4c89 5c24 | 6866 6690 

  0x00007dfa0472f7bc: ;   {runtime_call UncommonTrapBlob}
  0x00007dfa0472f7bc: c5f8 77e8 

  0x00007dfa0472f7c0: ; ImmutableOopMap {rbp=Oop [24]=NarrowOop [40]=Oop [48]=Oop [56]=Oop [64]=Oop [72]=Oop [80]=Oop [104]=Oop [112]=Oop }
                      ;*invokevirtual getDomain {reexecute=0 rethrow=0 return_oop=0}
                      ; - org.eclipse.osgi.internal.loader.ModuleClassLoader::defineClass@34 (line 315)
                      ; - org.eclipse.osgi.internal.loader.classpath.ClasspathManager::defineClass@424 (line 778)
  0x00007dfa0472f7c0: 3cab 65ff 

  0x00007dfa0472f7c4: ;   {other}
  0x00007dfa0472f7c4: 0f1f 8400 | 3441 007c | bef6 ffff | ff49 8be9 | 4c8b 5424 | 284c 8954 | 2420 4c8b | 5424 304c 
  0x00007dfa0472f7e4: 8954 2428 | 4c8b 5424 | 384c 8954 | 2430 4889 | 5c24 3848 | 894c 2440 

  0x00007dfa0472f7fc: ;   {runtime_call UncommonTrapBlob}
  0x00007dfa0472f7fc: c5f8 77e8 

  0x00007dfa0472f800: ; ImmutableOopMap {rbp=Oop [32]=Oop [40]=Oop [48]=Oop [56]=Oop [64]=Oop [72]=Oop }
                      ;*invokevirtual keySet {reexecute=0 rethrow=0 return_oop=0}
                      ; - java.util.HashSet::iterator@4 (line 182)
                      ; - java.util.Collections$UnmodifiableCollection$1::<init>@17 (line 1076)
                      ; - java.util.Collections$UnmodifiableCollection::iterator@5 (line 1075)
                      ; - org.eclipse.osgi.internal.loader.classpath.ClasspathManager::defineClass@258 (line 763)
  0x00007dfa0472f800: fcaa 65ff 

  0x00007dfa0472f804: ;   {other}
  0x00007dfa0472f804: 0f1f 8400 | 7441 007d | bef6 ffff | ff48 8b6c | 2420 4c8b | 5424 284c | 8954 2420 | 4c8b 5424 
  0x00007dfa0472f824: 304c 8954 | 2428 4c8b | 5424 384c | 8954 2430 | 4c89 6c24 | 3848 8944 | 2440 6690 

  0x00007dfa0472f840: ;   {runtime_call UncommonTrapBlob}
  0x00007dfa0472f840: c5f8 77e8 

  0x00007dfa0472f844: ; ImmutableOopMap {rbp=Oop [32]=Oop [40]=Oop [48]=Oop [56]=Oop [64]=Oop [72]=Oop }
                      ;*invokevirtual keySet {reexecute=0 rethrow=0 return_oop=0}
                      ; - java.util.HashSet::iterator@4 (line 182)
                      ; - java.util.Collections$UnmodifiableCollection$1::<init>@17 (line 1076)
                      ; - java.util.Collections$UnmodifiableCollection::iterator@5 (line 1075)
                      ; - org.eclipse.osgi.internal.loader.classpath.ClasspathManager::defineClass@576 (line 787)
  0x00007dfa0472f844: b8aa 65ff 

  0x00007dfa0472f848: ;   {other}
  0x00007dfa0472f848: 0f1f 8400 | b841 007e | bef6 ffff | ff49 8be9 | 4c8b 5424 | 284c 8954 | 2420 4c8b | 5424 304c 
  0x00007dfa0472f868: 8954 2428 | 4c8b 5424 | 384c 8954 | 2430 4889 | 5c24 3848 | 894c 2440 

  0x00007dfa0472f880: ;   {runtime_call UncommonTrapBlob}
  0x00007dfa0472f880: c5f8 77e8 

  0x00007dfa0472f884: ; ImmutableOopMap {rbp=Oop [32]=Oop [40]=Oop [48]=Oop [56]=Oop [64]=Oop [72]=Oop }
                      ;*getfield modCount {reexecute=1 rethrow=0 return_oop=0}
                      ; - (reexecute) java.util.HashMap$HashIterator::<init>@11 (line 1588)
                      ; - java.util.HashMap$KeyIterator::<init>@2 (line 1626)
                      ; - java.util.HashMap$KeySet::iterator@8 (line 991)
                      ; - java.util.HashSet::iterator@7 (line 182)
                      ; - java.util.Collections$UnmodifiableCollection$1::<init>@17 (line 1076)
                      ; - java.util.Collections$UnmodifiableCollection::iterator@5 (line 1075)
                      ; - org.eclipse.osgi.internal.loader.classpath.ClasspathManager::defineClass@258 (line 763)
  0x00007dfa0472f884: 78aa 65ff 

  0x00007dfa0472f888: ;   {other}
  0x00007dfa0472f888: 0f1f 8400 | f841 007f | bef6 ffff | ff48 8b6c | 2420 4c8b | 5424 284c | 8954 2420 | 4c8b 5424 
  0x00007dfa0472f8a8: 304c 8954 | 2428 4c8b | 5424 384c | 8954 2430 | 4c89 6c24 | 3848 8944 | 2440 6690 

  0x00007dfa0472f8c4: ;   {runtime_call UncommonTrapBlob}
  0x00007dfa0472f8c4: c5f8 77e8 

  0x00007dfa0472f8c8: ; ImmutableOopMap {rbp=Oop [32]=Oop [40]=Oop [48]=Oop [56]=Oop [64]=Oop [72]=Oop }
                      ;*getfield modCount {reexecute=1 rethrow=0 return_oop=0}
                      ; - (reexecute) java.util.HashMap$HashIterator::<init>@11 (line 1588)
                      ; - java.util.HashMap$KeyIterator::<init>@2 (line 1626)
                      ; - java.util.HashMap$KeySet::iterator@8 (line 991)
                      ; - java.util.HashSet::iterator@7 (line 182)
                      ; - java.util.Collections$UnmodifiableCollection$1::<init>@17 (line 1076)
                      ; - java.util.Collections$UnmodifiableCollection::iterator@5 (line 1075)
                      ; - org.eclipse.osgi.internal.loader.classpath.ClasspathManager::defineClass@576 (line 787)
  0x00007dfa0472f8c8: 34aa 65ff 

  0x00007dfa0472f8cc: ;   {other}
  0x00007dfa0472f8cc: 0f1f 8400 | 3c42 0080 | bef6 ffff | ff49 8be8 | 4c8b 5424 | 284c 8954 | 2420 4c8b | 5424 304c 
  0x00007dfa0472f8ec: 8954 2428 | 4c8b 5424 | 384c 8954 | 2430 6690 

  0x00007dfa0472f8fc: ;   {runtime_call UncommonTrapBlob}
  0x00007dfa0472f8fc: c5f8 77e8 

  0x00007dfa0472f900: ; ImmutableOopMap {rbp=Oop [32]=Oop [40]=Oop [48]=Oop [64]=Oop [72]=Oop }
                      ;*invokevirtual getBundleInfo {reexecute=0 rethrow=0 return_oop=0}
                      ; - org.eclipse.osgi.internal.loader.classpath.ClasspathManager::definePackage@59 (line 833)
                      ; - org.eclipse.osgi.internal.loader.classpath.ClasspathManager::defineClass@9 (line 732)
  0x00007dfa0472f900: fca9 65ff 

  0x00007dfa0472f904: ;   {other}
  0x00007dfa0472f904: 0f1f 8400 | 7442 0081 | bef6 ffff | ff49 8be8 | 4c8b 5424 | 284c 8954 | 2420 4c8b | 5424 304c 
  0x00007dfa0472f924: 8954 2428 | 4c8b 5424 | 384c 8954 | 2430 6690 

  0x00007dfa0472f934: ;   {runtime_call UncommonTrapBlob}
  0x00007dfa0472f934: c5f8 77e8 

  0x00007dfa0472f938: ; ImmutableOopMap {rbp=Oop [32]=Oop [40]=Oop [48]=Oop [64]=Oop [72]=Oop }
                      ;*invokevirtual getStorage {reexecute=0 rethrow=0 return_oop=0}
                      ; - org.eclipse.osgi.internal.loader.classpath.ClasspathManager::definePackage@62 (line 833)
                      ; - org.eclipse.osgi.internal.loader.classpath.ClasspathManager::defineClass@9 (line 732)
  0x00007dfa0472f938: c4a9 65ff 

  0x00007dfa0472f93c: ;   {other}
  0x00007dfa0472f93c: 0f1f 8400 | ac42 0082 | bef6 ffff | ff49 8be8 | 4c8b 5424 | 284c 8954 | 2420 4c8b | 5424 304c 
  0x00007dfa0472f95c: 8954 2428 | 4c8b 5424 | 384c 8954 | 2430 6690 

  0x00007dfa0472f96c: ;   {runtime_call UncommonTrapBlob}
  0x00007dfa0472f96c: c5f8 77e8 

  0x00007dfa0472f970: ; ImmutableOopMap {rbp=Oop [32]=Oop [40]=Oop [48]=Oop [64]=Oop [72]=Oop }
                      ;*invokevirtual getConfiguration {reexecute=0 rethrow=0 return_oop=0}
                      ; - org.eclipse.osgi.internal.loader.classpath.ClasspathManager::definePackage@65 (line 833)
                      ; - org.eclipse.osgi.internal.loader.classpath.ClasspathManager::defineClass@9 (line 732)
  0x00007dfa0472f970: 8ca9 65ff 

  0x00007dfa0472f974: ;   {other}
  0x00007dfa0472f974: 0f1f 8400 | e442 0083 | bef6 ffff | ff49 8be8 | 4c8b 5424 | 284c 8954 | 2420 4c8b | 5424 304c 
  0x00007dfa0472f994: 8954 2428 | 4c8b 5424 | 384c 8954 | 2430 6690 

  0x00007dfa0472f9a4: ;   {runtime_call UncommonTrapBlob}
  0x00007dfa0472f9a4: c5f8 77e8 

  0x00007dfa0472f9a8: ; ImmutableOopMap {rbp=Oop [32]=Oop [40]=Oop [48]=Oop [64]=Oop [72]=Oop }
                      ;*invokevirtual getConfiguration {reexecute=0 rethrow=0 return_oop=0}
                      ; - org.eclipse.osgi.storage.Storage::getConfiguration@4 (line 600)
                      ; - org.eclipse.osgi.internal.loader.classpath.ClasspathManager::definePackage@65 (line 833)
                      ; - org.eclipse.osgi.internal.loader.classpath.ClasspathManager::defineClass@9 (line 732)
  0x00007dfa0472f9a8: 54a9 65ff 

  0x00007dfa0472f9ac: ;   {other}
  0x00007dfa0472f9ac: 0f1f 8400 | 1c43 0084 | bef6 ffff | ff49 8be8 | 4c8b 5424 | 284c 8954 | 2420 4c8b | 5424 304c 
  0x00007dfa0472f9cc: 8954 2428 | 4c8b 5424 | 384c 8954 | 2430 6690 

  0x00007dfa0472f9dc: ;   {runtime_call UncommonTrapBlob}
  0x00007dfa0472f9dc: c5f8 77e8 

  0x00007dfa0472f9e0: ; ImmutableOopMap {rbp=Oop [32]=Oop [40]=Oop [48]=Oop [64]=Oop [72]=Oop }
                      ;*getfield DEFINE_PACKAGE_ATTRIBUTES {reexecute=1 rethrow=0 return_oop=0}
                      ; - (reexecute) org.eclipse.osgi.internal.loader.classpath.ClasspathManager::definePackage@68 (line 833)
                      ; - org.eclipse.osgi.internal.loader.classpath.ClasspathManager::defineClass@9 (line 732)
  0x00007dfa0472f9e0: 1ca9 65ff 

  0x00007dfa0472f9e4: ;   {other}
  0x00007dfa0472f9e4: 0f1f 8400 | 5443 0085 | bef6 ffff | ff4c 8b54 | 2428 4c89 | 5424 204c | 8b54 2430 | 4c89 5424 
  0x00007dfa0472fa04: 284c 8b54 | 2438 4c89 | 5424 3090 

  0x00007dfa0472fa10: ;   {runtime_call UncommonTrapBlob}
  0x00007dfa0472fa10: c5f8 77e8 

  0x00007dfa0472fa14: ; ImmutableOopMap {rbp=Oop [32]=Oop [40]=Oop [48]=Oop [64]=Oop [72]=Oop }
                      ;*invokevirtual getSpecification {reexecute=0 rethrow=0 return_oop=0}
                      ; - org.eclipse.osgi.internal.loader.classpath.ClasspathManager::definePackage@84 (line 836)
                      ; - org.eclipse.osgi.internal.loader.classpath.ClasspathManager::defineClass@9 (line 732)
  0x00007dfa0472fa14: e8a8 65ff 

  0x00007dfa0472fa18: ;   {other}
  0x00007dfa0472fa18: 0f1f 8400 | 8843 0086 | bef6 ffff | ff4c 8b54 | 2428 4c89 | 5424 204c | 8b54 2430 | 4c89 5424 
  0x00007dfa0472fa38: 284c 8b54 | 2438 4c89 | 5424 3090 

  0x00007dfa0472fa44: ;   {runtime_call UncommonTrapBlob}
  0x00007dfa0472fa44: c5f8 77e8 

  0x00007dfa0472fa48: ; ImmutableOopMap {rbp=Oop [32]=Oop [40]=Oop [48]=Oop [64]=Oop [72]=Oop }
                      ;*invokevirtual getTitle {reexecute=0 rethrow=0 return_oop=0}
                      ; - org.eclipse.osgi.internal.loader.classpath.ClasspathManager::definePackage@98 (line 838)
                      ; - org.eclipse.osgi.internal.loader.classpath.ClasspathManager::defineClass@9 (line 732)
  0x00007dfa0472fa48: b4a8 65ff 

  0x00007dfa0472fa4c: ;   {other}
  0x00007dfa0472fa4c: 0f1f 8400 | bc43 0087 | bef6 ffff | ff4c 8b54 | 2428 4c89 | 5424 204c | 8b54 2430 | 4c89 5424 
  0x00007dfa0472fa6c: 284c 8b54 | 2438 4c89 | 5424 3090 

  0x00007dfa0472fa78: ;   {runtime_call UncommonTrapBlob}
  0x00007dfa0472fa78: c5f8 77e8 

  0x00007dfa0472fa7c: ; ImmutableOopMap {rbp=Oop [32]=Oop [40]=Oop [48]=Oop [64]=Oop [72]=Oop }
                      ;*invokevirtual getTitle {reexecute=0 rethrow=0 return_oop=0}
                      ; - org.eclipse.osgi.internal.loader.classpath.ClasspathManager::definePackage@119 (line 841)
                      ; - org.eclipse.osgi.internal.loader.classpath.ClasspathManager::defineClass@9 (line 732)
  0x00007dfa0472fa7c: 80a8 65ff 

  0x00007dfa0472fa80: ;   {other}
  0x00007dfa0472fa80: 0f1f 8400 | f043 0088 | bef6 ffff | ff49 8be9 | 4c8b 5424 | 284c 8954 | 2420 4c8b | 5424 304c 
  0x00007dfa0472faa0: 8954 2428 | 4c8b 5424 | 384c 8954 | 2430 4889 | 5c24 3848 | 894c 2440 

  0x00007dfa0472fab8: ;   {runtime_call UncommonTrapBlob}
  0x00007dfa0472fab8: c5f8 77e8 

  0x00007dfa0472fabc: ; ImmutableOopMap {rbp=Oop [32]=Oop [40]=Oop [48]=Oop [56]=Oop [64]=Oop [72]=Oop }
                      ;*getfield head {reexecute=1 rethrow=0 return_oop=0}
                      ; - (reexecute) java.util.LinkedHashMap$LinkedHashIterator::<init>@27 (line 1011)
                      ; - java.util.LinkedHashMap$LinkedKeyIterator::<init>@3 (line 1045)
                      ; - java.util.LinkedHashMap$LinkedKeySet::iterator@12 (line 700)
                      ; - java.util.HashSet::iterator@7 (line 182)
                      ; - java.util.Collections$UnmodifiableCollection$1::<init>@17 (line 1076)
                      ; - java.util.Collections$UnmodifiableCollection::iterator@5 (line 1075)
                      ; - org.eclipse.osgi.internal.loader.classpath.ClasspathManager::defineClass@258 (line 763)
  0x00007dfa0472fabc: 40a8 65ff 

  0x00007dfa0472fac0: ;   {other}
  0x00007dfa0472fac0: 0f1f 8400 | 3044 0089 | bef6 ffff | ff48 8b6c | 2420 4c8b | 5424 284c | 8954 2420 | 4c8b 5424 
  0x00007dfa0472fae0: 304c 8954 | 2428 4c8b | 5424 384c | 8954 2430 | 4c89 6c24 | 3848 8944 | 2440 6690 

  0x00007dfa0472fafc: ;   {runtime_call UncommonTrapBlob}
  0x00007dfa0472fafc: c5f8 77e8 

  0x00007dfa0472fb00: ; ImmutableOopMap {rbp=Oop [32]=Oop [40]=Oop [48]=Oop [56]=Oop [64]=Oop [72]=Oop }
                      ;*getfield head {reexecute=1 rethrow=0 return_oop=0}
                      ; - (reexecute) java.util.LinkedHashMap$LinkedHashIterator::<init>@27 (line 1011)
                      ; - java.util.LinkedHashMap$LinkedKeyIterator::<init>@3 (line 1045)
                      ; - java.util.LinkedHashMap$LinkedKeySet::iterator@12 (line 700)
                      ; - java.util.HashSet::iterator@7 (line 182)
                      ; - java.util.Collections$UnmodifiableCollection$1::<init>@17 (line 1076)
                      ; - java.util.Collections$UnmodifiableCollection::iterator@5 (line 1075)
                      ; - org.eclipse.osgi.internal.loader.classpath.ClasspathManager::defineClass@576 (line 787)
  0x00007dfa0472fb00: fca7 65ff 

  0x00007dfa0472fb04: ;   {other}
  0x00007dfa0472fb04: 0f1f 8400 | 7444 008a | bef4 ffff | ff48 8b6c | 2420 6690 

  0x00007dfa0472fb18: ;   {runtime_call UncommonTrapBlob}
  0x00007dfa0472fb18: c5f8 77e8 

  0x00007dfa0472fb1c: ; ImmutableOopMap {rbp=Oop [24]=Oop [48]=Oop [56]=Oop [72]=Oop [96]=Oop [112]=Oop }
                      ;*checkcast {reexecute=0 rethrow=0 return_oop=0}
                      ; - org.eclipse.osgi.internal.loader.classpath.ClasspathManager::defineClass@514 (line 787)
  0x00007dfa0472fb1c: e0a7 65ff 

  0x00007dfa0472fb20: ;   {other}
  0x00007dfa0472fb20: 0f1f 8400 | 9044 008b | bef6 ffff | ff49 8be9 | 4c8b 5424 | 484c 8954 | 2418 4c8b | 5424 284c 
  0x00007dfa0472fb40: 8954 2420 | 4c8b 5424 | 304c 8954 | 2428 4c8b | 5424 384c | 8954 2430 | 4c8b 5424 | 404c 8954 
  0x00007dfa0472fb60: 2438 4c89 | 5c24 4890 

  0x00007dfa0472fb68: ;   {runtime_call UncommonTrapBlob}
  0x00007dfa0472fb68: c5f8 77e8 

  0x00007dfa0472fb6c: ; ImmutableOopMap {rbp=Oop [24]=Oop [32]=Oop [40]=Oop [48]=Oop [56]=Oop [72]=Oop }
                      ;*invokevirtual set {reexecute=0 rethrow=0 return_oop=0}
                      ; - org.eclipse.osgi.internal.loader.classpath.ClasspathManager::defineClass@44 (line 736)
  0x00007dfa0472fb6c: 90a7 65ff 

  0x00007dfa0472fb70: ;   {other}
  0x00007dfa0472fb70: 0f1f 8400 | e044 008c | bef6 ffff | ff48 8b6c | 2420 6690 

  0x00007dfa0472fb84: ;   {runtime_call UncommonTrapBlob}
  0x00007dfa0472fb84: c5f8 77e8 

  0x00007dfa0472fb88: ; ImmutableOopMap {rbp=Oop [24]=Oop [48]=Oop [56]=Oop [72]=Oop [112]=Oop }
                      ;*invokeinterface iterator {reexecute=0 rethrow=0 return_oop=0}
                      ; - org.eclipse.osgi.internal.loader.classpath.ClasspathManager::defineClass@497 (line 787)
  0x00007dfa0472fb88: 74a7 65ff 

  0x00007dfa0472fb8c: ;   {other}
  0x00007dfa0472fb8c: 0f1f 8400 | fc44 008d | bef6 ffff | ff48 8b6c | 2420 6690 

  0x00007dfa0472fba0: ;   {runtime_call UncommonTrapBlob}
  0x00007dfa0472fba0: c5f8 77e8 

  0x00007dfa0472fba4: ; ImmutableOopMap {rbp=Oop [24]=Oop [48]=Oop [56]=Oop [72]=Oop [112]=Oop }
                      ;*invokeinterface iterator {reexecute=0 rethrow=0 return_oop=0}
                      ; - java.util.Collections$UnmodifiableCollection$1::<init>@17 (line 1076)
                      ; - java.util.Collections$UnmodifiableCollection::iterator@5 (line 1075)
                      ; - org.eclipse.osgi.internal.loader.classpath.ClasspathManager::defineClass@497 (line 787)
  0x00007dfa0472fba4: 58a7 65ff 

  0x00007dfa0472fba8: ;   {other}
  0x00007dfa0472fba8: 0f1f 8400 | 1845 008e | bef6 ffff | ff48 8b6c | 2420 6690 

  0x00007dfa0472fbbc: ;   {runtime_call UncommonTrapBlob}
  0x00007dfa0472fbbc: c5f8 77e8 

  0x00007dfa0472fbc0: ; ImmutableOopMap {rbp=Oop [24]=Oop [48]=Oop [56]=Oop [72]=Oop [112]=Oop }
                      ;*invokevirtual keySet {reexecute=0 rethrow=0 return_oop=0}
                      ; - java.util.HashSet::iterator@4 (line 182)
                      ; - java.util.Collections$UnmodifiableCollection$1::<init>@17 (line 1076)
                      ; - java.util.Collections$UnmodifiableCollection::iterator@5 (line 1075)
                      ; - org.eclipse.osgi.internal.loader.classpath.ClasspathManager::defineClass@497 (line 787)
  0x00007dfa0472fbc0: 3ca7 65ff 

  0x00007dfa0472fbc4: ;   {other}
  0x00007dfa0472fbc4: 0f1f 8400 | 3445 008f | bef6 ffff | ff48 8b6c | 2420 6690 

  0x00007dfa0472fbd8: ;   {runtime_call UncommonTrapBlob}
  0x00007dfa0472fbd8: c5f8 77e8 

  0x00007dfa0472fbdc: ; ImmutableOopMap {rbp=Oop [24]=Oop [48]=Oop [56]=Oop [72]=Oop [112]=Oop }
                      ;*getfield modCount {reexecute=1 rethrow=0 return_oop=0}
                      ; - (reexecute) java.util.HashMap$HashIterator::<init>@11 (line 1588)
                      ; - java.util.HashMap$KeyIterator::<init>@2 (line 1626)
                      ; - java.util.HashMap$KeySet::iterator@8 (line 991)
                      ; - java.util.HashSet::iterator@7 (line 182)
                      ; - java.util.Collections$UnmodifiableCollection$1::<init>@17 (line 1076)
                      ; - java.util.Collections$UnmodifiableCollection::iterator@5 (line 1075)
                      ; - org.eclipse.osgi.internal.loader.classpath.ClasspathManager::defineClass@497 (line 787)
  0x00007dfa0472fbdc: 20a7 65ff 

  0x00007dfa0472fbe0: ;   {other}
  0x00007dfa0472fbe0: 0f1f 8400 | 5045 0090 | be97 ffff | ff66 6690 

  0x00007dfa0472fbf0: ;   {runtime_call UncommonTrapBlob}
  0x00007dfa0472fbf0: c5f8 77e8 

  0x00007dfa0472fbf4: ; ImmutableOopMap {rbp=NarrowOop [24]=Oop [32]=Oop [40]=Oop [48]=Oop [56]=Oop [64]=Oop [88]=Oop }
                      ;*invokevirtual clone {reexecute=1 rethrow=0 return_oop=0}
                      ; - (reexecute) java.util.Arrays::copyOfRange@18 (line 3856)
                      ; - java.lang.StringLatin1::newString@16 (line 752)
                      ; - java.lang.String::substring@41 (line 2839)
                      ; - org.eclipse.osgi.internal.loader.classpath.ClasspathManager::definePackage@15 (line 823)
                      ; - org.eclipse.osgi.internal.loader.classpath.ClasspathManager::defineClass@9 (line 732)
  0x00007dfa0472fbf4: 08a7 65ff 

  0x00007dfa0472fbf8: ;   {other}
  0x00007dfa0472fbf8: 0f1f 8400 | 6845 0091 | bef6 ffff | ff48 8b6c | 2420 6690 

  0x00007dfa0472fc0c: ;   {runtime_call UncommonTrapBlob}
  0x00007dfa0472fc0c: c5f8 77e8 

  0x00007dfa0472fc10: ; ImmutableOopMap {rbp=Oop [24]=Oop [40]=Oop [48]=Oop [56]=Oop [72]=Oop [88]=Oop }
                      ;*invokeinterface remove {reexecute=0 rethrow=0 return_oop=0}
                      ; - org.eclipse.osgi.internal.loader.classpath.ClasspathManager::defineClass@440 (line 780)
  0x00007dfa0472fc10: eca6 65ff 

  0x00007dfa0472fc14: ;   {other}
  0x00007dfa0472fc14: 0f1f 8400 | 8445 0092 | bef6 ffff | ff48 8b6c | 2420 6690 

  0x00007dfa0472fc28: ;   {runtime_call UncommonTrapBlob}
  0x00007dfa0472fc28: c5f8 77e8 

  0x00007dfa0472fc2c: ; ImmutableOopMap {rbp=Oop [24]=Oop [48]=Oop [56]=Oop [72]=Oop [112]=Oop }
                      ;*getfield head {reexecute=1 rethrow=0 return_oop=0}
                      ; - (reexecute) java.util.LinkedHashMap$LinkedHashIterator::<init>@27 (line 1011)
                      ; - java.util.LinkedHashMap$LinkedKeyIterator::<init>@3 (line 1045)
                      ; - java.util.LinkedHashMap$LinkedKeySet::iterator@12 (line 700)
                      ; - java.util.HashSet::iterator@7 (line 182)
                      ; - java.util.Collections$UnmodifiableCollection$1::<init>@17 (line 1076)
                      ; - java.util.Collections$UnmodifiableCollection::iterator@5 (line 1075)
                      ; - org.eclipse.osgi.internal.loader.classpath.ClasspathManager::defineClass@497 (line 787)
  0x00007dfa0472fc2c: d0a6 65ff 

  0x00007dfa0472fc30: ;   {other}
  0x00007dfa0472fc30: 0f1f 8400 | a045 0093 | eb6c eb6a | eb68 eb66 | 4889 4424 | 184c 8b54 | 2428 4c89 | 5424 7041 
  0x00007dfa0472fc50: b901 0000 | 0041 b802 | 0000 00e9 | 4904 0000 | e971 0100 | 00e9 7601 | 0000 eb04 | eb02 eb00 
  0x00007dfa0472fc70: 4889 4424 | 184c 8b54 | 2428 4c89 | 5424 7041 | b901 0000 | 0041 b802 | 0000 00e9 | 1904 0000 
  0x00007dfa0472fc90: eb1c 488b | d8e9 8b02 | 0000 e937 | 0100 00e9 | 3c01 0000 | eb00 488b | f0e9 b307 | 0000 4889 
  0x00007dfa0472fcb0: 4424 184c | 8b54 2428 | 4c89 5424 | 7044 8b8c | 24b0 0000 | 0044 8b84 | 24b4 0000 | 00e9 d703 
  0x00007dfa0472fcd0: 0000 4889 | 4424 184c | 8b54 2428 | 4c89 5424 | 7044 8b8c | 24b0 0000 | 0044 8b84 | 24b4 0000 
  0x00007dfa0472fcf0: 00e9 b303 | 0000 488b | d8e9 e701 | 0000 e9d3 | 0000 00e9 | d800 0000 | 488b d8e9 | d501 0000 
  0x00007dfa0472fd10: 4889 4424 | 18e9 b702 | 0000 488b | d8e9 0302 | 0000 488b | d8e9 fb01 | 0000 488b 

  0x00007dfa0472fd2c: ;   {no_reloc}
  0x00007dfa0472fd2c: f0e9 2f07 | 0000 4889 | 4424 184c | 8b54 2428 | 4c89 5424 | 7041 b901 | 0000 0041 | b802 0000 
  0x00007dfa0472fd4c: 00e9 5703 | 0000 488b | f0e9 0707 | 0000 488b | f0e9 ff06 | 0000 488b | f0e9 f706 | 0000 e9ab 
  0x00007dfa0472fd6c: 0000 0049 | 8baf b801 | 0000 4c8b | d549 83c2 | 104d 3b97 | c801 0000 | 0f83 120a | 0000 4d89 
  0x00007dfa0472fd8c: 97b8 0100 | 0041 0f0d | 8ac0 0000 | 0048 c745 | 0001 0000 

  0x00007dfa0472fda0: ;   {metadata('java/util/HashMap$KeySet')}
  0x00007dfa0472fda0: 00c7 4508 | 9023 1b00 | 4489 650c | 4c8b d944 | 895d 0c4c | 8bdd 4489 | 590c 4c8b | d149 c1ea 
  0x00007dfa0472fdc0: 0949 bb00 | 4051 18fa | 7d00 0047 | 8824 13e9 | 7d03 0000 | eb00 488b | f0e9 8306 | 0000 eb00 
  0x00007dfa0472fde0: 4889 4424 | 184c 8b54 | 2428 4c89 | 5424 7041 | b901 0000 | 0041 b802 | 0000 00e9 | a902 0000 
  0x00007dfa0472fe00: 488b d8e9 | dd00 0000 | 488b d8e9 | d500 0000 | 488b d8eb | 3048 8bd8 | eb2b 4889 | 4424 184c 
  0x00007dfa0472fe20: 8b54 2428 | 4c89 5424 | 7041 b901 | 0000 0041 | b802 0000 | 00e9 6f02 | 0000 488b | f0e9 1f06 
  0x00007dfa0472fe40: 0000 488b | d84c 8b5c | 2418 488d | 8424 c000 | 0000 4883 | 3800 0f84 | 7900 0000 | 4d8b 1341 
  0x00007dfa0472fe60: f6c2 020f | 8462 0000 | 0049 83ba | 8600 0000 | 0074 0949 | ff8a 8600 | 0000 eb4b | 498b 8296 
  0x00007dfa0472fe80: 0000 0049 | 0b82 8e00 | 0000 750a | 49c7 423e | 0000 0000 | eb3d 4983 | ba9e 0000 | 0000 7422 
  0x00007dfa0472fea0: ;   {no_reloc}
  0x00007dfa0472fea0: 4833 c049 | c742 3e00 | 0000 00f0 | 8304 2400 | 4983 ba9e | 0000 0000 | 750d f04d | 0fb1 7a3e 
  0x00007dfa0472fec0: 7505 83c8 | 01eb 0ca8 | 00eb 084c | 8b10 f04d | 0fb1 1375 | 0a49 ff8f | 4805 0000 | 4533 d20f 
  0x00007dfa0472fee0: 854c 0900 | 0048 895c | 2418 4c8b | 5424 284c | 8954 2470 | 41b9 0100 | 0000 41b8 | 0200 0000 
  0x00007dfa0472ff00: e9a4 0100 | 0048 8bf0 | e954 0500 | 0048 8bf0 | e94c 0500 | 0048 8bf0 | e944 0500 | 0048 8bd8 
  0x00007dfa0472ff20: eb03 488b | d84c 8b5c | 2470 488d | 8424 c000 | 0000 4883 | 3800 0f84 | 7900 0000 | 4d8b 1341 
  0x00007dfa0472ff40: f6c2 020f | 8462 0000 | 0049 83ba | 8600 0000 | 0074 0949 | ff8a 8600 | 0000 eb4b | 498b 8296 
  0x00007dfa0472ff60: 0000 0049 | 0b82 8e00 | 0000 750a | 49c7 423e | 0000 0000 | eb3d 4983 | ba9e 0000 | 0000 7422 
  0x00007dfa0472ff80: 4833 c049 | c742 3e00 | 0000 00f0 | 8304 2400 | 4983 ba9e | 0000 0000 | 750d f04d 

  0x00007dfa0472ff9c: ;   {no_reloc}
  0x00007dfa0472ff9c: 0fb1 7a3e | 7505 83c8 | 01eb 0ca8 | 00eb 084c | 8b10 f04d | 0fb1 1375 | 0a49 ff8f | 4805 0000 
  0x00007dfa0472ffbc: 4533 d20f | 853f 0800 | 0048 895c | 2418 eb05 | 4889 4424 | 184c 8b54 | 2460 418b | 6a10 448b 
  0x00007dfa0472ffdc: ;   {metadata('java/util/ArrayList')}
  0x00007dfa0472ffdc: 5d08 4181 | fbb0 b20b | 000f 8504 | 0800 0048 | 8bf5 488b | 5424 4848 | 8b6c 2420 

  0x00007dfa0472fff8: ;   {optimized virtual_call}
  0x00007dfa0472fff8: c5f8 77e8 

  0x00007dfa0472fffc: ; ImmutableOopMap {rbp=Oop [24]=Oop [32]=Oop [40]=Oop [48]=Oop [56]=Oop [64]=Oop [72]=Oop [88]=Oop }
                      ;*invokeinterface remove {reexecute=0 rethrow=0 return_oop=0}
                      ; - org.eclipse.osgi.internal.loader.classpath.ClasspathManager::defineClass@440 (line 780)
  0x00007dfa0472fffc: 8050 65ff 

  0x00007dfa04730000: ;   {other}
  0x00007dfa04730000: 0f1f 8400 | 7049 0094 | 4c8b 5424 | 284c 8954 | 2470 448b | 8c24 b000 | 0000 448b | 8424 b400 
  0x00007dfa04730020: 0000 e982 | 0000 0048 | 8944 2418 | 4c8b 5424 | 284c 8954 | 2470 448b | 8c24 b000 | 0000 448b 
  0x00007dfa04730040: 8424 b400 | 0000 eb61 | 4889 4424 | 184c 8b54 | 2428 4c89 | 5424 7044 | 8b8c 24b0 | 0000 0044 
  0x00007dfa04730060: 8b84 24b4 | 0000 00eb | 4048 8944 | 2418 4c8b | 5424 284c | 8954 2470 | 448b 8c24 | b000 0000 
  0x00007dfa04730080: 448b 8424 | b400 0000 | eb1f 4889 | 4424 184c | 8b54 2428 | 4c89 5424 | 7044 8b8c | 24b0 0000 
  0x00007dfa047300a0: 0044 8b84 | 24b4 0000 | 004c 8b54 | 2440 458b 

  0x00007dfa047300b0: ;   {metadata('java/util/Collections$UnmodifiableRandomAccessList')}
  0x00007dfa047300b0: 5a08 4181 | fbc8 ee1c | 000f 85dd | 0500 0048 | 8b6c 2440 | 498b 87b8 | 0100 004c | 8bd0 4983 
  0x00007dfa047300d0: c218 4d3b | 97c8 0100 | 000f 839c | 0400 004d | 8997 b801 | 0000 410f | 0d8a c000 | 0000 48c7 
  0x00007dfa047300f0: 0001 0000 

  0x00007dfa047300f4: ;   {metadata('java/util/Collections$UnmodifiableCollection$1')}
  0x00007dfa047300f4: 00c7 4008 | 10bf 1d00 | 4489 600c | 4489 6014 | 8b4d 0c4c | 8bd5 4489 | 5010 4c8b | d04c 8954 
  0x00007dfa04730114: 2460 448b | 5108 488b 

  0x00007dfa0473011c: ;   {metadata('java/util/HashSet')}
  0x00007dfa0473011c: f141 81fa | 30d3 0d00 | 0f85 4703 | 0000 8b6e | 0c44 8b5d | 0848 8bcd 

  0x00007dfa04730134: ;   {metadata('java/util/HashMap')}
  0x00007dfa04730134: 4181 fb10 | d108 000f | 8557 0300 | 0044 8b51 | 0c45 85d2 | 0f84 21fc | ffff 498b | ea44 8b55 
  0x00007dfa04730154: ;   {metadata('java/util/HashMap$KeySet')}
  0x00007dfa04730154: 0841 81fa | 9023 1b00 | 0f85 8503 | 0000 4d8b | 9fb8 0100 | 004d 8bd3 | 4983 c220 | 4d3b 97c8 
  0x00007dfa04730174: 0100 000f | 8332 0400 | 004d 8997 | b801 0000 | 410f 0d8a | c000 0000 | 49c7 0301 

  0x00007dfa04730190: ;   {metadata('java/util/HashMap$KeyIterator')}
  0x00007dfa04730190: 0000 0041 | c743 0890 | 661b 0045 | 8963 0c4d | 8963 104d | 8963 1844 | 8b55 0c45 | 8953 1c41 
  0x00007dfa047301b0: 8b4a 2441 | 8b7a 1841 | 897b 0c85 | c90f 84bb | 0100 0041 | 8b5a 1485 | db0f 8eaf | 0100 008b 
  0x00007dfa047301d0: 590c 85db | 0f86 9205 | 0000 81fb | feff ff7f | 0f8f d204 | 0000 8d7b | 0144 3bc7 | 440f 4fc7 
  0x00007dfa047301f0: 4963 d041 | 83f8 ff49 | c7c2 ffff | ffff 490f | 4cd2 448b | d244 3bd7 | 440f 4fd7 | 4589 4b10 
  0x00007dfa04730210: 448b 4424 | 5044 3bc3 | 0f83 2e04 | 0000 468b | 4481 1045 | 8943 1449 | 8bd3 48c1 | ea09 48be 
  0x00007dfa04730230: 0040 5118 | fa7d 0000 | 4488 2416 | 4585 c00f | 8539 0100 | 0045 8d41 | 0145 3bc2 | 7d0a 4489 
  0x00007dfa04730250: 4c24 5045 | 8bc8 ebb4 | 4863 d348 | 63f7 488d | 42ff 48ff | ce48 81fe | 0000 0080 | 49c7 c200 
  0x00007dfa04730270: 0000 8049 | 0f4c f248 | 3bd6 480f | 4cf2 4883 | c6fe 4881 | fe00 0000 | 8049 0f4c | f248 3bc6 
  0x00007dfa04730290: ;   {no_reloc}
  0x00007dfa04730290: 480f 4cf0 | 8bf6 443b | c60f 8dd1 | 0000 0045 | 8bc1 41ff | c066 6666 | 0f1f 8400 | 0000 0000 
  0x00007dfa047302b0: 4589 4310 | 443b cb0f | 8394 0300 | 0046 8b54 | 8910 4589 | 5314 4d8b | cb49 c1e9 | 0948 ba00 
  0x00007dfa047302d0: 4051 18fa | 7d00 0046 | 8824 0a45 | 85d2 0f85 | 9a00 0000 | 428b 4481 | 1041 8943 | 144d 8bd3 
  0x00007dfa047302f0: 458d 4801 | 4589 4b10 | 49c1 ea09 | 49b9 0040 | 5118 fa7d | 0000 4788 | 2411 85c0 | 7570 428b 
  0x00007dfa04730310: 5481 1441 | 8953 144d | 8bd3 458d | 4802 4589 | 4b10 49c1 | ea09 49b9 | 0040 5118 | fa7d 0000 
  0x00007dfa04730330: 4788 2411 | 85d2 7546 | 468b 5481 | 1845 8953 | 1449 8bd3 | 458d 4803 | 4589 4b10 | 48c1 ea09 
  0x00007dfa04730350: 48b8 0040 | 5118 fa7d | 0000 4488 | 2410 4585 | d275 1b41 | 83c0 0444 | 3bc6 0f8c | 40ff ffff 
  0x00007dfa04730370: 443b c70f | 8d8f 0500 | 00e9 7f03 | 0000 4d8b | d34c 8b5c | 2460 4589 | 530c 4d8b | d349 c1ea 
  0x00007dfa04730390: ;   {no_reloc}
  0x00007dfa04730390: 0949 bb00 | 4051 18fa | 7d00 0047 | 8824 1348 | 8b74 2460 

  0x00007dfa047303a4: ;   {optimized virtual_call}
  0x00007dfa047303a4: c5f8 77e8 

  0x00007dfa047303a8: ; ImmutableOopMap {[24]=Oop [32]=Oop [48]=Oop [56]=Oop [72]=Oop [96]=Oop [112]=Oop }
                      ;*invokeinterface hasNext {reexecute=0 rethrow=0 return_oop=0}
                      ; - org.eclipse.osgi.internal.loader.classpath.ClasspathManager::defineClass@534 (line 787)
  0x00007dfa047303a8: d44c 65ff 

  0x00007dfa047303ac: ;   {other}
  0x00007dfa047303ac: 0f1f 8400 | 1c4d 0095 | 85c0 0f84 | a000 0000 | 0f1f 4000 | 488b 7424 | 6066 6690 

  0x00007dfa047303c8: ;   {optimized virtual_call}
  0x00007dfa047303c8: c5f8 77e8 

  0x00007dfa047303cc: ; ImmutableOopMap {[24]=Oop [32]=Oop [48]=Oop [56]=Oop [72]=Oop [96]=Oop [112]=Oop }
                      ;*invokeinterface next {reexecute=0 rethrow=0 return_oop=1}
                      ; - org.eclipse.osgi.internal.loader.classpath.ClasspathManager::defineClass@509 (line 787)
  0x00007dfa047303cc: b04c 65ff 

  0x00007dfa047303d0: ;   {other}
  0x00007dfa047303d0: 0f1f 8400 | 404d 0096 

  0x00007dfa047303d8: ; implicit exception: dispatches to 0x00007dfa0472fb0c
  0x00007dfa047303d8: 448b 5808 | 49ba 0000 | 00ae f97d | 0000 4d03 | d34d 8b52 

  0x00007dfa047303ec: ;   {metadata('org/eclipse/osgi/internal/hookregistry/ClassLoaderHook')}
  0x00007dfa047303ec: 3849 bbf8 | 3502 b4f9 | 7d00 004d | 3bd3 0f85 | ff01 0000 | 488b f048 | 8b54 2448 | 33c9 4c8b 
  0x00007dfa0473040c: 4424 704c | 8b4c 2430 | 488b 7c24 | 384c 8b54 | 2420 4c89 | 1424 c5f8 | 7748 b8ff | ffff ffff 
  0x00007dfa0473042c: ;   {virtual_call}
  0x00007dfa0473042c: ffff ffe8 

  0x00007dfa04730430: ; ImmutableOopMap {[24]=Oop [32]=Oop [48]=Oop [56]=Oop [72]=Oop [96]=Oop [112]=Oop }
                      ;*invokevirtual recordClassDefine {reexecute=0 rethrow=0 return_oop=0}
                      ; - org.eclipse.osgi.internal.loader.classpath.ClasspathManager::defineClass@529 (line 788)
  0x00007dfa04730430: 4c4f 65ff 

  0x00007dfa04730434: ;   {other}
  0x00007dfa04730434: 0f1f 8400 | a44d 0097 | 488b 7424 | 6066 6690 

  0x00007dfa04730444: ;   {optimized virtual_call}
  0x00007dfa04730444: c5f8 77e8 

  0x00007dfa04730448: ; ImmutableOopMap {[24]=Oop [32]=Oop [48]=Oop [56]=Oop [72]=Oop [96]=Oop [112]=Oop }
                      ;*invokeinterface hasNext {reexecute=0 rethrow=0 return_oop=0}
                      ; - org.eclipse.osgi.internal.loader.classpath.ClasspathManager::defineClass@534 (line 787)
  0x00007dfa04730448: 344c 65ff 

  0x00007dfa0473044c: ;   {other}
  0x00007dfa0473044c: 0f1f 8400 | bc4d 0098 | 85c0 0f85 | 64ff ffff | 488b 7424 | 18c5 f877 | 4881 c4d0 | 0000 005d 
  0x00007dfa0473046c: ;   {runtime_call _rethrow_Java}
  0x00007dfa0473046c: e98f 2a71 | ff48 8b6c | 2460 c5f8 | 7748 b8ff | ffff ffff 

  0x00007dfa04730480: ;   {virtual_call}
  0x00007dfa04730480: ffff ffe8 

  0x00007dfa04730484: ; ImmutableOopMap {rbp=Oop [24]=Oop [32]=Oop [48]=Oop [56]=Oop [72]=Oop [96]=Oop [112]=Oop }
                      ;*invokeinterface iterator {reexecute=0 rethrow=0 return_oop=1}
                      ; - java.util.Collections$UnmodifiableCollection$1::<init>@17 (line 1076)
                      ; - java.util.Collections$UnmodifiableCollection::iterator@5 (line 1075)
                      ; - org.eclipse.osgi.internal.loader.classpath.ClasspathManager::defineClass@497 (line 787)
  0x00007dfa04730484: f84e 65ff 

  0x00007dfa04730488: ;   {other}
  0x00007dfa04730488: 0f1f 8400 | f84d 0099 | 4c8b d8e9 | e6fe ffff 

  0x00007dfa04730498: ;   {metadata('java/util/LinkedHashMap')}
  0x00007dfa04730498: 4181 fb90 | cb0f 000f | 85d3 0300 | 004c 8b54 | 2460 4c89 | 5424 4044 | 8944 242c | 4489 4c24 
  0x00007dfa047304b8: 2848 8bf1 

  0x00007dfa047304bc: ;   {optimized virtual_call}
  0x00007dfa047304bc: c5f8 77e8 

  0x00007dfa047304c0: ; ImmutableOopMap {[24]=Oop [32]=Oop [48]=Oop [56]=Oop [64]=Oop [72]=Oop [96]=Oop [112]=Oop }
                      ;*invokevirtual sequencedKeySet {reexecute=0 rethrow=0 return_oop=1}
                      ; - java.util.LinkedHashMap::keySet@1 (line 628)
                      ; - java.util.HashSet::iterator@4 (line 182)
                      ; - java.util.Collections$UnmodifiableCollection$1::<init>@17 (line 1076)
                      ; - java.util.Collections$UnmodifiableCollection::iterator@5 (line 1075)
                      ; - org.eclipse.osgi.internal.loader.classpath.ClasspathManager::defineClass@497 (line 787)
  0x00007dfa047304c0: bc4b 65ff 

  0x00007dfa047304c4: ;   {other}
  0x00007dfa047304c4: 0f1f 8400 | 344e 009a | 488b e848 | 85c0 0f84 | 8403 0000 | 448b 4c24 | 2844 8b44 | 242c e96a 
  0x00007dfa047304e4: ;   {metadata('java/util/LinkedHashMap$LinkedKeySet')}
  0x00007dfa047304e4: fcff ff41 | 81fa e813 | 7a02 0f85 | b003 0000 | 4d8b 9fb8 | 0100 004d | 8bd3 4983 | c220 4d3b 
  0x00007dfa04730504: 97c8 0100 | 000f 8319 | 0100 004d | 8997 b801 | 0000 410f | 0d8a c000 | 0000 49c7 | 0301 0000 
  0x00007dfa04730524: ;   {metadata('java/util/LinkedHashMap$LinkedKeyIterator')}
  0x00007dfa04730524: 0041 c743 | 0848 5b08 | 0145 8963 | 0c4d 8963 | 104d 8963 | 1844 8b55 | 1045 8953 | 1c0f b66d 
  0x00007dfa04730544: 0c41 886b | 1085 ed0f | 8573 0300 | 0045 8b4a | 1845 894b | 0c45 8b52 | 3445 8953 | 144d 8bd3 
  0x00007dfa04730564: 49c1 ea09 | 49b8 0040 | 5118 fa7d | 0000 4788 | 2410 e903 | feff ff44 | 8944 242c | 4489 4c24 
  0x00007dfa04730584: ;   {metadata('java/util/Collections$UnmodifiableCollection$1')}
  0x00007dfa04730584: 2848 be10 | bf1d aef9 | 7d00 0090 

  0x00007dfa04730590: ;   {runtime_call _new_instance_Java}
  0x00007dfa04730590: c5f8 77e8 

  0x00007dfa04730594: ; ImmutableOopMap {rbp=Oop [24]=Oop [32]=Oop [48]=Oop [56]=Oop [72]=Oop [112]=Oop }
                      ;*new {reexecute=0 rethrow=0 return_oop=1}
                      ; - java.util.Collections$UnmodifiableCollection::iterator@0 (line 1075)
                      ; - org.eclipse.osgi.internal.loader.classpath.ClasspathManager::defineClass@497 (line 787)
  0x00007dfa04730594: 68d7 70ff 

  0x00007dfa04730598: ;   {other}
  0x00007dfa04730598: 0f1f 8400 | 084f 009b | 448b 4c24 | 2844 8b44 | 242c e955 | fbff ff48 | 896c 2458 | 4c8b 5424 
  0x00007dfa047305b8: 604c 8954 | 2440 4489 | 4424 2841 

  0x00007dfa047305c4: ;   {metadata('java/util/HashMap$KeyIterator')}
  0x00007dfa047305c4: 8be9 48be | 9066 1bae | f97d 0000 

  0x00007dfa047305d0: ;   {runtime_call _new_instance_Java}
  0x00007dfa047305d0: c5f8 77e8 

  0x00007dfa047305d4: ; ImmutableOopMap {[24]=Oop [32]=Oop [48]=Oop [56]=Oop [64]=Oop [72]=Oop [88]=Oop [112]=Oop }
                      ;*new {reexecute=0 rethrow=0 return_oop=1}
                      ; - java.util.HashMap$KeySet::iterator@0 (line 991)
                      ; - java.util.HashSet::iterator@7 (line 182)
                      ; - java.util.Collections$UnmodifiableCollection$1::<init>@17 (line 1076)
                      ; - java.util.Collections$UnmodifiableCollection::iterator@5 (line 1075)
                      ; - org.eclipse.osgi.internal.loader.classpath.ClasspathManager::defineClass@497 (line 787)
  0x00007dfa047305d4: 28d7 70ff 

  0x00007dfa047305d8: ;   {other}
  0x00007dfa047305d8: 0f1f 8400 | 484f 009c | 448b cd44 | 8b44 2428 | 4c8b 5c24 | 404c 895c | 2460 488b | 6c24 584c 
  0x00007dfa047305f8: 8bd8 e9a8 | fbff ffbe | deff ffff | 488b 6c24 | 204c 8b54 | 2448 4c89 | 5424 2048 | 8944 2448 
  0x00007dfa04730618: ;   {runtime_call UncommonTrapBlob}
  0x00007dfa04730618: c5f8 77e8 

  0x00007dfa0473061c: ; ImmutableOopMap {rbp=Oop [24]=Oop [32]=Oop [48]=Oop [56]=Oop [72]=Oop [96]=Oop [112]=Oop }
                      ;*checkcast {reexecute=0 rethrow=0 return_oop=0}
                      ; - org.eclipse.osgi.internal.loader.classpath.ClasspathManager::defineClass@514 (line 787)
  0x00007dfa0473061c: e09c 65ff 

  0x00007dfa04730620: ;   {other}
  0x00007dfa04730620: 0f1f 8400 | 904f 009d 

  0x00007dfa04730628: ;   {metadata('java/util/LinkedHashMap$LinkedKeyIterator')}
  0x00007dfa04730628: 48be 485b | 08af f97d | 0000 6690 

  0x00007dfa04730634: ;   {runtime_call _new_instance_Java}
  0x00007dfa04730634: c5f8 77e8 

  0x00007dfa04730638: ; ImmutableOopMap {rbp=Oop [24]=Oop [32]=Oop [48]=Oop [56]=Oop [72]=Oop [96]=Oop [112]=Oop }
                      ;*new {reexecute=0 rethrow=0 return_oop=1}
                      ; - java.util.LinkedHashMap$LinkedKeySet::iterator@0 (line 700)
                      ; - java.util.HashSet::iterator@7 (line 182)
                      ; - java.util.Collections$UnmodifiableCollection$1::<init>@17 (line 1076)
                      ; - java.util.Collections$UnmodifiableCollection::iterator@5 (line 1075)
                      ; - org.eclipse.osgi.internal.loader.classpath.ClasspathManager::defineClass@497 (line 787)
  0x00007dfa04730638: c4d6 70ff 

  0x00007dfa0473063c: ;   {other}
  0x00007dfa0473063c: 0f1f 8400 | ac4f 009e | 4c8b d8e9 | edfe ffff | 448b 4c24 | 50be e4ff | ffff 488b | 6c24 204c 
  0x00007dfa0473065c: 8b54 2448 | 4c89 5424 | 204c 8b54 | 2470 4c89 | 5424 284c | 8b54 2460 | 4c89 5424 | 484c 895c 
  0x00007dfa0473067c: 2458 4c89 | 5c24 6889 | 4c24 6444 | 894c 2470 

  0x00007dfa0473068c: ;   {runtime_call UncommonTrapBlob}
  0x00007dfa0473068c: c5f8 77e8 

  0x00007dfa04730690: ; ImmutableOopMap {rbp=Oop [24]=Oop [32]=Oop [40]=Oop [48]=Oop [56]=Oop [72]=Oop [88]=Oop [100]=NarrowOop [104]=Oop }
                      ;*aaload {reexecute=0 rethrow=0 return_oop=0}
                      ; - java.util.HashMap$HashIterator::<init>@70 (line 1593)
                      ; - java.util.HashMap$KeyIterator::<init>@2 (line 1626)
                      ; - java.util.HashMap$KeySet::iterator@8 (line 991)
                      ; - java.util.HashSet::iterator@7 (line 182)
                      ; - java.util.Collections$UnmodifiableCollection$1::<init>@17 (line 1076)
                      ; - java.util.Collections$UnmodifiableCollection::iterator@5 (line 1075)
                      ; - org.eclipse.osgi.internal.loader.classpath.ClasspathManager::defineClass@497 (line 787)
  0x00007dfa04730690: 6c9c 65ff 

  0x00007dfa04730694: ;   {other}
  0x00007dfa04730694: 0f1f 8400 | 0450 009f | bede ffff | ff48 8b6c | 2420 6690 

  0x00007dfa047306a8: ;   {runtime_call UncommonTrapBlob}
  0x00007dfa047306a8: c5f8 77e8 

  0x00007dfa047306ac: ; ImmutableOopMap {rbp=Oop [24]=Oop [48]=Oop [56]=Oop [64]=Oop [72]=Oop [112]=Oop }
                      ;*invokeinterface iterator {reexecute=0 rethrow=0 return_oop=0}
                      ; - org.eclipse.osgi.internal.loader.classpath.ClasspathManager::defineClass@497 (line 787)
  0x00007dfa047306ac: 509c 65ff 

  0x00007dfa047306b0: ;   {other}
  0x00007dfa047306b0: 0f1f 8400 | 2050 00a0 | be6e ffff | ff48 8b6c | 2420 4c8b | 5424 484c | 8954 2420 | 4c8b 5424 
  0x00007dfa047306d0: 604c 8954 | 2448 4c89 | 5c24 5889 | 4c24 6089 | 5c24 6490 

  0x00007dfa047306e4: ;   {runtime_call UncommonTrapBlob}
  0x00007dfa047306e4: c5f8 77e8 

  0x00007dfa047306e8: ; ImmutableOopMap {rbp=Oop [24]=Oop [32]=Oop [48]=Oop [56]=Oop [72]=Oop [88]=Oop [96]=NarrowOop [112]=Oop }
                      ;*if_icmpge {reexecute=1 rethrow=0 return_oop=0}
                      ; - (reexecute) java.util.HashMap$HashIterator::<init>@54 (line 1593)
                      ; - java.util.HashMap$KeyIterator::<init>@2 (line 1626)
                      ; - java.util.HashMap$KeySet::iterator@8 (line 991)
                      ; - java.util.HashSet::iterator@7 (line 182)
                      ; - java.util.Collections$UnmodifiableCollection$1::<init>@17 (line 1076)
                      ; - java.util.Collections$UnmodifiableCollection::iterator@5 (line 1075)
                      ; - org.eclipse.osgi.internal.loader.classpath.ClasspathManager::defineClass@497 (line 787)
  0x00007dfa047306e8: 149c 65ff 

  0x00007dfa047306ec: ;   {other}
  0x00007dfa047306ec: 0f1f 8400 | 5c50 00a1 | 418b d145 | 8bc8 448b | c245 8943 | 1044 3bcb | 0f83 47ff | ffff 468b 
  0x00007dfa0473070c: 4c89 1045 | 894b 144d | 8bd3 49c1 | ea09 48ba | 0040 5118 | fa7d 0000 | 4688 2412 | 4585 c90f 
  0x00007dfa0473072c: 854d fcff | ff45 8d48 | 0144 3bcf | 7cba be45 | ffff ff48 | 8b6c 2420 | 4c8b 5424 | 484c 8954 
  0x00007dfa0473074c: 2420 4c89 | 5c24 5044 | 8944 2458 | 895c 245c 

  0x00007dfa0473075c: ;   {runtime_call UncommonTrapBlob}
  0x00007dfa0473075c: c5f8 77e8 

  0x00007dfa04730760: ; ImmutableOopMap {rbp=Oop [24]=Oop [32]=Oop [48]=Oop [56]=Oop [80]=Oop [96]=Oop [112]=Oop }
                      ;*if_icmpge {reexecute=1 rethrow=0 return_oop=0}
                      ; - (reexecute) java.util.HashMap$HashIterator::<init>@54 (line 1593)
                      ; - java.util.HashMap$KeyIterator::<init>@2 (line 1626)
                      ; - java.util.HashMap$KeySet::iterator@8 (line 991)
                      ; - java.util.HashSet::iterator@7 (line 182)
                      ; - java.util.Collections$UnmodifiableCollection$1::<init>@17 (line 1076)
                      ; - java.util.Collections$UnmodifiableCollection::iterator@5 (line 1075)
                      ; - org.eclipse.osgi.internal.loader.classpath.ClasspathManager::defineClass@497 (line 787)
  0x00007dfa04730760: 9c9b 65ff 

  0x00007dfa04730764: ;   {other}
  0x00007dfa04730764: 0f1f 8400 | d450 00a2 | be45 ffff | ff48 8b6c | 2420 4c8b | 5424 484c | 8954 2420 | 4c89 5c24 
  0x00007dfa04730784: 5089 5c24 | 5866 6690 

  0x00007dfa0473078c: ;   {runtime_call UncommonTrapBlob}
  0x00007dfa0473078c: c5f8 77e8 

  0x00007dfa04730790: ; ImmutableOopMap {rbp=Oop [24]=Oop [32]=Oop [48]=Oop [56]=Oop [80]=Oop [96]=Oop [112]=Oop }
                      ;*if_icmpge {reexecute=1 rethrow=0 return_oop=0}
                      ; - (reexecute) java.util.HashMap$HashIterator::<init>@54 (line 1593)
                      ; - java.util.HashMap$KeyIterator::<init>@2 (line 1626)
                      ; - java.util.HashMap$KeySet::iterator@8 (line 991)
                      ; - java.util.HashSet::iterator@7 (line 182)
                      ; - java.util.Collections$UnmodifiableCollection$1::<init>@17 (line 1076)
                      ; - java.util.Collections$UnmodifiableCollection::iterator@5 (line 1075)
                      ; - org.eclipse.osgi.internal.loader.classpath.ClasspathManager::defineClass@497 (line 787)
  0x00007dfa04730790: 6c9b 65ff 

  0x00007dfa04730794: ;   {other}
  0x00007dfa04730794: 0f1f 8400 | 0451 00a3 | 4889 4c24 | 584c 8b54 | 2460 4c89 | 5424 4044 | 8944 2428 

  0x00007dfa047307b0: ;   {metadata('java/util/HashMap$KeySet')}
  0x00007dfa047307b0: 418b e948 | be90 231b | aef9 7d00 | 0066 6690 

  0x00007dfa047307c0: ;   {runtime_call _new_instance_Java}
  0x00007dfa047307c0: c5f8 77e8 

  0x00007dfa047307c4: ; ImmutableOopMap {[24]=Oop [32]=Oop [48]=Oop [56]=Oop [64]=Oop [72]=Oop [88]=Oop [112]=Oop }
                      ;*new {reexecute=0 rethrow=0 return_oop=1}
                      ; - java.util.HashMap::keySet@9 (line 914)
                      ; - java.util.HashSet::iterator@4 (line 182)
                      ; - java.util.Collections$UnmodifiableCollection$1::<init>@17 (line 1076)
                      ; - java.util.Collections$UnmodifiableCollection::iterator@5 (line 1075)
                      ; - org.eclipse.osgi.internal.loader.classpath.ClasspathManager::defineClass@497 (line 787)
  0x00007dfa047307c4: 38d5 70ff 

  0x00007dfa047307c8: ;   {other}
  0x00007dfa047307c8: 0f1f 8400 | 3851 00a4 | 448b cd44 | 8b44 2428 | 4c8b 5c24 | 404c 895c | 2460 488b | 4c24 5848 
  0x00007dfa047307e8: 8be8 e9bd | f5ff ffbe | deff ffff 

  0x00007dfa047307f4: ;   {runtime_call UncommonTrapBlob}
  0x00007dfa047307f4: c5f8 77e8 

  0x00007dfa047307f8: ; ImmutableOopMap {rbp=NarrowOop [24]=Oop [32]=Oop [40]=Oop [48]=Oop [56]=Oop [72]=Oop [88]=Oop }
                      ;*invokeinterface remove {reexecute=0 rethrow=0 return_oop=0}
                      ; - org.eclipse.osgi.internal.loader.classpath.ClasspathManager::defineClass@440 (line 780)
  0x00007dfa047307f8: 049b 65ff 

  0x00007dfa047307fc: ;   {other}
  0x00007dfa047307fc: 0f1f 8400 | 6c51 00a5 | 488b 7c24 | 7048 8db4 | 24c0 0000 | 0049 8bd7 | c5f8 7749 | ba60 349c 
  0x00007dfa0473081c: 1afa 7d00 | 0041 ffd2 

  0x00007dfa04730824: ;   {other}
  0x00007dfa04730824: 0f1f 8400 | 0000 0000 | e994 f7ff | ff49 8bfb | 488d b424 | c000 0000 | 498b d7c5 | f877 49ba 
  0x00007dfa04730844: 6034 9c1a | fa7d 0000 

  0x00007dfa0473084c: ;   {other}
  0x00007dfa0473084c: 41ff d20f | 1f84 0000 | 0000 00e9 | 89f6 ffff | bef6 ffff | ff48 8b6c | 2420 6690 

  0x00007dfa04730868: ;   {runtime_call UncommonTrapBlob}
  0x00007dfa04730868: c5f8 77e8 

  0x00007dfa0473086c: ; ImmutableOopMap {rbp=Oop [24]=Oop [48]=Oop [56]=Oop [72]=Oop [112]=Oop }
                      ;*invokeinterface iterator {reexecute=0 rethrow=0 return_oop=0}
                      ; - java.util.HashSet::iterator@7 (line 182)
                      ; - java.util.Collections$UnmodifiableCollection$1::<init>@17 (line 1076)
                      ; - java.util.Collections$UnmodifiableCollection::iterator@5 (line 1075)
                      ; - org.eclipse.osgi.internal.loader.classpath.ClasspathManager::defineClass@497 (line 787)
  0x00007dfa0473086c: 909a 65ff 

  0x00007dfa04730870: ;   {other}
  0x00007dfa04730870: 0f1f 8400 | e051 00a6 | bec6 ffff | ff4c 8b54 | 2448 4c89 | 5424 284c | 8b54 2460 | 4c89 5424 
  0x00007dfa04730890: 5066 6690 

  0x00007dfa04730894: ;   {runtime_call UncommonTrapBlob}
  0x00007dfa04730894: c5f8 77e8 

  0x00007dfa04730898: ; ImmutableOopMap {rbp=NarrowOop [24]=Oop [32]=Oop [40]=Oop [48]=Oop [56]=Oop [80]=Oop [96]=Oop [112]=Oop }
                      ;*invokevirtual keySet {reexecute=0 rethrow=0 return_oop=0}
                      ; - java.util.HashSet::iterator@4 (line 182)
                      ; - java.util.Collections$UnmodifiableCollection$1::<init>@17 (line 1076)
                      ; - java.util.Collections$UnmodifiableCollection::iterator@5 (line 1075)
                      ; - org.eclipse.osgi.internal.loader.classpath.ClasspathManager::defineClass@497 (line 787)
  0x00007dfa04730898: 649a 65ff 

  0x00007dfa0473089c: ;   {other}
  0x00007dfa0473089c: 0f1f 8400 | 0c52 00a7 | bec6 ffff | ff4c 8b54 | 2448 4c89 | 5424 2890 

  0x00007dfa047308b4: ;   {runtime_call UncommonTrapBlob}
  0x00007dfa047308b4: c5f8 77e8 

  0x00007dfa047308b8: ; ImmutableOopMap {rbp=Oop [24]=Oop [32]=Oop [40]=Oop [48]=Oop [56]=Oop [96]=Oop [112]=Oop }
                      ;*invokeinterface iterator {reexecute=0 rethrow=0 return_oop=0}
                      ; - java.util.HashSet::iterator@7 (line 182)
                      ; - java.util.Collections$UnmodifiableCollection$1::<init>@17 (line 1076)
                      ; - java.util.Collections$UnmodifiableCollection::iterator@5 (line 1075)
                      ; - org.eclipse.osgi.internal.loader.classpath.ClasspathManager::defineClass@497 (line 787)
  0x00007dfa047308b8: 449a 65ff 

  0x00007dfa047308bc: ;   {other}
  0x00007dfa047308bc: 0f1f 8400 | 2c52 00a8 | be45 ffff | ff4c 8b44 | 2448 4c89 | 4424 284c | 8b44 2470 | 4c89 4424 
  0x00007dfa047308dc: 404c 8b44 | 2460 4c89 | 4424 504c | 895c 2460 | 4489 5424 | 684c 895c | 2470 6690 

  0x00007dfa047308f8: ;   {runtime_call UncommonTrapBlob}
  0x00007dfa047308f8: c5f8 77e8 

  0x00007dfa047308fc: ; ImmutableOopMap {[24]=Oop [32]=Oop [40]=Oop [48]=Oop [56]=Oop [64]=Oop [80]=Oop [96]=Oop [104]=NarrowOop [112]=Oop }
                      ;*ifeq {reexecute=1 rethrow=0 return_oop=0}
                      ; - (reexecute) java.util.LinkedHashMap$LinkedHashIterator::<init>@16 (line 1011)
                      ; - java.util.LinkedHashMap$LinkedKeyIterator::<init>@3 (line 1045)
                      ; - java.util.LinkedHashMap$LinkedKeySet::iterator@12 (line 700)
                      ; - java.util.HashSet::iterator@7 (line 182)
                      ; - java.util.Collections$UnmodifiableCollection$1::<init>@17 (line 1076)
                      ; - java.util.Collections$UnmodifiableCollection::iterator@5 (line 1075)
                      ; - org.eclipse.osgi.internal.loader.classpath.ClasspathManager::defineClass@497 (line 787)
  0x00007dfa047308fc: 009a 65ff 

  0x00007dfa04730900: ;   {other}
  0x00007dfa04730900: 0f1f 8400 | 7052 00a9 | 458b c1e9 | 2afe ffff 

  0x00007dfa04730910: ;   {internal_word}
  0x00007dfa04730910: 49ba a1d1 | 7204 fa7d | 0000 4d89 | 9760 0400 

  0x00007dfa04730920: ;   {runtime_call SafepointBlob}
  0x00007dfa04730920: 00e9 daaa 

  0x00007dfa04730924: ;   {runtime_call StubRoutines (final stubs)}
  0x00007dfa04730924: 65ff e8b5 | e663 ffe9 | ceb3 ffff 
[Stub Code]
  0x00007dfa04730930: ;   {no_reloc}
  0x00007dfa04730930: 48bb 0000 | 0000 0000 

  0x00007dfa04730938: ;   {runtime_call nmethod}
  0x00007dfa04730938: 0000 e9fb 

  0x00007dfa0473093c: ;   {static_stub}
  0x00007dfa0473093c: ffff ff48 | bb00 0000 | 0000 0000 

  0x00007dfa04730948: ;   {runtime_call nmethod}
  0x00007dfa04730948: 00e9 fbff 

  0x00007dfa0473094c: ;   {static_stub}
  0x00007dfa0473094c: ffff 48bb | 0000 0000 | 0000 0000 

  0x00007dfa04730958: ;   {runtime_call nmethod}
  0x00007dfa04730958: e9fb ffff 

  0x00007dfa0473095c: ;   {static_stub}
  0x00007dfa0473095c: ff48 bb00 | 0000 0000 

  0x00007dfa04730964: ;   {runtime_call nmethod}
  0x00007dfa04730964: 0000 00e9 | fbff ffff 

  0x00007dfa0473096c: ;   {static_stub}
  0x00007dfa0473096c: 48bb 0000 | 0000 0000 

  0x00007dfa04730974: ;   {runtime_call nmethod}
  0x00007dfa04730974: 0000 e9fb 

  0x00007dfa04730978: ;   {static_stub}
  0x00007dfa04730978: ffff ff48 | bb00 0000 | 0000 0000 

  0x00007dfa04730984: ;   {runtime_call nmethod}
  0x00007dfa04730984: 00e9 fbff 

  0x00007dfa04730988: ;   {static_stub}
  0x00007dfa04730988: ffff 48bb | 0000 0000 | 0000 0000 

  0x00007dfa04730994: ;   {runtime_call nmethod}
  0x00007dfa04730994: e9fb ffff 

  0x00007dfa04730998: ;   {static_stub}
  0x00007dfa04730998: ff48 bb00 | 0000 0000 

  0x00007dfa047309a0: ;   {runtime_call nmethod}
  0x00007dfa047309a0: 0000 00e9 | fbff ffff 

  0x00007dfa047309a8: ;   {static_stub}
  0x00007dfa047309a8: 48bb 0000 | 0000 0000 

  0x00007dfa047309b0: ;   {runtime_call nmethod}
  0x00007dfa047309b0: 0000 e9fb 

  0x00007dfa047309b4: ;   {static_stub}
  0x00007dfa047309b4: ffff ff48 | bb00 0000 | 0000 0000 

  0x00007dfa047309c0: ;   {runtime_call nmethod}
  0x00007dfa047309c0: 00e9 fbff 

  0x00007dfa047309c4: ;   {static_stub}
  0x00007dfa047309c4: ffff 48bb | 0000 0000 | 0000 0000 

  0x00007dfa047309d0: ;   {runtime_call nmethod}
  0x00007dfa047309d0: e9fb ffff 

  0x00007dfa047309d4: ;   {static_stub}
  0x00007dfa047309d4: ff48 bb00 | 0000 0000 

  0x00007dfa047309dc: ;   {runtime_call nmethod}
  0x00007dfa047309dc: 0000 00e9 | fbff ffff 

  0x00007dfa047309e4: ;   {static_stub}
  0x00007dfa047309e4: 48bb 0000 | 0000 0000 

  0x00007dfa047309ec: ;   {runtime_call nmethod}
  0x00007dfa047309ec: 0000 e9fb 

  0x00007dfa047309f0: ;   {static_stub}
  0x00007dfa047309f0: ffff ff48 | bb00 0000 | 0000 0000 

  0x00007dfa047309fc: ;   {runtime_call nmethod}
  0x00007dfa047309fc: 00e9 fbff 

  0x00007dfa04730a00: ;   {static_stub}
  0x00007dfa04730a00: ffff 48bb | 0000 0000 | 0000 0000 

  0x00007dfa04730a0c: ;   {runtime_call nmethod}
  0x00007dfa04730a0c: e9fb ffff 

  0x00007dfa04730a10: ;   {static_stub}
  0x00007dfa04730a10: ff48 bb00 | 0000 0000 

  0x00007dfa04730a18: ;   {runtime_call nmethod}
  0x00007dfa04730a18: 0000 00e9 | fbff ffff 

  0x00007dfa04730a20: ;   {static_stub}
  0x00007dfa04730a20: 48bb 0000 | 0000 0000 

  0x00007dfa04730a28: ;   {runtime_call nmethod}
  0x00007dfa04730a28: 0000 e9fb 

  0x00007dfa04730a2c: ;   {static_stub}
  0x00007dfa04730a2c: ffff ff48 | bb00 0000 | 0000 0000 

  0x00007dfa04730a38: ;   {runtime_call nmethod}
  0x00007dfa04730a38: 00e9 fbff 

  0x00007dfa04730a3c: ;   {static_stub}
  0x00007dfa04730a3c: ffff 48bb | 0000 0000 | 0000 0000 

  0x00007dfa04730a48: ;   {runtime_call nmethod}
  0x00007dfa04730a48: e9fb ffff 

  0x00007dfa04730a4c: ;   {static_stub}
  0x00007dfa04730a4c: ff48 bb00 | 0000 0000 

  0x00007dfa04730a54: ;   {runtime_call nmethod}
  0x00007dfa04730a54: 0000 00e9 | fbff ffff 

  0x00007dfa04730a5c: ;   {static_stub}
  0x00007dfa04730a5c: 48bb 0000 | 0000 0000 

  0x00007dfa04730a64: ;   {runtime_call nmethod}
  0x00007dfa04730a64: 0000 e9fb 

  0x00007dfa04730a68: ;   {runtime_call ExceptionBlob}
  0x00007dfa04730a68: ffff ffe9 | 9093 70ff 
[Deopt Handler Code]
  0x00007dfa04730a70: e800 0000 | 0048 832c 

  0x00007dfa04730a78: ;   {runtime_call DeoptimizationBlob}
  0x00007dfa04730a78: 2405 e921 | 9c65 fff4 
[/MachCode]


---------------  P R O C E S S  ---------------

Threads class SMR info:
_java_thread_list=0x00007df980446890, length=69, elements={
0x00007dfa1401c320, 0x00007dfa141a85a0, 0x00007dfa141a9770, 0x00007dfa141aadf0,
0x00007dfa141ad820, 0x00007dfa141aedb0, 0x00007dfa141b0500, 0x00007dfa141b1ab0,
0x00007dfa141c1e20, 0x00007dfa142525d0, 0x00007dfa1442cf80, 0x00007dfa14487920,
0x00007df9580247b0, 0x00007dfa1448b870, 0x00007df9543ca7c0, 0x00007df95445e920,
0x00007df954178f80, 0x00007df9544c9a00, 0x00007df9544c3520, 0x00007df93c001a20,
0x00007df9542e9200, 0x00007df928001700, 0x00007dfa144b3640, 0x00007dfa14453670,
0x00007dfa14453df0, 0x00007df9143b3eb0, 0x00007df9143cc510, 0x00007df9143cdf70,
0x00007df9143ced30, 0x00007df9143d0060, 0x00007df9143d14e0, 0x00007df918048130,
0x00007df8f00017f0, 0x00007df8e4000fe0, 0x00007df8e8000fe0, 0x00007df8dc000fe0,
0x00007df8e0000fe0, 0x00007df8d4000fe0, 0x00007df8d8000fe0, 0x00007df8cc000fe0,
0x00007df8d0000fe0, 0x00007df8c4000fe0, 0x00007df8c8000fe0, 0x00007df91804aba0,
0x00007df91804bd20, 0x00007df91804ce90, 0x00007df8b4000fe0, 0x00007df8c00010c0,
0x00007df8ac000fe0, 0x00007df8b0000fe0, 0x00007df8b8000fe0, 0x00007df91804e580,
0x00007df91804fca0, 0x00007df93c0a06d0, 0x00007df93c0c9330, 0x00007df93c0c9e20,
0x00007df93c0caac0, 0x00007df93c0cb5e0, 0x00007df93c0d8060, 0x00007df93c0d8e50,
0x00007df93c0da060, 0x00007df93c0db1d0, 0x00007df93c0dc940, 0x00007df8fc037d80,
0x00007df93c0dddf0, 0x00007df928020a50, 0x00007df984c4fe50, 0x00007df93c0e2450,
0x00007df980445d90
}

Java Threads: ( => current thread )
  0x00007dfa1401c320 JavaThread "main"                              [_thread_blocked, id=801101, stack(0x00007dfa19b00000,0x00007dfa19c00000) (1024K)]
  0x00007dfa141a85a0 JavaThread "Reference Handler"          daemon [_thread_blocked, id=801105, stack(0x00007df9ac100000,0x00007df9ac200000) (1024K)]
  0x00007dfa141a9770 JavaThread "Finalizer"                  daemon [_thread_blocked, id=801106, stack(0x00007df9ac000000,0x00007df9ac100000) (1024K)]
  0x00007dfa141aadf0 JavaThread "Signal Dispatcher"          daemon [_thread_blocked, id=801107, stack(0x00007df99bf00000,0x00007df99c000000) (1024K)]
  0x00007dfa141ad820 JavaThread "Service Thread"             daemon [_thread_blocked, id=801108, stack(0x00007df99be00000,0x00007df99bf00000) (1024K)]
  0x00007dfa141aedb0 JavaThread "Monitor Deflation Thread"   daemon [_thread_blocked, id=801109, stack(0x00007df99bd00000,0x00007df99be00000) (1024K)]
  0x00007dfa141b0500 JavaThread "C2 CompilerThread0"         daemon [_thread_blocked, id=801110, stack(0x00007df99bc00000,0x00007df99bd00000) (1024K)]
  0x00007dfa141b1ab0 JavaThread "C1 CompilerThread0"         daemon [_thread_blocked, id=801111, stack(0x00007df99bb00000,0x00007df99bc00000) (1024K)]
  0x00007dfa141c1e20 JavaThread "Common-Cleaner"             daemon [_thread_blocked, id=801112, stack(0x00007df99ba00000,0x00007df99bb00000) (1024K)]
  0x00007dfa142525d0 JavaThread "Notification Thread"        daemon [_thread_blocked, id=801114, stack(0x00007df99b800000,0x00007df99b900000) (1024K)]
  0x00007dfa1442cf80 JavaThread "Active Thread: Equinox Container: fdd29d19-d4dc-4f92-8fdf-a59e9d4d9501"        [_thread_blocked, id=801120, stack(0x00007df99b2fd000,0x00007df99b3fd000) (1024K)]
  0x00007dfa14487920 JavaThread "Refresh Thread: Equinox Container: fdd29d19-d4dc-4f92-8fdf-a59e9d4d9501" daemon [_thread_blocked, id=801121, stack(0x00007df99b1fd000,0x00007df99b2fd000) (1024K)]
  0x00007df9580247b0 JavaThread "Framework Event Dispatcher: Equinox Container: fdd29d19-d4dc-4f92-8fdf-a59e9d4d9501" daemon [_thread_blocked, id=801123, stack(0x00007df99affc000,0x00007df99b0fc000) (1024K)]
  0x00007dfa1448b870 JavaThread "Start Level: Equinox Container: fdd29d19-d4dc-4f92-8fdf-a59e9d4d9501" daemon [_thread_blocked, id=801124, stack(0x00007df99aefc000,0x00007df99affc000) (1024K)]
  0x00007df9543ca7c0 JavaThread "Bundle File Closer"         daemon [_thread_blocked, id=801126, stack(0x00007df99acfb000,0x00007df99adfb000) (1024K)]
  0x00007df95445e920 JavaThread "SCR Component Actor"        daemon [_thread_blocked, id=801127, stack(0x00007df99abfb000,0x00007df99acfb000) (1024K)]
  0x00007df954178f80 JavaThread "Worker-JM"                         [_thread_blocked, id=801146, stack(0x00007df99a9fa000,0x00007df99aafa000) (1024K)]
  0x00007df9544c9a00 JavaThread "Worker-0: Building"                [_thread_blocked, id=801147, stack(0x00007df99a8fa000,0x00007df99a9fa000) (1024K)]
  0x00007df9544c3520 JavaThread "Worker-1"                          [_thread_blocked, id=801150, stack(0x00007df99a5f8000,0x00007df99a6f8000) (1024K)]
  0x00007df93c001a20 JavaThread "Worker-2: Initialize workspace"        [_thread_blocked, id=801151, stack(0x00007df99a4f8000,0x00007df99a5f8000) (1024K)]
  0x00007df9542e9200 JavaThread "Java indexing"              daemon [_thread_blocked, id=801153, stack(0x00007df99a2f7000,0x00007df99a3f7000) (1024K)]
  0x00007df928001700 JavaThread "Worker-3"                          [_thread_blocked, id=801154, stack(0x00007df99a1f7000,0x00007df99a2f7000) (1024K)]
  0x00007dfa144b3640 JavaThread "pool-2-thread-1"                   [_thread_blocked, id=801155, stack(0x00007df99a0f7000,0x00007df99a1f7000) (1024K)]
  0x00007dfa14453670 JavaThread "WorkspaceEventsHandler"            [_thread_blocked, id=801156, stack(0x00007df999e63000,0x00007df999f63000) (1024K)]
  0x00007dfa14453df0 JavaThread "pool-1-thread-1"                   [_thread_in_native, id=801157, stack(0x00007df999d63000,0x00007df999e63000) (1024K)]
  0x00007df9143b3eb0 JavaThread "ForkJoinPool.commonPool-worker-1" daemon [_thread_blocked, id=801158, stack(0x00007df999ff7000,0x00007df99a0f7000) (1024K)]
  0x00007df9143cc510 JavaThread "ForkJoinPool.commonPool-worker-2" daemon [_thread_blocked, id=801159, stack(0x00007df999c63000,0x00007df999d63000) (1024K)]
  0x00007df9143cdf70 JavaThread "ForkJoinPool.commonPool-worker-3" daemon [_thread_blocked, id=801160, stack(0x00007df999b63000,0x00007df999c63000) (1024K)]
  0x00007df9143ced30 JavaThread "ForkJoinPool.commonPool-worker-4" daemon [_thread_blocked, id=801161, stack(0x00007df999a63000,0x00007df999b63000) (1024K)]
  0x00007df9143d0060 JavaThread "ForkJoinPool.commonPool-worker-5" daemon [_thread_blocked, id=801162, stack(0x00007df999963000,0x00007df999a63000) (1024K)]
  0x00007df9143d14e0 JavaThread "ForkJoinPool.commonPool-worker-6" daemon [_thread_blocked, id=801163, stack(0x00007df999863000,0x00007df999963000) (1024K)]
  0x00007df918048130 JavaThread "LocalFile Deleter"          daemon [_thread_blocked, id=801178, stack(0x00007df999763000,0x00007df999863000) (1024K)]
  0x00007df8f00017f0 JavaThread "LocalFile Deleter"          daemon [_thread_blocked, id=801179, stack(0x00007df999663000,0x00007df999763000) (1024K)]
  0x00007df8e4000fe0 JavaThread "LocalFile Deleter"          daemon [_thread_blocked, id=801180, stack(0x00007df999563000,0x00007df999663000) (1024K)]
  0x00007df8e8000fe0 JavaThread "LocalFile Deleter"          daemon [_thread_blocked, id=801181, stack(0x00007df999463000,0x00007df999563000) (1024K)]
  0x00007df8dc000fe0 JavaThread "LocalFile Deleter"          daemon [_thread_blocked, id=801182, stack(0x00007df999363000,0x00007df999463000) (1024K)]
  0x00007df8e0000fe0 JavaThread "LocalFile Deleter"          daemon [_thread_blocked, id=801183, stack(0x00007df999263000,0x00007df999363000) (1024K)]
  0x00007df8d4000fe0 JavaThread "LocalFile Deleter"          daemon [_thread_blocked, id=801184, stack(0x00007df999163000,0x00007df999263000) (1024K)]
  0x00007df8d8000fe0 JavaThread "LocalFile Deleter"          daemon [_thread_blocked, id=801185, stack(0x00007df999063000,0x00007df999163000) (1024K)]
  0x00007df8cc000fe0 JavaThread "LocalFile Deleter"          daemon [_thread_blocked, id=801186, stack(0x00007df998f63000,0x00007df999063000) (1024K)]
  0x00007df8d0000fe0 JavaThread "LocalFile Deleter"          daemon [_thread_blocked, id=801187, stack(0x00007df998e63000,0x00007df998f63000) (1024K)]
  0x00007df8c4000fe0 JavaThread "LocalFile Deleter"          daemon [_thread_blocked, id=801188, stack(0x00007df998d63000,0x00007df998e63000) (1024K)]
  0x00007df8c8000fe0 JavaThread "LocalFile Deleter"          daemon [_thread_blocked, id=801189, stack(0x00007df998c63000,0x00007df998d63000) (1024K)]
  0x00007df91804aba0 JavaThread "Compiler Source File Reader" daemon [_thread_blocked, id=801190, stack(0x00007df998b63000,0x00007df998c63000) (1024K)]
  0x00007df91804bd20 JavaThread "Compiler Source File Reader" daemon [_thread_blocked, id=801191, stack(0x00007df998a63000,0x00007df998b63000) (1024K)]
  0x00007df91804ce90 JavaThread "Compiler Source File Reader" daemon [_thread_blocked, id=801192, stack(0x00007df998963000,0x00007df998a63000) (1024K)]
  0x00007df8b4000fe0 JavaThread "Compiler Source File Reader" daemon [_thread_blocked, id=801193, stack(0x00007df998863000,0x00007df998963000) (1024K)]
  0x00007df8c00010c0 JavaThread "Compiler Source File Reader" daemon [_thread_blocked, id=801194, stack(0x00007df998763000,0x00007df998863000) (1024K)]
  0x00007df8ac000fe0 JavaThread "Compiler Source File Reader" daemon [_thread_blocked, id=801195, stack(0x00007df998663000,0x00007df998763000) (1024K)]
  0x00007df8b0000fe0 JavaThread "Compiler Source File Reader" daemon [_thread_blocked, id=801196, stack(0x00007df998563000,0x00007df998663000) (1024K)]
  0x00007df8b8000fe0 JavaThread "Compiler Source File Reader" daemon [_thread_blocked, id=801197, stack(0x00007df998463000,0x00007df998563000) (1024K)]
  0x00007df91804e580 JavaThread "Compiler Source File Reader" daemon [_thread_blocked, id=801198, stack(0x00007df998363000,0x00007df998463000) (1024K)]
  0x00007df91804fca0 JavaThread "Compiler Source File Reader" daemon [_thread_blocked, id=801199, stack(0x00007df998263000,0x00007df998363000) (1024K)]
  0x00007df93c0a06d0 JavaThread "Compiler Processing Task"   daemon [_thread_blocked, id=801211, stack(0x00007df908200000,0x00007df908300000) (1024K)]
  0x00007df93c0c9330 JavaThread "Compiler Class File Writer" daemon [_thread_blocked, id=801212, stack(0x00007df998063000,0x00007df998163000) (1024K)]
  0x00007df93c0c9e20 JavaThread "Compiler Class File Writer" daemon [_thread_blocked, id=801213, stack(0x00007df998163000,0x00007df998263000) (1024K)]
  0x00007df93c0caac0 JavaThread "Compiler Class File Writer" daemon [_thread_blocked, id=801214, stack(0x00007df908300000,0x00007df908400000) (1024K)]
  0x00007df93c0cb5e0 JavaThread "Compiler Class File Writer" daemon [_thread_blocked, id=801215, stack(0x00007df90ff00000,0x00007df910000000) (1024K)]
  0x00007df93c0d8060 JavaThread "Compiler Class File Writer" daemon [_thread_blocked, id=801216, stack(0x00007df908100000,0x00007df908200000) (1024K)]
  0x00007df93c0d8e50 JavaThread "Compiler Class File Writer" daemon [_thread_blocked, id=801217, stack(0x00007df908000000,0x00007df908100000) (1024K)]
  0x00007df93c0da060 JavaThread "Compiler Class File Writer" daemon [_thread_blocked, id=801218, stack(0x00007df87bf00000,0x00007df87c000000) (1024K)]
  0x00007df93c0db1d0 JavaThread "Compiler Class File Writer" daemon [_thread_blocked, id=801219, stack(0x00007df87be00000,0x00007df87bf00000) (1024K)]
  0x00007df93c0dc940 JavaThread "Compiler Class File Writer" daemon [_thread_blocked, id=801220, stack(0x00007df87bd00000,0x00007df87be00000) (1024K)]
  0x00007df8fc037d80 JavaThread "Cleaner-0"                  daemon [_thread_blocked, id=801221, stack(0x00007df87bc00000,0x00007df87bd00000) (1024K)]
  0x00007df93c0dddf0 JavaThread "Compiler Class File Writer" daemon [_thread_blocked, id=801222, stack(0x00007df87bb00000,0x00007df87bc00000) (1024K)]
  0x00007df928020a50 JavaThread "Worker-4"                          [_thread_blocked, id=801236, stack(0x00007df87b600000,0x00007df87b700000) (1024K)]
  0x00007df984c4fe50 JavaThread "C2 CompilerThread1"         daemon [_thread_blocked, id=801369, stack(0x00007df99b900000,0x00007df99ba00000) (1024K)]
=>0x00007df93c0e2450 JavaThread "resolver-1"                 daemon [_thread_in_vm, id=801370, stack(0x00007df99b700000,0x00007df99b800000) (1024K)]
  0x00007df980445d90 JavaThread "C2 CompilerThread2"         daemon [_thread_blocked, id=801371, stack(0x00007df87b900000,0x00007df87ba00000) (1024K)]
Total: 69

Other Threads:
  0x00007dfa1419f240 VMThread "VM Thread"                           [id=801104, stack(0x00007df9ac7e9000,0x00007df9ac8e9000) (1024K)]
  0x00007dfa14043da0 WatcherThread "VM Periodic Task Thread"        [id=801103, stack(0x00007dfa1838c000,0x00007dfa1848c000) (1024K)]
  0x00007dfa14034c00 WorkerThread "GC Thread#0"                     [id=801102, stack(0x00007dfa18814000,0x00007dfa18914000) (1024K)]
  0x00007df99c000f20 WorkerThread "GC Thread#1"                     [id=801116, stack(0x00007df99b600000,0x00007df99b700000) (1024K)]
  0x00007df99c002fc0 WorkerThread "GC Thread#2"                     [id=801117, stack(0x00007df99b4ff000,0x00007df99b5ff000) (1024K)]
  0x00007df99c003ad0 WorkerThread "GC Thread#3"                     [id=801118, stack(0x00007df99b3fe000,0x00007df99b4fe000) (1024K)]
  0x00007df99c004740 WorkerThread "GC Thread#4"                     [id=801122, stack(0x00007df99b0fd000,0x00007df99b1fd000) (1024K)]
  0x00007df99c005a70 WorkerThread "GC Thread#5"                     [id=801125, stack(0x00007df99adfc000,0x00007df99aefc000) (1024K)]
  0x00007df99c006600 WorkerThread "GC Thread#6"                     [id=801140, stack(0x00007df99aafb000,0x00007df99abfb000) (1024K)]
  0x00007df99c007170 WorkerThread "GC Thread#7"                     [id=801148, stack(0x00007df99a7fa000,0x00007df99a8fa000) (1024K)]
  0x00007df99c008520 WorkerThread "GC Thread#8"                     [id=801149, stack(0x00007df99a6f9000,0x00007df99a7f9000) (1024K)]
  0x00007df99c009090 WorkerThread "GC Thread#9"                     [id=801152, stack(0x00007df99a3f8000,0x00007df99a4f8000) (1024K)]
Total: 12

Threads with active compile tasks:
Total: 0

VM state: not at safepoint (normal execution)

VM Mutex/Monitor currently owned by a thread: None

Heap address: 0x0000000080000000, size: 2048 MB, Compressed Oops mode: 32-bit

CDS archive(s) mapped at: [0x00007df9ae000000-0x00007df9aeca0000-0x00007df9b3b28000), size 95584256, SharedBaseAddress: 0x00007df9ae000000, ArchiveRelocationMode: 1.
Compressed class space mapped at: 0x00007df9b4000000-0x00007df9f4000000, reserved size: 1073741824
Narrow klass base: 0x00007df9ae000000, Narrow klass shift: 0, Narrow klass range: 0x100000000

GC Precious Log:
 CardTable entry size: 512
 CPUs: 12 total, 12 available
 Memory: 15672M
 Large Page Support: Disabled
 NUMA Support: Disabled
 Compressed Oops: Enabled (32-bit)
 Alignments: Space 512K, Generation 512K, Heap 2M
 Heap Min Capacity: 100M
 Heap Initial Capacity: 100M
 Heap Max Capacity: 2G
 Pre-touch: Disabled
 Parallel Workers: 10

Heap:
 PSYoungGen      total 24576K, used 13325K [0x00000000d5580000, 0x00000000d7080000, 0x0000000100000000)
  eden space 22016K, 50% used [0x00000000d5580000,0x00000000d605de40,0x00000000d6b00000)
  from space 2560K, 85% used [0x00000000d6e00000,0x00000000d7025678,0x00000000d7080000)
  to   space 2560K, 0% used [0x00000000d6b80000,0x00000000d6b80000,0x00000000d6e00000)
 ParOldGen       total 68608K, used 52919K [0x0000000080000000, 0x0000000084300000, 0x00000000d5580000)
  object space 68608K, 77% used [0x0000000080000000,0x00000000833adf30,0x0000000084300000)
 Metaspace       used 24142K, committed 25280K, reserved 1114112K
  class space    used 2182K, committed 2688K, reserved 1048576K

Card table byte_map: [0x00007dfa18914000,0x00007dfa18d15000] _byte_map_base: 0x00007dfa18514000

Marking Bits: (ParMarkBitMap*) 0x00007dfa1b12d000
 Begin Bits: [0x00007df9f4000000, 0x00007df9f6000000)
 End Bits:   [0x00007df9f6000000, 0x00007df9f8000000)

Polling page: 0x00007dfa1b54e000

Metaspace:

Usage:
  Non-class:     21.45 MB used.
      Class:      2.13 MB used.
       Both:     23.58 MB used.

Virtual space:
  Non-class space:       64.00 MB reserved,      22.06 MB ( 34%) committed,  1 nodes.
      Class space:        1.00 GB reserved,       2.62 MB ( <1%) committed,  1 nodes.
             Both:        1.06 GB reserved,      24.69 MB (  2%) committed. 

Chunk freelists:
   Non-Class:  9.91 MB
       Class:  13.35 MB
        Both:  23.25 MB

MaxMetaspaceSize: unlimited
CompressedClassSpaceSize: 1.00 GB
Initial GC threshold: 21.00 MB
Current GC threshold: 35.00 MB
CDS: on
 - commit_granule_bytes: 65536.
 - commit_granule_words: 8192.
 - virtual_space_node_default_size: 8388608.
 - enlarge_chunks_in_place: 1.
 - use_allocation_guard: 0.


Internal statistics:

num_allocs_failed_limit: 3.
num_arena_births: 918.
num_arena_deaths: 8.
num_vsnodes_births: 2.
num_vsnodes_deaths: 0.
num_space_committed: 395.
num_space_uncommitted: 0.
num_chunks_returned_to_freelist: 11.
num_chunks_taken_from_freelist: 2249.
num_chunk_merges: 4.
num_chunk_splits: 1316.
num_chunks_enlarged: 648.
num_inconsistent_stats: 0.

CodeHeap 'non-profiled nmethods': size=120028Kb used=6246Kb max_used=6246Kb free=113782Kb
 bounds [0x00007dfa042c9000, 0x00007dfa048e9000, 0x00007dfa0b800000]
CodeHeap 'profiled nmethods': size=120028Kb used=21697Kb max_used=21697Kb free=98330Kb
 bounds [0x00007df9fc800000, 0x00007df9fdd40000, 0x00007dfa03d37000]
CodeHeap 'non-nmethods': size=5704Kb used=1452Kb max_used=1510Kb free=4251Kb
 bounds [0x00007dfa03d37000, 0x00007dfa03fa7000, 0x00007dfa042c9000]
CodeCache: size=245760Kb, used=29395Kb, max_used=29453Kb, free=216363Kb
 total_blobs=10936, nmethods=10154, adapters=688, full_count=0
Compilation: enabled, stopped_count=0, restarted_count=0

Compilation events (20 events):
Event: 4.639 Thread 0x00007dfa141b1ab0 10151       3       java.io.BufferedReader::fill (170 bytes)
Event: 4.639 Thread 0x00007dfa141b1ab0 nmethod 10151 0x00007df9fdd25010 code [0x00007df9fdd25200, 0x00007df9fdd25808]
Event: 4.639 Thread 0x00007dfa141b1ab0 10150   !   3       java.util.zip.Inflater::getBytesWritten (23 bytes)
Event: 4.639 Thread 0x00007dfa141b1ab0 nmethod 10150 0x00007df9fdd25990 code [0x00007df9fdd25b40, 0x00007df9fdd25d80]
Event: 4.640 Thread 0x00007dfa141b1ab0 10152       3       java.lang.String::hashCode (60 bytes)
Event: 4.640 Thread 0x00007dfa141b1ab0 nmethod 10152 0x00007df9fdd25e90 code [0x00007df9fdd26060, 0x00007df9fdd26398]
Event: 4.640 Thread 0x00007dfa141b1ab0 10153   !   3       java.util.concurrent.ConcurrentHashMap::putVal (432 bytes)
Event: 4.641 Thread 0x00007dfa141b1ab0 nmethod 10153 0x00007df9fdd26490 code [0x00007df9fdd267e0, 0x00007df9fdd280a8]
Event: 4.641 Thread 0x00007dfa141b1ab0 10154       3       java.lang.System$2::getUTF16Char (6 bytes)
Event: 4.641 Thread 0x00007dfa141b1ab0 nmethod 10154 0x00007df9fdd28a90 code [0x00007df9fdd28c20, 0x00007df9fdd28d38]
Event: 4.642 Thread 0x00007dfa141b1ab0 10155 % !   3       java.util.concurrent.ConcurrentHashMap::transfer @ 437 (849 bytes)
Event: 4.643 Thread 0x00007dfa141b1ab0 nmethod 10155% 0x00007df9fdd28e10 code [0x00007df9fdd29200, 0x00007df9fdd2b8f0]
Event: 4.643 Thread 0x00007dfa141b1ab0 10157       3       jdk.internal.util.ArraysSupport::utf16hashCode (40 bytes)
Event: 4.643 Thread 0x00007dfa141b1ab0 nmethod 10157 0x00007df9fdd2cc90 code [0x00007df9fdd2ce40, 0x00007df9fdd2d048]
Event: 4.643 Thread 0x00007dfa141b1ab0 10156       3       java.lang.StringUTF16::hashCode (52 bytes)
Event: 4.644 Thread 0x00007dfa141b1ab0 nmethod 10156 0x00007df9fdd2d190 code [0x00007df9fdd2d340, 0x00007df9fdd2d548]
Event: 4.644 Thread 0x00007dfa141b0500 nmethod 10144% 0x00007dfa048c4890 code [0x00007dfa048c4ba0, 0x00007dfa048c5b10]
Event: 4.644 Thread 0x00007dfa141b0500 10145       4       java.io.BufferedReader::readLine (7 bytes)
Event: 4.647 Thread 0x00007dfa141b0500 nmethod 10145 0x00007dfa048c6890 code [0x00007dfa048c6ac0, 0x00007dfa048c7110]
Event: 4.647 Thread 0x00007dfa141b0500 10146   !   4       java.io.BufferedReader::readLine (72 bytes)

GC Heap History (20 events):
Event: 2.576 GC heap before
{Heap before GC invocations=30 (full 1):
 PSYoungGen      total 23040K, used 928K [0x00000000d5580000, 0x00000000d6d80000, 0x0000000100000000)
  eden space 22016K, 0% used [0x00000000d5580000,0x00000000d5580000,0x00000000d6b00000)
  from space 1024K, 90% used [0x00000000d6c00000,0x00000000d6ce8000,0x00000000d6d00000)
  to   space 512K, 0% used [0x00000000d6d00000,0x00000000d6d00000,0x00000000d6d80000)
 ParOldGen       total 68608K, used 43072K [0x0000000080000000, 0x0000000084300000, 0x00000000d5580000)
  object space 68608K, 62% used [0x0000000080000000,0x0000000082a10048,0x0000000084300000)
 Metaspace       used 20556K, committed 21504K, reserved 1114112K
  class space    used 1908K, committed 2304K, reserved 1048576K
}
Event: 2.620 GC heap after
{Heap after GC invocations=30 (full 1):
 PSYoungGen      total 23040K, used 0K [0x00000000d5580000, 0x00000000d6d80000, 0x0000000100000000)
  eden space 22016K, 0% used [0x00000000d5580000,0x00000000d5580000,0x00000000d6b00000)
  from space 1024K, 0% used [0x00000000d6c00000,0x00000000d6c00000,0x00000000d6d00000)
  to   space 512K, 0% used [0x00000000d6d00000,0x00000000d6d00000,0x00000000d6d80000)
 ParOldGen       total 68608K, used 38306K [0x0000000080000000, 0x0000000084300000, 0x00000000d5580000)
  object space 68608K, 55% used [0x0000000080000000,0x00000000825689d8,0x0000000084300000)
 Metaspace       used 20549K, committed 21504K, reserved 1114112K
  class space    used 1906K, committed 2304K, reserved 1048576K
}
Event: 2.752 GC heap before
{Heap before GC invocations=31 (full 1):
 PSYoungGen      total 23040K, used 21939K [0x00000000d5580000, 0x00000000d6d80000, 0x0000000100000000)
  eden space 22016K, 99% used [0x00000000d5580000,0x00000000d6aece08,0x00000000d6b00000)
  from space 1024K, 0% used [0x00000000d6c00000,0x00000000d6c00000,0x00000000d6d00000)
  to   space 512K, 0% used [0x00000000d6d00000,0x00000000d6d00000,0x00000000d6d80000)
 ParOldGen       total 68608K, used 38306K [0x0000000080000000, 0x0000000084300000, 0x00000000d5580000)
  object space 68608K, 55% used [0x0000000080000000,0x00000000825689d8,0x0000000084300000)
 Metaspace       used 20911K, committed 21888K, reserved 1114112K
  class space    used 1929K, committed 2304K, reserved 1048576K
}
Event: 2.753 GC heap after
{Heap after GC invocations=31 (full 1):
 PSYoungGen      total 22528K, used 480K [0x00000000d5580000, 0x00000000d6d80000, 0x0000000100000000)
  eden space 22016K, 0% used [0x00000000d5580000,0x00000000d5580000,0x00000000d6b00000)
  from space 512K, 93% used [0x00000000d6d00000,0x00000000d6d78020,0x00000000d6d80000)
  to   space 1024K, 0% used [0x00000000d6b80000,0x00000000d6b80000,0x00000000d6c80000)
 ParOldGen       total 68608K, used 38818K [0x0000000080000000, 0x0000000084300000, 0x00000000d5580000)
  object space 68608K, 56% used [0x0000000080000000,0x00000000825e8a38,0x0000000084300000)
 Metaspace       used 20911K, committed 21888K, reserved 1114112K
  class space    used 1929K, committed 2304K, reserved 1048576K
}
Event: 2.805 GC heap before
{Heap before GC invocations=32 (full 1):
 PSYoungGen      total 22528K, used 22496K [0x00000000d5580000, 0x00000000d6d80000, 0x0000000100000000)
  eden space 22016K, 100% used [0x00000000d5580000,0x00000000d6b00000,0x00000000d6b00000)
  from space 512K, 93% used [0x00000000d6d00000,0x00000000d6d78020,0x00000000d6d80000)
  to   space 1024K, 0% used [0x00000000d6b80000,0x00000000d6b80000,0x00000000d6c80000)
 ParOldGen       total 68608K, used 38818K [0x0000000080000000, 0x0000000084300000, 0x00000000d5580000)
  object space 68608K, 56% used [0x0000000080000000,0x00000000825e8a38,0x0000000084300000)
 Metaspace       used 21224K, committed 22208K, reserved 1114112K
  class space    used 1962K, committed 2368K, reserved 1048576K
}
Event: 2.807 GC heap after
{Heap after GC invocations=32 (full 1):
 PSYoungGen      total 23040K, used 1006K [0x00000000d5580000, 0x00000000d7400000, 0x0000000100000000)
  eden space 22016K, 0% used [0x00000000d5580000,0x00000000d5580000,0x00000000d6b00000)
  from space 1024K, 98% used [0x00000000d6b80000,0x00000000d6c7bb08,0x00000000d6c80000)
  to   space 4608K, 0% used [0x00000000d6f80000,0x00000000d6f80000,0x00000000d7400000)
 ParOldGen       total 68608K, used 41672K [0x0000000080000000, 0x0000000084300000, 0x00000000d5580000)
  object space 68608K, 60% used [0x0000000080000000,0x00000000828b23d0,0x0000000084300000)
 Metaspace       used 21224K, committed 22208K, reserved 1114112K
  class space    used 1962K, committed 2368K, reserved 1048576K
}
Event: 2.836 GC heap before
{Heap before GC invocations=33 (full 1):
 PSYoungGen      total 23040K, used 23022K [0x00000000d5580000, 0x00000000d7400000, 0x0000000100000000)
  eden space 22016K, 100% used [0x00000000d5580000,0x00000000d6b00000,0x00000000d6b00000)
  from space 1024K, 98% used [0x00000000d6b80000,0x00000000d6c7bb08,0x00000000d6c80000)
  to   space 4608K, 0% used [0x00000000d6f80000,0x00000000d6f80000,0x00000000d7400000)
 ParOldGen       total 68608K, used 41672K [0x0000000080000000, 0x0000000084300000, 0x00000000d5580000)
  object space 68608K, 60% used [0x0000000080000000,0x00000000828b23d0,0x0000000084300000)
 Metaspace       used 21440K, committed 22464K, reserved 1114112K
  class space    used 1975K, committed 2368K, reserved 1048576K
}
Event: 2.837 GC heap after
{Heap after GC invocations=33 (full 1):
 PSYoungGen      total 23552K, used 1152K [0x00000000d5580000, 0x00000000d7100000, 0x0000000100000000)
  eden space 22016K, 0% used [0x00000000d5580000,0x00000000d5580000,0x00000000d6b00000)
  from space 1536K, 75% used [0x00000000d6f80000,0x00000000d70a0180,0x00000000d7100000)
  to   space 2560K, 0% used [0x00000000d6c00000,0x00000000d6c00000,0x00000000d6e80000)
 ParOldGen       total 68608K, used 42695K [0x0000000080000000, 0x0000000084300000, 0x00000000d5580000)
  object space 68608K, 62% used [0x0000000080000000,0x00000000829b1d00,0x0000000084300000)
 Metaspace       used 21440K, committed 22464K, reserved 1114112K
  class space    used 1975K, committed 2368K, reserved 1048576K
}
Event: 2.914 GC heap before
{Heap before GC invocations=34 (full 1):
 PSYoungGen      total 23552K, used 23168K [0x00000000d5580000, 0x00000000d7100000, 0x0000000100000000)
  eden space 22016K, 100% used [0x00000000d5580000,0x00000000d6b00000,0x00000000d6b00000)
  from space 1536K, 75% used [0x00000000d6f80000,0x00000000d70a0180,0x00000000d7100000)
  to   space 2560K, 0% used [0x00000000d6c00000,0x00000000d6c00000,0x00000000d6e80000)
 ParOldGen       total 68608K, used 42711K [0x0000000080000000, 0x0000000084300000, 0x00000000d5580000)
  object space 68608K, 62% used [0x0000000080000000,0x00000000829b5d10,0x0000000084300000)
 Metaspace       used 22138K, committed 23104K, reserved 1114112K
  class space    used 2051K, committed 2432K, reserved 1048576K
}
Event: 2.916 GC heap after
{Heap after GC invocations=34 (full 1):
 PSYoungGen      total 24576K, used 2557K [0x00000000d5580000, 0x00000000d7400000, 0x0000000100000000)
  eden space 22016K, 0% used [0x00000000d5580000,0x00000000d5580000,0x00000000d6b00000)
  from space 2560K, 99% used [0x00000000d6c00000,0x00000000d6e7f530,0x00000000d6e80000)
  to   space 4608K, 0% used [0x00000000d6f80000,0x00000000d6f80000,0x00000000d7400000)
 ParOldGen       total 68608K, used 44166K [0x0000000080000000, 0x0000000084300000, 0x00000000d5580000)
  object space 68608K, 64% used [0x0000000080000000,0x0000000082b21a80,0x0000000084300000)
 Metaspace       used 22138K, committed 23104K, reserved 1114112K
  class space    used 2051K, committed 2432K, reserved 1048576K
}
Event: 3.118 GC heap before
{Heap before GC invocations=35 (full 1):
 PSYoungGen      total 24576K, used 24573K [0x00000000d5580000, 0x00000000d7400000, 0x0000000100000000)
  eden space 22016K, 100% used [0x00000000d5580000,0x00000000d6b00000,0x00000000d6b00000)
  from space 2560K, 99% used [0x00000000d6c00000,0x00000000d6e7f530,0x00000000d6e80000)
  to   space 4608K, 0% used [0x00000000d6f80000,0x00000000d6f80000,0x00000000d7400000)
 ParOldGen       total 68608K, used 44185K [0x0000000080000000, 0x0000000084300000, 0x00000000d5580000)
  object space 68608K, 64% used [0x0000000080000000,0x0000000082b26600,0x0000000084300000)
 Metaspace       used 22681K, committed 23744K, reserved 1114112K
  class space    used 2075K, committed 2496K, reserved 1048576K
}
Event: 3.122 GC heap after
{Heap after GC invocations=35 (full 1):
 PSYoungGen      total 25088K, used 2958K [0x00000000d5580000, 0x00000000d7280000, 0x0000000100000000)
  eden space 22016K, 0% used [0x00000000d5580000,0x00000000d5580000,0x00000000d6b00000)
  from space 3072K, 96% used [0x00000000d6f80000,0x00000000d7263948,0x00000000d7280000)
  to   space 3584K, 0% used [0x00000000d6b80000,0x00000000d6b80000,0x00000000d6f00000)
 ParOldGen       total 68608K, used 46720K [0x0000000080000000, 0x0000000084300000, 0x00000000d5580000)
  object space 68608K, 68% used [0x0000000080000000,0x0000000082da0310,0x0000000084300000)
 Metaspace       used 22681K, committed 23744K, reserved 1114112K
  class space    used 2075K, committed 2496K, reserved 1048576K
}
Event: 3.197 GC heap before
{Heap before GC invocations=36 (full 1):
 PSYoungGen      total 25088K, used 24974K [0x00000000d5580000, 0x00000000d7280000, 0x0000000100000000)
  eden space 22016K, 100% used [0x00000000d5580000,0x00000000d6b00000,0x00000000d6b00000)
  from space 3072K, 96% used [0x00000000d6f80000,0x00000000d7263948,0x00000000d7280000)
  to   space 3584K, 0% used [0x00000000d6b80000,0x00000000d6b80000,0x00000000d6f00000)
 ParOldGen       total 68608K, used 46720K [0x0000000080000000, 0x0000000084300000, 0x00000000d5580000)
  object space 68608K, 68% used [0x0000000080000000,0x0000000082da0310,0x0000000084300000)
 Metaspace       used 23087K, committed 24128K, reserved 1114112K
  class space    used 2123K, committed 2560K, reserved 1048576K
}
Event: 3.199 GC heap after
{Heap after GC invocations=36 (full 1):
 PSYoungGen      total 23552K, used 1408K [0x00000000d5580000, 0x00000000d7000000, 0x0000000100000000)
  eden space 22016K, 0% used [0x00000000d5580000,0x00000000d5580000,0x00000000d6b00000)
  from space 1536K, 91% used [0x00000000d6b80000,0x00000000d6ce0000,0x00000000d6d00000)
  to   space 2048K, 0% used [0x00000000d6e00000,0x00000000d6e00000,0x00000000d7000000)
 ParOldGen       total 68608K, used 49427K [0x0000000080000000, 0x0000000084300000, 0x00000000d5580000)
  object space 68608K, 72% used [0x0000000080000000,0x0000000083044dd0,0x0000000084300000)
 Metaspace       used 23087K, committed 24128K, reserved 1114112K
  class space    used 2123K, committed 2560K, reserved 1048576K
}
Event: 3.232 GC heap before
{Heap before GC invocations=37 (full 1):
 PSYoungGen      total 23552K, used 23424K [0x00000000d5580000, 0x00000000d7000000, 0x0000000100000000)
  eden space 22016K, 100% used [0x00000000d5580000,0x00000000d6b00000,0x00000000d6b00000)
  from space 1536K, 91% used [0x00000000d6b80000,0x00000000d6ce0000,0x00000000d6d00000)
  to   space 2048K, 0% used [0x00000000d6e00000,0x00000000d6e00000,0x00000000d7000000)
 ParOldGen       total 68608K, used 49427K [0x0000000080000000, 0x0000000084300000, 0x00000000d5580000)
  object space 68608K, 72% used [0x0000000080000000,0x0000000083044dd0,0x0000000084300000)
 Metaspace       used 23251K, committed 24320K, reserved 1114112K
  class space    used 2136K, committed 2560K, reserved 1048576K
}
Event: 3.233 GC heap after
{Heap after GC invocations=37 (full 1):
 PSYoungGen      total 23552K, used 1120K [0x00000000d5580000, 0x00000000d6f80000, 0x0000000100000000)
  eden space 22016K, 0% used [0x00000000d5580000,0x00000000d5580000,0x00000000d6b00000)
  from space 1536K, 72% used [0x00000000d6e00000,0x00000000d6f18000,0x00000000d6f80000)
  to   space 1536K, 0% used [0x00000000d6b80000,0x00000000d6b80000,0x00000000d6d00000)
 ParOldGen       total 68608K, used 50715K [0x0000000080000000, 0x0000000084300000, 0x00000000d5580000)
  object space 68608K, 73% used [0x0000000080000000,0x0000000083186dd0,0x0000000084300000)
 Metaspace       used 23251K, committed 24320K, reserved 1114112K
  class space    used 2136K, committed 2560K, reserved 1048576K
}
Event: 3.475 GC heap before
{Heap before GC invocations=38 (full 1):
 PSYoungGen      total 23552K, used 23136K [0x00000000d5580000, 0x00000000d6f80000, 0x0000000100000000)
  eden space 22016K, 100% used [0x00000000d5580000,0x00000000d6b00000,0x00000000d6b00000)
  from space 1536K, 72% used [0x00000000d6e00000,0x00000000d6f18000,0x00000000d6f80000)
  to   space 1536K, 0% used [0x00000000d6b80000,0x00000000d6b80000,0x00000000d6d00000)
 ParOldGen       total 68608K, used 50715K [0x0000000080000000, 0x0000000084300000, 0x00000000d5580000)
  object space 68608K, 73% used [0x0000000080000000,0x0000000083186dd0,0x0000000084300000)
 Metaspace       used 23632K, committed 24704K, reserved 1114112K
  class space    used 2158K, committed 2624K, reserved 1048576K
}
Event: 3.476 GC heap after
{Heap after GC invocations=38 (full 1):
 PSYoungGen      total 23552K, used 1528K [0x00000000d5580000, 0x00000000d7100000, 0x0000000100000000)
  eden space 22016K, 0% used [0x00000000d5580000,0x00000000d5580000,0x00000000d6b00000)
  from space 1536K, 99% used [0x00000000d6b80000,0x00000000d6cfe238,0x00000000d6d00000)
  to   space 3072K, 0% used [0x00000000d6e00000,0x00000000d6e00000,0x00000000d7100000)
 ParOldGen       total 68608K, used 51871K [0x0000000080000000, 0x0000000084300000, 0x00000000d5580000)
  object space 68608K, 75% used [0x0000000080000000,0x00000000832a7de0,0x0000000084300000)
 Metaspace       used 23632K, committed 24704K, reserved 1114112K
  class space    used 2158K, committed 2624K, reserved 1048576K
}
Event: 4.618 GC heap before
{Heap before GC invocations=39 (full 1):
 PSYoungGen      total 23552K, used 23544K [0x00000000d5580000, 0x00000000d7100000, 0x0000000100000000)
  eden space 22016K, 100% used [0x00000000d5580000,0x00000000d6b00000,0x00000000d6b00000)
  from space 1536K, 99% used [0x00000000d6b80000,0x00000000d6cfe238,0x00000000d6d00000)
  to   space 3072K, 0% used [0x00000000d6e00000,0x00000000d6e00000,0x00000000d7100000)
 ParOldGen       total 68608K, used 51871K [0x0000000080000000, 0x0000000084300000, 0x00000000d5580000)
  object space 68608K, 75% used [0x0000000080000000,0x00000000832a7de0,0x0000000084300000)
 Metaspace       used 24042K, committed 25088K, reserved 1114112K
  class space    used 2174K, committed 2624K, reserved 1048576K
}
Event: 4.619 GC heap after
{Heap after GC invocations=39 (full 1):
 PSYoungGen      total 24576K, used 2197K [0x00000000d5580000, 0x00000000d7080000, 0x0000000100000000)
  eden space 22016K, 0% used [0x00000000d5580000,0x00000000d5580000,0x00000000d6b00000)
  from space 2560K, 85% used [0x00000000d6e00000,0x00000000d7025678,0x00000000d7080000)
  to   space 2560K, 0% used [0x00000000d6b80000,0x00000000d6b80000,0x00000000d6e00000)
 ParOldGen       total 68608K, used 52919K [0x0000000080000000, 0x0000000084300000, 0x00000000d5580000)
  object space 68608K, 77% used [0x0000000080000000,0x00000000833adf30,0x0000000084300000)
 Metaspace       used 24042K, committed 25088K, reserved 1114112K
  class space    used 2174K, committed 2624K, reserved 1048576K
}

Dll operation events (10 events):
Event: 0.003 Loaded shared library /usr/lib/jvm/java-21-openjdk-amd64/lib/libjava.so
Event: 0.050 Loaded shared library /usr/lib/jvm/java-21-openjdk-amd64/lib/libjsvml.so
Event: 0.068 Loaded shared library /usr/lib/jvm/java-21-openjdk-amd64/lib/libzip.so
Event: 0.069 Loaded shared library /usr/lib/jvm/java-21-openjdk-amd64/lib/libinstrument.so
Event: 0.070 Loaded shared library /usr/lib/jvm/java-21-openjdk-amd64/lib/libnio.so
Event: 0.071 Loaded shared library /usr/lib/jvm/java-21-openjdk-amd64/lib/libzip.so
Event: 0.077 Loaded shared library /usr/lib/jvm/java-21-openjdk-amd64/lib/libjimage.so
Event: 0.096 Loaded shared library /usr/lib/jvm/java-21-openjdk-amd64/lib/libverify.so
Event: 0.274 Loaded shared library /usr/lib/jvm/java-21-openjdk-amd64/lib/libnet.so
Event: 0.410 Loaded shared library /home/mulroney/.config/Code/User/globalStorage/redhat.java/1.46.2025100108/config_linux/org.eclipse.equinox.launcher/org.eclipse.equinox.launcher.gtk.linux.x86_64_1.2.1500.v20250801-0854/eclipse_11916.so

Deoptimization events (20 events):
Event: 4.631 Thread 0x00007df93c0e2450 Uncommon trap: trap_request=0xffffff45 fr.pc=0x00007dfa04713bc8 relative=0x0000000000000448
Event: 4.631 Thread 0x00007df93c0e2450 Uncommon trap: reason=unstable_if action=reinterpret pc=0x00007dfa04713bc8 method=jdk.internal.util.ArraysSupport.vectorizedHashCode(Ljava/lang/Object;IIII)I @ 61 c2
Event: 4.631 Thread 0x00007df93c0e2450 DEOPT PACKING pc=0x00007dfa04713bc8 sp=0x00007df99b7fc6a0
Event: 4.631 Thread 0x00007df93c0e2450 DEOPT UNPACKING pc=0x00007dfa03d8a399 sp=0x00007df99b7fc670 mode 2
Event: 4.638 Thread 0x00007df93c0e2450 Uncommon trap: trap_request=0xffffff45 fr.pc=0x00007dfa04452b2c relative=0x000000000000020c
Event: 4.638 Thread 0x00007df93c0e2450 Uncommon trap: reason=unstable_if action=reinterpret pc=0x00007dfa04452b2c method=java.lang.String.indexOf(Ljava/lang/String;)I @ 10 c2
Event: 4.638 Thread 0x00007df93c0e2450 DEOPT PACKING pc=0x00007dfa04452b2c sp=0x00007df99b7fd910
Event: 4.638 Thread 0x00007df93c0e2450 DEOPT UNPACKING pc=0x00007dfa03d8a399 sp=0x00007df99b7fd868 mode 2
Event: 4.640 Thread 0x00007df93c0e2450 Uncommon trap: trap_request=0xffffff45 fr.pc=0x00007dfa048096e4 relative=0x0000000000000b44
Event: 4.640 Thread 0x00007df93c0e2450 Uncommon trap: reason=unstable_if action=reinterpret pc=0x00007dfa048096e4 method=java.lang.String.hashCode()I @ 20 c2
Event: 4.640 Thread 0x00007df93c0e2450 DEOPT PACKING pc=0x00007dfa048096e4 sp=0x00007df99b7fd880
Event: 4.640 Thread 0x00007df93c0e2450 DEOPT UNPACKING pc=0x00007dfa03d8a399 sp=0x00007df99b7fd7b0 mode 2
Event: 4.640 Thread 0x00007df93c0e2450 Uncommon trap: trap_request=0xffffff45 fr.pc=0x00007dfa04354dcc relative=0x00000000000000ac
Event: 4.640 Thread 0x00007df93c0e2450 Uncommon trap: reason=unstable_if action=reinterpret pc=0x00007dfa04354dcc method=java.lang.String.isLatin1()Z @ 10 c2
Event: 4.640 Thread 0x00007df93c0e2450 DEOPT PACKING pc=0x00007dfa04354dcc sp=0x00007df99b7fd7f0
Event: 4.640 Thread 0x00007df93c0e2450 DEOPT UNPACKING pc=0x00007dfa03d8a399 sp=0x00007df99b7fd748 mode 2
Event: 4.642 Thread 0x00007df93c0e2450 Uncommon trap: trap_request=0xffffff45 fr.pc=0x00007dfa046bff08 relative=0x0000000000000a88
Event: 4.642 Thread 0x00007df93c0e2450 Uncommon trap: reason=unstable_if action=reinterpret pc=0x00007dfa046bff08 method=java.util.concurrent.ConcurrentHashMap.transfer([Ljava/util/concurrent/ConcurrentHashMap$Node;[Ljava/util/concurrent/ConcurrentHashMap$Node;)V @ 352 c2
Event: 4.642 Thread 0x00007df93c0e2450 DEOPT PACKING pc=0x00007dfa046bff08 sp=0x00007df99b7fd720
Event: 4.642 Thread 0x00007df93c0e2450 DEOPT UNPACKING pc=0x00007dfa03d8a399 sp=0x00007df99b7fd688 mode 2

Classes loaded (20 events):
Event: 1.082 Loading class com/sun/org/apache/xerces/internal/impl/msg/XMLMessages_en
Event: 1.082 Loading class com/sun/org/apache/xerces/internal/impl/msg/XMLMessages_en done
Event: 1.082 Loading class com/sun/org/apache/xerces/internal/impl/msg/XMLMessages_en_GB
Event: 1.082 Loading class com/sun/org/apache/xerces/internal/impl/msg/XMLMessages_en_GB done
Event: 1.082 Loading class com/sun/org/apache/xerces/internal/impl/msg/XMLMessages_en_GB
Event: 1.082 Loading class com/sun/org/apache/xerces/internal/impl/msg/XMLMessages_en_GB done
Event: 1.112 Loading class com/sun/org/apache/xml/internal/serializer/XMLEntities
Event: 1.112 Loading class com/sun/org/apache/xml/internal/serializer/XMLEntities done
Event: 1.112 Loading class com/sun/org/apache/xml/internal/serializer/XMLEntities
Event: 1.112 Loading class com/sun/org/apache/xml/internal/serializer/XMLEntities done
Event: 1.113 Loading class com/sun/org/apache/xml/internal/serializer/XMLEntities_en
Event: 1.113 Loading class com/sun/org/apache/xml/internal/serializer/XMLEntities_en done
Event: 1.113 Loading class com/sun/org/apache/xml/internal/serializer/XMLEntities_en
Event: 1.113 Loading class com/sun/org/apache/xml/internal/serializer/XMLEntities_en done
Event: 1.113 Loading class com/sun/org/apache/xml/internal/serializer/XMLEntities_en_GB
Event: 1.113 Loading class com/sun/org/apache/xml/internal/serializer/XMLEntities_en_GB done
Event: 1.113 Loading class com/sun/org/apache/xml/internal/serializer/XMLEntities_en_GB
Event: 1.113 Loading class com/sun/org/apache/xml/internal/serializer/XMLEntities_en_GB done
Event: 1.219 Loading class jdk/internal/event/ThreadSleepEvent
Event: 1.219 Loading class jdk/internal/event/ThreadSleepEvent done

Classes unloaded (4 events):
Event: 2.584 Thread 0x00007dfa1419f240 Unloading class 0x00007df9b40ec400 'java/lang/invoke/LambdaForm$MH+0x00007df9b40ec400'
Event: 2.584 Thread 0x00007dfa1419f240 Unloading class 0x00007df9b40ec000 'java/lang/invoke/LambdaForm$MH+0x00007df9b40ec000'
Event: 2.584 Thread 0x00007dfa1419f240 Unloading class 0x00007df9b40ebc00 'java/lang/invoke/LambdaForm$MH+0x00007df9b40ebc00'
Event: 2.584 Thread 0x00007dfa1419f240 Unloading class 0x00007df9b40eb800 'java/lang/invoke/LambdaForm$MH+0x00007df9b40eb800'

Classes redefined (1 events):
Event: 3.093 Thread 0x00007dfa1419f240 redefined class name=java.io.FileOutputStream, count=1

Internal exceptions (20 events):
Event: 2.704 Thread 0x00007df9544c3520 Exception <a 'sun/nio/fs/UnixException'{0x00000000d67b3af8}> (0x00000000d67b3af8) 
thrown [./src/hotspot/share/prims/jni.cpp, line 520]
Event: 2.704 Thread 0x00007df9544c3520 Exception <a 'sun/nio/fs/UnixException'{0x00000000d67b5a08}> (0x00000000d67b5a08) 
thrown [./src/hotspot/share/prims/jni.cpp, line 520]
Event: 2.704 Thread 0x00007df9544c3520 Exception <a 'sun/nio/fs/UnixException'{0x00000000d67b70f0}> (0x00000000d67b70f0) 
thrown [./src/hotspot/share/prims/jni.cpp, line 520]
Event: 2.704 Thread 0x00007df9544c3520 Exception <a 'sun/nio/fs/UnixException'{0x00000000d67b9008}> (0x00000000d67b9008) 
thrown [./src/hotspot/share/prims/jni.cpp, line 520]
Event: 2.704 Thread 0x00007df9544c3520 Exception <a 'sun/nio/fs/UnixException'{0x00000000d67ba970}> (0x00000000d67ba970) 
thrown [./src/hotspot/share/prims/jni.cpp, line 520]
Event: 2.705 Thread 0x00007df9544c3520 Exception <a 'sun/nio/fs/UnixException'{0x00000000d67bc8a0}> (0x00000000d67bc8a0) 
thrown [./src/hotspot/share/prims/jni.cpp, line 520]
Event: 2.705 Thread 0x00007df9544c3520 Exception <a 'sun/nio/fs/UnixException'{0x00000000d67bdf18}> (0x00000000d67bdf18) 
thrown [./src/hotspot/share/prims/jni.cpp, line 520]
Event: 2.705 Thread 0x00007df9544c3520 Exception <a 'sun/nio/fs/UnixException'{0x00000000d67bfe20}> (0x00000000d67bfe20) 
thrown [./src/hotspot/share/prims/jni.cpp, line 520]
Event: 2.705 Thread 0x00007df9544c3520 Exception <a 'sun/nio/fs/UnixException'{0x00000000d67c1740}> (0x00000000d67c1740) 
thrown [./src/hotspot/share/prims/jni.cpp, line 520]
Event: 2.740 Thread 0x00007df9544c9a00 Exception <a 'sun/nio/fs/UnixException'{0x00000000d6933eb8}> (0x00000000d6933eb8) 
thrown [./src/hotspot/share/prims/jni.cpp, line 520]
Event: 2.746 Thread 0x00007df9544c9a00 Exception <a 'sun/nio/fs/UnixException'{0x00000000d699ed38}> (0x00000000d699ed38) 
thrown [./src/hotspot/share/prims/jni.cpp, line 520]
Event: 2.753 Thread 0x00007df9544c9a00 Exception <a 'sun/nio/fs/UnixException'{0x00000000d559ef70}> (0x00000000d559ef70) 
thrown [./src/hotspot/share/prims/jni.cpp, line 520]
Event: 2.788 Thread 0x00007df9544c9a00 Implicit null exception at 0x00007dfa0471b93f to 0x00007dfa0471b98e
Event: 2.820 Thread 0x00007df9143ced30 Exception <a 'java/lang/IncompatibleClassChangeError'{0x00000000d5d13490}: Found class java.lang.Object, but interface was expected> (0x00000000d5d13490) 
thrown [./src/hotspot/share/interpreter/linkResolver.cpp, line 840]
Event: 2.837 Thread 0x00007df9143ced30 Implicit null exception at 0x00007dfa045fb689 to 0x00007dfa045fb7b9
Event: 3.057 Thread 0x00007df85c000be0 Implicit null exception at 0x00007dfa047b82b1 to 0x00007dfa047b8528
Event: 3.197 Thread 0x00007df9544c9a00 Exception <a 'java/io/FileNotFoundException'{0x00000000d6ac8860}> (0x00000000d6ac8860) 
thrown [./src/hotspot/share/prims/jni.cpp, line 520]
Event: 3.197 Thread 0x00007df9544c9a00 Exception <a 'java/io/FileNotFoundException'{0x00000000d6ac9a40}> (0x00000000d6ac9a40) 
thrown [./src/hotspot/share/prims/jni.cpp, line 520]
Event: 3.197 Thread 0x00007df9544c9a00 Exception <a 'java/io/FileNotFoundException'{0x00000000d6aca998}> (0x00000000d6aca998) 
thrown [./src/hotspot/share/prims/jni.cpp, line 520]
Event: 3.265 Thread 0x00007df9544c9a00 Exception <a 'java/lang/NoSuchMethodError'{0x00000000d5f596d0}: 'void java.lang.invoke.DelegatingMethodHandle$Holder.reinvoke_L(java.lang.Object, java.lang.Object, long)'> (0x00000000d5f596d0) 
thrown [./src/hotspot/share/interpreter/linkResolver.cpp, line 772]

ZGC Phase Switch (0 events):
No events

VM Operations (20 events):
Event: 3.118 Executing VM operation: ParallelGCFailedAllocation (Allocation Failure)
Event: 3.122 Executing VM operation: ParallelGCFailedAllocation (Allocation Failure) done
Event: 3.197 Executing VM operation: ParallelGCFailedAllocation (Allocation Failure)
Event: 3.199 Executing VM operation: ParallelGCFailedAllocation (Allocation Failure) done
Event: 3.232 Executing VM operation: ParallelGCFailedAllocation (Allocation Failure)
Event: 3.233 Executing VM operation: ParallelGCFailedAllocation (Allocation Failure) done
Event: 3.459 Executing VM operation: ICBufferFull
Event: 3.459 Executing VM operation: ICBufferFull done
Event: 3.475 Executing VM operation: ParallelGCFailedAllocation (Allocation Failure)
Event: 3.476 Executing VM operation: ParallelGCFailedAllocation (Allocation Failure) done
Event: 3.741 Executing VM operation: ICBufferFull
Event: 3.742 Executing VM operation: ICBufferFull done
Event: 4.598 Executing VM operation: HandshakeAllThreads (Deoptimize)
Event: 4.598 Executing VM operation: HandshakeAllThreads (Deoptimize) done
Event: 4.603 Executing VM operation: HandshakeAllThreads (Deoptimize)
Event: 4.603 Executing VM operation: HandshakeAllThreads (Deoptimize) done
Event: 4.608 Executing VM operation: HandshakeAllThreads (Deoptimize)
Event: 4.608 Executing VM operation: HandshakeAllThreads (Deoptimize) done
Event: 4.618 Executing VM operation: ParallelGCFailedAllocation (Allocation Failure)
Event: 4.619 Executing VM operation: ParallelGCFailedAllocation (Allocation Failure) done

Memory protections (20 events):
Event: 2.895 Protecting memory [0x00007df87bf00000,0x00007df87bf04000] with protection modes 0
Event: 2.895 Protecting memory [0x00007df87be00000,0x00007df87be04000] with protection modes 0
Event: 2.895 Protecting memory [0x00007df87bd00000,0x00007df87bd04000] with protection modes 0
Event: 2.963 Protecting memory [0x00007df87bc00000,0x00007df87bc04000] with protection modes 0
Event: 2.971 Protecting memory [0x00007df87bb00000,0x00007df87bb04000] with protection modes 0
Event: 3.052 Protecting memory [0x00007df87a69d000,0x00007df87a6a1000] with protection modes 0
Event: 3.207 Protecting memory [0x00007df87ba00000,0x00007df87ba04000] with protection modes 0
Event: 3.207 Protecting memory [0x00007df87b900000,0x00007df87b904000] with protection modes 0
Event: 3.207 Protecting memory [0x00007df87b800000,0x00007df87b804000] with protection modes 0
Event: 3.207 Protecting memory [0x00007df87b700000,0x00007df87b704000] with protection modes 0
Event: 3.207 Protecting memory [0x00007df87b600000,0x00007df87b604000] with protection modes 0
Event: 3.222 Protecting memory [0x00007df87b700000,0x00007df87b704000] with protection modes 0
Event: 3.222 Protecting memory [0x00007df87b800000,0x00007df87b804000] with protection modes 0
Event: 3.222 Protecting memory [0x00007df87ba00000,0x00007df87ba04000] with protection modes 0
Event: 3.222 Protecting memory [0x00007df87b600000,0x00007df87b604000] with protection modes 0
Event: 3.222 Protecting memory [0x00007df87b900000,0x00007df87b904000] with protection modes 0
Event: 3.400 Protecting memory [0x00007df87b600000,0x00007df87b604000] with protection modes 0
Event: 4.594 Protecting memory [0x00007df99b900000,0x00007df99b904000] with protection modes 0
Event: 4.595 Protecting memory [0x00007df99b700000,0x00007df99b704000] with protection modes 0
Event: 4.598 Protecting memory [0x00007df87b900000,0x00007df87b904000] with protection modes 0

Nmethod flushes (0 events):
No events

Events (20 events):
Event: 3.216 Thread 0x00007df93c0b5fb0 Thread exited: 0x00007df93c0b5fb0
Event: 3.216 Thread 0x00007df93c0af2c0 Thread exited: 0x00007df93c0af2c0
Event: 3.216 Thread 0x00007df93c0b11c0 Thread exited: 0x00007df93c0b11c0
Event: 3.216 Thread 0x00007df93c0b4ad0 Thread exited: 0x00007df93c0b4ad0
Event: 3.222 Thread 0x00007df9544c9a00 Thread added: 0x00007df93c0af2c0
Event: 3.222 Thread 0x00007df9544c9a00 Thread added: 0x00007df93c0b05e0
Event: 3.222 Thread 0x00007df9544c9a00 Thread added: 0x00007df93c0b4ab0
Event: 3.222 Thread 0x00007df9544c9a00 Thread added: 0x00007df93c0b5f90
Event: 3.222 Thread 0x00007df9544c9a00 Thread added: 0x00007df93c0b77a0
Event: 3.239 Thread 0x00007df93c0b05e0 Thread exited: 0x00007df93c0b05e0
Event: 3.239 Thread 0x00007df93c0af2c0 Thread exited: 0x00007df93c0af2c0
Event: 3.239 Thread 0x00007df93c0b4ab0 Thread exited: 0x00007df93c0b4ab0
Event: 3.239 Thread 0x00007df93c0b77a0 Thread exited: 0x00007df93c0b77a0
Event: 3.239 Thread 0x00007df93c0b5f90 Thread exited: 0x00007df93c0b5f90
Event: 3.400 Thread 0x00007df9544c3520 Thread added: 0x00007df928020a50
Event: 3.690 Thread 0x00007df9841a4850 Thread exited: 0x00007df9841a4850
Event: 4.045 Thread 0x00007df9840c0170 Thread exited: 0x00007df9840c0170
Event: 4.594 Thread 0x00007dfa141b1ab0 Thread added: 0x00007df984c4fe50
Event: 4.595 Thread 0x00007df9544c9a00 Thread added: 0x00007df93c0e2450
Event: 4.598 Thread 0x00007dfa141b0500 Thread added: 0x00007df980445d90


Dynamic libraries:
80000000-84300000 rw-p 00000000 00:00 0 
84300000-d5580000 ---p 00000000 00:00 0 
d5580000-d7080000 rw-p 00000000 00:00 0 
d7080000-100000000 ---p 00000000 00:00 0 
5db30124d000-5db30124e000 r--p 00000000 00:1c 249042                     /usr/lib/jvm/java-21-openjdk-amd64/bin/java
5db30124e000-5db30124f000 r-xp 00001000 00:1c 249042                     /usr/lib/jvm/java-21-openjdk-amd64/bin/java
5db30124f000-5db301250000 r--p 00002000 00:1c 249042                     /usr/lib/jvm/java-21-openjdk-amd64/bin/java
5db301250000-5db301251000 r--p 00002000 00:1c 249042                     /usr/lib/jvm/java-21-openjdk-amd64/bin/java
5db301251000-5db301252000 rw-p 00003000 00:1c 249042                     /usr/lib/jvm/java-21-openjdk-amd64/bin/java
5db319603000-5db31964b000 rw-p 00000000 00:00 0                          [heap]
7df84c000000-7df84c49e000 rw-p 00000000 00:00 0 
7df84c49e000-7df850000000 ---p 00000000 00:00 0 
7df854000000-7df854021000 rw-p 00000000 00:00 0 
7df854021000-7df858000000 ---p 00000000 00:00 0 
7df858000000-7df858021000 rw-p 00000000 00:00 0 
7df858021000-7df85c000000 ---p 00000000 00:00 0 
7df85c000000-7df85c062000 rw-p 00000000 00:00 0 
7df85c062000-7df860000000 ---p 00000000 00:00 0 
7df860000000-7df860021000 rw-p 00000000 00:00 0 
7df860021000-7df864000000 ---p 00000000 00:00 0 
7df864000000-7df864021000 rw-p 00000000 00:00 0 
7df864021000-7df868000000 ---p 00000000 00:00 0 
7df868000000-7df868021000 rw-p 00000000 00:00 0 
7df868021000-7df86c000000 ---p 00000000 00:00 0 
7df86c000000-7df86c021000 rw-p 00000000 00:00 0 
7df86c021000-7df870000000 ---p 00000000 00:00 0 
7df870000000-7df870021000 rw-p 00000000 00:00 0 
7df870021000-7df874000000 ---p 00000000 00:00 0 
7df874000000-7df874021000 rw-p 00000000 00:00 0 
7df874021000-7df878000000 ---p 00000000 00:00 0 
7df87a69c000-7df87a69d000 ---p 00000000 00:00 0 
7df87a69d000-7df87a6a1000 ---p 00000000 00:00 0 
7df87a6a1000-7df87ae9d000 rw-p 00000000 00:00 0 
7df87ae9d000-7df87afd7000 r--p 00000000 00:1c 11216658                   /opt/traps/lib/libmoduleng64.so
7df87afd7000-7df87b1fc000 r-xp 0013a000 00:1c 11216658                   /opt/traps/lib/libmoduleng64.so
7df87b1fc000-7df87b357000 r--p 0035f000 00:1c 11216658                   /opt/traps/lib/libmoduleng64.so
7df87b357000-7df87b3f7000 rw-p 004b9000 00:1c 11216658                   /opt/traps/lib/libmoduleng64.so
7df87b3f7000-7df87b400000 rw-p 00000000 00:00 0 
7df87b600000-7df87b604000 ---p 00000000 00:00 0 
7df87b604000-7df87b700000 rw-p 00000000 00:00 0 
7df87b700000-7df87b704000 ---p 00000000 00:00 0 
7df87b704000-7df87b800000 rw-p 00000000 00:00 0 
7df87b800000-7df87b804000 ---p 00000000 00:00 0 
7df87b804000-7df87b900000 rw-p 00000000 00:00 0 
7df87b900000-7df87b904000 ---p 00000000 00:00 0 
7df87b904000-7df87ba00000 rw-p 00000000 00:00 0 
7df87ba00000-7df87ba04000 ---p 00000000 00:00 0 
7df87ba04000-7df87bb00000 rw-p 00000000 00:00 0 
7df87bb00000-7df87bb04000 ---p 00000000 00:00 0 
7df87bb04000-7df87bc00000 rw-p 00000000 00:00 0 
7df87bc00000-7df87bc04000 ---p 00000000 00:00 0 
7df87bc04000-7df87bd00000 rw-p 00000000 00:00 0 
7df87bd00000-7df87bd04000 ---p 00000000 00:00 0 
7df87bd04000-7df87be00000 rw-p 00000000 00:00 0 
7df87be00000-7df87be04000 ---p 00000000 00:00 0 
7df87be04000-7df87bf00000 rw-p 00000000 00:00 0 
7df87bf00000-7df87bf04000 ---p 00000000 00:00 0 
7df87bf04000-7df87c000000 rw-p 00000000 00:00 0 
7df87c000000-7df87c021000 rw-p 00000000 00:00 0 
7df87c021000-7df880000000 ---p 00000000 00:00 0 
7df880000000-7df880021000 rw-p 00000000 00:00 0 
7df880021000-7df884000000 ---p 00000000 00:00 0 
7df884000000-7df884021000 rw-p 00000000 00:00 0 
7df884021000-7df888000000 ---p 00000000 00:00 0 
7df888000000-7df88803d000 rw-p 00000000 00:00 0 
7df88803d000-7df88c000000 ---p 00000000 00:00 0 
7df88c000000-7df88c021000 rw-p 00000000 00:00 0 
7df88c021000-7df890000000 ---p 00000000 00:00 0 
7df890000000-7df890021000 rw-p 00000000 00:00 0 
7df890021000-7df894000000 ---p 00000000 00:00 0 
7df894000000-7df894021000 rw-p 00000000 00:00 0 
7df894021000-7df898000000 ---p 00000000 00:00 0 
7df898000000-7df898021000 rw-p 00000000 00:00 0 
7df898021000-7df89c000000 ---p 00000000 00:00 0 
7df89c000000-7df89c021000 rw-p 00000000 00:00 0 
7df89c021000-7df8a0000000 ---p 00000000 00:00 0 
7df8a0000000-7df8a0021000 rw-p 00000000 00:00 0 
7df8a0021000-7df8a4000000 ---p 00000000 00:00 0 
7df8a4000000-7df8a4021000 rw-p 00000000 00:00 0 
7df8a4021000-7df8a8000000 ---p 00000000 00:00 0 
7df8a8000000-7df8a8021000 rw-p 00000000 00:00 0 
7df8a8021000-7df8ac000000 ---p 00000000 00:00 0 
7df8ac000000-7df8ac021000 rw-p 00000000 00:00 0 
7df8ac021000-7df8b0000000 ---p 00000000 00:00 0 
7df8b0000000-7df8b0021000 rw-p 00000000 00:00 0 
7df8b0021000-7df8b4000000 ---p 00000000 00:00 0 
7df8b4000000-7df8b4021000 rw-p 00000000 00:00 0 
7df8b4021000-7df8b8000000 ---p 00000000 00:00 0 
7df8b8000000-7df8b8021000 rw-p 00000000 00:00 0 
7df8b8021000-7df8bc000000 ---p 00000000 00:00 0 
7df8bc000000-7df8bc021000 rw-p 00000000 00:00 0 
7df8bc021000-7df8c0000000 ---p 00000000 00:00 0 
7df8c0000000-7df8c0021000 rw-p 00000000 00:00 0 
7df8c0021000-7df8c4000000 ---p 00000000 00:00 0 
7df8c4000000-7df8c4021000 rw-p 00000000 00:00 0 
7df8c4021000-7df8c8000000 ---p 00000000 00:00 0 
7df8c8000000-7df8c8021000 rw-p 00000000 00:00 0 
7df8c8021000-7df8cc000000 ---p 00000000 00:00 0 
7df8cc000000-7df8cc021000 rw-p 00000000 00:00 0 
7df8cc021000-7df8d0000000 ---p 00000000 00:00 0 
7df8d0000000-7df8d0021000 rw-p 00000000 00:00 0 
7df8d0021000-7df8d4000000 ---p 00000000 00:00 0 
7df8d4000000-7df8d4021000 rw-p 00000000 00:00 0 
7df8d4021000-7df8d8000000 ---p 00000000 00:00 0 
7df8d8000000-7df8d8021000 rw-p 00000000 00:00 0 
7df8d8021000-7df8dc000000 ---p 00000000 00:00 0 
7df8dc000000-7df8dc021000 rw-p 00000000 00:00 0 
7df8dc021000-7df8e0000000 ---p 00000000 00:00 0 
7df8e0000000-7df8e0021000 rw-p 00000000 00:00 0 
7df8e0021000-7df8e4000000 ---p 00000000 00:00 0 
7df8e4000000-7df8e4021000 rw-p 00000000 00:00 0 
7df8e4021000-7df8e8000000 ---p 00000000 00:00 0 
7df8e8000000-7df8e8021000 rw-p 00000000 00:00 0 
7df8e8021000-7df8ec000000 ---p 00000000 00:00 0 
7df8ec000000-7df8ec021000 rw-p 00000000 00:00 0 
7df8ec021000-7df8f0000000 ---p 00000000 00:00 0 
7df8f0000000-7df8f0021000 rw-p 00000000 00:00 0 
7df8f0021000-7df8f4000000 ---p 00000000 00:00 0 
7df8f4000000-7df8f40f3000 rw-p 00000000 00:00 0 
7df8f40f3000-7df8f8000000 ---p 00000000 00:00 0 
7df8f8000000-7df8f8055000 rw-p 00000000 00:00 0 
7df8f8055000-7df8fc000000 ---p 00000000 00:00 0 
7df8fc000000-7df8fc0b3000 rw-p 00000000 00:00 0 
7df8fc0b3000-7df900000000 ---p 00000000 00:00 0 
7df900000000-7df900022000 rw-p 00000000 00:00 0 
7df900022000-7df904000000 ---p 00000000 00:00 0 
7df904000000-7df904021000 rw-p 00000000 00:00 0 
7df904021000-7df908004000 ---p 00000000 00:00 0 
7df908004000-7df908100000 rw-p 00000000 00:00 0 
7df908100000-7df908104000 ---p 00000000 00:00 0 
7df908104000-7df908200000 rw-p 00000000 00:00 0 
7df908200000-7df908204000 ---p 00000000 00:00 0 
7df908204000-7df908300000 rw-p 00000000 00:00 0 
7df908300000-7df908304000 ---p 00000000 00:00 0 
7df908304000-7df908400000 rw-p 00000000 00:00 0 
7df908400000-7df90feb2000 r--s 00000000 00:1c 699895                     /usr/lib/jvm/java-17-openjdk-amd64/lib/modules
7df90ff00000-7df90ff04000 ---p 00000000 00:00 0 
7df90ff04000-7df910000000 rw-p 00000000 00:00 0 
7df910000000-7df910021000 rw-p 00000000 00:00 0 
7df910021000-7df914000000 ---p 00000000 00:00 0 
7df914000000-7df914436000 rw-p 00000000 00:00 0 
7df914436000-7df918000000 ---p 00000000 00:00 0 
7df918000000-7df918159000 rw-p 00000000 00:00 0 
7df918159000-7df91c000000 ---p 00000000 00:00 0 
7df91c000000-7df91c021000 rw-p 00000000 00:00 0 
7df91c021000-7df920000000 ---p 00000000 00:00 0 
7df920000000-7df920021000 rw-p 00000000 00:00 0 
7df920021000-7df924000000 ---p 00000000 00:00 0 
7df924000000-7df92402f000 rw-p 00000000 00:00 0 
7df92402f000-7df928000000 ---p 00000000 00:00 0 
7df928000000-7df928074000 rw-p 00000000 00:00 0 
7df928074000-7df92c000000 ---p 00000000 00:00 0 
7df92c000000-7df92c06b000 rw-p 00000000 00:00 0 
7df92c06b000-7df930000000 ---p 00000000 00:00 0 
7df930000000-7df930021000 rw-p 00000000 00:00 0 
7df930021000-7df934000000 ---p 00000000 00:00 0 
7df934000000-7df934021000 rw-p 00000000 00:00 0 
7df934021000-7df938000000 ---p 00000000 00:00 0 
7df938000000-7df938021000 rw-p 00000000 00:00 0 
7df938021000-7df93c000000 ---p 00000000 00:00 0 
7df93c000000-7df93c5a8000 rw-p 00000000 00:00 0 
7df93c5a8000-7df940000000 ---p 00000000 00:00 0 
7df940000000-7df940021000 rw-p 00000000 00:00 0 
7df940021000-7df944000000 ---p 00000000 00:00 0 
7df944000000-7df944021000 rw-p 00000000 00:00 0 
7df944021000-7df948000000 ---p 00000000 00:00 0 
7df948000000-7df948021000 rw-p 00000000 00:00 0 
7df948021000-7df94c000000 ---p 00000000 00:00 0 
7df94c000000-7df94c021000 rw-p 00000000 00:00 0 
7df94c021000-7df950000000 ---p 00000000 00:00 0 
7df950000000-7df950021000 rw-p 00000000 00:00 0 
7df950021000-7df954000000 ---p 00000000 00:00 0 
7df954000000-7df9545bf000 rw-p 00000000 00:00 0 
7df9545bf000-7df958000000 ---p 00000000 00:00 0 
7df958000000-7df95802f000 rw-p 00000000 00:00 0 
7df95802f000-7df95c000000 ---p 00000000 00:00 0 
7df95c000000-7df95c021000 rw-p 00000000 00:00 0 
7df95c021000-7df960000000 ---p 00000000 00:00 0 
7df960000000-7df960021000 rw-p 00000000 00:00 0 
7df960021000-7df964000000 ---p 00000000 00:00 0 
7df964000000-7df964021000 rw-p 00000000 00:00 0 
7df964021000-7df968000000 ---p 00000000 00:00 0 
7df968000000-7df968021000 rw-p 00000000 00:00 0 
7df968021000-7df96c000000 ---p 00000000 00:00 0 
7df96c000000-7df96c021000 rw-p 00000000 00:00 0 
7df96c021000-7df970000000 ---p 00000000 00:00 0 
7df970000000-7df970021000 rw-p 00000000 00:00 0 
7df970021000-7df974000000 ---p 00000000 00:00 0 
7df974000000-7df9754be000 rw-p 00000000 00:00 0 
7df9754be000-7df978000000 ---p 00000000 00:00 0 
7df978000000-7df978021000 rw-p 00000000 00:00 0 
7df978021000-7df97c000000 ---p 00000000 00:00 0 
7df97c000000-7df97d397000 rw-p 00000000 00:00 0 
7df97d397000-7df980000000 ---p 00000000 00:00 0 
7df980000000-7df9816b7000 rw-p 00000000 00:00 0 
7df9816b7000-7df984000000 ---p 00000000 00:00 0 
7df984000000-7df984c61000 rw-p 00000000 00:00 0 
7df984c61000-7df988000000 ---p 00000000 00:00 0 
7df988000000-7df988021000 rw-p 00000000 00:00 0 
7df988021000-7df98c000000 ---p 00000000 00:00 0 
7df98c000000-7df98c021000 rw-p 00000000 00:00 0 
7df98c021000-7df990000000 ---p 00000000 00:00 0 
7df990000000-7df990021000 rw-p 00000000 00:00 0 
7df990021000-7df994000000 ---p 00000000 00:00 0 
7df994000000-7df994021000 rw-p 00000000 00:00 0 
7df994021000-7df998000000 ---p 00000000 00:00 0 
7df998063000-7df998067000 ---p 00000000 00:00 0 
7df998067000-7df998163000 rw-p 00000000 00:00 0 
7df998163000-7df998167000 ---p 00000000 00:00 0 
7df998167000-7df998263000 rw-p 00000000 00:00 0 
7df998263000-7df998267000 ---p 00000000 00:00 0 
7df998267000-7df998363000 rw-p 00000000 00:00 0 
7df998363000-7df998367000 ---p 00000000 00:00 0 
7df998367000-7df998463000 rw-p 00000000 00:00 0 
7df998463000-7df998467000 ---p 00000000 00:00 0 
7df998467000-7df998563000 rw-p 00000000 00:00 0 
7df998563000-7df998567000 ---p 00000000 00:00 0 
7df998567000-7df998663000 rw-p 00000000 00:00 0 
7df998663000-7df998667000 ---p 00000000 00:00 0 
7df998667000-7df998763000 rw-p 00000000 00:00 0 
7df998763000-7df998767000 ---p 00000000 00:00 0 
7df998767000-7df998863000 rw-p 00000000 00:00 0 
7df998863000-7df998867000 ---p 00000000 00:00 0 
7df998867000-7df998963000 rw-p 00000000 00:00 0 
7df998963000-7df998967000 ---p 00000000 00:00 0 
7df998967000-7df998a63000 rw-p 00000000 00:00 0 
7df998a63000-7df998a67000 ---p 00000000 00:00 0 
7df998a67000-7df998b63000 rw-p 00000000 00:00 0 
7df998b63000-7df998b67000 ---p 00000000 00:00 0 
7df998b67000-7df998c63000 rw-p 00000000 00:00 0 
7df998c63000-7df998c67000 ---p 00000000 00:00 0 
7df998c67000-7df998d63000 rw-p 00000000 00:00 0 
7df998d63000-7df998d67000 ---p 00000000 00:00 0 
7df998d67000-7df998e63000 rw-p 00000000 00:00 0 
7df998e63000-7df998e67000 ---p 00000000 00:00 0 
7df998e67000-7df998f63000 rw-p 00000000 00:00 0 
7df998f63000-7df998f67000 ---p 00000000 00:00 0 
7df998f67000-7df999063000 rw-p 00000000 00:00 0 
7df999063000-7df999067000 ---p 00000000 00:00 0 
7df999067000-7df999163000 rw-p 00000000 00:00 0 
7df999163000-7df999167000 ---p 00000000 00:00 0 
7df999167000-7df999263000 rw-p 00000000 00:00 0 
7df999263000-7df999267000 ---p 00000000 00:00 0 
7df999267000-7df999363000 rw-p 00000000 00:00 0 
7df999363000-7df999367000 ---p 00000000 00:00 0 
7df999367000-7df999463000 rw-p 00000000 00:00 0 
7df999463000-7df999467000 ---p 00000000 00:00 0 
7df999467000-7df999563000 rw-p 00000000 00:00 0 
7df999563000-7df999567000 ---p 00000000 00:00 0 
7df999567000-7df999663000 rw-p 00000000 00:00 0 
7df999663000-7df999667000 ---p 00000000 00:00 0 
7df999667000-7df999763000 rw-p 00000000 00:00 0 
7df999763000-7df999767000 ---p 00000000 00:00 0 
7df999767000-7df999863000 rw-p 00000000 00:00 0 
7df999863000-7df999867000 ---p 00000000 00:00 0 
7df999867000-7df999963000 rw-p 00000000 00:00 0 
7df999963000-7df999967000 ---p 00000000 00:00 0 
7df999967000-7df999a63000 rw-p 00000000 00:00 0 
7df999a63000-7df999a67000 ---p 00000000 00:00 0 
7df999a67000-7df999b63000 rw-p 00000000 00:00 0 
7df999b63000-7df999b67000 ---p 00000000 00:00 0 
7df999b67000-7df999c63000 rw-p 00000000 00:00 0 
7df999c63000-7df999c67000 ---p 00000000 00:00 0 
7df999c67000-7df999d63000 rw-p 00000000 00:00 0 
7df999d63000-7df999d67000 ---p 00000000 00:00 0 
7df999d67000-7df999e63000 rw-p 00000000 00:00 0 
7df999e63000-7df999e67000 ---p 00000000 00:00 0 
7df999e67000-7df999f63000 rw-p 00000000 00:00 0 
7df999ff7000-7df999ffb000 ---p 00000000 00:00 0 
7df999ffb000-7df99a0f7000 rw-p 00000000 00:00 0 
7df99a0f7000-7df99a0fb000 ---p 00000000 00:00 0 
7df99a0fb000-7df99a1f7000 rw-p 00000000 00:00 0 
7df99a1f7000-7df99a1fb000 ---p 00000000 00:00 0 
7df99a1fb000-7df99a2f7000 rw-p 00000000 00:00 0 
7df99a2f7000-7df99a2fb000 ---p 00000000 00:00 0 
7df99a2fb000-7df99a3f7000 rw-p 00000000 00:00 0 
7df99a3f7000-7df99a3f8000 ---p 00000000 00:00 0 
7df99a3f8000-7df99a4f8000 rw-p 00000000 00:00 0 
7df99a4f8000-7df99a4fc000 ---p 00000000 00:00 0 
7df99a4fc000-7df99a5f8000 rw-p 00000000 00:00 0 
7df99a5f8000-7df99a5fc000 ---p 00000000 00:00 0 
7df99a5fc000-7df99a6f8000 rw-p 00000000 00:00 0 
7df99a6f8000-7df99a6f9000 ---p 00000000 00:00 0 
7df99a6f9000-7df99a7f9000 rw-p 00000000 00:00 0 
7df99a7f9000-7df99a7fa000 ---p 00000000 00:00 0 
7df99a7fa000-7df99a8fa000 rw-p 00000000 00:00 0 
7df99a8fa000-7df99a8fe000 ---p 00000000 00:00 0 
7df99a8fe000-7df99a9fa000 rw-p 00000000 00:00 0 
7df99a9fa000-7df99a9fe000 ---p 00000000 00:00 0 
7df99a9fe000-7df99aafa000 rw-p 00000000 00:00 0 
7df99aafa000-7df99aafb000 ---p 00000000 00:00 0 
7df99aafb000-7df99abfb000 rw-p 00000000 00:00 0 
7df99abfb000-7df99abff000 ---p 00000000 00:00 0 
7df99abff000-7df99acfb000 rw-p 00000000 00:00 0 
7df99acfb000-7df99acff000 ---p 00000000 00:00 0 
7df99acff000-7df99adfb000 rw-p 00000000 00:00 0 
7df99adfb000-7df99adfc000 ---p 00000000 00:00 0 
7df99adfc000-7df99aefc000 rw-p 00000000 00:00 0 
7df99aefc000-7df99af00000 ---p 00000000 00:00 0 
7df99af00000-7df99affc000 rw-p 00000000 00:00 0 
7df99affc000-7df99b000000 ---p 00000000 00:00 0 
7df99b000000-7df99b0fc000 rw-p 00000000 00:00 0 
7df99b0fc000-7df99b0fd000 ---p 00000000 00:00 0 
7df99b0fd000-7df99b1fd000 rw-p 00000000 00:00 0 
7df99b1fd000-7df99b201000 ---p 00000000 00:00 0 
7df99b201000-7df99b2fd000 rw-p 00000000 00:00 0 
7df99b2fd000-7df99b301000 ---p 00000000 00:00 0 
7df99b301000-7df99b3fd000 rw-p 00000000 00:00 0 
7df99b3fd000-7df99b3fe000 ---p 00000000 00:00 0 
7df99b3fe000-7df99b4fe000 rw-p 00000000 00:00 0 
7df99b4fe000-7df99b4ff000 ---p 00000000 00:00 0 
7df99b4ff000-7df99b5ff000 rw-p 00000000 00:00 0 
7df99b5ff000-7df99b600000 ---p 00000000 00:00 0 
7df99b600000-7df99b700000 rw-p 00000000 00:00 0 
7df99b700000-7df99b704000 ---p 00000000 00:00 0 
7df99b704000-7df99b800000 rw-p 00000000 00:00 0 
7df99b800000-7df99b804000 ---p 00000000 00:00 0 
7df99b804000-7df99b900000 rw-p 00000000 00:00 0 
7df99b900000-7df99b904000 ---p 00000000 00:00 0 
7df99b904000-7df99ba00000 rw-p 00000000 00:00 0 
7df99ba00000-7df99ba04000 ---p 00000000 00:00 0 
7df99ba04000-7df99bb00000 rw-p 00000000 00:00 0 
7df99bb00000-7df99bb04000 ---p 00000000 00:00 0 
7df99bb04000-7df99bc00000 rw-p 00000000 00:00 0 
7df99bc00000-7df99bc04000 ---p 00000000 00:00 0 
7df99bc04000-7df99bd00000 rw-p 00000000 00:00 0 
7df99bd00000-7df99bd04000 ---p 00000000 00:00 0 
7df99bd04000-7df99be00000 rw-p 00000000 00:00 0 
7df99be00000-7df99be04000 ---p 00000000 00:00 0 
7df99be04000-7df99bf00000 rw-p 00000000 00:00 0 
7df99bf00000-7df99bf04000 ---p 00000000 00:00 0 
7df99bf04000-7df99c000000 rw-p 00000000 00:00 0 
7df99c000000-7df99c023000 rw-p 00000000 00:00 0 
7df99c023000-7df9a0000000 ---p 00000000 00:00 0 
7df9a0000000-7df9a0021000 rw-p 00000000 00:00 0 
7df9a0021000-7df9a4000000 ---p 00000000 00:00 0 
7df9a4000000-7df9a43f0000 rw-p 00000000 00:00 0 
7df9a43f0000-7df9a4400000 ---p 00000000 00:00 0 
7df9a4400000-7df9a5620000 rw-p 00000000 00:00 0 
7df9a5620000-7df9a8000000 ---p 00000000 00:00 0 
7df9a8000000-7df9a8021000 rw-p 00000000 00:00 0 
7df9a8021000-7df9ac004000 ---p 00000000 00:00 0 
7df9ac004000-7df9ac100000 rw-p 00000000 00:00 0 
7df9ac100000-7df9ac104000 ---p 00000000 00:00 0 
7df9ac104000-7df9ac200000 rw-p 00000000 00:00 0 
7df9ac200000-7df9ac775000 r--p 00000000 00:1c 234016                     /usr/lib/locale/locale-archive
7df9ac7e8000-7df9ac7e9000 ---p 00000000 00:00 0 
7df9ac7e9000-7df9ac8e9000 rw-p 00000000 00:00 0 
7df9ac8e9000-7df9ae000000 rw-p 00000000 00:00 0 
7df9ae000000-7df9aeca0000 rw-p 00001000 00:1c 249196                     /usr/lib/jvm/java-21-openjdk-amd64/lib/server/classes.jsa
7df9aeca0000-7df9b3b28000 rw-p 00001000 00:1c 12420846                   /home/mulroney/.config/Code/User/globalStorage/redhat.java/1.46.2025100108/jdtls.jsa
7df9b3b28000-7df9b4000000 ---p 00000000 00:00 0 
7df9b4000000-7df9b4040000 rw-p 00000000 00:00 0 
7df9b4040000-7df9b4070000 rw-p 00000000 00:00 0 
7df9b4070000-7df9b4080000 ---p 00000000 00:00 0 
7df9b4080000-7df9b42b0000 rw-p 00000000 00:00 0 
7df9b42b0000-7df9f4000000 ---p 00000000 00:00 0 
7df9f4000000-7df9f8021000 rw-p 00000000 00:00 0 
7df9f8021000-7df9fc000000 ---p 00000000 00:00 0 
7df9fc041000-7df9fc064000 rw-p 00000000 00:00 0 
7df9fc092000-7df9fc0c2000 rw-p 00000000 00:00 0 
7df9fc0fd000-7df9fc800000 rw-p 00000000 00:00 0 
7df9fc800000-7df9fdd40000 rwxp 00000000 00:00 0 
7df9fdd40000-7dfa03d37000 ---p 00000000 00:00 0 
7dfa03d37000-7dfa03fa7000 rwxp 00000000 00:00 0 
7dfa03fa7000-7dfa042c9000 ---p 00000000 00:00 0 
7dfa042c9000-7dfa048e9000 rwxp 00000000 00:00 0 
7dfa048e9000-7dfa0b800000 ---p 00000000 00:00 0 
7dfa0b800000-7dfa13e2a000 r--s 00000000 00:1c 249192                     /usr/lib/jvm/java-21-openjdk-amd64/lib/modules
7dfa13e2e000-7dfa13e33000 r--p 00000000 00:1c 249176                     /usr/lib/jvm/java-21-openjdk-amd64/lib/libjsvml.so
7dfa13e33000-7dfa13e74000 r-xp 00005000 00:1c 249176                     /usr/lib/jvm/java-21-openjdk-amd64/lib/libjsvml.so
7dfa13e74000-7dfa13efd000 r--p 00046000 00:1c 249176                     /usr/lib/jvm/java-21-openjdk-amd64/lib/libjsvml.so
7dfa13efd000-7dfa13efe000 r--p 000ce000 00:1c 249176                     /usr/lib/jvm/java-21-openjdk-amd64/lib/libjsvml.so
7dfa13efe000-7dfa13eff000 rw-p 000cf000 00:1c 249176                     /usr/lib/jvm/java-21-openjdk-amd64/lib/libjsvml.so
7dfa13eff000-7dfa1450a000 rw-p 00000000 00:00 0 
7dfa1450a000-7dfa18000000 ---p 00000000 00:00 0 
7dfa18008000-7dfa1800f000 r--s 00000000 00:1c 223649                     /usr/lib/x86_64-linux-gnu/gconv/gconv-modules.cache
7dfa1800f000-7dfa1801f000 rw-p 00000000 00:00 0 
7dfa18045000-7dfa18055000 rw-p 00000000 00:00 0 
7dfa18055000-7dfa18059000 r--p 00000000 00:1c 12413670                   /home/mulroney/.config/Code/User/globalStorage/redhat.java/1.46.2025100108/config_linux/org.eclipse.equinox.launcher/org.eclipse.equinox.launcher.gtk.linux.x86_64_1.2.1500.v20250801-0854/eclipse_11916.so
7dfa18059000-7dfa18063000 r-xp 00004000 00:1c 12413670                   /home/mulroney/.config/Code/User/globalStorage/redhat.java/1.46.2025100108/config_linux/org.eclipse.equinox.launcher/org.eclipse.equinox.launcher.gtk.linux.x86_64_1.2.1500.v20250801-0854/eclipse_11916.so
7dfa18063000-7dfa18066000 r--p 0000e000 00:1c 12413670                   /home/mulroney/.config/Code/User/globalStorage/redhat.java/1.46.2025100108/config_linux/org.eclipse.equinox.launcher/org.eclipse.equinox.launcher.gtk.linux.x86_64_1.2.1500.v20250801-0854/eclipse_11916.so
7dfa18066000-7dfa18067000 r--p 00010000 00:1c 12413670                   /home/mulroney/.config/Code/User/globalStorage/redhat.java/1.46.2025100108/config_linux/org.eclipse.equinox.launcher/org.eclipse.equinox.launcher.gtk.linux.x86_64_1.2.1500.v20250801-0854/eclipse_11916.so
7dfa18067000-7dfa18068000 rw-p 00011000 00:1c 12413670                   /home/mulroney/.config/Code/User/globalStorage/redhat.java/1.46.2025100108/config_linux/org.eclipse.equinox.launcher/org.eclipse.equinox.launcher.gtk.linux.x86_64_1.2.1500.v20250801-0854/eclipse_11916.so
7dfa18068000-7dfa18069000 rw-p 00000000 00:00 0 
7dfa18069000-7dfa1806d000 r--p 00000000 00:1c 249190                     /usr/lib/jvm/java-21-openjdk-amd64/lib/libverify.so
7dfa1806d000-7dfa18074000 r-xp 00004000 00:1c 249190                     /usr/lib/jvm/java-21-openjdk-amd64/lib/libverify.so
7dfa18074000-7dfa18076000 r--p 0000b000 00:1c 249190                     /usr/lib/jvm/java-21-openjdk-amd64/lib/libverify.so
7dfa18076000-7dfa18078000 r--p 0000c000 00:1c 249190                     /usr/lib/jvm/java-21-openjdk-amd64/lib/libverify.so
7dfa18078000-7dfa18079000 rw-p 0000e000 00:1c 249190                     /usr/lib/jvm/java-21-openjdk-amd64/lib/libverify.so
7dfa18079000-7dfa1807c000 r--p 00000000 00:1c 249183                     /usr/lib/jvm/java-21-openjdk-amd64/lib/libnet.so
7dfa1807c000-7dfa18084000 r-xp 00003000 00:1c 249183                     /usr/lib/jvm/java-21-openjdk-amd64/lib/libnet.so
7dfa18084000-7dfa18086000 r--p 0000b000 00:1c 249183                     /usr/lib/jvm/java-21-openjdk-amd64/lib/libnet.so
7dfa18086000-7dfa18087000 r--p 0000c000 00:1c 249183                     /usr/lib/jvm/java-21-openjdk-amd64/lib/libnet.so
7dfa18087000-7dfa18088000 rw-p 0000d000 00:1c 249183                     /usr/lib/jvm/java-21-openjdk-amd64/lib/libnet.so
7dfa18088000-7dfa1838b000 rw-p 00000000 00:00 0 
7dfa1838b000-7dfa1838c000 ---p 00000000 00:00 0 
7dfa1838c000-7dfa1848c000 rw-p 00000000 00:00 0 
7dfa1848c000-7dfa1858a000 rw-p 00000000 00:00 0 
7dfa1858a000-7dfa18813000 ---p 00000000 00:00 0 
7dfa18813000-7dfa18814000 ---p 00000000 00:00 0 
7dfa18814000-7dfa18914000 rw-p 00000000 00:00 0 
7dfa18914000-7dfa18936000 rw-p 00000000 00:00 0 
7dfa18936000-7dfa18bbe000 ---p 00000000 00:00 0 
7dfa18bbe000-7dfa18bcd000 rw-p 00000000 00:00 0 
7dfa18bcd000-7dfa18d15000 ---p 00000000 00:00 0 
7dfa18d15000-7dfa18d22000 rw-p 00000000 00:00 0 
7dfa18d22000-7dfa18e00000 ---p 00000000 00:00 0 
7dfa18e00000-7dfa196d4000 r--s 00000000 00:1c 12300971                   /var/lib/sss/mc/passwd
7dfa196d4000-7dfa19740000 rw-p 00000000 00:00 0 
7dfa19740000-7dfa19800000 ---p 00000000 00:00 0 
7dfa19800000-7dfa1989d000 r--p 00000000 00:1c 15146                      /usr/lib/x86_64-linux-gnu/libstdc++.so.6.0.33
7dfa1989d000-7dfa199e5000 r-xp 0009d000 00:1c 15146                      /usr/lib/x86_64-linux-gnu/libstdc++.so.6.0.33
7dfa199e5000-7dfa19a6c000 r--p 001e5000 00:1c 15146                      /usr/lib/x86_64-linux-gnu/libstdc++.so.6.0.33
7dfa19a6c000-7dfa19a77000 r--p 0026b000 00:1c 15146                      /usr/lib/x86_64-linux-gnu/libstdc++.so.6.0.33
7dfa19a77000-7dfa19a7a000 rw-p 00276000 00:1c 15146                      /usr/lib/x86_64-linux-gnu/libstdc++.so.6.0.33
7dfa19a7a000-7dfa19a7e000 rw-p 00000000 00:00 0 
7dfa19a83000-7dfa19a8a000 r--p 00000000 00:1c 249184                     /usr/lib/jvm/java-21-openjdk-amd64/lib/libnio.so
7dfa19a8a000-7dfa19a93000 r-xp 00007000 00:1c 249184                     /usr/lib/jvm/java-21-openjdk-amd64/lib/libnio.so
7dfa19a93000-7dfa19a97000 r--p 00010000 00:1c 249184                     /usr/lib/jvm/java-21-openjdk-amd64/lib/libnio.so
7dfa19a97000-7dfa19a98000 r--p 00014000 00:1c 249184                     /usr/lib/jvm/java-21-openjdk-amd64/lib/libnio.so
7dfa19a98000-7dfa19a99000 rw-p 00015000 00:1c 249184                     /usr/lib/jvm/java-21-openjdk-amd64/lib/libnio.so
7dfa19a99000-7dfa19a9b000 r--p 00000000 00:1c 249191                     /usr/lib/jvm/java-21-openjdk-amd64/lib/libzip.so
7dfa19a9b000-7dfa19aa0000 r-xp 00002000 00:1c 249191                     /usr/lib/jvm/java-21-openjdk-amd64/lib/libzip.so
7dfa19aa0000-7dfa19aa2000 r--p 00007000 00:1c 249191                     /usr/lib/jvm/java-21-openjdk-amd64/lib/libzip.so
7dfa19aa2000-7dfa19aa3000 r--p 00008000 00:1c 249191                     /usr/lib/jvm/java-21-openjdk-amd64/lib/libzip.so
7dfa19aa3000-7dfa19aa4000 rw-p 00009000 00:1c 249191                     /usr/lib/jvm/java-21-openjdk-amd64/lib/libzip.so
7dfa19aa4000-7dfa19aac000 r--p 00000000 00:1c 11647307                   /usr/lib/x86_64-linux-gnu/libnss_systemd.so.2
7dfa19aac000-7dfa19aeb000 r-xp 00008000 00:1c 11647307                   /usr/lib/x86_64-linux-gnu/libnss_systemd.so.2
7dfa19aeb000-7dfa19afb000 r--p 00047000 00:1c 11647307                   /usr/lib/x86_64-linux-gnu/libnss_systemd.so.2
7dfa19afb000-7dfa19aff000 r--p 00056000 00:1c 11647307                   /usr/lib/x86_64-linux-gnu/libnss_systemd.so.2
7dfa19aff000-7dfa19b00000 rw-p 0005a000 00:1c 11647307                   /usr/lib/x86_64-linux-gnu/libnss_systemd.so.2
7dfa19b00000-7dfa19b04000 ---p 00000000 00:00 0 
7dfa19b04000-7dfa19c00000 rw-p 00000000 00:00 0 
7dfa19c00000-7dfa19ea2000 r--p 00000000 00:1c 249199                     /usr/lib/jvm/java-21-openjdk-amd64/lib/server/libjvm.so
7dfa19ea2000-7dfa1ad17000 r-xp 002a2000 00:1c 249199                     /usr/lib/jvm/java-21-openjdk-amd64/lib/server/libjvm.so
7dfa1ad17000-7dfa1aff1000 r--p 01117000 00:1c 249199                     /usr/lib/jvm/java-21-openjdk-amd64/lib/server/libjvm.so
7dfa1aff1000-7dfa1b0c5000 r--p 013f0000 00:1c 249199                     /usr/lib/jvm/java-21-openjdk-amd64/lib/server/libjvm.so
7dfa1b0c5000-7dfa1b0f5000 rw-p 014c4000 00:1c 249199                     /usr/lib/jvm/java-21-openjdk-amd64/lib/server/libjvm.so
7dfa1b0f5000-7dfa1b183000 rw-p 00000000 00:00 0 
7dfa1b183000-7dfa1b185000 r--p 00000000 00:1c 178687                     /usr/lib/x86_64-linux-gnu/libnss_sss.so.2
7dfa1b185000-7dfa1b18d000 r-xp 00002000 00:1c 178687                     /usr/lib/x86_64-linux-gnu/libnss_sss.so.2
7dfa1b18d000-7dfa1b18f000 r--p 0000a000 00:1c 178687                     /usr/lib/x86_64-linux-gnu/libnss_sss.so.2
7dfa1b18f000-7dfa1b190000 r--p 0000b000 00:1c 178687                     /usr/lib/x86_64-linux-gnu/libnss_sss.so.2
7dfa1b190000-7dfa1b191000 rw-p 0000c000 00:1c 178687                     /usr/lib/x86_64-linux-gnu/libnss_sss.so.2
7dfa1b195000-7dfa1b196000 r--p 00000000 00:1c 223662                     /usr/lib/x86_64-linux-gnu/libdl.so.2
7dfa1b196000-7dfa1b197000 r-xp 00001000 00:1c 223662                     /usr/lib/x86_64-linux-gnu/libdl.so.2
7dfa1b197000-7dfa1b198000 r--p 00002000 00:1c 223662                     /usr/lib/x86_64-linux-gnu/libdl.so.2
7dfa1b198000-7dfa1b199000 r--p 00002000 00:1c 223662                     /usr/lib/x86_64-linux-gnu/libdl.so.2
7dfa1b199000-7dfa1b19a000 rw-p 00003000 00:1c 223662                     /usr/lib/x86_64-linux-gnu/libdl.so.2
7dfa1b19a000-7dfa1b19f000 rw-p 00000000 00:00 0 
7dfa1b19f000-7dfa1b1a6000 ---p 00000000 00:00 0 
7dfa1b1a6000-7dfa1b1ae000 rw-s 00000000 00:1c 12428477                   /tmp/hsperfdata_mulroney/801100
7dfa1b1ae000-7dfa1b1bb000 r--p 00000000 00:1c 249169                     /usr/lib/jvm/java-21-openjdk-amd64/lib/libjava.so
7dfa1b1bb000-7dfa1b1ca000 r-xp 0000d000 00:1c 249169                     /usr/lib/jvm/java-21-openjdk-amd64/lib/libjava.so
7dfa1b1ca000-7dfa1b1cf000 r--p 0001c000 00:1c 249169                     /usr/lib/jvm/java-21-openjdk-amd64/lib/libjava.so
7dfa1b1cf000-7dfa1b1d0000 r--p 00021000 00:1c 249169                     /usr/lib/jvm/java-21-openjdk-amd64/lib/libjava.so
7dfa1b1d0000-7dfa1b1d1000 rw-p 00022000 00:1c 249169                     /usr/lib/jvm/java-21-openjdk-amd64/lib/libjava.so
7dfa1b1d1000-7dfa1b1d2000 rw-p 00000000 00:00 0 
7dfa1b1d2000-7dfa1b1d6000 r--p 00000000 00:1c 14753                      /usr/lib/x86_64-linux-gnu/libgcc_s.so.1
7dfa1b1d6000-7dfa1b1fa000 r-xp 00004000 00:1c 14753                      /usr/lib/x86_64-linux-gnu/libgcc_s.so.1
7dfa1b1fa000-7dfa1b1fe000 r--p 00028000 00:1c 14753                      /usr/lib/x86_64-linux-gnu/libgcc_s.so.1
7dfa1b1fe000-7dfa1b1ff000 r--p 0002b000 00:1c 14753                      /usr/lib/x86_64-linux-gnu/libgcc_s.so.1
7dfa1b1ff000-7dfa1b200000 rw-p 0002c000 00:1c 14753                      /usr/lib/x86_64-linux-gnu/libgcc_s.so.1
7dfa1b200000-7dfa1b228000 r--p 00000000 00:1c 223660                     /usr/lib/x86_64-linux-gnu/libc.so.6
7dfa1b228000-7dfa1b316000 r-xp 00028000 00:1c 223660                     /usr/lib/x86_64-linux-gnu/libc.so.6
7dfa1b316000-7dfa1b317000 r-xp 00116000 00:1c 223660                     /usr/lib/x86_64-linux-gnu/libc.so.6
7dfa1b317000-7dfa1b3b0000 r-xp 00117000 00:1c 223660                     /usr/lib/x86_64-linux-gnu/libc.so.6
7dfa1b3b0000-7dfa1b3ff000 r--p 001b0000 00:1c 223660                     /usr/lib/x86_64-linux-gnu/libc.so.6
7dfa1b3ff000-7dfa1b403000 r--p 001fe000 00:1c 223660                     /usr/lib/x86_64-linux-gnu/libc.so.6
7dfa1b403000-7dfa1b405000 rw-p 00202000 00:1c 223660                     /usr/lib/x86_64-linux-gnu/libc.so.6
7dfa1b405000-7dfa1b412000 rw-p 00000000 00:00 0 
7dfa1b412000-7dfa1b413000 r--p 00000000 00:1c 223672                     /usr/lib/x86_64-linux-gnu/libpthread.so.0
7dfa1b413000-7dfa1b414000 r-xp 00001000 00:1c 223672                     /usr/lib/x86_64-linux-gnu/libpthread.so.0
7dfa1b414000-7dfa1b415000 r--p 00002000 00:1c 223672                     /usr/lib/x86_64-linux-gnu/libpthread.so.0
7dfa1b415000-7dfa1b416000 r--p 00002000 00:1c 223672                     /usr/lib/x86_64-linux-gnu/libpthread.so.0
7dfa1b416000-7dfa1b417000 rw-p 00003000 00:1c 223672                     /usr/lib/x86_64-linux-gnu/libpthread.so.0
7dfa1b417000-7dfa1b41a000 r--p 00000000 00:1c 14631                      /usr/lib/x86_64-linux-gnu/libcap.so.2.66
7dfa1b41a000-7dfa1b420000 r-xp 00003000 00:1c 14631                      /usr/lib/x86_64-linux-gnu/libcap.so.2.66
7dfa1b420000-7dfa1b422000 r--p 00009000 00:1c 14631                      /usr/lib/x86_64-linux-gnu/libcap.so.2.66
7dfa1b422000-7dfa1b423000 r--p 0000b000 00:1c 14631                      /usr/lib/x86_64-linux-gnu/libcap.so.2.66
7dfa1b423000-7dfa1b424000 rw-p 0000c000 00:1c 14631                      /usr/lib/x86_64-linux-gnu/libcap.so.2.66
7dfa1b424000-7dfa1b434000 r--p 00000000 00:1c 223663                     /usr/lib/x86_64-linux-gnu/libm.so.6
7dfa1b434000-7dfa1b4b3000 r-xp 00010000 00:1c 223663                     /usr/lib/x86_64-linux-gnu/libm.so.6
7dfa1b4b3000-7dfa1b50b000 r--p 0008f000 00:1c 223663                     /usr/lib/x86_64-linux-gnu/libm.so.6
7dfa1b50b000-7dfa1b50c000 r--p 000e7000 00:1c 223663                     /usr/lib/x86_64-linux-gnu/libm.so.6
7dfa1b50c000-7dfa1b50d000 rw-p 000e8000 00:1c 223663                     /usr/lib/x86_64-linux-gnu/libm.so.6
7dfa1b50d000-7dfa1b50f000 rw-p 00000000 00:00 0 
7dfa1b50f000-7dfa1b511000 r--p 00000000 00:1c 249173                     /usr/lib/jvm/java-21-openjdk-amd64/lib/libjli.so
7dfa1b511000-7dfa1b51b000 r-xp 00002000 00:1c 249173                     /usr/lib/jvm/java-21-openjdk-amd64/lib/libjli.so
7dfa1b51b000-7dfa1b51e000 r--p 0000c000 00:1c 249173                     /usr/lib/jvm/java-21-openjdk-amd64/lib/libjli.so
7dfa1b51e000-7dfa1b51f000 r--p 0000f000 00:1c 249173                     /usr/lib/jvm/java-21-openjdk-amd64/lib/libjli.so
7dfa1b51f000-7dfa1b520000 rw-p 00010000 00:1c 249173                     /usr/lib/jvm/java-21-openjdk-amd64/lib/libjli.so
7dfa1b520000-7dfa1b522000 r--p 00000000 00:1c 15279                      /usr/lib/x86_64-linux-gnu/libz.so.1.3
7dfa1b522000-7dfa1b534000 r-xp 00002000 00:1c 15279                      /usr/lib/x86_64-linux-gnu/libz.so.1.3
7dfa1b534000-7dfa1b53a000 r--p 00014000 00:1c 15279                      /usr/lib/x86_64-linux-gnu/libz.so.1.3
7dfa1b53a000-7dfa1b53b000 r--p 0001a000 00:1c 15279                      /usr/lib/x86_64-linux-gnu/libz.so.1.3
7dfa1b53b000-7dfa1b53c000 rw-p 0001b000 00:1c 15279                      /usr/lib/x86_64-linux-gnu/libz.so.1.3
7dfa1b53f000-7dfa1b540000 r-xp 00000000 00:00 0 
7dfa1b540000-7dfa1b541000 r--p 00000000 00:1c 85225                      /usr/share/locale-langpack/en_GB/LC_MESSAGES/libc.mo
7dfa1b541000-7dfa1b543000 r--p 00000000 00:1c 249164                     /usr/lib/jvm/java-21-openjdk-amd64/lib/libinstrument.so
7dfa1b543000-7dfa1b549000 r-xp 00002000 00:1c 249164                     /usr/lib/jvm/java-21-openjdk-amd64/lib/libinstrument.so
7dfa1b549000-7dfa1b54c000 r--p 00008000 00:1c 249164                     /usr/lib/jvm/java-21-openjdk-amd64/lib/libinstrument.so
7dfa1b54c000-7dfa1b54d000 r--p 0000a000 00:1c 249164                     /usr/lib/jvm/java-21-openjdk-amd64/lib/libinstrument.so
7dfa1b54d000-7dfa1b54e000 rw-p 0000b000 00:1c 249164                     /usr/lib/jvm/java-21-openjdk-amd64/lib/libinstrument.so
7dfa1b54e000-7dfa1b54f000 ---p 00000000 00:00 0 
7dfa1b54f000-7dfa1b550000 r--p 00000000 00:00 0 
7dfa1b550000-7dfa1b551000 ---p 00000000 00:00 0 
7dfa1b551000-7dfa1b553000 r--p 00000000 00:1c 249172                     /usr/lib/jvm/java-21-openjdk-amd64/lib/libjimage.so
7dfa1b553000-7dfa1b556000 r-xp 00002000 00:1c 249172                     /usr/lib/jvm/java-21-openjdk-amd64/lib/libjimage.so
7dfa1b556000-7dfa1b557000 r--p 00005000 00:1c 249172                     /usr/lib/jvm/java-21-openjdk-amd64/lib/libjimage.so
7dfa1b557000-7dfa1b558000 r--p 00006000 00:1c 249172                     /usr/lib/jvm/java-21-openjdk-amd64/lib/libjimage.so
7dfa1b558000-7dfa1b559000 rw-p 00007000 00:1c 249172                     /usr/lib/jvm/java-21-openjdk-amd64/lib/libjimage.so
7dfa1b559000-7dfa1b55b000 rw-p 00000000 00:00 0 
7dfa1b55b000-7dfa1b55d000 r--p 00000000 00:00 0                          [vvar]
7dfa1b55d000-7dfa1b55f000 r--p 00000000 00:00 0                          [vvar_vclock]
7dfa1b55f000-7dfa1b561000 r-xp 00000000 00:00 0                          [vdso]
7dfa1b561000-7dfa1b562000 r--p 00000000 00:1c 223657                     /usr/lib/x86_64-linux-gnu/ld-linux-x86-64.so.2
7dfa1b562000-7dfa1b58d000 r-xp 00001000 00:1c 223657                     /usr/lib/x86_64-linux-gnu/ld-linux-x86-64.so.2
7dfa1b58d000-7dfa1b597000 r--p 0002c000 00:1c 223657                     /usr/lib/x86_64-linux-gnu/ld-linux-x86-64.so.2
7dfa1b597000-7dfa1b599000 r--p 00036000 00:1c 223657                     /usr/lib/x86_64-linux-gnu/ld-linux-x86-64.so.2
7dfa1b599000-7dfa1b59b000 rw-p 00038000 00:1c 223657                     /usr/lib/x86_64-linux-gnu/ld-linux-x86-64.so.2
7ffc4868b000-7ffc486ad000 rw-p 00000000 00:00 0                          [stack]
ffffffffff600000-ffffffffff601000 --xp 00000000 00:00 0                  [vsyscall]
Total number of mappings: 524

JVMTI agents:
/home/mulroney/.vscode/extensions/redhat.java-1.46.2025100108/lombok/lombok-1.18.39-4050.jar path:none, loaded, initialized, instrumentlib options:none


VM Arguments:
jvm_args: --add-modules=ALL-SYSTEM --add-opens=java.base/java.util=ALL-UNNAMED --add-opens=java.base/java.lang=ALL-UNNAMED --add-opens=java.base/sun.nio.fs=ALL-UNNAMED -Declipse.application=org.eclipse.jdt.ls.core.id1 -Dosgi.bundles.defaultStartLevel=4 -Declipse.product=org.eclipse.jdt.ls.core.product -Djava.import.generatesMetadataFilesAtProjectRoot=false -DDetectVMInstallationsJob.disabled=true -Dfile.encoding=utf8 -XX:+UseParallelGC -XX:GCTimeRatio=4 -XX:AdaptiveSizePolicyWeight=90 -Dsun.zip.disableMemoryMapping=true -Xmx2G -Xms100m -Xlog:disable -javaagent:/home/mulroney/.vscode/extensions/redhat.java-1.46.2025100108/lombok/lombok-1.18.39-4050.jar -XX:+HeapDumpOnOutOfMemoryError -XX:HeapDumpPath=/home/mulroney/.config/Code/User/workspaceStorage/12b0b9412c28d26dad82d985a9a21889/redhat.java -Daether.dependencyCollector.impl=bf -XX:+UnlockDiagnosticVMOptions -XX:+AllowArchivingWithJavaAgent -XX:+AutoCreateSharedArchive -XX:SharedArchiveFile=/home/mulroney/.config/Code/User/globalStorage/redhat.java/1.46.2025100108/jdtls.jsa 
java_command: /home/mulroney/.vscode/extensions/redhat.java-1.46.2025100108/server/plugins/org.eclipse.equinox.launcher_1.7.0.v20250519-0528.jar -configuration /home/mulroney/.config/Code/User/globalStorage/redhat.java/1.46.2025100108/config_linux -data /home/mulroney/.config/Code/User/workspaceStorage/12b0b9412c28d26dad82d985a9a21889/redhat.java/jdt_ws --pipe=/run/user/226300/lsp-ab24053a0e30e3efc12b0017cf90c5cd.sock
java_class_path (initial): /home/mulroney/.vscode/extensions/redhat.java-1.46.2025100108/server/plugins/org.eclipse.equinox.launcher_1.7.0.v20250519-0528.jar
Launcher Type: SUN_STANDARD

[Global flags]
    uintx AdaptiveSizePolicyWeight                 = 90                                        {product} {command line}
     bool AllowArchivingWithJavaAgent              = true                             {JVMCI diagnostic} {command line}
     bool AutoCreateSharedArchive                  = false                               {JVMCI product} {command line}
     intx CICompilerCount                          = 4                                         {product} {ergonomic}
    uintx GCTimeRatio                              = 4                                         {product} {command line}
     bool HeapDumpOnOutOfMemoryError               = true                                   {manageable} {command line}
    ccstr HeapDumpPath                             = /home/mulroney/.config/Code/User/workspaceStorage/12b0b9412c28d26dad82d985a9a21889/redhat.java         {manageable} {command line}
   size_t InitialHeapSize                          = 104857600                                 {product} {command line}
   size_t MaxHeapSize                              = 2147483648                                {product} {command line}
   size_t MaxNewSize                               = 715653120                                 {product} {ergonomic}
   size_t MinHeapDeltaBytes                        = 524288                                    {product} {ergonomic}
   size_t MinHeapSize                              = 104857600                                 {product} {command line}
   size_t NewSize                                  = 34603008                                  {product} {ergonomic}
    uintx NonNMethodCodeHeapSize                   = 5839372                                {pd product} {ergonomic}
    uintx NonProfiledCodeHeapSize                  = 122909434                              {pd product} {ergonomic}
   size_t OldSize                                  = 70254592                                  {product} {ergonomic}
    uintx ProfiledCodeHeapSize                     = 122909434                              {pd product} {ergonomic}
    uintx ReservedCodeCacheSize                    = 251658240                              {pd product} {ergonomic}
     bool SegmentedCodeCache                       = true                                      {product} {ergonomic}
    ccstr SharedArchiveFile                        = /home/mulroney/.config/Code/User/globalStorage/redhat.java/1.46.2025100108/jdtls.jsa      {JVMCI product} {command line}
   size_t SoftMaxHeapSize                          = 2147483648                             {manageable} {ergonomic}
     bool THPStackMitigation                       = false                                  {diagnostic} {ergonomic}
     bool UnlockDiagnosticVMOptions                = true                                   {diagnostic} {command line}
     bool UseCompressedOops                        = true                           {product lp64_product} {ergonomic}
     bool UseParallelGC                            = true                                      {product} {command line}

Logging:
Log output configuration:
 #0: stdout all=off uptime,level,tags foldmultilines=false
 #1: stderr all=off uptime,level,tags foldmultilines=false

Environment Variables:
JAVA_HOME=/usr/lib/jvm/java-21-openjdk-amd64
PATH=/usr/local/sbin:/usr/local/bin:/usr/sbin:/usr/bin:/sbin:/bin:/usr/games:/usr/local/games:/snap/bin:/snap/bin
USERNAME=mulroney
SHELL=/bin/bash
DISPLAY=:0
LANG=en_GB.UTF-8

Active Locale:
LC_ALL=en_GB.UTF-8
LC_COLLATE=en_GB.UTF-8
LC_CTYPE=en_GB.UTF-8
LC_MESSAGES=en_GB.UTF-8
LC_MONETARY=en_GB.UTF-8
LC_NUMERIC=en_GB.UTF-8
LC_TIME=en_GB.UTF-8

Signal Handlers:
   SIGSEGV: crash_handler in libjvm.so, mask=11100100010111111101111111111110, flags=SA_RESTART|SA_SIGINFO, unblocked
    SIGBUS: crash_handler in libjvm.so, mask=11100100010111111101111111111110, flags=SA_RESTART|SA_SIGINFO, unblocked
    SIGFPE: crash_handler in libjvm.so, mask=11100100010111111101111111111110, flags=SA_RESTART|SA_SIGINFO, unblocked
   SIGPIPE: javaSignalHandler in libjvm.so, mask=11100100010111111101111111111110, flags=SA_RESTART|SA_SIGINFO, blocked
   SIGXFSZ: javaSignalHandler in libjvm.so, mask=11100100010111111101111111111110, flags=SA_RESTART|SA_SIGINFO, blocked
    SIGILL: crash_handler in libjvm.so, mask=11100100010111111101111111111110, flags=SA_RESTART|SA_SIGINFO, unblocked
   SIGUSR2: SR_handler in libjvm.so, mask=00000000000000000000000000000000, flags=SA_RESTART|SA_SIGINFO, blocked
    SIGHUP: UserHandler in libjvm.so, mask=11100100010111111101111111111110, flags=SA_RESTART|SA_SIGINFO, blocked
    SIGINT: UserHandler in libjvm.so, mask=11100100010111111101111111111110, flags=SA_RESTART|SA_SIGINFO, blocked
   SIGTERM: UserHandler in libjvm.so, mask=11100100010111111101111111111110, flags=SA_RESTART|SA_SIGINFO, blocked
   SIGQUIT: UserHandler in libjvm.so, mask=11100100010111111101111111111110, flags=SA_RESTART|SA_SIGINFO, blocked
   SIGTRAP: crash_handler in libjvm.so, mask=11100100010111111101111111111110, flags=SA_RESTART|SA_SIGINFO, unblocked


Periodic native trim disabled

---------------  S Y S T E M  ---------------

OS:
DISTRIB_ID=Ubuntu
DISTRIB_RELEASE=24.04
DISTRIB_CODENAME=noble
DISTRIB_DESCRIPTION="Ubuntu 24.04.3 LTS"
uname: Linux 6.14.0-35-generic #35~24.04.1-Ubuntu SMP PREEMPT_DYNAMIC Tue Oct 14 13:55:17 UTC 2 x86_64
OS uptime: 0 days 12:56 hours
libc: glibc 2.39 NPTL 2.39 
rlimit (soft/hard): STACK 8192k/infinity , CORE 0k/infinity , NPROC 61848/61848 , NOFILE 1048576/1048576 , AS infinity/infinity , CPU infinity/infinity , DATA infinity/infinity , FSIZE infinity/infinity , MEMLOCK 2006032k/2006032k
load average: 2.28 1.73 1.96

/proc/meminfo:
MemTotal:       16048256 kB
MemFree:          584104 kB
MemAvailable:    7865876 kB
Buffers:            7272 kB
Cached:          7543960 kB
SwapCached:            0 kB
Active:          5164144 kB
Inactive:        7551360 kB
Active(anon):    4073020 kB
Inactive(anon):  1995292 kB
Active(file):    1091124 kB
Inactive(file):  5556068 kB
Unevictable:      655872 kB
Mlocked:              20 kB
SwapTotal:             0 kB
SwapFree:              0 kB
Zswap:                 0 kB
Zswapped:              0 kB
Dirty:             11872 kB
Writeback:             0 kB
AnonPages:       5820892 kB
Mapped:          1536600 kB
Shmem:            904016 kB
KReclaimable:    1283344 kB
Slab:            1738680 kB
SReclaimable:    1283344 kB
SUnreclaim:       455336 kB
KernelStack:       45728 kB
PageTables:       107168 kB
SecPageTables:      5752 kB
NFS_Unstable:          0 kB
Bounce:                0 kB
WritebackTmp:          0 kB
CommitLimit:     8024128 kB
Committed_AS:   62107648 kB
VmallocTotal:   34359738367 kB
VmallocUsed:      112868 kB
VmallocChunk:          0 kB
Percpu:            13056 kB
HardwareCorrupted:     0 kB
AnonHugePages:         0 kB
ShmemHugePages:        0 kB
ShmemPmdMapped:        0 kB
FileHugePages:         0 kB
FilePmdMapped:         0 kB
Unaccepted:            0 kB
HugePages_Total:       0
HugePages_Free:        0
HugePages_Rsvd:        0
HugePages_Surp:        0
Hugepagesize:       2048 kB
Hugetlb:               0 kB
DirectMap4k:      405476 kB
DirectMap2M:     8706048 kB
DirectMap1G:     7340032 kB

/sys/kernel/mm/transparent_hugepage/enabled: always [madvise] never
/sys/kernel/mm/transparent_hugepage/hpage_pmd_size: 2097152
/sys/kernel/mm/transparent_hugepage/defrag (defrag/compaction efforts parameter): always defer defer+madvise [madvise] never

Process Memory:
Virtual Size: 9579320K (peak: 9644856K)
Resident Set Size: 362008K (peak: 369120K) (anon: 316504K, file: 45504K, shmem: 0K)
Swapped out: 0K
C-Heap outstanding allocations: 98226K, retained: 37561K
glibc malloc tunables: (default)

/proc/sys/kernel/threads-max (system-wide limit on the number of threads): 123696
/proc/sys/vm/max_map_count (maximum number of memory map areas a process may have): 1048576
/proc/sys/vm/swappiness (control to define how aggressively the kernel swaps out anonymous memory): 60
/proc/sys/kernel/pid_max (system-wide limit on number of process identifiers): 4194304

container information not found.
Steal ticks since vm start: 0
Steal ticks percentage since vm start:  0.000

CPU: total 12 (initial active 12) (6 cores per cpu, 2 threads per core) family 6 model 151 stepping 5 microcode 0x3a, cx8, cmov, fxsr, ht, mmx, 3dnowpref, sse, sse2, sse3, ssse3, sse4.1, sse4.2, popcnt, lzcnt, tsc, tscinvbit, avx, avx2, aes, erms, clmul, bmi1, bmi2, adx, sha, fma, vzeroupper, clflush, clflushopt, clwb, serialize, rdtscp, rdpid, fsrm, f16c, pku, ospke, cet_ibt, cet_ss
CPU Model and flags from /proc/cpuinfo:
model name	: 12th Gen Intel(R) Core(TM) i5-12500T
flags		: fpu vme de pse tsc msr pae mce cx8 apic sep mtrr pge mca cmov pat pse36 clflush dts acpi mmx fxsr sse sse2 ss ht tm pbe syscall nx pdpe1gb rdtscp lm constant_tsc art arch_perfmon pebs bts rep_good nopl xtopology nonstop_tsc cpuid aperfmperf tsc_known_freq pni pclmulqdq dtes64 monitor ds_cpl vmx smx est tm2 ssse3 sdbg fma cx16 xtpr pdcm pcid sse4_1 sse4_2 x2apic movbe popcnt tsc_deadline_timer aes xsave avx f16c rdrand lahf_lm abm 3dnowprefetch cpuid_fault epb ssbd ibrs ibpb stibp ibrs_enhanced tpr_shadow flexpriority ept vpid ept_ad fsgsbase tsc_adjust bmi1 avx2 smep bmi2 erms invpcid rdseed adx smap clflushopt clwb intel_pt sha_ni xsaveopt xsavec xgetbv1 xsaves split_lock_detect user_shstk avx_vnni dtherm ida arat pln pts hwp hwp_notify hwp_act_window hwp_epp hwp_pkg_req hfi vnmi umip pku ospke waitpkg gfni vaes vpclmulqdq rdpid movdiri movdir64b fsrm md_clear serialize pconfig arch_lbr ibt flush_l1d arch_capabilities

Online cpus: 0-11
Offline cpus: 
BIOS frequency limitation: <Not Available>
Frequency switch latency (ns): 0
Available cpu frequencies: <Not Available>
Current governor: powersave
Core performance/turbo boost: <Not Available>

Memory: 4k page, physical 16048256k(7865876k free), swap 0k(0k free)
Page Sizes: 4k

vm_info: OpenJDK 64-Bit Server VM (21.0.8+9-Ubuntu-0ubuntu124.04.1) for linux-amd64 JRE (21.0.8+9-Ubuntu-0ubuntu124.04.1), built on 2025-07-16T21:55:59Z by "buildd" with gcc 13.3.0

END.
