#
# A fatal error has been detected by the Java Runtime Environment:
#
#  SIGSEGV (0xb) at pc=0x000074e5bbf501e0, pid=765825, tid=766014
#
# JRE version: OpenJDK Runtime Environment (21.0.8+9) (build 21.0.8+9-Ubuntu-0ubuntu124.04.1)
# Java VM: OpenJDK 64-Bit Server VM (21.0.8+9-Ubuntu-0ubuntu124.04.1, mixed mode, sharing, tiered, compressed oops, compressed class ptrs, parallel gc, linux-amd64)
# Problematic frame:
# V  [libjvm.so+0xb501e0]  klassVtable::update_inherited_vtable(Thread*, methodHandle const&, int, int, GrowableArray<InstanceKlass*>*)+0x1e0
#
# Core dump will be written. Default location: Core dumps may be processed with "/usr/share/apport/apport -p%p -s%s -c%c -d%d -P%P -u%u -g%g -F%F -- %E" (or dumping to /home/mulroney/h-drive/Year3/SCC331/331Distributed/part1/core.765825)
#
# If you would like to submit a bug report, please visit:
#   https://bugs.launchpad.net/ubuntu/+source/openjdk-21
#

---------------  S U M M A R Y ------------

Command Line: --add-modules=ALL-SYSTEM --add-opens=java.base/java.util=ALL-UNNAMED --add-opens=java.base/java.lang=ALL-UNNAMED --add-opens=java.base/sun.nio.fs=ALL-UNNAMED -Declipse.application=org.eclipse.jdt.ls.core.id1 -Dosgi.bundles.defaultStartLevel=4 -Declipse.product=org.eclipse.jdt.ls.core.product -Djava.import.generatesMetadataFilesAtProjectRoot=false -DDetectVMInstallationsJob.disabled=true -Dfile.encoding=utf8 -XX:+UseParallelGC -XX:GCTimeRatio=4 -XX:AdaptiveSizePolicyWeight=90 -Dsun.zip.disableMemoryMapping=true -Xmx2G -Xms100m -Xlog:disable -javaagent:/home/mulroney/.vscode/extensions/redhat.java-1.46.2025100108/lombok/lombok-1.18.39-4050.jar -XX:+HeapDumpOnOutOfMemoryError -XX:HeapDumpPath=/home/mulroney/.config/Code/User/workspaceStorage/12b0b9412c28d26dad82d985a9a21889/redhat.java -Daether.dependencyCollector.impl=bf -XX:+UnlockDiagnosticVMOptions -XX:+AllowArchivingWithJavaAgent -XX:+AutoCreateSharedArchive -XX:SharedArchiveFile=/home/mulroney/.config/Code/User/globalStorage/redhat.java/1.46.2025100108/jdtls.jsa /home/mulroney/.vscode/extensions/redhat.java-1.46.2025100108/server/plugins/org.eclipse.equinox.launcher_1.7.0.v20250519-0528.jar -configuration /home/mulroney/.config/Code/User/globalStorage/redhat.java/1.46.2025100108/config_linux -data /home/mulroney/.config/Code/User/workspaceStorage/12b0b9412c28d26dad82d985a9a21889/redhat.java/jdt_ws --pipe=/run/user/226300/lsp-52be949fa06da8aeb4b6a1c59e7c9431.sock

Host: 12th Gen Intel(R) Core(TM) i5-12500T, 12 cores, 15G, Ubuntu 24.04.3 LTS
Time: Fri Nov 21 13:36:03 2025 GMT elapsed time: 3.311738 seconds (0d 0h 0m 3s)

---------------  T H R E A D  ---------------

Current thread (0x000074e494000fe0):  JavaThread "ForkJoinPool.commonPool-worker-5" daemon [_thread_in_vm, id=766014, stack(0x000074e4e2ffd000,0x000074e4e30fd000) (1024K)]

Stack: [0x000074e4e2ffd000,0x000074e4e30fd000],  sp=0x000074e4e30f7c50,  free space=1003k
Native frames: (J=compiled Java code, j=interpreted, Vv=VM code, C=native code)
V  [libjvm.so+0xb501e0]  klassVtable::update_inherited_vtable(Thread*, methodHandle const&, int, int, GrowableArray<InstanceKlass*>*)+0x1e0
V  [libjvm.so+0xb52d83]  klassVtable::initialize_vtable(GrowableArray<InstanceKlass*>*)+0x133
V  [libjvm.so+0x8e35f7]  InstanceKlass::restore_unshareable_info(ClassLoaderData*, Handle, PackageEntry*, JavaThread*)+0xd7
V  [libjvm.so+0xf4d41d]  SystemDictionary::load_shared_class(InstanceKlass*, Handle, Handle, ClassFileStream const*, PackageEntry*, JavaThread*)+0x17d
V  [libjvm.so+0xf50c42]  SystemDictionaryShared::acquire_class_for_current_thread(InstanceKlass*, Handle, Handle, ClassFileStream const*, JavaThread*)+0xd2
V  [libjvm.so+0xf4b856]  SystemDictionary::resolve_class_from_stream(ClassFileStream*, Symbol*, Handle, ClassLoadInfo const&, JavaThread*)+0xa6
V  [libjvm.so+0x9fc2de]  jvm_define_class_common(char const*, _jobject*, signed char const*, int, _jobject*, char const*, JavaThread*)+0x20e
V  [libjvm.so+0x9fc54a]  JVM_DefineClassWithSource+0x6a
C  [libjava.so+0xf283]  Java_java_lang_ClassLoader_defineClass1+0x133
J 1056  java.lang.ClassLoader.defineClass1(Ljava/lang/ClassLoader;Ljava/lang/String;[BIILjava/security/ProtectionDomain;Ljava/lang/String;)Ljava/lang/Class; java.base@21.0.8 (0 bytes) @ 0x000074e5a432efe0 [0x000074e5a432eea0+0x0000000000000140]
J 5687 c2 java.lang.ClassLoader.defineClass(Ljava/lang/String;[BIILjava/security/ProtectionDomain;)Ljava/lang/Class; java.base@21.0.8 (43 bytes) @ 0x000074e5a4575744 [0x000074e5a4574980+0x0000000000000dc4]
J 2696 c1 org.eclipse.osgi.internal.loader.ModuleClassLoader.defineClass(Ljava/lang/String;[BLorg/eclipse/osgi/internal/loader/classpath/ClasspathEntry;)Lorg/eclipse/osgi/internal/loader/ModuleClassLoader$DefineClassResult; (67 bytes) @ 0x000074e59cd0c13c [0x000074e59cd0be20+0x000000000000031c]
J 2540 c1 org.eclipse.osgi.internal.loader.classpath.ClasspathManager.defineClass(Ljava/lang/String;[BLorg/eclipse/osgi/internal/loader/classpath/ClasspathEntry;Lorg/eclipse/osgi/storage/bundlefile/BundleEntry;Ljava/util/List;)Ljava/lang/Class; (636 bytes) @ 0x000074e59ccb1ebc [0x000074e59ccb0420+0x0000000000001a9c]
J 4437 c2 org.eclipse.osgi.internal.loader.classpath.ClasspathManager.findClassImpl(Ljava/lang/String;Lorg/eclipse/osgi/internal/loader/classpath/ClasspathEntry;Ljava/util/List;)Ljava/lang/Class; (343 bytes) @ 0x000074e5a4518060 [0x000074e5a45156c0+0x00000000000029a0]
J 4749 c2 org.eclipse.osgi.internal.loader.classpath.ClasspathManager.findLocalClass(Ljava/lang/String;)Ljava/lang/Class; (210 bytes) @ 0x000074e5a450803c [0x000074e5a4506c80+0x00000000000013bc]
J 2307 c1 org.eclipse.osgi.internal.loader.BundleLoader.findLocalClass(Ljava/lang/String;)Ljava/lang/Class; (166 bytes) @ 0x000074e59cc2cf44 [0x000074e59cc2c3c0+0x0000000000000b84]
J 5374 c2 org.eclipse.osgi.internal.loader.BundleLoader.findClass0(Ljava/lang/String;ZZ)Ljava/lang/Class; (491 bytes) @ 0x000074e5a4560d24 [0x000074e5a455f400+0x0000000000001924]
J 5776 c2 org.eclipse.osgi.internal.loader.BundleLoader.findClass(Ljava/lang/String;)Ljava/lang/Class; (8 bytes) @ 0x000074e5a458636c [0x000074e5a4586320+0x000000000000004c]
J 2224 c1 org.eclipse.osgi.internal.loader.ModuleClassLoader.loadClass(Ljava/lang/String;Z)Ljava/lang/Class; (36 bytes) @ 0x000074e59cbe4ec4 [0x000074e59cbe4ca0+0x0000000000000224]
J 4002 c2 java.lang.ClassLoader.loadClass(Ljava/lang/String;)Ljava/lang/Class; java.base@21.0.8 (7 bytes) @ 0x000074e5a448c9ec [0x000074e5a448c9a0+0x000000000000004c]
v  ~StubRoutines::call_stub 0x000074e5a3d37cc6
V  [libjvm.so+0x911e2a]  JavaCalls::call_helper(JavaValue*, methodHandle const&, JavaCallArguments*, JavaThread*)+0x2da
V  [libjvm.so+0x913812]  JavaCalls::call_virtual(JavaValue*, Handle, Klass*, Symbol*, Symbol*, Handle, JavaThread*)+0x1b2
V  [libjvm.so+0xf4d739]  SystemDictionary::load_instance_class_impl(Symbol*, Handle, JavaThread*)+0x189
V  [libjvm.so+0xf4bcc0]  SystemDictionary::load_instance_class(Symbol*, Handle, JavaThread*)+0x20
V  [libjvm.so+0xf4c7fc]  SystemDictionary::resolve_instance_class_or_null(Symbol*, Handle, Handle, JavaThread*)+0x9fc
V  [libjvm.so+0xf4ced9]  SystemDictionary::resolve_super_or_fail(Symbol*, Symbol*, Handle, Handle, bool, JavaThread*)+0x359
V  [libjvm.so+0xf4d107]  SystemDictionary::check_shared_class_super_type(InstanceKlass*, InstanceKlass*, Handle, Handle, bool, JavaThread*)+0xc7
V  [libjvm.so+0xf4d18f]  SystemDictionary::check_shared_class_super_types(InstanceKlass*, Handle, Handle, JavaThread*)+0x3f
V  [libjvm.so+0xf4d387]  SystemDictionary::load_shared_class(InstanceKlass*, Handle, Handle, ClassFileStream const*, PackageEntry*, JavaThread*)+0xe7
V  [libjvm.so+0xf50c42]  SystemDictionaryShared::acquire_class_for_current_thread(InstanceKlass*, Handle, Handle, ClassFileStream const*, JavaThread*)+0xd2
V  [libjvm.so+0xf4b856]  SystemDictionary::resolve_class_from_stream(ClassFileStream*, Symbol*, Handle, ClassLoadInfo const&, JavaThread*)+0xa6
V  [libjvm.so+0x9fc2de]  jvm_define_class_common(char const*, _jobject*, signed char const*, int, _jobject*, char const*, JavaThread*)+0x20e
V  [libjvm.so+0x9fc54a]  JVM_DefineClassWithSource+0x6a
C  [libjava.so+0xf283]  Java_java_lang_ClassLoader_defineClass1+0x133
J 1056  java.lang.ClassLoader.defineClass1(Ljava/lang/ClassLoader;Ljava/lang/String;[BIILjava/security/ProtectionDomain;Ljava/lang/String;)Ljava/lang/Class; java.base@21.0.8 (0 bytes) @ 0x000074e5a432efe0 [0x000074e5a432eea0+0x0000000000000140]
J 5687 c2 java.lang.ClassLoader.defineClass(Ljava/lang/String;[BIILjava/security/ProtectionDomain;)Ljava/lang/Class; java.base@21.0.8 (43 bytes) @ 0x000074e5a4575744 [0x000074e5a4574980+0x0000000000000dc4]
J 2696 c1 org.eclipse.osgi.internal.loader.ModuleClassLoader.defineClass(Ljava/lang/String;[BLorg/eclipse/osgi/internal/loader/classpath/ClasspathEntry;)Lorg/eclipse/osgi/internal/loader/ModuleClassLoader$DefineClassResult; (67 bytes) @ 0x000074e59cd0c13c [0x000074e59cd0be20+0x000000000000031c]
J 2540 c1 org.eclipse.osgi.internal.loader.classpath.ClasspathManager.defineClass(Ljava/lang/String;[BLorg/eclipse/osgi/internal/loader/classpath/ClasspathEntry;Lorg/eclipse/osgi/storage/bundlefile/BundleEntry;Ljava/util/List;)Ljava/lang/Class; (636 bytes) @ 0x000074e59ccb1ebc [0x000074e59ccb0420+0x0000000000001a9c]
J 4437 c2 org.eclipse.osgi.internal.loader.classpath.ClasspathManager.findClassImpl(Ljava/lang/String;Lorg/eclipse/osgi/internal/loader/classpath/ClasspathEntry;Ljava/util/List;)Ljava/lang/Class; (343 bytes) @ 0x000074e5a4518060 [0x000074e5a45156c0+0x00000000000029a0]
J 4749 c2 org.eclipse.osgi.internal.loader.classpath.ClasspathManager.findLocalClass(Ljava/lang/String;)Ljava/lang/Class; (210 bytes) @ 0x000074e5a450803c [0x000074e5a4506c80+0x00000000000013bc]
J 2307 c1 org.eclipse.osgi.internal.loader.BundleLoader.findLocalClass(Ljava/lang/String;)Ljava/lang/Class; (166 bytes) @ 0x000074e59cc2cf44 [0x000074e59cc2c3c0+0x0000000000000b84]
J 5374 c2 org.eclipse.osgi.internal.loader.BundleLoader.findClass0(Ljava/lang/String;ZZ)Ljava/lang/Class; (491 bytes) @ 0x000074e5a4560d24 [0x000074e5a455f400+0x0000000000001924]
J 5776 c2 org.eclipse.osgi.internal.loader.BundleLoader.findClass(Ljava/lang/String;)Ljava/lang/Class; (8 bytes) @ 0x000074e5a458636c [0x000074e5a4586320+0x000000000000004c]
J 2224 c1 org.eclipse.osgi.internal.loader.ModuleClassLoader.loadClass(Ljava/lang/String;Z)Ljava/lang/Class; (36 bytes) @ 0x000074e59cbe4ec4 [0x000074e59cbe4ca0+0x0000000000000224]
J 4002 c2 java.lang.ClassLoader.loadClass(Ljava/lang/String;)Ljava/lang/Class; java.base@21.0.8 (7 bytes) @ 0x000074e5a448c9ec [0x000074e5a448c9a0+0x000000000000004c]
v  ~StubRoutines::call_stub 0x000074e5a3d37cc6
V  [libjvm.so+0x911e2a]  JavaCalls::call_helper(JavaValue*, methodHandle const&, JavaCallArguments*, JavaThread*)+0x2da
V  [libjvm.so+0x913812]  JavaCalls::call_virtual(JavaValue*, Handle, Klass*, Symbol*, Symbol*, Handle, JavaThread*)+0x1b2
V  [libjvm.so+0xf4d739]  SystemDictionary::load_instance_class_impl(Symbol*, Handle, JavaThread*)+0x189
V  [libjvm.so+0xf4bcc0]  SystemDictionary::load_instance_class(Symbol*, Handle, JavaThread*)+0x20
V  [libjvm.so+0xf4c7fc]  SystemDictionary::resolve_instance_class_or_null(Symbol*, Handle, Handle, JavaThread*)+0x9fc
V  [libjvm.so+0xf4dbc2]  SystemDictionary::resolve_or_fail(Symbol*, Handle, Handle, bool, JavaThread*)+0x52
V  [libjvm.so+0xfed716]  VerificationType::resolve_and_check_assignability(InstanceKlass*, Symbol*, Symbol*, bool, bool, bool, JavaThread*)+0x2a6
V  [libjvm.so+0xf57b6e]  SystemDictionaryShared::check_verification_constraints(InstanceKlass*, JavaThread*)+0x16e
V  [libjvm.so+0x8e43f1]  InstanceKlass::link_class_impl(JavaThread*)+0x4b1
V  [libjvm.so+0x8e9873]  InstanceKlass::initialize_impl(JavaThread*)+0x2e3
V  [libjvm.so+0x906e08]  InterpreterRuntime::_new(JavaThread*, ConstantPool*, int)+0x138
j  org.eclipse.jdt.ls.core.internal.text.correction.RefactorProposalUtility.getExtractMethodProposal(Lorg/eclipse/lsp4j/CodeActionParams;Lorg/eclipse/jdt/ui/text/java/IInvocationContext;Lorg/eclipse/jdt/core/dom/ASTNode;ZLjava/util/Map;ZZ)Lorg/eclipse/jdt/ls/core/internal/corrections/ProposalKindWrapper;+103
j  org.eclipse.jdt.ls.core.internal.text.correction.RefactorProposalUtility.getExtractMethodCommandProposal(Lorg/eclipse/lsp4j/CodeActionParams;Lorg/eclipse/jdt/ui/text/java/IInvocationContext;Lorg/eclipse/jdt/core/dom/ASTNode;ZZ)Lorg/eclipse/jdt/ls/core/internal/corrections/ProposalKindWrapper;+8
j  org.eclipse.jdt.ls.core.internal.corrections.RefactorProcessor.getExtractMethodProposal(Lorg/eclipse/lsp4j/CodeActionParams;Lorg/eclipse/jdt/ui/text/java/IInvocationContext;Lorg/eclipse/jdt/core/dom/ASTNode;ZLjava/util/Collection;)Z+38
j  org.eclipse.jdt.ls.core.internal.corrections.RefactorProcessor.getProposals(Lorg/eclipse/lsp4j/CodeActionParams;Lorg/eclipse/jdt/ui/text/java/IInvocationContext;[Lorg/eclipse/jdt/ui/text/java/IProblemLocation;Lorg/eclipse/core/runtime/IProgressMonitor;)Ljava/util/List;+194
j  org.eclipse.jdt.ls.core.internal.handlers.CodeActionHandler.getCodeActionCommands(Lorg/eclipse/lsp4j/CodeActionParams;Lorg/eclipse/core/runtime/IProgressMonitor;)Ljava/util/List;+556
j  org.eclipse.jdt.ls.core.internal.handlers.JDTLanguageServer.lambda$15(Lorg/eclipse/jdt/ls/core/internal/handlers/CodeActionHandler;Lorg/eclipse/lsp4j/CodeActionParams;Lorg/eclipse/core/runtime/IProgressMonitor;)Ljava/util/List;+16
j  org.eclipse.jdt.ls.core.internal.handlers.JDTLanguageServer$$Lambda+0x000074e55427e128.apply(Ljava/lang/Object;)Ljava/lang/Object;+16
j  org.eclipse.jdt.ls.core.internal.BaseJDTLanguageServer.lambda$0(Ljava/util/function/Function;Lorg/eclipse/lsp4j/jsonrpc/CancelChecker;)Ljava/lang/Object;+6
j  org.eclipse.jdt.ls.core.internal.BaseJDTLanguageServer$$Lambda+0x000074e5541c3cc0.apply(Ljava/lang/Object;)Ljava/lang/Object;+12
j  java.util.concurrent.CompletableFuture$UniApply.tryFire(I)Ljava/util/concurrent/CompletableFuture;+106 java.base@21.0.8
j  java.util.concurrent.CompletableFuture$Completion.exec()Z+2 java.base@21.0.8
j  java.util.concurrent.ForkJoinTask.doExec()I+10 java.base@21.0.8
j  java.util.concurrent.ForkJoinPool$WorkQueue.topLevelExec(Ljava/util/concurrent/ForkJoinTask;Ljava/util/concurrent/ForkJoinPool$WorkQueue;)V+19 java.base@21.0.8
j  java.util.concurrent.ForkJoinPool.scan(Ljava/util/concurrent/ForkJoinPool$WorkQueue;II)I+211 java.base@21.0.8
j  java.util.concurrent.ForkJoinPool.runWorker(Ljava/util/concurrent/ForkJoinPool$WorkQueue;)V+35 java.base@21.0.8
j  java.util.concurrent.ForkJoinWorkerThread.run()V+31 java.base@21.0.8
v  ~StubRoutines::call_stub 0x000074e5a3d37cc6
V  [libjvm.so+0x911e2a]  JavaCalls::call_helper(JavaValue*, methodHandle const&, JavaCallArguments*, JavaThread*)+0x2da
V  [libjvm.so+0x913612]  JavaCalls::call_virtual(JavaValue*, Handle, Klass*, Symbol*, Symbol*, JavaThread*)+0x1a2
V  [libjvm.so+0x9ef2e3]  thread_entry(JavaThread*, JavaThread*)+0x93
V  [libjvm.so+0x929f66]  JavaThread::thread_main_inner()+0x1e6
V  [libjvm.so+0xf8dba7]  Thread::call_run()+0xa7
V  [libjvm.so+0xd044d5]  thread_native_entry(Thread*)+0xd5
C  [libc.so.6+0x9caa4]
Java frames: (J=compiled Java code, j=interpreted, Vv=VM code)
J 1056  java.lang.ClassLoader.defineClass1(Ljava/lang/ClassLoader;Ljava/lang/String;[BIILjava/security/ProtectionDomain;Ljava/lang/String;)Ljava/lang/Class; java.base@21.0.8 (0 bytes) @ 0x000074e5a432ef65 [0x000074e5a432eea0+0x00000000000000c5]
J 5687 c2 java.lang.ClassLoader.defineClass(Ljava/lang/String;[BIILjava/security/ProtectionDomain;)Ljava/lang/Class; java.base@21.0.8 (43 bytes) @ 0x000074e5a4575744 [0x000074e5a4574980+0x0000000000000dc4]
J 2696 c1 org.eclipse.osgi.internal.loader.ModuleClassLoader.defineClass(Ljava/lang/String;[BLorg/eclipse/osgi/internal/loader/classpath/ClasspathEntry;)Lorg/eclipse/osgi/internal/loader/ModuleClassLoader$DefineClassResult; (67 bytes) @ 0x000074e59cd0c13c [0x000074e59cd0be20+0x000000000000031c]
J 2540 c1 org.eclipse.osgi.internal.loader.classpath.ClasspathManager.defineClass(Ljava/lang/String;[BLorg/eclipse/osgi/internal/loader/classpath/ClasspathEntry;Lorg/eclipse/osgi/storage/bundlefile/BundleEntry;Ljava/util/List;)Ljava/lang/Class; (636 bytes) @ 0x000074e59ccb1ebc [0x000074e59ccb0420+0x0000000000001a9c]
J 4437 c2 org.eclipse.osgi.internal.loader.classpath.ClasspathManager.findClassImpl(Ljava/lang/String;Lorg/eclipse/osgi/internal/loader/classpath/ClasspathEntry;Ljava/util/List;)Ljava/lang/Class; (343 bytes) @ 0x000074e5a4518060 [0x000074e5a45156c0+0x00000000000029a0]
J 4749 c2 org.eclipse.osgi.internal.loader.classpath.ClasspathManager.findLocalClass(Ljava/lang/String;)Ljava/lang/Class; (210 bytes) @ 0x000074e5a450803c [0x000074e5a4506c80+0x00000000000013bc]
J 2307 c1 org.eclipse.osgi.internal.loader.BundleLoader.findLocalClass(Ljava/lang/String;)Ljava/lang/Class; (166 bytes) @ 0x000074e59cc2cf44 [0x000074e59cc2c3c0+0x0000000000000b84]
J 5374 c2 org.eclipse.osgi.internal.loader.BundleLoader.findClass0(Ljava/lang/String;ZZ)Ljava/lang/Class; (491 bytes) @ 0x000074e5a4560d24 [0x000074e5a455f400+0x0000000000001924]
J 5776 c2 org.eclipse.osgi.internal.loader.BundleLoader.findClass(Ljava/lang/String;)Ljava/lang/Class; (8 bytes) @ 0x000074e5a458636c [0x000074e5a4586320+0x000000000000004c]
J 2224 c1 org.eclipse.osgi.internal.loader.ModuleClassLoader.loadClass(Ljava/lang/String;Z)Ljava/lang/Class; (36 bytes) @ 0x000074e59cbe4ec4 [0x000074e59cbe4ca0+0x0000000000000224]
J 4002 c2 java.lang.ClassLoader.loadClass(Ljava/lang/String;)Ljava/lang/Class; java.base@21.0.8 (7 bytes) @ 0x000074e5a448c9ec [0x000074e5a448c9a0+0x000000000000004c]
v  ~StubRoutines::call_stub 0x000074e5a3d37cc6
J 1056  java.lang.ClassLoader.defineClass1(Ljava/lang/ClassLoader;Ljava/lang/String;[BIILjava/security/ProtectionDomain;Ljava/lang/String;)Ljava/lang/Class; java.base@21.0.8 (0 bytes) @ 0x000074e5a432ef65 [0x000074e5a432eea0+0x00000000000000c5]
J 5687 c2 java.lang.ClassLoader.defineClass(Ljava/lang/String;[BIILjava/security/ProtectionDomain;)Ljava/lang/Class; java.base@21.0.8 (43 bytes) @ 0x000074e5a4575744 [0x000074e5a4574980+0x0000000000000dc4]
J 2696 c1 org.eclipse.osgi.internal.loader.ModuleClassLoader.defineClass(Ljava/lang/String;[BLorg/eclipse/osgi/internal/loader/classpath/ClasspathEntry;)Lorg/eclipse/osgi/internal/loader/ModuleClassLoader$DefineClassResult; (67 bytes) @ 0x000074e59cd0c13c [0x000074e59cd0be20+0x000000000000031c]
J 2540 c1 org.eclipse.osgi.internal.loader.classpath.ClasspathManager.defineClass(Ljava/lang/String;[BLorg/eclipse/osgi/internal/loader/classpath/ClasspathEntry;Lorg/eclipse/osgi/storage/bundlefile/BundleEntry;Ljava/util/List;)Ljava/lang/Class; (636 bytes) @ 0x000074e59ccb1ebc [0x000074e59ccb0420+0x0000000000001a9c]
J 4437 c2 org.eclipse.osgi.internal.loader.classpath.ClasspathManager.findClassImpl(Ljava/lang/String;Lorg/eclipse/osgi/internal/loader/classpath/ClasspathEntry;Ljava/util/List;)Ljava/lang/Class; (343 bytes) @ 0x000074e5a4518060 [0x000074e5a45156c0+0x00000000000029a0]
J 4749 c2 org.eclipse.osgi.internal.loader.classpath.ClasspathManager.findLocalClass(Ljava/lang/String;)Ljava/lang/Class; (210 bytes) @ 0x000074e5a450803c [0x000074e5a4506c80+0x00000000000013bc]
J 2307 c1 org.eclipse.osgi.internal.loader.BundleLoader.findLocalClass(Ljava/lang/String;)Ljava/lang/Class; (166 bytes) @ 0x000074e59cc2cf44 [0x000074e59cc2c3c0+0x0000000000000b84]
J 5374 c2 org.eclipse.osgi.internal.loader.BundleLoader.findClass0(Ljava/lang/String;ZZ)Ljava/lang/Class; (491 bytes) @ 0x000074e5a4560d24 [0x000074e5a455f400+0x0000000000001924]
J 5776 c2 org.eclipse.osgi.internal.loader.BundleLoader.findClass(Ljava/lang/String;)Ljava/lang/Class; (8 bytes) @ 0x000074e5a458636c [0x000074e5a4586320+0x000000000000004c]
J 2224 c1 org.eclipse.osgi.internal.loader.ModuleClassLoader.loadClass(Ljava/lang/String;Z)Ljava/lang/Class; (36 bytes) @ 0x000074e59cbe4ec4 [0x000074e59cbe4ca0+0x0000000000000224]
J 4002 c2 java.lang.ClassLoader.loadClass(Ljava/lang/String;)Ljava/lang/Class; java.base@21.0.8 (7 bytes) @ 0x000074e5a448c9ec [0x000074e5a448c9a0+0x000000000000004c]
v  ~StubRoutines::call_stub 0x000074e5a3d37cc6
j  org.eclipse.jdt.ls.core.internal.text.correction.RefactorProposalUtility.getExtractMethodProposal(Lorg/eclipse/lsp4j/CodeActionParams;Lorg/eclipse/jdt/ui/text/java/IInvocationContext;Lorg/eclipse/jdt/core/dom/ASTNode;ZLjava/util/Map;ZZ)Lorg/eclipse/jdt/ls/core/internal/corrections/ProposalKindWrapper;+103
j  org.eclipse.jdt.ls.core.internal.text.correction.RefactorProposalUtility.getExtractMethodCommandProposal(Lorg/eclipse/lsp4j/CodeActionParams;Lorg/eclipse/jdt/ui/text/java/IInvocationContext;Lorg/eclipse/jdt/core/dom/ASTNode;ZZ)Lorg/eclipse/jdt/ls/core/internal/corrections/ProposalKindWrapper;+8
j  org.eclipse.jdt.ls.core.internal.corrections.RefactorProcessor.getExtractMethodProposal(Lorg/eclipse/lsp4j/CodeActionParams;Lorg/eclipse/jdt/ui/text/java/IInvocationContext;Lorg/eclipse/jdt/core/dom/ASTNode;ZLjava/util/Collection;)Z+38
j  org.eclipse.jdt.ls.core.internal.corrections.RefactorProcessor.getProposals(Lorg/eclipse/lsp4j/CodeActionParams;Lorg/eclipse/jdt/ui/text/java/IInvocationContext;[Lorg/eclipse/jdt/ui/text/java/IProblemLocation;Lorg/eclipse/core/runtime/IProgressMonitor;)Ljava/util/List;+194
j  org.eclipse.jdt.ls.core.internal.handlers.CodeActionHandler.getCodeActionCommands(Lorg/eclipse/lsp4j/CodeActionParams;Lorg/eclipse/core/runtime/IProgressMonitor;)Ljava/util/List;+556
j  org.eclipse.jdt.ls.core.internal.handlers.JDTLanguageServer.lambda$15(Lorg/eclipse/jdt/ls/core/internal/handlers/CodeActionHandler;Lorg/eclipse/lsp4j/CodeActionParams;Lorg/eclipse/core/runtime/IProgressMonitor;)Ljava/util/List;+16
j  org.eclipse.jdt.ls.core.internal.handlers.JDTLanguageServer$$Lambda+0x000074e55427e128.apply(Ljava/lang/Object;)Ljava/lang/Object;+16
j  org.eclipse.jdt.ls.core.internal.BaseJDTLanguageServer.lambda$0(Ljava/util/function/Function;Lorg/eclipse/lsp4j/jsonrpc/CancelChecker;)Ljava/lang/Object;+6
j  org.eclipse.jdt.ls.core.internal.BaseJDTLanguageServer$$Lambda+0x000074e5541c3cc0.apply(Ljava/lang/Object;)Ljava/lang/Object;+12
j  java.util.concurrent.CompletableFuture$UniApply.tryFire(I)Ljava/util/concurrent/CompletableFuture;+106 java.base@21.0.8
j  java.util.concurrent.CompletableFuture$Completion.exec()Z+2 java.base@21.0.8
j  java.util.concurrent.ForkJoinTask.doExec()I+10 java.base@21.0.8
j  java.util.concurrent.ForkJoinPool$WorkQueue.topLevelExec(Ljava/util/concurrent/ForkJoinTask;Ljava/util/concurrent/ForkJoinPool$WorkQueue;)V+19 java.base@21.0.8
j  java.util.concurrent.ForkJoinPool.scan(Ljava/util/concurrent/ForkJoinPool$WorkQueue;II)I+211 java.base@21.0.8
j  java.util.concurrent.ForkJoinPool.runWorker(Ljava/util/concurrent/ForkJoinPool$WorkQueue;)V+35 java.base@21.0.8
j  java.util.concurrent.ForkJoinWorkerThread.run()V+31 java.base@21.0.8
v  ~StubRoutines::call_stub 0x000074e5a3d37cc6

siginfo: si_signo: 11 (SIGSEGV), si_code: 1 (SEGV_MAPERR), si_addr: 0x0000000000000008

Registers:
RAX=0x000074e54ed8bb08, RBX=0x0000000000000000, RCX=0x000074e494001828, RDX=0x00000000000001d0
RSP=0x000074e4e30f7c50, RBP=0x000074e4e30f7d20, RSI=0x0000000000000000, RDI=0x000074e494001720
R8 =0x000074e54e4899e0, R9 =0x000074e54ed8bb08, R10=0x000074e4e30f7d80, R11=0x00000000804207e8
R12=0x000074e4e30f7de0, R13=0x000074e54e5b58f0, R14=0x000000000000000d, R15=0x0000000000000000
RIP=0x000074e5bbf501e0, EFLAGS=0x0000000000010202, CSGSFS=0x002b000000000033, ERR=0x0000000000000004
  TRAPNO=0x000000000000000e

XMM[0]=0x000074e494000fe0 0x000074e54ed8d350
XMM[1]=0x0000000000000000 0x0000000000000000
XMM[2]=0x0000000000000000 0x000074e494000fe0
XMM[3]=0x0000000000000000 0x0000000000000000
XMM[4]=0x200b000000000021 0x000000010000001c
XMM[5]=0xca7c1da2e93e9eb4 0xa0d71e56ccec67a2
XMM[6]=0x967cdfa234660f89 0xbc63bf62b878fe9c
XMM[7]=0x09a1544bb3bd9c89 0xb83e9f01d1a1aabc
XMM[8]=0x8b7029d6d5240c5e 0x6dcdebcc449e3fcd
XMM[9]=0x943d29b2943d29b2 0x943d29b253edc4ff
XMM[10]=0x0000000000000000 0x00000000bfb09b4d
XMM[11]=0xeba17eaeeba17eae 0xeba17eae3f8f43ad
XMM[12]=0x0000000000000000 0x0000000053edc4ff
XMM[13]=0x0000000000000000 0x00000000f93f80b8
XMM[14]=0x0000000000000000 0x100e7763c92abe37
XMM[15]=0x0000000000000000 0x0000000000000000
  MXCSR=0x00001fa2


Register to memory mapping:

RAX=0x000074e54ed8bb08 is a pointer to class: 
org.eclipse.jdt.core.refactoring.descriptors.JavaRefactoringDescriptor {0x000074e54ed8bb08}
 - instance size:     6
 - klass size:        80
 - access:            public synchronized abstract 
 - flags:             has_nonstatic_fields should_verify_class has_localvariable_table 
 - state:             allocated
 - name:              'org/eclipse/jdt/core/refactoring/descriptors/JavaRefactoringDescriptor'
 - super:             'org/eclipse/ltk/core/refactoring/RefactoringDescriptor'
 - sub:               
 - arrays:            null
 - methods:           Array<T>(0x000074e551746588)
 - method ordering:   Array<T>(0x000074e551746610)
 - local interfaces:  Array<T>(0x000074e54e61bd20)
 - trans. interfaces: Array<T>(0x000074e551746438)
 - secondary supers: Array<T>(0x000074e551746438)
 - hash_slot:         61
 - bitmap:            0x0000000000001000
 - constants:         constant pool [262] {0x000074e54ed8bd88} for 'org/eclipse/jdt/core/refactoring/descriptors/JavaRefactoringDescriptor'
 - class loader data:  loader data: 0x000074e4f8218aa0 for instance a 'org/eclipse/osgi/internal/loader/EquinoxClassLoader'{0x00000000804207e8}
 - source file:       'JavaRefactoringDescriptor.java'
 - inner classes:     Array<T>(0x000074e54e61bca8)
 - nest members:     Array<T>(0x000074e54e61bca8)
 - permitted subclasses:     Array<T>(0x000074e54e61bca8)
 - java mirror:       a 'java/lang/Class'{0x00000000d5e1c9f0} = 'org/eclipse/jdt/core/refactoring/descriptors/JavaRefactoringDescriptor'
 - vtable length      16  (start addr: 0x000074e54ed8bcd8)
 - itable length      5 (start addr: 0x000074e54ed8bd58)
 - ---- static fields (5 words):
 - protected static final 'ATTRIBUTE_ELEMENT' 'Ljava/lang/String;' @112 
 - protected static final 'ATTRIBUTE_INPUT' 'Ljava/lang/String;' @116 
 - protected static final 'ATTRIBUTE_NAME' 'Ljava/lang/String;' @120 
 - protected static final 'ATTRIBUTE_REFERENCES' 'Ljava/lang/String;' @124 
 - protected static final 'ATTRIBUTE_SELECTION' 'Ljava/lang/String;' @128 
 - protected static final 'ATTRIBUTE_VERSION' 'Ljava/lang/String;' @132 
 - public static final 'JAR_MIGRATION' 'I' @140 
 - public static final 'JAR_REFACTORING' 'I' @144 
 - public static final 'JAR_SOURCE_ATTACHMENT' 'I' @148 
 - protected static final 'VALUE_VERSION_1_0' 'Ljava/lang/String;' @136 
 - ---- non-static fields (8 words):
 - private 'fFlags' 'I' @12 
 - private 'fTimeStamp' 'J' @16 
 - private 'fComment' 'Ljava/lang/String;' @24 
 - private 'fDescription' 'Ljava/lang/String;' @28 
 - private 'fProject' 'Ljava/lang/String;' @32 
 - private final 'fRefactoringId' 'Ljava/lang/String;' @36 
 - protected final 'fArguments' 'Ljava/util/Map;' @40 
 - non-static oop maps: 24-40 
RBX=0x0 is null
RCX=0x000074e494001828 points into unknown readable memory: 0x00000000804207e8 | e8 07 42 80 00 00 00 00
RDX=0x00000000000001d0 is an unknown value
RSP=0x000074e4e30f7c50 is pointing into the stack for thread: 0x000074e494000fe0
RBP=0x000074e4e30f7d20 is pointing into the stack for thread: 0x000074e494000fe0
RSI=0x0 is null
RDI=0x000074e494001720 points into unknown readable memory: 0x0000000000000002 | 02 00 00 00 00 00 00 00
R8 =0x000074e54e4899e0 is pointing into metadata
R9 =0x000074e54ed8bb08 is a pointer to class: 
org.eclipse.jdt.core.refactoring.descriptors.JavaRefactoringDescriptor {0x000074e54ed8bb08}
 - instance size:     6
 - klass size:        80
 - access:            public synchronized abstract 
 - flags:             has_nonstatic_fields should_verify_class has_localvariable_table 
 - state:             allocated
 - name:              'org/eclipse/jdt/core/refactoring/descriptors/JavaRefactoringDescriptor'
 - super:             'org/eclipse/ltk/core/refactoring/RefactoringDescriptor'
 - sub:               
 - arrays:            null
 - methods:           Array<T>(0x000074e551746588)
 - method ordering:   Array<T>(0x000074e551746610)
 - local interfaces:  Array<T>(0x000074e54e61bd20)
 - trans. interfaces: Array<T>(0x000074e551746438)
 - secondary supers: Array<T>(0x000074e551746438)
 - hash_slot:         61
 - bitmap:            0x0000000000001000
 - constants:         constant pool [262] {0x000074e54ed8bd88} for 'org/eclipse/jdt/core/refactoring/descriptors/JavaRefactoringDescriptor'
 - class loader data:  loader data: 0x000074e4f8218aa0 for instance a 'org/eclipse/osgi/internal/loader/EquinoxClassLoader'{0x00000000804207e8}
 - source file:       'JavaRefactoringDescriptor.java'
 - inner classes:     Array<T>(0x000074e54e61bca8)
 - nest members:     Array<T>(0x000074e54e61bca8)
 - permitted subclasses:     Array<T>(0x000074e54e61bca8)
 - java mirror:       a 'java/lang/Class'{0x00000000d5e1c9f0} = 'org/eclipse/jdt/core/refactoring/descriptors/JavaRefactoringDescriptor'
 - vtable length      16  (start addr: 0x000074e54ed8bcd8)
 - itable length      5 (start addr: 0x000074e54ed8bd58)
 - ---- static fields (5 words):
 - protected static final 'ATTRIBUTE_ELEMENT' 'Ljava/lang/String;' @112 
 - protected static final 'ATTRIBUTE_INPUT' 'Ljava/lang/String;' @116 
 - protected static final 'ATTRIBUTE_NAME' 'Ljava/lang/String;' @120 
 - protected static final 'ATTRIBUTE_REFERENCES' 'Ljava/lang/String;' @124 
 - protected static final 'ATTRIBUTE_SELECTION' 'Ljava/lang/String;' @128 
 - protected static final 'ATTRIBUTE_VERSION' 'Ljava/lang/String;' @132 
 - public static final 'JAR_MIGRATION' 'I' @140 
 - public static final 'JAR_REFACTORING' 'I' @144 
 - public static final 'JAR_SOURCE_ATTACHMENT' 'I' @148 
 - protected static final 'VALUE_VERSION_1_0' 'Ljava/lang/String;' @136 
 - ---- non-static fields (8 words):
 - private 'fFlags' 'I' @12 
 - private 'fTimeStamp' 'J' @16 
 - private 'fComment' 'Ljava/lang/String;' @24 
 - private 'fDescription' 'Ljava/lang/String;' @28 
 - private 'fProject' 'Ljava/lang/String;' @32 
 - private final 'fRefactoringId' 'Ljava/lang/String;' @36 
 - protected final 'fArguments' 'Ljava/util/Map;' @40 
 - non-static oop maps: 24-40 
R10=0x000074e4e30f7d80 is pointing into the stack for thread: 0x000074e494000fe0
R11=0x00000000804207e8 is an oop: org.eclipse.osgi.internal.loader.EquinoxClassLoader 
{0x00000000804207e8} - klass: 'org/eclipse/osgi/internal/loader/EquinoxClassLoader'
 - ---- fields (total size 14 words):
 - private 'defaultAssertionStatus' 'Z' @12  false (0x00)
 - injected 'loader_data' 'J' @16  128526764313248 (0x000074e4f8218aa0)
 - private final 'parent' 'Ljava/lang/ClassLoader;' @24  a 'jdk/internal/loader/ClassLoaders$PlatformClassLoader'{0x00000000807a3b38} (0x807a3b38)
 - private final 'name' 'Ljava/lang/String;' @28  null (0x00000000)
 - private final 'unnamedModule' 'Ljava/lang/Module;' @32  a 'java/lang/Module'{0x0000000080420858} (0x80420858)
 - private final 'nameAndId' 'Ljava/lang/String;' @36  "org.eclipse.osgi.internal.loader.EquinoxClassLoader @6984c05"{0x0000000080420890} (0x80420890)
 - private final 'parallelLockMap' 'Ljava/util/concurrent/ConcurrentHashMap;' @40  a 'java/util/concurrent/ConcurrentHashMap'{0x00000000804208f8} (0x804208f8)
 - private final 'package2certs' 'Ljava/util/concurrent/ConcurrentHashMap;' @44  a 'java/util/concurrent/ConcurrentHashMap'{0x0000000080420938} (0x80420938)
 - private final 'classes' 'Ljava/util/ArrayList;' @48  a 'java/util/ArrayList'{0x0000000080420978} (0x80420978)
 - private final 'defaultDomain' 'Ljava/security/ProtectionDomain;' @52  a 'java/security/ProtectionDomain'{0x0000000080420990} (0x80420990)
 - private final 'packages' 'Ljava/util/concurrent/ConcurrentHashMap;' @56  a 'java/util/concurrent/ConcurrentHashMap'{0x0000000080420a00} (0x80420a00)
 - private final 'libraries' 'Ljdk/internal/loader/NativeLibraries;' @60  a 'jdk/internal/loader/NativeLibraries'{0x0000000080420a40} (0x80420a40)
 - final 'assertionLock' 'Ljava/lang/Object;' @64  a 'java/lang/Object'{0x0000000080420aa0} (0x80420aa0)
 - private 'packageAssertionStatus' 'Ljava/util/Map;' @68  null (0x00000000)
 - 'classAssertionStatus' 'Ljava/util/Map;' @72  null (0x00000000)
 - private volatile 'classLoaderValueMap' 'Ljava/util/concurrent/ConcurrentHashMap;' @76  null (0x00000000)
 - private final 'classNameLocks' 'Lorg/eclipse/osgi/internal/container/KeyBasedLockStore;' @80  a 'org/eclipse/osgi/internal/container/KeyBasedLockStore'{0x0000000080420ab0} (0x80420ab0)
 - private final 'pkgLock' 'Ljava/lang/Object;' @84  a 'java/lang/Object'{0x0000000080420b70} (0x80420b70)
 - public volatile 'lombok$shadowLoader' 'Ljava/lang/ClassLoader;' @88  a 'lombok/launch/ShadowClassLoader'{0x00000000d6eeaca0} (0xd6eeaca0)
 - private final 'configuration' 'Lorg/eclipse/osgi/internal/framework/EquinoxConfiguration;' @92  a 'org/eclipse/osgi/internal/framework/EquinoxConfiguration'{0x00000000807a2c30} (0x807a2c30)
 - private final 'debug' 'Lorg/eclipse/osgi/internal/debug/Debug;' @96  a 'org/eclipse/osgi/internal/debug/Debug'{0x00000000807a36e8} (0x807a36e8)
 - private final 'delegate' 'Lorg/eclipse/osgi/internal/loader/BundleLoader;' @100  a 'org/eclipse/osgi/internal/loader/BundleLoader'{0x000000008041dc40} (0x8041dc40)
 - private final 'generation' 'Lorg/eclipse/osgi/storage/BundleInfo$Generation;' @104  a 'org/eclipse/osgi/storage/BundleInfo$Generation'{0x0000000080265a28} (0x80265a28)
 - private final 'manager' 'Lorg/eclipse/osgi/internal/loader/classpath/ClasspathManager;' @108  a 'org/eclipse/osgi/internal/loader/classpath/ClasspathManager'{0x0000000080420b80} (0x80420b80)
R12=0x000074e4e30f7de0 is pointing into the stack for thread: 0x000074e494000fe0
R13=0x000074e54e5b58f0 is pointing into metadata
R14=0x000000000000000d is an unknown value
R15=0x0 is null

Top of Stack: (sp=0x000074e4e30f7c50)
0x000074e4e30f7c50:   000074e4e30f7c70 000074e5bc0b771a
0x000074e4e30f7c60:   000074e4f8218aa0 000074e4940017f0
0x000074e4e30f7c70:   000074e54e4899e0 000074e54e5b58f0
0x000074e4e30f7c80:   000074e550d0a968 000074e4e30f7cb0
0x000074e4e30f7c90:   000074e54ed8a178 0000000000000000
0x000074e4e30f7ca0:   0000000000000000 01000000ffffffff
0x000074e4e30f7cb0:   000074e494000fe0 000074e494001720
0x000074e4e30f7cc0:   000074e494001760 000074e494001828
0x000074e4e30f7cd0:   000074e494001848 00000000000000d8
0x000074e4e30f7ce0:   000074e4e30f7e70 000074e5bbd263ec
0x000074e4e30f7cf0:   000074e5bc926810 000074e4e30f7de0
0x000074e4e30f7d00:   000000000000000d 000074e4e30f7d80
0x000074e4e30f7d10:   000000000000000d 000074e551746598
0x000074e4e30f7d20:   000074e4e30f7dc0 000074e5bbf52d83
0x000074e4e30f7d30:   000074e4940017e8 000074e4940016e0
0x000074e4e30f7d40:   000074e4e30f7dc0 000074e5bbf4e440
0x000074e4e30f7d50:   000074e5200bf300 000074e5200bf310
0x000074e4e30f7d60:   000074e551746608 000074e5200bf310
0x000074e4e30f7d70:   0000000000000000 000074e494000fe0
0x000074e4e30f7d80:   000074e54ed8d350 000074e494000fe0
0x000074e4e30f7d90:   00000000d5e0ef30 000074e494000fe0
0x000074e4e30f7da0:   000074e4e30f7de0 000074e54ed8bb08
0x000074e4e30f7db0:   000074e551746608 0000000000000000
0x000074e4e30f7dc0:   000074e4e30f7e20 000074e5bbce35f7
0x000074e4e30f7dd0:   000074e4e30f7ee0 000074e5bba1cdba
0x000074e4e30f7de0:   000074e54ed8bb08 00000010000001d0
0x000074e4e30f7df0:   00000000000001e6 000074e54ed8bb08
0x000074e4e30f7e00:   000074e54ed8bb08 000074e494000fe0
0x000074e4e30f7e10:   000074e4940017d8 000074e4940017d0
0x000074e4e30f7e20:   000074e4e30f7ee0 000074e5bc34d41d
0x000074e4e30f7e30:   000074e4e30f7e70 000074e4e30f7e50
0x000074e4e30f7e40:   000074e4f8218aa0 0000000000000000 

Instructions: (pc=0x000074e5bbf501e0)
0x000074e5bbf500e0:   ff 4d 85 c9 0f 84 a6 02 00 00 48 8d 45 90 4c 89
0x000074e5bbf500f0:   fe 4c 89 85 58 ff ff ff 48 89 c7 4c 89 8d 60 ff
0x000074e5bbf50100:   ff ff 48 89 85 68 ff ff ff e8 f2 dc d4 ff 4c 8b
0x000074e5bbf50110:   8d 60 ff ff ff 4c 8b 85 58 ff ff ff 49 8b 81 98
0x000074e5bbf50120:   00 00 00 48 8b 78 08 48 85 ff 0f 84 58 02 00 00
0x000074e5bbf50130:   4c 89 85 58 ff ff ff 4c 89 8d 60 ff ff ff ff 15
0x000074e5bbf50140:   cc 4e 97 00 4c 8b 8d 60 ff ff ff 4c 8b 85 58 ff
0x000074e5bbf50150:   ff ff 48 85 c0 49 89 c3 0f 84 2a 02 00 00 49 8b
0x000074e5bbf50160:   bf 20 03 00 00 48 8b 4f 18 48 8b 47 20 48 29 c8
0x000074e5bbf50170:   48 83 f8 07 0f 86 8e 02 00 00 48 8d 41 08 48 89
0x000074e5bbf50180:   47 18 4c 89 19 49 8b 41 18 48 89 85 60 ff ff ff
0x000074e5bbf50190:   85 db 0f 8e d8 01 00 00 4c 63 cb 4d 89 f2 31 db
0x000074e5bbf501a0:   4d 89 ce 4d 89 e9 4d 89 c5 4c 8b 85 50 ff ff ff
0x000074e5bbf501b0:   eb 52 66 0f 1f 44 00 00 48 8d 35 d9 5c 9d 00 80
0x000074e5bbf501c0:   3e 00 75 58 83 e2 08 74 53 48 8b 85 70 ff ff ff
0x000074e5bbf501d0:   48 8b b4 d8 d0 01 00 00 0f 1f 84 00 00 00 00 00
0x000074e5bbf501e0:   48 8b 46 08 48 8b 50 08 0f b7 78 24 4c 3b 6c fa
0x000074e5bbf501f0:   48 0f 84 91 00 00 00 48 83 c3 01 4c 39 f3 0f 84
0x000074e5bbf50200:   6c 01 00 00 49 8b 04 24 4c 8d 3c dd 00 00 00 00
0x000074e5bbf50210:   0f b7 90 c2 00 00 00 f6 c2 01 75 9c 49 63 54 24
0x000074e5bbf50220:   08 4c 01 f8 48 8b 34 10 eb b6 66 0f 1f 44 00 00
0x000074e5bbf50230:   48 8b 3a be fe ff ff ff e8 73 51 13 00 c6 45 8e
0x000074e5bbf50240:   00 48 c7 45 80 00 00 00 00 e9 fb fd ff ff 66 90
0x000074e5bbf50250:   c6 45 8f 01 41 f6 85 b1 00 00 00 02 0f 84 47 fe
0x000074e5bbf50260:   ff ff 80 7d 8e 00 49 8b 3e 74 0a 83 7f 2c f7 0f
0x000074e5bbf50270:   8c 30 fe ff ff be f7 ff ff ff e8 31 51 13 00 e9
0x000074e5bbf50280:   21 fe ff ff 0f 1f 40 00 0f b7 40 26 4c 3b 44 c2
0x000074e5bbf50290:   48 0f 85 60 ff ff ff 41 f6 81 b1 00 00 00 02 0f
0x000074e5bbf502a0:   85 fb 00 00 00 8b 46 28 a8 02 0f 85 47 ff ff ff
0x000074e5bbf502b0:   80 7d 8e 00 4c 8b 5a 18 0f 84 aa 01 00 00 49 8b
0x000074e5bbf502c0:   12 8b 42 28 89 c6 83 e6 01 0f 84 81 01 00 00 c6
0x000074e5bbf502d0:   45 8f 00 49 8b 04 24 0f b7 b0 c2 00 00 00 40 f6 


Stack slot to memory mapping:

stack at sp + 0 slots: 0x000074e4e30f7c70 is pointing into the stack for thread: 0x000074e494000fe0
stack at sp + 1 slots: 0x000074e5bc0b771a: <offset 0x0000000000cb771a> in /usr/lib/jvm/java-21-openjdk-amd64/lib/server/libjvm.so at 0x000074e5bb400000
stack at sp + 2 slots: 0x000074e4f8218aa0 points into unknown readable memory: 0x000074e4f82c1120 | 20 11 2c f8 e4 74 00 00
stack at sp + 3 slots: 0x000074e4940017f0 points into unknown readable memory: 0x00000000d5e1c9f0 | f0 c9 e1 d5 00 00 00 00
stack at sp + 4 slots: 0x000074e54e4899e0 is pointing into metadata
stack at sp + 5 slots: 0x000074e54e5b58f0 is pointing into metadata
stack at sp + 6 slots: 0x000074e550d0a968 is pointing into metadata
stack at sp + 7 slots: 0x000074e4e30f7cb0 is pointing into the stack for thread: 0x000074e494000fe0


Compiled method (n/a) 3322 1056     n 0       java.lang.ClassLoader::defineClass1 (native)
 total in heap  [0x000074e5a432ed10,0x000074e5a432f120] = 1040
 relocation     [0x000074e5a432ee68,0x000074e5a432eea0] = 56
 main code      [0x000074e5a432eea0,0x000074e5a432f11f] = 639
 stub code      [0x000074e5a432f11f,0x000074e5a432f120] = 1

[Constant Pool (empty)]

[MachCode]
[Entry Point]
  # {method} {0x000074e54e436c30} 'defineClass1' '(Ljava/lang/ClassLoader;Ljava/lang/String;[BIILjava/security/ProtectionDomain;Ljava/lang/String;)Ljava/lang/Class;' in 'java/lang/ClassLoader'
  # parm0:    rsi:rsi   = 'java/lang/ClassLoader'
  # parm1:    rdx:rdx   = 'java/lang/String'
  # parm2:    rcx:rcx   = '[B'
  # parm3:    r8        = int
  # parm4:    r9        = int
  # parm5:    rdi:rdi   = 'java/security/ProtectionDomain'
  # parm6:    [sp+0x70]   = 'java/lang/String'  (sp of caller)
  0x000074e5a432eea0: 448b 5608 | 49bb 0000 | 004e e574 | 0000 4d03 | d349 3bc2 | 0f84 0600 

  0x000074e5a432eeb8: ;   {runtime_call ic_miss_stub}
  0x000074e5a432eeb8: 0000 e9c1 | 5ea5 ff90 
[Verified Entry Point]
  0x000074e5a432eec0: 8984 2400 | c0fe ff55 | 488b ec48 | 83ec 6090 | 4181 7f20 | 0200 0000 

  0x000074e5a432eed8: ;   {runtime_call StubRoutines (final stubs)}
  0x000074e5a432eed8: 7405 e801 | 01a4 ff48 | 837d 1000 | 488d 4510 | 480f 4445 | 1048 8944 | 2410 4889 | 7c24 4048 
  0x000074e5a432eef8: 83ff 0048 | 8d44 2440 | 480f 4444 | 2440 4889 | 4424 084c | 890c 244d | 8bc8 4889 | 4c24 2848 
  0x000074e5a432ef18: 83f9 004c | 8d44 2428 | 4c0f 4444 | 2428 4889 | 5424 2048 | 83fa 0048 | 8d4c 2420 | 480f 444c 
  0x000074e5a432ef38: 2420 4889 | 7424 1848 | 83fe 0048 | 8d54 2418 | 480f 4454 

  0x000074e5a432ef4c: ;   {oop(a 'java/lang/Class'{0x0000000080080dd8} = 'java/lang/ClassLoader')}
  0x000074e5a432ef4c: 2418 49be | d80d 0880 | 0000 0000 | 4c89 7424 | 484c 8d74 | 2448 498b | f6c5 f877 

  0x000074e5a432ef68: ;   {internal_word}
  0x000074e5a432ef68: 49ba 65ef | 32a4 e574 | 0000 4d89 | 97a0 0300 | 0049 89a7 | 9803 0000 

  0x000074e5a432ef80: ;   {external_word}
  0x000074e5a432ef80: 803d aec0 | 5d18 000f | 843c 0000 | 0056 5251 | 4150 4151 

  0x000074e5a432ef94: ;   {metadata({method} {0x000074e54e436c30} 'defineClass1' '(Ljava/lang/ClassLoader;Ljava/lang/String;[BIILjava/security/ProtectionDomain;Ljava/lang/String;)Ljava/lang/Class;' in 'java/lang/ClassLoader')}
  0x000074e5a432ef94: 48be 306c | 434e e574 | 0000 498b | ff40 f6c4 | 0f0f 8412 | 0000 0048 

  0x000074e5a432efac: ;   {runtime_call SharedRuntime::dtrace_method_entry(JavaThread*, Method*)}
  0x000074e5a432efac: 83ec 08e8 | fc30 e917 | 4883 c408 | e905 0000 

  0x000074e5a432efbc: ;   {runtime_call SharedRuntime::dtrace_method_entry(JavaThread*, Method*)}
  0x000074e5a432efbc: 00e8 ee30 | e917 4159 | 4158 595a | 5e49 8dbf | b803 0000 | 41c7 8744 | 0400 0004 

  0x000074e5a432efd8: ;   {runtime_call Java_java_lang_ClassLoader_defineClass1}
  0x000074e5a432efd8: 0000 00e8 | 7021 9a18 | c5f8 7741 | c787 4404 | 0000 0500 | 0000 f083 | 4424 c000 | 493b af48 
  0x000074e5a432eff8: 0400 000f | 870e 0000 | 0041 83bf | 4004 0000 | 000f 8424 | 0000 00c5 | f877 4889 | 45f8 498b 
  0x000074e5a432f018: ff4c 8be4 | 4883 ec00 | 4883 e4f0 

  0x000074e5a432f024: ;   {runtime_call JavaThread::check_special_condition_for_native_trans(JavaThread*)}
  0x000074e5a432f024: e8e7 b99f | 1749 8be4 | 4d33 e448 | 8b45 f841 | c787 4404 | 0000 0800 | 0000 4183 | bfc0 0400 
  0x000074e5a432f044: 0002 0f84 | ad00 0000 

  0x000074e5a432f04c: ;   {external_word}
  0x000074e5a432f04c: 803d e2bf | 5d18 000f | 8436 0000 | 0048 8945 

  0x000074e5a432f05c: ;   {metadata({method} {0x000074e54e436c30} 'defineClass1' '(Ljava/lang/ClassLoader;Ljava/lang/String;[BIILjava/security/ProtectionDomain;Ljava/lang/String;)Ljava/lang/Class;' in 'java/lang/ClassLoader')}
  0x000074e5a432f05c: f848 be30 | 6c43 4ee5 | 7400 0049 | 8bff 40f6 | c40f 0f84 | 1200 0000 | 4883 ec08 

  0x000074e5a432f078: ;   {runtime_call SharedRuntime::dtrace_method_exit(JavaThread*, Method*)}
  0x000074e5a432f078: e823 31e9 | 1748 83c4 | 08e9 0500 

  0x000074e5a432f084: ;   {runtime_call SharedRuntime::dtrace_method_exit(JavaThread*, Method*)}
  0x000074e5a432f084: 0000 e815 | 31e9 1748 | 8b45 f849 | c787 9803 | 0000 0000 | 0000 49c7 | 87a0 0300 | 0000 0000 
  0x000074e5a432f0a4: 00c5 f877 | 4885 c00f | 8425 0000 | 00a8 030f | 8508 0000 | 0048 8b00 | e915 0000 | 00a8 010f 
  0x000074e5a432f0c4: 8509 0000 | 0048 8b40 | fee9 0400 | 0000 488b | 40ff 498b | 8f28 0400 | 00c7 8100 | 0100 0000 
  0x000074e5a432f0e4: 0000 00c9 | 4983 7f08 | 000f 8501 | 0000 00c3 

  0x000074e5a432f0f4: ;   {runtime_call StubRoutines (initial stubs)}
  0x000074e5a432f0f4: e907 8ba0 | ffc5 f877 | 4889 45f8 | 4c8b e448 | 83ec 0048 

  0x000074e5a432f108: ;   {runtime_call SharedRuntime::reguard_yellow_pages()}
  0x000074e5a432f108: 83e4 f0e8 | 0040 e917 | 498b e44d | 33e4 488b | 45f8 e92d | ffff fff4 
[/MachCode]


Compiled method (c2) 3326 5687       4       java.lang.ClassLoader::defineClass (43 bytes)
 total in heap  [0x000074e5a4574290,0x000074e5a457d020] = 36240
 relocation     [0x000074e5a45743e8,0x000074e5a4574970] = 1416
 main code      [0x000074e5a4574980,0x000074e5a4579940] = 20416
 stub code      [0x000074e5a4579940,0x000074e5a4579b08] = 456
 oops           [0x000074e5a4579b08,0x000074e5a4579b30] = 40
 metadata       [0x000074e5a4579b30,0x000074e5a4579e80] = 848
 scopes data    [0x000074e5a4579e80,0x000074e5a457bb10] = 7312
 scopes pcs     [0x000074e5a457bb10,0x000074e5a457c790] = 3200
 dependencies   [0x000074e5a457c790,0x000074e5a457c868] = 216
 handler table  [0x000074e5a457c868,0x000074e5a457ce80] = 1560
 nul chk table  [0x000074e5a457ce80,0x000074e5a457d020] = 416

[Constant Pool (empty)]

[MachCode]
[Entry Point]
  # {method} {0x000074e54e436fb0} 'defineClass' '(Ljava/lang/String;[BIILjava/security/ProtectionDomain;)Ljava/lang/Class;' in 'java/lang/ClassLoader'
  # this:     rsi:rsi   = 'java/lang/ClassLoader'
  # parm0:    rdx:rdx   = 'java/lang/String'
  # parm1:    rcx:rcx   = '[B'
  # parm2:    r8        = int
  # parm3:    r9        = int
  # parm4:    rdi:rdi   = 'java/security/ProtectionDomain'
  #           [sp+0xb0]  (sp of caller)
  0x000074e5a4574980: 448b 5608 | 49bb 0000 | 004e e574 | 0000 4d03 | d349 3bc2 

  0x000074e5a4574994: ;   {runtime_call ic_miss_stub}
  0x000074e5a4574994: 0f85 e603 | 81ff 6690 | 0f1f 4000 
[Verified Entry Point]
  0x000074e5a45749a0: 8984 2400 | c0fe ff55 | 4881 eca0 | 0000 0090 | 4181 7f20 | 0200 0000 | 0f85 764f | 0000 4889 
  0x000074e5a45749c0: 7c24 0844 | 894c 2424 | 4489 4424 | 2048 894c | 2418 4889 | 7424 1048 | 8954 2428 | 4885 d20f 
  0x000074e5a45749e0: 84eb 1e00 | 008b 6a14 

  0x000074e5a45749e8: ; implicit exception: dispatches to 0x000074e5a4579128
  0x000074e5a45749e8: 448b 550c | 4585 d20f | 86b3 3300 | 0044 0fbe | 5a10 4585 | db0f 8570 | 2500 00c4 | c222 f7d2 
  0x000074e5a4574a08: 413b d241 | 0f4f d285 | d20f 8ece | 1e00 0044 | 3bd2 0f82 | c033 0000 | 4c8b d548 | 8d7d 10b8 
  0x000074e5a4574a28: 2f00 0000 | 488b df83 | fa10 0f8c | 7900 0000 | 83fa 200f | 8c36 0000 | 00c5 f96e | c8c4 e27d 
  0x000074e5a4574a48: 78c9 c5ed | efd2 8bca | 83e1 e083 | e21f c5fe | 6f03 c5fd | 74c1 c4e2 | 7d17 d00f | 8369 0000 
  0x000074e5a4574a68: 0048 83c3 | 2083 e920 | 75e4 e90d | 0000 00c5 | f96e c8c5 | e9ef d2c4 | e271 00ca | 83fa 100f 
  0x000074e5a4574a88: 8c24 0000 | 008b ca83 

  0x000074e5a4574a90: ;   {no_reloc}
  0x000074e5a4574a90: e1f0 83e2 | 0fc5 fa6f | 03c5 f974 | c1c4 e279 | 17d0 0f83 | 2a00 0000 | 4883 c310 | 83e9 1075 
  0x000074e5a4574ab0: e485 d20f | 8412 0000 | 000f b60b | 3bc1 741c | 4883 c301 | 83ea 0174 | 02eb eebb | ffff ffff 
  0x000074e5a4574ad0: eb0d c5fd | d7c8 0fbc | c148 03d8 | 482b df83 | fbff 0f85 | 7436 0000 | 4c8b 5424 | 2845 8b52 
  0x000074e5a4574af0: 144c 8b5c | 2428 4180 | 7b10 000f | 854b 3200 | 0041 8b6a | 0c85 ed0f | 86b7 3200 | 0045 0fb6 
  0x000074e5a4574b10: 5a10 4183 | fb5b 0f84 | e436 0000 | 4c8b 5424 | 2841 8b6a | 1444 8b5d | 0c45 0fbe | 5210 c442 
  0x000074e5a4574b30: 2af7 cb41 | 83c1 fb45 | 85c9 7c50 | 4585 d20f | 85f3 2000 | 0041 83fb | 040f 86e9 | 3200 0080 
  0x000074e5a4574b50: 7d10 6a75 | 3780 7d11 | 6175 3180 | 7d12 7675 | 2b80 7d13 | 6175 2544 | 0fbe 5514 | 4183 fa2e 
  0x000074e5a4574b70: 751a be45 | ffff ff48 | 8b6c 2410 

  0x000074e5a4574b7c: ;   {runtime_call UncommonTrapBlob}
  0x000074e5a4574b7c: c5f8 77e8 

  0x000074e5a4574b80: ; ImmutableOopMap {rbp=Oop [8]=Oop [24]=Oop [40]=Oop }
                      ;*ifeq {reexecute=1 rethrow=0 return_oop=0}
                      ; - (reexecute) java.lang.ClassLoader::preDefineClass@46 (line 906)
                      ; - java.lang.ClassLoader::defineClass@4 (line 1025)
  0x000074e5a4574b80: 7c57 81ff 

  0x000074e5a4574b84: ;   {other}
  0x000074e5a4574b84: 0f1f 8400 | f408 0000 | 4c8b 6c24 | 284c 8b54 | 2408 4d85 | d20f 84e1 | 1b00 004c | 8954 2430 
  0x000074e5a4574ba4: 4d85 ed0f | 8453 1c00 | 004c 8b54 | 2430 458b | 5a10 4489 | 5c24 3845 | 8b4d 1441 | 8b71 0c45 
  0x000074e5a4574bc4: 0fbe 5510 | c462 2af7 | de41 8d6b | ff45 85d2 | 0f85 a235 | 0000 448d | 56ff 443b | d544 0f4f 
  0x000074e5a4574be4: d549 8be9 | 4585 d20f | 8ce7 1c00 | 0033 c989 | 4c24 7066 | 0f1f 8400 | 0000 0000 | 443b d60f 
  0x000074e5a4574c04: 839b 2c00 | 0043 807c | 1110 2e74 | 184d 8b87 | 5004 0000 

  0x000074e5a4574c18: ; ImmutableOopMap {r9=NarrowOop rbp=Oop r13=Oop [16]=Oop [24]=Oop [40]=Oop [48]=Oop [56]=NarrowOop }
                      ;*goto {reexecute=1 rethrow=0 return_oop=0}
                      ; - (reexecute) java.lang.StringLatin1::lastIndexOf@35 (line 285)
                      ; - java.lang.String::lastIndexOf@13 (line 2573)
                      ; - java.lang.String::lastIndexOf@8 (line 2535)
                      ; - java.lang.ClassLoader::checkCerts@3 (line 1163)
                      ; - java.lang.ClassLoader::preDefineClass@113 (line 917)
                      ; - java.lang.ClassLoader::defineClass@4 (line 1025)
                      ;   {poll}
  0x000074e5a4574c18: 41ff ca41 | 8500 4585 | d27d dd41 | baff ffff | ff41 83fa | ff0f 84ed | 3500 0045 | 85d2 0f8c 
  0x000074e5a4574c38: 6c35 0000 | 453b d30f | 8ffb 3500 | 0045 3bd3 | 0f84 7a1c | 0000 4585 | d20f 840b | 1f00 0049 
  0x000074e5a4574c58: 8b9f b801 | 0000 4c8b | db49 83c3 | 184d 3b9f | c801 0000 | 0f83 bb26 | 0000 4d89 | 9fb8 0100 
  0x000074e5a4574c78: 0041 0f0d | 8bc0 0000 | 0048 c703 | 0100 0000 

  0x000074e5a4574c88: ;   {metadata('java/lang/String')}
  0x000074e5a4574c88: c743 0870 | ea00 0044 | 8963 0c4c | 8963 104d | 8d59 1044 | 3bd6 0f84 | 2312 0000 | 4181 fa00 
  0x000074e5a4574ca8: 0010 000f | 8707 3300 | 004d 63c2 | 4889 ac24 | 8000 0000 | 413b f28b | ee41 0f4f | ea3b f50f 
  0x000074e5a4574cc8: 825f 3300 | 0044 3bd5 | 0f82 5633 | 0000 4983 | c017 498b | d048 83e2 | f841 81fa | 0000 1000 
  0x000074e5a4574ce8: 0f87 d227 | 0000 4d8b | b7b8 0100 | 004d 8bce | 4c03 ca4d | 3b8f c801 | 0000 0f83 | b827 0000 
  0x000074e5a4574d08: 4d89 8fb8 | 0100 0041 | 0f0d 89c0 | 0000 0049 | c706 0100 | 0000 410f | 0d89 0001 

  0x000074e5a4574d24: ;   {metadata({type array byte})}
  0x000074e5a4574d24: 0000 41c7 | 4608 1823 | 0000 4589 | 560c 410f | 0d89 4001 | 0000 410f | 0d89 8001 | 0000 4d8b 
  0x000074e5a4574d44: ce49 83c1 | 1049 c1e8 | 0385 ed0f | 846b 3200 | 0041 3bea | 0f8c c11c | 0000 4883 | c2f0 48c1 
  0x000074e5a4574d64: ea03 498b | fb49 8bf1 | c5f8 7749 | ba00 e3d6 | a3e5 7400 | 0041 ffd2 

  0x000074e5a4574d7c: ;   {other}
  0x000074e5a4574d7c: 0f1f 8400 | 0000 0000 | 4488 6310 | 4d8b de44 | 895b 144c | 8bd3 49c1 | ea09 49bb | 0040 d1b9 
  0x000074e5a4574d9c: e574 0000 | 4788 2413 | 448b 5c24 | 3845 8b53 | 1445 85d2 | 0f85 4612 | 0000 458b | 4310 4585 
  0x000074e5a4574dbc: c00f 857c 

  0x000074e5a4574dc0: ;   {oop(a 'java/security/cert/Certificate'[0] {0x0000000080855da8})}
  0x000074e5a4574dc0: 2200 0049 | bea8 5d85 | 8000 0000 | 004c 8b54 | 2410 458b | 522c 4585 | d20f 84a9 | 2f00 004c 
  0x000074e5a4574de0: 8974 2438 | 4c89 6c24 | 0849 8bf2 | 488b d349 | 8bce 41b8 | 0100 0000 

  0x000074e5a4574df8: ;   {optimized virtual_call}
  0x000074e5a4574df8: c5f8 77e8 

  0x000074e5a4574dfc: ; ImmutableOopMap {[8]=Oop [16]=Oop [24]=Oop [40]=Oop [48]=Oop [56]=Oop }
                      ;*invokevirtual putVal {reexecute=0 rethrow=0 return_oop=1}
                      ; - java.util.concurrent.ConcurrentHashMap::putIfAbsent@4 (line 1541)
                      ; - java.lang.ClassLoader::checkCerts@62 (line 1171)
                      ; - java.lang.ClassLoader::preDefineClass@113 (line 917)
                      ; - java.lang.ClassLoader::defineClass@4 (line 1025)
  0x000074e5a4574dfc: 8094 1bf9 

  0x000074e5a4574e00: ;   {other}
  0x000074e5a4574e00: 0f1f 8400 | 700b 0002 | 4c8b e848 | 85c0 742f | 448b 5008 

  0x000074e5a4574e14: ;   {metadata('java/security/cert/Certificate'[])}
  0x000074e5a4574e14: 4181 fac8 | 5210 000f | 85cb 4000 | 004c 8b74 | 2438 458b | 560c 418b | 550c 4585 | d20f 87d4 
  0x000074e5a4574e34: 1300 0085 | d20f 8789 | 3800 004c | 8b54 2430 

  0x000074e5a4574e44: ; implicit exception: dispatches to 0x000074e5a45790e0
  0x000074e5a4574e44: 458b 5210 

  0x000074e5a4574e48: ; implicit exception: dispatches to 0x000074e5a4579398
  0x000074e5a4574e48: 458b 6a0c | 4585 ed0f | 8441 1900 | 0045 8b55 | 3845 8b42 | 0849 8bd5 

  0x000074e5a4574e60: ;   {metadata('sun/net/www/protocol/file/Handler')}
  0x000074e5a4574e60: 4181 f840 | 7e21 000f | 8530 1900 | 0049 8b87 | b801 0000 | 4c8b d049 | 83c2 184d | 3b97 c801 
  0x000074e5a4574e80: 0000 0f83 | 2925 0000 | 4d89 97b8 | 0100 0041 | 0f0d 8ac0 | 0000 0048 | c700 0100 

  0x000074e5a4574e9c: ;   {metadata('java/lang/StringBuilder')}
  0x000074e5a4574e9c: 0000 c740 | 0838 8200 | 0044 8960 | 0c4c 8960 | 1048 8944 | 2440 498b | 87b8 0100 | 004c 8bd0 
  0x000074e5a4574ebc: 4983 c220 | 4d3b 97c8 | 0100 000f | 834e 2500 | 004d 8997 | b801 0000 | 410f 0d8a | c000 0000 
  0x000074e5a4574edc: 48c7 0001 | 0000 0041 | 0f0d 8a00 

  0x000074e5a4574ee8: ;   {metadata({type array byte})}
  0x000074e5a4574ee8: 0100 00c7 | 4008 1823 | 0000 410f | 0d8a 4001 | 0000 c740 | 0c10 0000 | 0041 0f0d | 8a80 0100 
  0x000074e5a4574f08: 004c 8960 | 104c 8960 | 1841 8b4d | 144c 8bd0 | 4c8b 5c24 | 4045 8953 | 144d 8bd3 | 49c1 ea09 
  0x000074e5a4574f28: 49bb 0040 | d1b9 e574 | 0000 4788 | 2413 85c9 | 0f84 651a | 0000 448b | 5114 458b | 5a0c 440f 
  0x000074e5a4574f48: be51 10c4 | c22a f7db | 448d 5bf0 | 4585 db0f | 8e87 0000 | 0089 5c24 | 5048 8944 | 2448 4889 
  0x000074e5a4574f68: 5424 3844 | 896c 2408 | 488b e989 | 4c24 0c48 | 8b74 2440 | 8bd3 6690 

  0x000074e5a4574f80: ;   {optimized virtual_call}
  0x000074e5a4574f80: c5f8 77e8 

  0x000074e5a4574f84: ; ImmutableOopMap {rbp=Oop [8]=NarrowOop [12]=NarrowOop [16]=Oop [24]=Oop [40]=Oop [48]=Oop [56]=Oop [64]=Oop [72]=Oop }
                      ;*invokevirtual newCapacity {reexecute=0 rethrow=0 return_oop=0}
                      ; - java.lang.AbstractStringBuilder::ensureCapacityInternal@24 (line 243)
                      ; - java.lang.AbstractStringBuilder::append@21 (line 587)
                      ; - java.lang.StringBuilder::append@2 (line 179)
                      ; - java.net.URLStreamHandler::toExternalForm@11 (line 480)
                      ; - java.net.URL::toExternalForm@5 (line 1203)
                      ; - java.net.URL::toString@1 (line 1189)
                      ; - java.lang.ClassLoader::defineClassSourceLocation@22 (line 927)
                      ; - java.lang.ClassLoader::defineClass@12 (line 1026)
  0x000074e5a4574f84: f800 81ff 

  0x000074e5a4574f88: ;   {other}
  0x000074e5a4574f88: 0f1f 8400 | f80c 0003 | 4c8b 5424 | 4045 0fbe | 5210 c4e2 | 29f7 d048 | 8b74 2448 

  0x000074e5a4574fa4: ;   {static_call}
  0x000074e5a4574fa4: c5f8 77e8 

  0x000074e5a4574fa8: ; ImmutableOopMap {rbp=Oop [8]=NarrowOop [12]=NarrowOop [16]=Oop [24]=Oop [40]=Oop [48]=Oop [56]=Oop [64]=Oop }
                      ;*invokestatic copyOf {reexecute=0 rethrow=0 return_oop=1}
                      ; - java.lang.AbstractStringBuilder::ensureCapacityInternal@32 (line 242)
                      ; - java.lang.AbstractStringBuilder::append@21 (line 587)
                      ; - java.lang.StringBuilder::append@2 (line 179)
                      ; - java.net.URLStreamHandler::toExternalForm@11 (line 480)
                      ; - java.net.URL::toExternalForm@5 (line 1203)
                      ; - java.net.URL::toString@1 (line 1189)
                      ; - java.lang.ClassLoader::defineClassSourceLocation@22 (line 927)
                      ; - java.lang.ClassLoader::defineClass@12 (line 1026)
  0x000074e5a4574fa8: d406 81ff 

  0x000074e5a4574fac: ;   {other}
  0x000074e5a4574fac: 0f1f 8400 | 1c0d 0004 | 4c8b d84c | 8b54 2440 | 4589 5a14 | 49c1 ea09 | 49bb 0040 | d1b9 e574 
  0x000074e5a4574fcc: 0000 4788 | 2413 448b | 6c24 088b | 4c24 0c8b | 5c24 5048 | 8b54 2438 | 4c8b 5424 | 4045 0fbe 
  0x000074e5a4574fec: 5210 0fbe | 7910 4c8b | 5c24 4045 | 8b5b 0c44 | 3bd7 0f85 | 5c36 0000 | 4c8b 4424 | 4045 8b48 
  0x000074e5a457500c: 1441 3bfa | 0f85 f233 | 0000 8b79 | 1444 8b47 | 0cc4 c229 | f7eb 458b | 510c 85ed | 0f8c 3e2f 
  0x000074e5a457502c: 0000 4889 | 5424 3845 | 8d1c 2845 | 3bd3 0f82 | 2c2f 0000 | 4585 c076 | 2a4c 8bd7 | 488d 7f10 
  0x000074e5a457504c: 4963 d04d | 8bd1 498d | 7429 10c5 | f877 49ba | 80df d6a3 | e574 0000 

  0x000074e5a4575064: ;   {other}
  0x000074e5a4575064: 41ff d20f | 1f84 0000 | 0000 004c | 8b54 2440 | 4101 5a0c | 4c8b 5424 | 4041 8b4a | 1444 8b59 
  0x000074e5a4575084: 0c41 8b52 | 0c45 0fbe | 4210 c442 | 3af7 d344 | 8bc2 452b | c241 ffc0 | 4585 c07e | 6e89 4c24 
  0x000074e5a45750a4: 0c44 896c | 2408 ffc2 | 488b 7424 | 4066 6690 

  0x000074e5a45750b4: ;   {optimized virtual_call}
  0x000074e5a45750b4: c5f8 77e8 

  0x000074e5a45750b8: ; ImmutableOopMap {[8]=NarrowOop [12]=NarrowOop [16]=Oop [24]=Oop [40]=Oop [48]=Oop [56]=Oop [64]=Oop }
                      ;*invokevirtual newCapacity {reexecute=0 rethrow=0 return_oop=0}
                      ; - java.lang.AbstractStringBuilder::ensureCapacityInternal@24 (line 243)
                      ; - java.lang.AbstractStringBuilder::append@7 (line 806)
                      ; - java.lang.StringBuilder::append@2 (line 246)
                      ; - java.net.URLStreamHandler::toExternalForm@16 (line 480)
                      ; - java.net.URL::toExternalForm@5 (line 1203)
                      ; - java.net.URL::toString@1 (line 1189)
                      ; - java.lang.ClassLoader::defineClassSourceLocation@22 (line 927)
                      ; - java.lang.ClassLoader::defineClass@12 (line 1026)
  0x000074e5a45750b8: c4ff 80ff 

  0x000074e5a45750bc: ;   {other}
  0x000074e5a45750bc: 0f1f 8400 | 2c0e 0005 | 4c8b 5424 | 4045 0fbe | 5a10 c4e2 | 21f7 d044 | 8b5c 240c | 498b f390 
  0x000074e5a45750dc: ;   {static_call}
  0x000074e5a45750dc: c5f8 77e8 

  0x000074e5a45750e0: ; ImmutableOopMap {[8]=NarrowOop [16]=Oop [24]=Oop [40]=Oop [48]=Oop [56]=Oop [64]=Oop }
                      ;*invokestatic copyOf {reexecute=0 rethrow=0 return_oop=1}
                      ; - java.lang.AbstractStringBuilder::ensureCapacityInternal@32 (line 242)
                      ; - java.lang.AbstractStringBuilder::append@7 (line 806)
                      ; - java.lang.StringBuilder::append@2 (line 246)
                      ; - java.net.URLStreamHandler::toExternalForm@16 (line 480)
                      ; - java.net.URL::toExternalForm@5 (line 1203)
                      ; - java.net.URL::toString@1 (line 1189)
                      ; - java.lang.ClassLoader::defineClassSourceLocation@22 (line 927)
                      ; - java.lang.ClassLoader::defineClass@12 (line 1026)
  0x000074e5a45750e0: 9c05 81ff 

  0x000074e5a45750e4: ;   {other}
  0x000074e5a45750e4: 0f1f 8400 | 540e 0006 | 488b c84c | 8b54 2440 | 4189 4a14 | 49c1 ea09 | 49bb 0040 | d1b9 e574 
  0x000074e5a4575104: 0000 4788 | 2413 448b | 6c24 084c | 8b54 2440 | 4180 7a10 | 000f 85d0 | 1700 0041 | 8b6a 0c44 
  0x000074e5a4575124: 8d55 014c | 8b5c 2440 | 4589 530c 

  0x000074e5a4575130: ; implicit exception: dispatches to 0x000074e5a4579368
  0x000074e5a4575130: 448b 510c | 413b ea0f | 83bf 2c00 | 00c6 4429 | 103a 418b | 5d24 85db | 7411 448b | 5314 458b 
  0x000074e5a4575150: 5a0c 4585 | db0f 874a 

  0x000074e5a4575158: ;   {oop(""{0x0000000080000000})}
  0x000074e5a4575158: 1b00 0048 | b900 0000 | 8000 0000 | 0044 8b51 | 1445 8b4a | 0c4c 8b54 | 2440 418b | 7214 448b 
  0x000074e5a4575178: 560c 4c8b | 5c24 4045 | 0fbe 5b10 | 440f be41 | 10c4 c222 | f7fa c4c2 | 3af7 d94c | 8b54 2440 
  0x000074e5a4575198: 458b 4a0c | 428d 140b | 448b d244 | 2bd7 4585 | d20f 8e93 | 0000 0089 | 5c24 5089 | 7424 0c48 
  0x000074e5a45751b8: 894c 2448 | 4489 6c24 | 0848 8b74 | 2440 6690 

  0x000074e5a45751c8: ;   {optimized virtual_call}
  0x000074e5a45751c8: c5f8 77e8 

  0x000074e5a45751cc: ; ImmutableOopMap {[8]=NarrowOop [12]=NarrowOop [16]=Oop [24]=Oop [40]=Oop [48]=Oop [56]=Oop [64]=Oop [72]=Oop }
                      ;*invokevirtual newCapacity {reexecute=0 rethrow=0 return_oop=0}
                      ; - java.lang.AbstractStringBuilder::ensureCapacityInternal@24 (line 243)
                      ; - java.lang.AbstractStringBuilder::append@21 (line 587)
                      ; - java.lang.StringBuilder::append@2 (line 179)
                      ; - java.net.URLStreamHandler::toExternalForm@59 (line 483)
                      ; - java.net.URL::toExternalForm@5 (line 1203)
                      ; - java.net.URL::toString@1 (line 1189)
                      ; - java.lang.ClassLoader::defineClassSourceLocation@22 (line 927)
                      ; - java.lang.ClassLoader::defineClass@12 (line 1026)
  0x000074e5a45751cc: b0fe 80ff 

  0x000074e5a45751d0: ;   {other}
  0x000074e5a45751d0: 0f1f 8400 | 400f 0007 | 4c8b 5424 | 4045 0fbe | 5210 c4e2 | 29f7 d044 | 8b5c 240c | 498b f390 
  0x000074e5a45751f0: ;   {static_call}
  0x000074e5a45751f0: c5f8 77e8 

  0x000074e5a45751f4: ; ImmutableOopMap {[8]=NarrowOop [16]=Oop [24]=Oop [40]=Oop [48]=Oop [56]=Oop [64]=Oop [72]=Oop }
                      ;*invokestatic copyOf {reexecute=0 rethrow=0 return_oop=1}
                      ; - java.lang.AbstractStringBuilder::ensureCapacityInternal@32 (line 242)
                      ; - java.lang.AbstractStringBuilder::append@21 (line 587)
                      ; - java.lang.StringBuilder::append@2 (line 179)
                      ; - java.net.URLStreamHandler::toExternalForm@59 (line 483)
                      ; - java.net.URL::toExternalForm@5 (line 1203)
                      ; - java.net.URL::toString@1 (line 1189)
                      ; - java.lang.ClassLoader::defineClassSourceLocation@22 (line 927)
                      ; - java.lang.ClassLoader::defineClass@12 (line 1026)
  0x000074e5a45751f4: 8804 81ff 

  0x000074e5a45751f8: ;   {other}
  0x000074e5a45751f8: 0f1f 8400 | 680f 0008 | 4c8b 5424 | 4045 0fbe | 5a10 458b | 4a0c 488b | 4c24 4844 | 0fbe 4110 
  0x000074e5a4575218: 4c8b d048 | 8b5c 2440 | 4489 5314 | 4c8b d349 | c1ea 0948 | bb00 40d1 | b9e5 7400 | 0046 8824 
  0x000074e5a4575238: 1344 8b6c | 2408 8b5c | 2450 453b | d80f 8531 | 3200 004c | 8b54 2440 | 418b 4214 | 453b c30f 
  0x000074e5a4575258: 852f 3000 | 0044 8b51 | 1441 8b4a | 0cc4 c221 | f7e9 448b | 580c 85ed | 0f8c da2b | 0000 448d 
  0x000074e5a4575278: 0429 453b | d80f 82cd | 2b00 0085 | c976 2a48 | 63d1 4d8b | da49 8d7a | 104c 8bd0 | 488d 7428 
  0x000074e5a4575298: 10c5 f877 | 49ba 80df | d6a3 e574 | 0000 41ff 

  0x000074e5a45752a8: ;   {other}
  0x000074e5a45752a8: d20f 1f84 | 0000 0000 | 004c 8b54 | 2440 4103 | 5a0c 4189 | 5a0c 458b | 4528 458b | 5814 458b 
  0x000074e5a45752c8: 530c 4c8b | 5c24 4041 | 8b73 1444 | 8b4e 0c45 | 0fbe 5810 | 488b 4c24 | 400f be79 | 10c4 4222 
  0x000074e5a45752e8: f7f2 c442 | 42f7 d141 | 8d14 1e44 | 8bda 452b | da45 85db | 0f8e 8300 | 0000 4489 | 7424 4c89 
  0x000074e5a4575308: 7424 4844 | 896c 2408 | 498b e844 | 8944 240c | 488b 7424 | 4066 6690 

  0x000074e5a4575320: ;   {optimized virtual_call}
  0x000074e5a4575320: c5f8 77e8 

  0x000074e5a4575324: ; ImmutableOopMap {rbp=Oop [8]=NarrowOop [12]=NarrowOop [16]=Oop [24]=Oop [40]=Oop [48]=Oop [56]=Oop [64]=Oop [72]=NarrowOop }
                      ;*invokevirtual newCapacity {reexecute=0 rethrow=0 return_oop=0}
                      ; - java.lang.AbstractStringBuilder::ensureCapacityInternal@24 (line 243)
                      ; - java.lang.AbstractStringBuilder::append@21 (line 587)
                      ; - java.lang.StringBuilder::append@2 (line 179)
                      ; - java.net.URLStreamHandler::toExternalForm@77 (line 484)
                      ; - java.net.URL::toExternalForm@5 (line 1203)
                      ; - java.net.URL::toString@1 (line 1189)
                      ; - java.lang.ClassLoader::defineClassSourceLocation@22 (line 927)
                      ; - java.lang.ClassLoader::defineClass@12 (line 1026)
  0x000074e5a4575324: 9816 e0ff 

  0x000074e5a4575328: ;   {other}
  0x000074e5a4575328: 0f1f 8400 | 9810 0009 | 4c8b 5424 | 4045 0fbe | 5a10 c4e2 | 21f7 d044 | 8b5c 2448 | 498b f390 
  0x000074e5a4575348: ;   {static_call}
  0x000074e5a4575348: c5f8 77e8 

  0x000074e5a457534c: ; ImmutableOopMap {rbp=Oop [8]=NarrowOop [12]=NarrowOop [16]=Oop [24]=Oop [40]=Oop [48]=Oop [56]=Oop [64]=Oop }
                      ;*invokestatic copyOf {reexecute=0 rethrow=0 return_oop=1}
                      ; - java.lang.AbstractStringBuilder::ensureCapacityInternal@32 (line 242)
                      ; - java.lang.AbstractStringBuilder::append@21 (line 587)
                      ; - java.lang.StringBuilder::append@2 (line 179)
                      ; - java.net.URLStreamHandler::toExternalForm@77 (line 484)
                      ; - java.net.URL::toExternalForm@5 (line 1203)
                      ; - java.net.URL::toString@1 (line 1189)
                      ; - java.lang.ClassLoader::defineClassSourceLocation@22 (line 927)
                      ; - java.lang.ClassLoader::defineClass@12 (line 1026)
  0x000074e5a457534c: 507b e0ff 

  0x000074e5a4575350: ;   {other}
  0x000074e5a4575350: 0f1f 8400 | c010 000a | 4c8b d84c | 8b54 2440 | 4589 5a14 | 49c1 ea09 | 49bb 0040 | d1b9 e574 
  0x000074e5a4575370: 0000 4788 | 2413 448b | 6c24 0844 | 8b44 240c | 448b 7424 | 4c4c 8b54 | 2440 410f | be4a 1045 
  0x000074e5a4575390: 0fbe 5810 | 418b 5a0c | 413b cb0f | 8557 3100 | 0045 8b4a | 1444 3bd9 | 0f85 6a2f | 0000 458b 
  0x000074e5a45753b0: 4014 458b | 580c c4e2 | 71f7 eb41 | 8b59 0c85 | ed0f 8cd5 | 2a00 0041 | 8d3c 2b3b | df0f 82c9 
  0x000074e5a45753d0: 2a00 0045 | 85db 762a | 4d8b d049 | 8d78 1049 | 63d3 4d8b | d149 8d74 | 2910 c5f8 | 7749 ba80 
  0x000074e5a45753f0: dfd6 a3e5 | 7400 0041 

  0x000074e5a45753f8: ;   {other}
  0x000074e5a45753f8: ffd2 0f1f | 8400 0000 | 0000 418b | d64c 8b54 | 2440 4103 | 520c 4189 | 520c 418b | 6d20 85ed 
  0x000074e5a4575418: 0f85 4231 | 0000 418b | 6a14 448b | 550c 4c8b | 5c24 4045 | 0fbe 4310 | c442 3af7 | d244 8bc2 
  0x000074e5a4575438: 452b c245 | 85c0 7e66 | 4489 6c24 | 0848 8b74 | 2440 6690 

  0x000074e5a457544c: ;   {optimized virtual_call}
  0x000074e5a457544c: c5f8 77e8 

  0x000074e5a4575450: ; ImmutableOopMap {rbp=NarrowOop [8]=NarrowOop [16]=Oop [24]=Oop [40]=Oop [48]=Oop [56]=Oop [64]=Oop }
                      ;*invokevirtual newCapacity {reexecute=0 rethrow=0 return_oop=0}
                      ; - java.lang.AbstractStringBuilder::ensureCapacityInternal@24 (line 243)
                      ; - java.lang.AbstractStringBuilder::append@21 (line 587)
                      ; - java.lang.StringBuilder::append@2 (line 179)
                      ; - java.net.URLStreamHandler::toExternalForm@113 (line 485)
                      ; - java.net.URL::toExternalForm@5 (line 1203)
                      ; - java.net.URL::toString@1 (line 1189)
                      ; - java.lang.ClassLoader::defineClassSourceLocation@22 (line 927)
                      ; - java.lang.ClassLoader::defineClass@12 (line 1026)
  0x000074e5a4575450: 2cfc 80ff 

  0x000074e5a4575454: ;   {other}
  0x000074e5a4575454: 0f1f 8400 | c411 000b | 4c8b 5424 | 4045 0fbe | 5a10 c4e2 | 21f7 d048 | 8bf5 6690 

  0x000074e5a4575470: ;   {static_call}
  0x000074e5a4575470: c5f8 77e8 

  0x000074e5a4575474: ; ImmutableOopMap {[8]=NarrowOop [16]=Oop [24]=Oop [40]=Oop [48]=Oop [56]=Oop [64]=Oop }
                      ;*invokestatic copyOf {reexecute=0 rethrow=0 return_oop=1}
                      ; - java.lang.AbstractStringBuilder::ensureCapacityInternal@32 (line 242)
                      ; - java.lang.AbstractStringBuilder::append@21 (line 587)
                      ; - java.lang.StringBuilder::append@2 (line 179)
                      ; - java.net.URLStreamHandler::toExternalForm@113 (line 485)
                      ; - java.net.URL::toExternalForm@5 (line 1203)
                      ; - java.net.URL::toString@1 (line 1189)
                      ; - java.lang.ClassLoader::defineClassSourceLocation@22 (line 927)
                      ; - java.lang.ClassLoader::defineClass@12 (line 1026)
  0x000074e5a4575474: 0802 81ff 

  0x000074e5a4575478: ;   {other}
  0x000074e5a4575478: 0f1f 8400 | e811 000c | 4c8b d04c | 8b5c 2440 | 4589 5314 | 4d8b d349 | c1ea 0949 | bb00 40d1 
  0x000074e5a4575498: b9e5 7400 | 0047 8824 | 1344 8b6c | 2408 4c8b | 5424 4045 | 0fbe 5a10 | 458b 520c | 4585 db0f 
  0x000074e5a45754b8: 85db 3000 | 004c 8b5c | 2440 418b | 6b14 448b | 5d0c 4585 | d20f 8c15 | 2a00 0045 | 3bda 0f82 
  0x000074e5a45754d8: 0c2a 0000 | 418b 6d30 | 85ed 0f85 | 0c31 0000 | 4c8b 5424 | 4041 8b4a | 1444 8b59 | 0c41 0fbe 
  0x000074e5a45754f8: 6a10 458b | 520c c442 | 52f7 c345 | 8bda 452b | d845 85db | 7e75 894c | 2408 488b | 7424 4041 
  0x000074e5a4575518: 8bd2 6690 

  0x000074e5a457551c: ;   {optimized virtual_call}
  0x000074e5a457551c: c5f8 77e8 

  0x000074e5a4575520: ; ImmutableOopMap {[8]=NarrowOop [16]=Oop [24]=Oop [40]=Oop [48]=Oop [64]=Oop }
                      ;*invokevirtual newCapacity {reexecute=0 rethrow=0 return_oop=0}
                      ; - java.lang.AbstractStringBuilder::ensureCapacityInternal@24 (line 243)
                      ; - java.lang.AbstractStringBuilder::append@21 (line 587)
                      ; - java.lang.StringBuilder::append@2 (line 179)
                      ; - java.net.URLStreamHandler::toExternalForm@149 (line 486)
                      ; - java.net.URL::toExternalForm@5 (line 1203)
                      ; - java.net.URL::toString@1 (line 1189)
                      ; - java.lang.ClassLoader::defineClassSourceLocation@22 (line 927)
                      ; - java.lang.ClassLoader::defineClass@12 (line 1026)
  0x000074e5a4575520: 5cfb 80ff 

  0x000074e5a4575524: ;   {other}
  0x000074e5a4575524: 0f1f 8400 | 9412 000d | 4c8b 5424 | 4045 0fbe | 5210 c4e2 | 29f7 d044 | 8b5c 2408 | 498b f390 
  0x000074e5a4575544: ;   {static_call}
  0x000074e5a4575544: c5f8 77e8 

  0x000074e5a4575548: ; ImmutableOopMap {[16]=Oop [24]=Oop [40]=Oop [48]=Oop [64]=Oop }
                      ;*invokestatic copyOf {reexecute=0 rethrow=0 return_oop=1}
                      ; - java.lang.AbstractStringBuilder::ensureCapacityInternal@32 (line 242)
                      ; - java.lang.AbstractStringBuilder::append@21 (line 587)
                      ; - java.lang.StringBuilder::append@2 (line 179)
                      ; - java.net.URLStreamHandler::toExternalForm@149 (line 486)
                      ; - java.net.URL::toExternalForm@5 (line 1203)
                      ; - java.net.URL::toString@1 (line 1189)
                      ; - java.lang.ClassLoader::defineClassSourceLocation@22 (line 927)
                      ; - java.lang.ClassLoader::defineClass@12 (line 1026)
  0x000074e5a4575548: 3401 81ff 

  0x000074e5a457554c: ;   {other}
  0x000074e5a457554c: 0f1f 8400 | bc12 000e | 4c8b 5424 | 4041 0fbe | 6a10 458b | 520c 4c8b | d84c 8b44 | 2440 4589 
  0x000074e5a457556c: 5814 4d8b | d849 c1eb | 0949 b800 | 40d1 b9e5 | 7400 0047 | 8824 1885 | ed0f 859d | 3000 004c 
  0x000074e5a457558c: 8b5c 2440 | 418b 6b14 

  0x000074e5a4575594: ; implicit exception: dispatches to 0x000074e5a45792e8
  0x000074e5a4575594: 448b 5d0c | 4585 d20f | 8c87 2900 | 0045 3bda | 0f82 7e29 | 0000 498b | 9fb8 0100 | 004c 8bd3 
  0x000074e5a45755b4: 4983 c218 | 4d3b 97c8 | 0100 000f | 83d8 1e00 | 004d 8997 | b801 0000 | 410f 0d8a | c000 0000 
  0x000074e5a45755d4: 48c7 0301 

  0x000074e5a45755d8: ;   {metadata('java/lang/String')}
  0x000074e5a45755d8: 0000 00c7 | 4308 70ea | 0000 4489 | 630c 4c89 | 6310 4c8b | 5424 4045 | 0fbe 4210 | 458b 5a14 
  0x000074e5a45755f8: 418b 4a0c | 4585 c00f | 858b 2d00 | 0045 8b4b | 0c4d 8bd3 | 4c89 5424 | 784d 8d43 | 1041 3bc9 
  0x000074e5a4575618: 0f84 4409 | 0000 85c9 | 0f8c 7a31 | 0000 81f9 | 0000 1000 | 0f87 422a | 0000 4863 | f144 3bc9 
  0x000074e5a4575638: 418b e90f | 4fe9 443b | cd0f 82a1 | 2a00 003b | cd0f 8299 | 2a00 0048 | 83c6 1748 | 8bd6 4883 
  0x000074e5a4575658: e2f8 81f9 | 0000 1000 | 0f87 0c1f | 0000 4d8b | afb8 0100 | 004d 8bd5 | 4c03 d24d | 3b97 c801 
  0x000074e5a4575678: 0000 0f83 | f21e 0000 | 4d89 97b8 | 0100 0041 | 0f0d 8ac0 | 0000 0049 | c745 0001 | 0000 0041 
  0x000074e5a4575698: 0f0d 8a00 

  0x000074e5a457569c: ;   {metadata({type array byte})}
  0x000074e5a457569c: 0100 0041 | c745 0818 | 2300 0041 | 894d 0c41 | 0f0d 8a40 | 0100 0041 | 0f0d 8a80 | 0100 004d 
  0x000074e5a45756bc: 8bd5 4983 | c210 48c1 | ee03 85ed | 0f84 ae29 | 0000 3be9 | 0f8c e713 | 0000 4883 | c2f0 48c1 
  0x000074e5a45756dc: ea03 498b | f849 8bf2 | c5f8 7749 | ba00 e3d6 | a3e5 7400 | 0041 ffd2 

  0x000074e5a45756f4: ;   {other}
  0x000074e5a45756f4: 0f1f 8400 | 0000 0000 | 4c8b d34d | 8bc5 4489 | 4314 49c1 | ea09 49bb | 0040 d1b9 | e574 0000 
  0x000074e5a4575714: 4788 2413 | 488b 7424 | 1048 8b54 | 2428 488b | 4c24 1844 | 8b44 2420 | 448b 4c24 | 2448 8b7c 
  0x000074e5a4575734: 2430 4889 | 1c24 6690 

  0x000074e5a457573c: ;   {static_call}
  0x000074e5a457573c: c5f8 77e8 

  0x000074e5a4575740: ; ImmutableOopMap {[16]=Oop [48]=Oop }
                      ;*invokestatic defineClass1 {reexecute=0 rethrow=0 return_oop=1}
                      ; - java.lang.ClassLoader::defineClass@27 (line 1027)
  0x000074e5a4575740: 7c97 dbff 

  0x000074e5a4575744: ;   {other}
  0x000074e5a4575744: 0f1f 8400 | b414 000f | 4889 4424 | 0844 8b58 | 3c45 85db | 0f85 2e02 | 0000 4c8b | 5010 458b 
  0x000074e5a4575764: 4208 4585 | c00f 8c01 | 2b00 0044 | 8b58 2c45 | 85db 0f84 | 4810 0000 | 498b db44 | 8b4b 1445 
  0x000074e5a4575784: 8b59 0c0f | be7b 10c4 | 4242 f7c3 | 458d 50ff | 85ff 0f85 | ac30 0000 | 498b c948 | 894c 2478 
  0x000074e5a45757a4: 418d 4bff | 413b ca41 | 0f4f ca85 | c97c 3266 | 0f1f 8400 | 0000 0000 | 6666 6690 | 413b cb0f 
  0x000074e5a45757c4: 83ac 2200 | 0041 807c | 0910 2e74 | 1949 8bbf | 5004 0000 | ffc9 4c8b 

  0x000074e5a45757dc: ; ImmutableOopMap {r10=Oop r9=NarrowOop rbx=Oop [8]=Oop [16]=Oop [48]=Oop [120]=Oop }
                      ;*goto {reexecute=1 rethrow=0 return_oop=0}
                      ; - (reexecute) java.lang.StringLatin1::lastIndexOf@35 (line 285)
                      ; - java.lang.String::lastIndexOf@13 (line 2573)
                      ; - java.lang.String::lastIndexOf@8 (line 2535)
                      ; - java.lang.Class::getPackageName@47 (line 1168)
                      ; - java.lang.ClassLoader::postDefineClass@2 (line 934)
                      ; - java.lang.ClassLoader::defineClass@37 (line 1028)
                      ;   {poll}
  0x000074e5a45757dc: 5424 0885 | 0785 c97d | dbb9 ffff | ffff 83f9 | ff0f 84cd | 3000 0085 | c90f 8c8d | 3000 0041 
  0x000074e5a45757fc: 3bc8 0f8f | e430 0000 | 413b c80f | 844b 0100 | 0085 c90f | 8414 1400 | 0049 8b9f | b801 0000 
  0x000074e5a457581c: 4c8b d349 | 83c2 184d | 3b97 c801 | 0000 0f83 | b820 0000 | 4d89 97b8 | 0100 0041 | 0f0d 8ac0 
  0x000074e5a457583c: 0000 0048 | c703 0100 

  0x000074e5a4575844: ;   {metadata('java/lang/String')}
  0x000074e5a4575844: 0000 c743 | 0870 ea00 | 0044 8963 | 0c4c 8963 | 104d 8d51 | 1041 3bcb | 0f84 ff08 | 0000 81f9 
  0x000074e5a4575864: 0000 1000 | 0f87 8e2e | 0000 4c63 | c144 3bd9 | 418b eb0f | 4fe9 443b | dd0f 82ed | 2e00 003b 
  0x000074e5a4575884: cd0f 82e5 | 2e00 0049 | 83c0 1749 | 8bd0 4883 | e2f8 81f9 | 0000 1000 | 0f87 b920 | 0000 4d8b 
  0x000074e5a45758a4: afb8 0100 | 004d 8bdd | 4c03 da4d | 3b9f c801 | 0000 0f83 | 9f20 0000 | 4d89 9fb8 | 0100 0041 
  0x000074e5a45758c4: 0f0d 8bc0 | 0000 0049 | c745 0001 | 0000 0041 | 0f0d 8b00 

  0x000074e5a45758d8: ;   {metadata({type array byte})}
  0x000074e5a45758d8: 0100 0041 | c745 0818 | 2300 0041 | 894d 0c41 | 0f0d 8b40 | 0100 0041 | 0f0d 8b80 | 0100 004d 
  0x000074e5a45758f8: 8bdd 4983 | c310 49c1 | e803 85ed | 0f84 fa2d | 0000 3be9 | 0f8c 5f12 | 0000 4883 | c2f0 48c1 
  0x000074e5a4575918: ea03 498b | fa49 8bf3 | c5f8 7749 | ba00 e3d6 | a3e5 7400 | 0041 ffd2 

  0x000074e5a4575930: ;   {other}
  0x000074e5a4575930: 0f1f 8400 | 0000 0000 | 4488 6310 | 4d8b d544 | 8953 144c | 8bd3 49c1 | ea09 49bb | 0040 d1b9 
  0x000074e5a4575950: e574 0000 | 4788 2413 | 488b f390 

  0x000074e5a457595c: ;   {optimized virtual_call}
  0x000074e5a457595c: c5f8 77e8 

  0x000074e5a4575960: ; ImmutableOopMap {[8]=Oop [16]=Oop [48]=Oop }
                      ;*invokevirtual intern {reexecute=0 rethrow=0 return_oop=1}
                      ; - java.lang.Class::getPackageName@65 (line 1169)
                      ; - java.lang.ClassLoader::postDefineClass@2 (line 934)
                      ; - java.lang.ClassLoader::defineClass@37 (line 1028)
  0x000074e5a4575960: dc98 d7ff 

  0x000074e5a4575964: ;   {other}
  0x000074e5a4575964: 0f1f 8400 | d416 0011 | 4c8b d84c | 8b54 2408 | 4589 5a3c | 49c1 ea09 | 49bb 0040 | d1b9 e574 
  0x000074e5a4575984: 0000 4788 | 2413 eb03 | 498b c34c | 8b54 2410 | 418b 4a38 | 85c9 0f84 | d023 0000 | 4c8b c88b 
  0x000074e5a45759a4: 400c 4c8b | 5424 0845 | 8b42 3085 | c00f 84ab | 0400 008b | 4928 85c9 | 0f84 2301 | 0000 8b69 
  0x000074e5a45759c4: 0c85 ed0f | 8607 2800 | 008b d0c1 | ea10 33d0 | ffcd 81e2 | ffff ff7f | 23ea 4c63 | d546 8b74 
  0x000074e5a45759e4: 9110 4585 | f60f 84f6 | 0000 0045 | 8b56 0c4d | 8bee 443b | d20f 84ca | 0200 0045 | 85d2 0f8c 
  0x000074e5a4575a04: ab15 0000 | 458b 5d18 | 4585 db0f | 84d0 0000 | 0049 8bdb | 498b bf50 | 0400 008b 

  0x000074e5a4575a20: ; ImmutableOopMap {r8=NarrowOop r9=Oop rbx=Oop [8]=Oop [16]=Oop [48]=Oop }
                      ;*if_icmpne {reexecute=1 rethrow=0 return_oop=0}
                      ; - (reexecute) java.util.concurrent.ConcurrentHashMap::get@127 (line 946)
                      ; - java.lang.ClassLoader::getNamedPackage@5 (line 341)
                      ; - java.lang.ClassLoader::postDefineClass@9 (line 934)
                      ; - java.lang.ClassLoader::defineClass@37 (line 1028)
                      ;   {poll}
  0x000074e5a4575a20: 4b0c 8507 | 3bca 7412 | 448b 5318 | 4585 d20f | 84b0 0000 | 0049 8bda | ebde 8b6b | 104c 8bd5 
  0x000074e5a4575a40: 4d3b d10f | 8491 0000 | 0085 ed0f | 84ef 2f00 | 0048 895c | 2448 8954 | 2440 4489 | 4424 1c4c 
  0x000074e5a4575a60: 894c 2438 | 4c8b 5424 | 084c 8954 | 2428 4c8b | 5424 304c | 8954 2420 | 4c8b 5424 | 104c 8954 
  0x000074e5a4575a80: 2408 488b | d549 8bf1 | 488b 6c24 | 2866 6690 

  0x000074e5a4575a90: ;   {optimized virtual_call}
  0x000074e5a4575a90: c5f8 77e8 

  0x000074e5a4575a94: ; ImmutableOopMap {rbp=Oop [8]=Oop [28]=NarrowOop [32]=Oop [56]=Oop [72]=Oop }
                      ;*invokevirtual equals {reexecute=0 rethrow=0 return_oop=0}
                      ; - java.util.concurrent.ConcurrentHashMap::get@149 (line 947)
                      ; - java.lang.ClassLoader::getNamedPackage@5 (line 341)
                      ; - java.lang.ClassLoader::postDefineClass@9 (line 934)
                      ; - java.lang.ClassLoader::defineClass@37 (line 1028)
  0x000074e5a4575a94: a874 d6ff 

  0x000074e5a4575a98: ;   {other}
  0x000074e5a4575a98: 0f1f 8400 | 0818 0013 | 4d8b 9750 

  0x000074e5a4575aa4: ; ImmutableOopMap {rbp=Oop [8]=Oop [28]=NarrowOop [32]=Oop [56]=Oop [72]=Oop }
                      ;*ifeq {reexecute=1 rethrow=0 return_oop=0}
                      ; - (reexecute) java.util.concurrent.ConcurrentHashMap::get@152 (line 947)
                      ; - java.lang.ClassLoader::getNamedPackage@5 (line 341)
                      ; - java.lang.ClassLoader::postDefineClass@9 (line 934)
                      ; - java.lang.ClassLoader::defineClass@37 (line 1028)
                      ;   {poll}
  0x000074e5a4575aa4: 0400 0041 | 8502 85c0 | 0f84 c11d | 0000 4c8b | 5424 084c | 8954 2410 | 4c8b 5424 | 204c 8954 
  0x000074e5a4575ac4: 2430 4889 | 6c24 084c | 8b4c 2438 | 448b 4424 | 1c48 8b5c | 2448 8b6b | 1485 ed0f | 8514 0300 
  0x000074e5a4575ae4: 0049 8b87 | b801 0000 | 4c8b d049 | 83c2 184d | 3b97 c801 | 0000 0f83 | 0c1f 0000 | 4d89 97b8 
  0x000074e5a4575b04: 0100 0041 | 0f0d 8ac0 | 0000 0048 | c700 0100 

  0x000074e5a4575b14: ;   {metadata('java/lang/NamedPackage')}
  0x000074e5a4575b14: 0000 c740 | 08e0 c201 | 0044 8960 | 0c4c 8960 | 104c 894c | 2418 4489 | 4424 2048 | 8944 2428 
  0x000074e5a4575b34: 488b 7424 | 1866 6690 

  0x000074e5a4575b3c: ;   {optimized virtual_call}
  0x000074e5a4575b3c: c5f8 77e8 

  0x000074e5a4575b40: ; ImmutableOopMap {[8]=Oop [16]=Oop [24]=Oop [32]=NarrowOop [40]=Oop [48]=Oop }
                      ;*invokevirtual isEmpty {reexecute=0 rethrow=0 return_oop=0}
                      ; - java.lang.NamedPackage::<init>@5 (line 48)
                      ; - java.lang.ClassLoader::getNamedPackage@22 (line 343)
                      ; - java.lang.ClassLoader::postDefineClass@9 (line 934)
                      ; - java.lang.ClassLoader::defineClass@37 (line 1028)
  0x000074e5a4575b40: 5c59 dcff 

  0x000074e5a4575b44: ;   {other}
  0x000074e5a4575b44: 0f1f 8400 | b418 0015 | 85c0 0f84 | b90c 0000 | 448b 5c24 | 2045 85db | 0f84 9e2c | 0000 4d8b 
  0x000074e5a4575b64: d34c 8954 | 2438 498b | f266 6690 

  0x000074e5a4575b70: ;   {optimized virtual_call}
  0x000074e5a4575b70: c5f8 77e8 

  0x000074e5a4575b74: ; ImmutableOopMap {[8]=Oop [16]=Oop [24]=Oop [32]=NarrowOop [40]=Oop [48]=Oop [56]=Oop }
                      ;*invokevirtual isNamed {reexecute=0 rethrow=0 return_oop=0}
                      ; - java.lang.NamedPackage::<init>@12 (line 48)
                      ; - java.lang.ClassLoader::getNamedPackage@22 (line 343)
                      ; - java.lang.ClassLoader::postDefineClass@9 (line 934)
                      ; - java.lang.ClassLoader::defineClass@37 (line 1028)
  0x000074e5a4575b74: 08f5 80ff 

  0x000074e5a4575b78: ;   {other}
  0x000074e5a4575b78: 0f1f 8400 | e818 0016 | 85c0 0f84 | 850c 0000 | 498b 87b8 | 0100 004c | 8bd0 4983 | c228 4d3b 
  0x000074e5a4575b98: 97c8 0100 | 000f 8392 | 1e00 004d | 8997 b801 | 0000 410f | 0d8a c000 | 0000 48c7 | 0001 0000 
  0x000074e5a4575bb8: ;   {metadata('java/lang/InternalError')}
  0x000074e5a4575bb8: 00c7 4008 | 3009 0100 | 4489 600c | 4c89 6010 | 4c89 6018 | 4c89 6020 | 4889 4424 | 5049 8b87 
  0x000074e5a4575bd8: b801 0000 | 4c8b d049 | 83c2 184d | 3b97 c801 | 0000 0f83 | 651e 0000 | 4d89 97b8 | 0100 0041 
  0x000074e5a4575bf8: 0f0d 8ac0 | 0000 0048 | c700 0100 

  0x000074e5a4575c04: ;   {metadata('java/lang/StringBuilder')}
  0x000074e5a4575c04: 0000 c740 | 0838 8200 | 0044 8960 | 0c4c 8960 | 1048 8be8 | 488b f590 

  0x000074e5a4575c1c: ;   {optimized virtual_call}
  0x000074e5a4575c1c: c5f8 77e8 

  0x000074e5a4575c20: ; ImmutableOopMap {rbp=Oop [8]=Oop [16]=Oop [24]=Oop [32]=NarrowOop [40]=Oop [48]=Oop [56]=Oop [80]=Oop }
                      ;*invokespecial <init> {reexecute=0 rethrow=0 return_oop=0}
                      ; - java.lang.NamedPackage::<init>@26 (line 49)
                      ; - java.lang.ClassLoader::getNamedPackage@22 (line 343)
                      ; - java.lang.ClassLoader::postDefineClass@9 (line 934)
                      ; - java.lang.ClassLoader::defineClass@37 (line 1028)
  0x000074e5a4575c20: 5cf4 80ff 

  0x000074e5a4575c24: ;   {other}
  0x000074e5a4575c24: 0f1f 8400 | 9419 0017 

  0x000074e5a4575c2c: ;   {oop("unnamed package in  "{0x000000008006cac0})}
  0x000074e5a4575c2c: 48ba c0ca | 0680 0000 | 0000 488b | f54c 8b54 | 2450 4c89 | 5424 4890 

  0x000074e5a4575c44: ;   {optimized virtual_call}
  0x000074e5a4575c44: c5f8 77e8 

  0x000074e5a4575c48: ; ImmutableOopMap {[8]=Oop [16]=Oop [24]=Oop [32]=NarrowOop [40]=Oop [48]=Oop [56]=Oop [72]=Oop [80]=Oop }
                      ;*invokevirtual append {reexecute=0 rethrow=0 return_oop=1}
                      ; - java.lang.NamedPackage::<init>@31 (line 49)
                      ; - java.lang.ClassLoader::getNamedPackage@22 (line 343)
                      ; - java.lang.ClassLoader::postDefineClass@9 (line 934)
                      ; - java.lang.ClassLoader::defineClass@37 (line 1028)
  0x000074e5a4575c48: 34f4 80ff 

  0x000074e5a4575c4c: ;   {other}
  0x000074e5a4575c4c: 0f1f 8400 | bc19 0018 | 4885 c00f | 84bb 2b00 | 0048 8bf0 | 488b 5424 | 384c 8b54 | 2448 4c89 
  0x000074e5a4575c6c: 5424 3890 

  0x000074e5a4575c70: ;   {optimized virtual_call}
  0x000074e5a4575c70: c5f8 77e8 

  0x000074e5a4575c74: ; ImmutableOopMap {[8]=Oop [16]=Oop [24]=Oop [32]=NarrowOop [40]=Oop [48]=Oop [56]=Oop [72]=Oop }
                      ;*invokevirtual append {reexecute=0 rethrow=0 return_oop=1}
                      ; - java.lang.NamedPackage::<init>@35 (line 49)
                      ; - java.lang.ClassLoader::getNamedPackage@22 (line 343)
                      ; - java.lang.ClassLoader::postDefineClass@9 (line 934)
                      ; - java.lang.ClassLoader::defineClass@37 (line 1028)
  0x000074e5a4575c74: 08f4 80ff 

  0x000074e5a4575c78: ;   {other}
  0x000074e5a4575c78: 0f1f 8400 | e819 0019 | 4885 c00f | 84a7 2b00 | 0048 8bf0 

  0x000074e5a4575c8c: ;   {optimized virtual_call}
  0x000074e5a4575c8c: c5f8 77e8 

  0x000074e5a4575c90: ; ImmutableOopMap {[8]=Oop [16]=Oop [24]=Oop [32]=NarrowOop [40]=Oop [48]=Oop [56]=Oop }
                      ;*invokevirtual toString {reexecute=0 rethrow=0 return_oop=1}
                      ; - java.lang.NamedPackage::<init>@38 (line 49)
                      ; - java.lang.ClassLoader::getNamedPackage@22 (line 343)
                      ; - java.lang.ClassLoader::postDefineClass@9 (line 934)
                      ; - java.lang.ClassLoader::defineClass@37 (line 1028)
  0x000074e5a4575c90: ecf3 80ff 

  0x000074e5a4575c94: ;   {other}
  0x000074e5a4575c94: 0f1f 8400 | 041a 001a | 488b 7424 | 3848 8bd0 

  0x000074e5a4575ca4: ;   {optimized virtual_call}
  0x000074e5a4575ca4: c5f8 77e8 

  0x000074e5a4575ca8: ; ImmutableOopMap {[8]=Oop [16]=Oop [24]=Oop [32]=NarrowOop [40]=Oop [48]=Oop [56]=Oop }
                      ;*invokespecial <init> {reexecute=0 rethrow=0 return_oop=0}
                      ; - java.lang.NamedPackage::<init>@41 (line 49)
                      ; - java.lang.ClassLoader::getNamedPackage@22 (line 343)
                      ; - java.lang.ClassLoader::postDefineClass@9 (line 934)
                      ; - java.lang.ClassLoader::defineClass@37 (line 1028)
  0x000074e5a4575ca8: d4f3 80ff 

  0x000074e5a4575cac: ;   {other}
  0x000074e5a4575cac: 0f1f 8400 | 1c1a 001b | 488b 7424 | 38c5 f877 | 4881 c4a0 | 0000 005d 

  0x000074e5a4575cc4: ;   {runtime_call _rethrow_Java}
  0x000074e5a4575cc4: e937 d28c | ff41 8b6e | 104c 8bd5 | 4d3b d10f | 8414 0100 | 0044 8b5d | 084c 8bd5 | 4d3b ca0f 
  0x000074e5a4575ce4: 8404 0100 

  0x000074e5a4575ce8: ;   {metadata('java/lang/String')}
  0x000074e5a4575ce8: 0041 81fb | 70ea 0000 | 0f85 b233 | 0000 450f | be59 1041 | 0fbe 6a10 | 443b dd0f | 851b 2c00 
  0x000074e5a4575d08: 0045 8b5a | 1445 8b51 | 1441 8b7b | 0c41 8b4a | 0c3b cf0f | 85e7 fcff | ff49 8bdb | 498d 7310 
  0x000074e5a4575d28: 4d8b da49 | 8d7a 1085 | c90f 849d | 0000 008b | c183 e01f | 83e1 e00f | 844b 0000 | 0048 8d3c 
  0x000074e5a4575d48: 0f48 8d34 | 0e48 f7d9 | c5fe 6f04 | 0fc5 fe6f | 0c0e c5fd | efc1 c4e2 | 7d17 c00f | 8572 0000 
  0x000074e5a4575d68: 0048 83c1 | 2075 e185 | c00f 845d | 0000 00c5 | fe6f 4407 | e0c5 fe6f | 4c06 e0c5 | fdef c1c4 
  0x000074e5a4575d88: e27d 17c0 | 754d eb44 | 8bc8 83e1 | fc74 1948 | 8d3c 0f48 | 8d34 0e48 | f7d9 8b1c | 0f3b 1c0e 
  0x000074e5a4575da8: 7531 4883 | c104 75f2 | a802 7412 | 0fb7 1f0f | b70e 3bd9 | 751d 488d | 7f02 488d | 7602 a801 
  0x000074e5a4575dc8: 740a 0fb6 | 1f0f b60e | 3bd9 7507 | b801 0000 | 00eb 0233 | c0c5 fdef | c0c5 f5ef | c985 c00f 
  0x000074e5a4575de8: ;   {no_reloc}
  0x000074e5a4575de8: 841b fcff | ff41 8b6e | 1485 ed0f | 84ec fcff | ff44 8b55 | 0849 bb00 | 0000 4ee5 | 7400 004d 
  0x000074e5a4575e08: 03da 4d8b 

  0x000074e5a4575e0c: ;   {metadata('java/lang/NamedPackage')}
  0x000074e5a4575e0c: 5338 49bb | e0c2 014e | e574 0000 | 4d3b d30f | 8523 2300 | 004c 8b54 | 2430 458b | 5210 458b 
  0x000074e5a4575e2c: 4214 4585 | c00f 8568 | 0200 0045 | 8b5a 1045 | 85db 0f85 | be17 0000 | 488b 4424 | 08c5 f877 
  0x000074e5a4575e4c: 4881 c4a0 | 0000 005d 

  0x000074e5a4575e54: ;   {poll_return}
  0x000074e5a4575e54: 493b a748 | 0400 000f | 87bd 3a00 | 00c3 450f | b651 1145 | 85d2 0f85 | eb0c 0000 | 450f be51 
  0x000074e5a4575e74: 1045 85d2 | 0f85 de2a | 0000 4489 | 4424 244c | 894c 2418 | 458b 5114 | 488b e989 | 4c24 2049 
  0x000074e5a4575e94: 8bf2 6690 

  0x000074e5a4575e98: ;   {static_call}
  0x000074e5a4575e98: c5f8 77e8 

  0x000074e5a4575e9c: ; ImmutableOopMap {rbp=Oop [8]=Oop [16]=Oop [24]=Oop [32]=NarrowOop [36]=NarrowOop [48]=Oop }
                      ;*invokestatic hashCode {reexecute=0 rethrow=0 return_oop=0}
                      ; - java.lang.String::hashCode@27 (line 2369)
                      ; - java.util.concurrent.ConcurrentHashMap::get@1 (line 936)
                      ; - java.lang.ClassLoader::getNamedPackage@5 (line 341)
                      ; - java.lang.ClassLoader::postDefineClass@9 (line 934)
                      ; - java.lang.ClassLoader::defineClass@37 (line 1028)
  0x000074e5a4575e9c: a0e2 dfff 

  0x000074e5a4575ea0: ;   {other}
  0x000074e5a4575ea0: 0f1f 8400 | 101c 001c | 85c0 0f84 | 5f0d 0000 | 4c8b 4c24 | 1841 8941 | 0c8b 4c24 | 2044 8b44 
  0x000074e5a4575ec0: 2424 e9f0 | faff ff48 | 63d6 81fe | 0000 1000 | 0f87 d51b | 0000 4c8b | d549 8baf | b801 0000 
  0x000074e5a4575ee0: 4c8d 4217 | 4983 e0f8 | 488b cd49 | 03c8 493b | 8fc8 0100 | 000f 83ad | 1b00 0049 | 898f b801 
  0x000074e5a4575f00: 0000 0f0d | 89c0 0000 | 0048 c745 | 0001 0000 | 000f 0d89 | 0001 0000 

  0x000074e5a4575f18: ;   {metadata({type array byte})}
  0x000074e5a4575f18: c745 0818 | 2300 0089 | 750c 0f0d | 8940 0100 | 000f 0d89 | 8001 0000 | 488b f548 | 83c6 1048 
  0x000074e5a4575f38: 83c2 0748 | c1ea 0349 | 8bfb c5f8 | 7749 ba00 | e3d6 a3e5 | 7400 0041 

  0x000074e5a4575f50: ;   {other}
  0x000074e5a4575f50: ffd2 0f1f | 8400 0000 | 0000 4c8b | f5e9 22ee | ffff 4963 | d141 81f9 | 0000 1000 | 0f87 de1b 
  0x000074e5a4575f70: 0000 498b | afb8 0100 | 004c 8d52 | 1749 83e2 | f848 8bcd | 4903 ca49 | 3b8f c801 | 0000 0f83 
  0x000074e5a4575f90: bc1b 0000 | 4989 8fb8 | 0100 000f | 0d89 c000 | 0000 48c7 | 4500 0100 | 0000 0f0d | 8900 0100 
  0x000074e5a4575fb0: ;   {metadata({type array byte})}
  0x000074e5a4575fb0: 00c7 4508 | 1823 0000 | 4489 4d0c | 0f0d 8940 | 0100 000f | 0d89 8001 | 0000 488b | f548 83c6 
  0x000074e5a4575fd0: 1048 83c2 | 0748 c1ea | 0349 8bf8 | c5f8 7749 | ba00 e3d6 | a3e5 7400 | 0041 ffd2 

  0x000074e5a4575fec: ;   {other}
  0x000074e5a4575fec: 0f1f 8400 | 0000 0000 | 4c8b ede9 | 00f7 ffff | 458b 5a0c | 458b 4208 | 4963 d349 | 8bea 48c1 
  0x000074e5a457600c: e202 4181 | fb00 0004 | 000f 87b1 | 1b00 004d | 8bb7 b801 | 0000 4c8d | 4a17 4983 | e1f8 498b 
  0x000074e5a457602c: ce49 03c9 | 493b 8fc8 | 0100 000f | 838f 1b00 | 0049 898f | b801 0000 | 0f0d 89c0 | 0000 0049 
  0x000074e5a457604c: c706 0100 | 0000 4589 | 4608 4589 | 5e0c 0f0d | 8900 0100 | 000f 0d89 | 4001 0000 | 0f0d 8980 
  0x000074e5a457606c: 0100 0049 | 8d7a 1049 | 8bf6 4883 | c610 4883 | c207 48c1 | ea03 c5f8 | 7749 ba00 | e3d6 a3e5 
  0x000074e5a457608c: 7400 0041 

  0x000074e5a4576090: ;   {other}
  0x000074e5a4576090: ffd2 0f1f | 8400 0000 | 0000 e92e | edff ff45 | 8b48 0c41 | 8b78 0849 | 8be8 4963 | c948 c1e1 
  0x000074e5a45760b0: 0241 81f9 | 0000 0400 | 0f87 b71b | 0000 498b | 9fb8 0100 | 004c 8d51 | 1749 83e2 | f84c 8bdb 
  0x000074e5a45760d0: 4d03 da4d | 3b9f c801 | 0000 0f83 | 951b 0000 | 4d89 9fb8 | 0100 0041 | 0f0d 8bc0 | 0000 0048 
  0x000074e5a45760f0: c703 0100 | 0000 897b | 0844 894b | 0c41 0f0d | 8b00 0100 | 0041 0f0d | 8b40 0100 | 0041 0f0d 
  0x000074e5a4576110: 8b80 0100 | 0049 8d78 | 1048 8bf3 | 4883 c610 | 4883 c107 | 48c1 e903 | 488b d1c5 | f877 49ba 
  0x000074e5a4576130: 00e3 d6a3 | e574 0000 

  0x000074e5a4576138: ;   {other}
  0x000074e5a4576138: 41ff d20f | 1f84 0000 | 0000 0048 | 8b74 2408 | 488b d390 

  0x000074e5a457614c: ;   {optimized virtual_call}
  0x000074e5a457614c: c5f8 77e8 

  0x000074e5a4576150: ; ImmutableOopMap {[8]=Oop }
                      ;*invokevirtual setSigners {reexecute=0 rethrow=0 return_oop=0}
                      ; - java.lang.ClassLoader::setSigners@2 (line 1318)
                      ; - java.lang.ClassLoader::postDefineClass@35 (line 939)
                      ; - java.lang.ClassLoader::defineClass@37 (line 1028)
  0x000074e5a4576150: 6c26 dcff 

  0x000074e5a4576154: ;   {other}
  0x000074e5a4576154: 0f1f 8400 | c41e 001d | e9e3 fcff | ff49 63d3 | 4181 fb00 | 0010 000f | 875f 1b00 | 0049 8baf 
  0x000074e5a4576174: b801 0000 | 4c8d 4217 | 4983 e0f8 | 488b cd49 | 03c8 493b | 8fc8 0100 | 000f 833d | 1b00 0049 
  0x000074e5a4576194: 898f b801 | 0000 0f0d | 89c0 0000 | 0048 c745 | 0001 0000 | 000f 0d89 | 0001 0000 

  0x000074e5a45761b0: ;   {metadata({type array byte})}
  0x000074e5a45761b0: c745 0818 | 2300 0044 | 895d 0c0f | 0d89 4001 | 0000 0f0d | 8980 0100 | 0048 8bf5 | 4883 c610 
  0x000074e5a45761d0: 4883 c207 | 48c1 ea03 | 498b fac5 | f877 49ba | 00e3 d6a3 | e574 0000 

  0x000074e5a45761e8: ;   {other}
  0x000074e5a45761e8: 41ff d20f | 1f84 0000 | 0000 004c | 8bed e93d | f7ff ff41 | ffc0 453b | c27c 3645 | 33c0 e9ba 
  0x000074e5a4576208: 0200 0044 | 3bd2 0f85 | b428 0000 | 458d 4aff | 453b ca0f | 837f 2700 | 0085 d20f | 8677 2700 
  0x000074e5a4576228: 0044 8d4a | ff44 3bca | 0f83 a227 | 0000 4533 | c047 8b5c | 8610 458b | 4b08 418b | 4d10 443b 
  0x000074e5a4576248: d974 b08b 

  0x000074e5a457624c: ;   {metadata('sun/security/x509/X509CertImpl')}
  0x000074e5a457624c: 7908 4181 | f910 08ed | 000f 85ad | 2c00 004d | 8bcb 458b | 4920 c4c1 | 796e c948 

  0x000074e5a4576268: ;   {metadata('sun/security/x509/X509CertImpl')}
  0x000074e5a4576268: 8be9 81ff | 1008 ed00 | 0f85 1e2d | 0000 8b5d | 20c4 c1f9 | 6ec1 488b | f349 8bf9 | 483b fe0f 
  0x000074e5a4576288: 84cb 0000 | 0048 85ff | 0f84 c900 | 0000 4885 | f60f 84c0 | 0000 008b | 4f0c 3b4e | 0c0f 85b4 
  0x000074e5a45762a8: 0000 0085 | c90f 84a5 | 0000 0048 | 8d7f 1048 | 8d76 108b | c183 e01f | 83e1 e00f | 844b 0000 
  0x000074e5a45762c8: 0048 8d3c | 0f48 8d34 | 0e48 f7d9 | c5fe 6f1c | 0fc5 fe6f | 140e c5e5 | efda c4e2 | 7d17 db0f 
  0x000074e5a45762e8: 8572 0000 | 0048 83c1 | 2075 e185 | c00f 845d | 0000 00c5 | fe6f 5c07 | e0c5 fe6f | 5406 e0c5 
  0x000074e5a4576308: e5ef dac4 | e27d 17db | 754d eb44 | 8bc8 83e1 | fc74 1948 | 8d3c 0f48 | 8d34 0e48 | f7d9 8b1c 
  0x000074e5a4576328: 0f3b 1c0e | 7531 4883 | c104 75f2 | a802 7412 | 0fb7 1f0f | b70e 3bd9 | 751d 488d | 7f02 488d 
  0x000074e5a4576348: 7602 a801 | 740a 0fb6 | 1f0f b60e | 3bd9 7507 | b801 0000 | 00eb 0233 | c0c5 e5ef | dbc5 edef 
  0x000074e5a4576368: ;   {no_reloc}
  0x000074e5a4576368: d285 c00f | 858a feff | ffb9 0100 | 0000 3bca | 0f8d f626 | 0000 41b9 | 0100 0000 | 0f1f 8400 
  0x000074e5a4576388: 0000 0000 | 6666 6690 | 438b 5c8d | 1044 3bdb | 0f84 5dfe | ffff 8b4b | 0848 8beb 

  0x000074e5a45763a4: ;   {metadata('sun/security/x509/X509CertImpl')}
  0x000074e5a45763a4: 81f9 1008 | ed00 0f85 | e72b 0000 | 8b4d 2048 | 8bf1 c4e1 | f97e c748 | 3bfe 0f84 | cb00 0000 
  0x000074e5a45763c4: 4885 ff0f | 84c9 0000 | 0048 85f6 | 0f84 c000 | 0000 8b4f | 0c3b 4e0c | 0f85 b400 | 0000 85c9 
  0x000074e5a45763e4: 0f84 a500 | 0000 488d | 7f10 488d | 7610 8bc1 | 83e0 1f83 | e1e0 0f84 | 4b00 0000 | 488d 3c0f 
  0x000074e5a4576404: 488d 340e | 48f7 d9c5 | fe6f 1c0f | c5fe 6f14 | 0ec5 e5ef | dac4 e27d | 17db 0f85 | 7200 0000 
  0x000074e5a4576424: 4883 c120 | 75e1 85c0 | 0f84 5d00 | 0000 c5fe | 6f5c 07e0 | c5fe 6f54 | 06e0 c5e5 | efda c4e2 
  0x000074e5a4576444: 7d17 db75 | 4deb 448b | c883 e1fc | 7419 488d | 3c0f 488d | 340e 48f7 | d98b 1c0f | 3b1c 0e75 
  0x000074e5a4576464: 3148 83c1 | 0475 f2a8 | 0274 120f | b71f 0fb7 | 0e3b d975 | 1d48 8d7f | 0248 8d76 | 02a8 0174 
  0x000074e5a4576484: 0a0f b61f | 0fb6 0e3b | d975 07b8 | 0100 0000 | eb02 33c0 | c5e5 efdb | c5ed efd2 

  0x000074e5a45764a0: ;   {no_reloc}
  0x000074e5a45764a0: 85c0 0f85 | 53fd ffff | 41ff c144 | 3bca 0f8c | dcfe ffff | e9c1 2500 | 0041 ffc0 | 443b c20f 
  0x000074e5a45764c0: 8d7a e9ff | ff47 8b4c | 8510 458b | 5908 418b | 6e10 443b | cd74 e28b 

  0x000074e5a45764d8: ;   {metadata('sun/security/x509/X509CertImpl')}
  0x000074e5a45764d8: 4d08 4181 | fb10 08ed | 000f 8575 | 2a00 0048 | 8bdd 4d8b | d945 8b5b | 20c4 c179 

  0x000074e5a45764f4: ;   {metadata('sun/security/x509/X509CertImpl')}
  0x000074e5a45764f4: 6ec3 81f9 | 1008 ed00 | 0f85 d22a | 0000 448b | 5b20 c5f9 | 7ec1 488b | e949 8bf3 | 488b fd48 
  0x000074e5a4576514: 3bfe 0f84 | cb00 0000 | 4885 ff0f | 84c9 0000 | 0048 85f6 | 0f84 c000 | 0000 8b4f | 0c3b 4e0c 
  0x000074e5a4576534: 0f85 b400 | 0000 85c9 | 0f84 a500 | 0000 488d | 7f10 488d | 7610 8bc1 | 83e0 1f83 | e1e0 0f84 
  0x000074e5a4576554: 4b00 0000 | 488d 3c0f | 488d 340e | 48f7 d9c5 | fe6f 0c0f | c5fe 6f14 | 0ec5 f5ef | cac4 e27d 
  0x000074e5a4576574: 17c9 0f85 | 7200 0000 | 4883 c120 | 75e1 85c0 | 0f84 5d00 | 0000 c5fe | 6f4c 07e0 | c5fe 6f54 
  0x000074e5a4576594: 06e0 c5f5 | efca c4e2 | 7d17 c975 | 4deb 448b | c883 e1fc | 7419 488d | 3c0f 488d | 340e 48f7 
  0x000074e5a45765b4: d98b 1c0f | 3b1c 0e75 | 3148 83c1 | 0475 f2a8 | 0274 120f | b71f 0fb7 | 0e3b d975 | 1d48 8d7f 
  0x000074e5a45765d4: 0248 8d76 | 02a8 0174 | 0a0f b61f | 0fb6 0e3b | d975 07b8 | 0100 0000 | eb02 33c0 | c5f5 efc9 
  0x000074e5a45765f4: ;   {no_reloc}
  0x000074e5a45765f4: c5ed efd2 | 85c0 0f85 | b9fe ffff | 41bb 0100 | 0000 453b | da0f 8d23 | 0100 0090 | 438b 7c9e 
  0x000074e5a4576614: 1044 3bcf | 0f84 9bfe | ffff 8b4f | 0848 8bdf 

  0x000074e5a4576624: ;   {metadata('sun/security/x509/X509CertImpl')}
  0x000074e5a4576624: 81f9 1008 | ed00 0f85 | a729 0000 | 8b4b 2048 | 8bf1 488b | fd48 3bfe | 0f84 cb00 | 0000 4885 
  0x000074e5a4576644: ff0f 84c9 | 0000 0048 | 85f6 0f84 | c000 0000 | 8b4f 0c3b | 4e0c 0f85 | b400 0000 | 85c9 0f84 
  0x000074e5a4576664: a500 0000 | 488d 7f10 | 488d 7610 | 8bc1 83e0 | 1f83 e1e0 | 0f84 4b00 | 0000 488d | 3c0f 488d 
  0x000074e5a4576684: 340e 48f7 | d9c5 fe6f | 140f c5fe | 6f0c 0ec5 | edef d1c4 | e27d 17d2 | 0f85 7200 | 0000 4883 
  0x000074e5a45766a4: c120 75e1 | 85c0 0f84 | 5d00 0000 | c5fe 6f54 | 07e0 c5fe | 6f4c 06e0 | c5ed efd1 | c4e2 7d17 
  0x000074e5a45766c4: d275 4deb | 448b c883 | e1fc 7419 | 488d 3c0f | 488d 340e | 48f7 d98b | 1c0f 3b1c | 0e75 3148 
  0x000074e5a45766e4: 83c1 0475 | f2a8 0274 | 120f b71f | 0fb7 0e3b | d975 1d48 | 8d7f 0248 | 8d76 02a8 | 0174 0a0f 
  0x000074e5a4576704: b61f 0fb6 | 0e3b d975 | 07b8 0100 | 0000 eb02 | 33c0 c5ed | efd2 c5f5 | efc9 85c0 

  0x000074e5a4576720: ;   {no_reloc}
  0x000074e5a4576720: 0f85 93fd | ffff 41ff | c345 3bda | 0f8c defe | ffff be45 | ffff ff48 | 8b6c 2410 | 4c8b 4c24 
  0x000074e5a4576740: 284c 894c | 2410 4c8b | 4c24 304c | 894c 2428 | 4c89 7424 | 304c 896c | 2438 8954 | 2440 4489 
  0x000074e5a4576760: 4424 4444 | 895c 2448 | 4489 5424 | 4c66 6690 

  0x000074e5a4576770: ;   {runtime_call UncommonTrapBlob}
  0x000074e5a4576770: c5f8 77e8 

  0x000074e5a4576774: ; ImmutableOopMap {rbp=Oop [8]=Oop [16]=Oop [24]=Oop [40]=Oop [48]=Oop [56]=Oop }
                      ;*if_icmpge {reexecute=1 rethrow=0 return_oop=0}
                      ; - (reexecute) java.lang.ClassLoader::compareCerts@152 (line 1209)
                      ; - java.lang.ClassLoader::checkCerts@80 (line 1172)
                      ; - java.lang.ClassLoader::preDefineClass@113 (line 917)
                      ; - java.lang.ClassLoader::defineClass@4 (line 1025)
  0x000074e5a4576774: 883b 81ff 

  0x000074e5a4576778: ;   {other}
  0x000074e5a4576778: 0f1f 8400 | e824 001e | 4c8b 5424 | 1045 8b5a | 344d 8bd3 | 4c89 5424 | 30e9 0ee4 | ffff 33db 
  0x000074e5a4576798: e97b efff | ff49 8bf2 | 6690 c5f8 | 7748 b8ff | ffff ffff 

  0x000074e5a45767ac: ;   {virtual_call}
  0x000074e5a45767ac: ffff ffe8 

  0x000074e5a45767b0: ; ImmutableOopMap {[16]=Oop [24]=Oop [40]=Oop [48]=Oop }
                      ;*invokevirtual toExternalForm {reexecute=0 rethrow=0 return_oop=1}
                      ; - java.net.URL::toExternalForm@5 (line 1203)
                      ; - java.net.URL::toString@1 (line 1189)
                      ; - java.lang.ClassLoader::defineClassSourceLocation@22 (line 927)
                      ; - java.lang.ClassLoader::defineClass@12 (line 1026)
  0x000074e5a45767b0: cceb 80ff 

  0x000074e5a45767b4: ;   {other}
  0x000074e5a45767b4: 0f1f 8400 | 2425 001f | 488b d8e9 | 54ef ffff | 488b f048 | 8be8 6690 

  0x000074e5a45767cc: ;   {optimized virtual_call}
  0x000074e5a45767cc: c5f8 77e8 

  0x000074e5a45767d0: ; ImmutableOopMap {rbp=Oop [8]=Oop [16]=Oop [48]=Oop }
                      ;*invokevirtual initClassName {reexecute=0 rethrow=0 return_oop=1}
                      ; - java.lang.Class::getName@14 (line 948)
                      ; - java.lang.Class::getPackageName@40 (line 1167)
                      ; - java.lang.ClassLoader::postDefineClass@2 (line 934)
                      ; - java.lang.ClassLoader::defineClass@37 (line 1028)
  0x000074e5a45767d0: 6cbc d7ff 

  0x000074e5a45767d4: ;   {other}
  0x000074e5a45767d4: 0f1f 8400 | 4425 0020 | 488b d848 | 85c0 0f85 | 97ef ffff | bef6 ffff | ff66 6690 

  0x000074e5a45767f0: ;   {runtime_call UncommonTrapBlob}
  0x000074e5a45767f0: c5f8 77e8 

  0x000074e5a45767f4: ; ImmutableOopMap {}
                      ;*invokevirtual lastIndexOf {reexecute=0 rethrow=0 return_oop=0}
                      ; - java.lang.Class::getPackageName@47 (line 1168)
                      ; - java.lang.ClassLoader::postDefineClass@2 (line 934)
                      ; - java.lang.ClassLoader::defineClass@37 (line 1028)
  0x000074e5a45767f4: 083b 81ff 

  0x000074e5a45767f8: ;   {other}
  0x000074e5a45767f8: 0f1f 8400 | 6825 0021 | 4533 db44 | 895c 2470 | e932 e6ff | ff48 8b74 | 2418 6690 

  0x000074e5a4576814: ;   {optimized virtual_call}
  0x000074e5a4576814: c5f8 77e8 

  0x000074e5a4576818: ; ImmutableOopMap {[8]=Oop [16]=Oop [24]=Oop [32]=NarrowOop [40]=Oop [48]=Oop }
                      ;*invokevirtual intern {reexecute=0 rethrow=0 return_oop=1}
                      ; - java.lang.NamedPackage::<init>@47 (line 51)
                      ; - java.lang.ClassLoader::getNamedPackage@22 (line 343)
                      ; - java.lang.ClassLoader::postDefineClass@9 (line 934)
                      ; - java.lang.ClassLoader::defineClass@37 (line 1028)
  0x000074e5a4576818: 248a d7ff 

  0x000074e5a457681c: ;   {other}
  0x000074e5a457681c: 0f1f 8400 | 8c25 0022 | 4c8b 4424 | 2844 8b4c | 2420 4589 | 4810 4c8b | d845 8958 | 0c4d 8bd0 
  0x000074e5a457683c: 49c1 ea09 | 49bb 0040 | d1b9 e574 | 0000 4788 | 2413 4c8b | 5c24 1045 | 8b53 3845 | 85d2 0f84 
  0x000074e5a457685c: b021 0000 | 498b f248 | 8b54 2418 | 498b c890 

  0x000074e5a457686c: ;   {optimized virtual_call}
  0x000074e5a457686c: c5f8 77e8 

  0x000074e5a4576870: ; ImmutableOopMap {[8]=Oop [16]=Oop [32]=NarrowOop [40]=Oop [48]=Oop }
                      ;*invokevirtual putIfAbsent {reexecute=0 rethrow=0 return_oop=1}
                      ; - java.lang.ClassLoader::getNamedPackage@32 (line 345)
                      ; - java.lang.ClassLoader::postDefineClass@9 (line 934)
                      ; - java.lang.ClassLoader::defineClass@37 (line 1028)
  0x000074e5a4576870: 4c01 e9ff 

  0x000074e5a4576874: ;   {other}
  0x000074e5a4576874: 0f1f 8400 | e425 0023 | 4885 c00f | 849c f5ff | ff44 8b50 | 0849 bb00 | 0000 4ee5 | 7400 004d 
  0x000074e5a4576894: 03da 4d8b 

  0x000074e5a4576898: ;   {metadata('java/lang/NamedPackage')}
  0x000074e5a4576898: 5338 49bb | e0c2 014e | e574 0000 | 4d3b d30f | 847b 2100 | 00be deff | ffff 488b | e866 6690 
  0x000074e5a45768b8: ;   {runtime_call UncommonTrapBlob}
  0x000074e5a45768b8: c5f8 77e8 

  0x000074e5a45768bc: ; ImmutableOopMap {rbp=Oop }
                      ;*checkcast {reexecute=0 rethrow=0 return_oop=0}
                      ; - java.lang.ClassLoader::getNamedPackage@35 (line 345)
                      ; - java.lang.ClassLoader::postDefineClass@9 (line 934)
                      ; - java.lang.ClassLoader::defineClass@37 (line 1028)
  0x000074e5a45768bc: 403a 81ff 

  0x000074e5a45768c0: ;   {other}
  0x000074e5a45768c0: 0f1f 8400 | 3026 0024 | 498b dde9 | d4e4 ffff | 4533 ede9 | b9e2 ffff | 4533 c044 | 8944 2470 
  0x000074e5a45768e0: e93e e3ff | ffbb ffff | ffff e9f0 | e1ff ff4c | 8954 2450 | 4c8b 5424 | 384c 8954 | 2448 4489 
  0x000074e5a4576900: 6c24 404c | 8b54 2430 | 4c89 5424 | 384c 8b54 | 2410 4c89 | 5424 0848 | 8b6c 2428 | 488b 7424 
  0x000074e5a4576920: 5066 6690 

  0x000074e5a4576924: ;   {optimized virtual_call}
  0x000074e5a4576924: c5f8 77e8 

  0x000074e5a4576928: ; ImmutableOopMap {rbp=Oop [8]=Oop [24]=Oop [56]=Oop [64]=NarrowOop [72]=Oop [80]=Oop }
                      ;*invokevirtual isLatin1 {reexecute=0 rethrow=0 return_oop=0}
                      ; - java.lang.AbstractStringBuilder::append@46 (line 810)
                      ; - java.lang.StringBuilder::append@2 (line 246)
                      ; - java.net.URLStreamHandler::toExternalForm@16 (line 480)
                      ; - java.net.URL::toExternalForm@5 (line 1203)
                      ; - java.net.URL::toString@1 (line 1189)
                      ; - java.lang.ClassLoader::defineClassSourceLocation@22 (line 927)
                      ; - java.lang.ClassLoader::defineClass@12 (line 1026)
  0x000074e5a4576928: 54e7 80ff 

  0x000074e5a457692c: ;   {other}
  0x000074e5a457692c: 0f1f 8400 | 9c26 0025 | 85c0 0f85 | 4c03 0000 | 4c8b 5424 | 5045 8b5a | 1441 8b52 | 0c49 8bf3 
  0x000074e5a457694c: 448d 5a01 | 4589 5a0c | b93a 0000 | 0066 6690 

  0x000074e5a457695c: ;   {static_call}
  0x000074e5a457695c: c5f8 77e8 

  0x000074e5a4576960: ; ImmutableOopMap {rbp=Oop [8]=Oop [24]=Oop [56]=Oop [64]=NarrowOop [72]=Oop [80]=Oop }
                      ;*invokestatic putCharSB {reexecute=0 rethrow=0 return_oop=0}
                      ; - java.lang.AbstractStringBuilder::append@72 (line 813)
                      ; - java.lang.StringBuilder::append@2 (line 246)
                      ; - java.net.URLStreamHandler::toExternalForm@16 (line 480)
                      ; - java.net.URL::toExternalForm@5 (line 1203)
                      ; - java.net.URL::toString@1 (line 1189)
                      ; - java.lang.ClassLoader::defineClassSourceLocation@22 (line 927)
                      ; - java.lang.ClassLoader::defineClass@12 (line 1026)
  0x000074e5a4576960: 1ced 80ff 

  0x000074e5a4576964: ;   {other}
  0x000074e5a4576964: 0f1f 8400 | d426 0026 | 4889 6c24 | 284c 8b54 | 2408 4c89 | 5424 104c | 8b54 2438 | 4c89 5424 
  0x000074e5a4576984: 3044 8b6c | 2440 4c8b | 5424 484c | 8954 2438 | 4c8b 5424 | 504c 8954 | 2440 e99f | e7ff ff4c 
  0x000074e5a45769a4: 8b54 2440 | 4c89 5424 | 5048 8954 | 2448 4489 | 6c24 404c | 8b54 2430 | 4c89 5424 | 384c 8b54 
  0x000074e5a45769c4: 2410 4c89 | 5424 0848 | 8b6c 2428 | 488b 7424 | 5066 6690 

  0x000074e5a45769d8: ;   {optimized virtual_call}
  0x000074e5a45769d8: c5f8 77e8 

  0x000074e5a45769dc: ; ImmutableOopMap {rbp=Oop [8]=Oop [24]=Oop [56]=Oop [64]=NarrowOop [72]=Oop [80]=Oop }
                      ;*invokevirtual appendNull {reexecute=0 rethrow=0 return_oop=1}
                      ; - java.lang.AbstractStringBuilder::append@5 (line 584)
                      ; - java.lang.StringBuilder::append@2 (line 179)
                      ; - java.net.URLStreamHandler::toExternalForm@11 (line 480)
                      ; - java.net.URL::toExternalForm@5 (line 1203)
                      ; - java.net.URL::toString@1 (line 1189)
                      ; - java.lang.ClassLoader::defineClassSourceLocation@22 (line 927)
                      ; - java.lang.ClassLoader::defineClass@12 (line 1026)
  0x000074e5a45769dc: a0e6 80ff 

  0x000074e5a45769e0: ;   {other}
  0x000074e5a45769e0: 0f1f 8400 | 5027 0027 | 4889 6c24 | 284c 8b54 | 2408 4c89 | 5424 104c | 8b54 2438 | 4c89 5424 
  0x000074e5a4576a00: 3044 8b6c | 2440 4c8b | 5424 484c | 8954 2438 | 4c8b 5424 | 504c 8954 | 2440 e959 | e6ff ff48 
  0x000074e5a4576a20: 63d5 4c8d | 5210 498b | ca48 83e1 | f849 8bfe | 4803 f949 | c1ea 034d | 2bc2 498b | c848 33c0 
  0x000074e5a4576a40: 4883 f908 | 7f10 48ff | c978 4f48 | 8904 cf48 | ffc9 7df7 | eb44 c5fd | efc0 e90d | 0000 00c5 
  0x000074e5a4576a60: fe7f 07c5 | fe7f 4720 | 4883 c740 | 4883 e908 | 7ded 4883 | c104 7c0c | c5fe 7f07 | 4883 c720 
  0x000074e5a4576a80: 4883 e904 | 4883 c104 | 7e10 48ff | c9c5 f9d6 | 0748 83c7 | 0848 ffc9 | 7df3 498b | fb49 8bf1 
  0x000074e5a4576aa0: c5f8 7749 | bac0 ded6 | a3e5 7400 | 0041 ffd2 

  0x000074e5a4576ab0: ;   {other}
  0x000074e5a4576ab0: 0f1f 8400 | 0000 0000 | e9c7 e2ff | ff48 63d5 | 4c8d 5a10 | 4d8b cb49 | 83e1 f849 | 8bfd 4903 
  0x000074e5a4576ad0: f949 c1eb | 0349 2bf3 | 488b ce48 | 33c0 4883 | f908 7f10 | 48ff c978 | 4f48 8904 | cf48 ffc9 
  0x000074e5a4576af0: 7df7 eb44 | c5fd efc0 | e90d 0000 | 00c5 fe7f | 07c5 fe7f | 4720 4883 | c740 4883 | e908 7ded 
  0x000074e5a4576b10: 4883 c104 | 7c0c c5fe | 7f07 4883 | c720 4883 | e904 4883 | c104 7e10 | 48ff c9c5 | f9d6 0748 
  0x000074e5a4576b30: 83c7 0848 | ffc9 7df3 | 498b f849 | 8bf2 c5f8 | 7749 bac0 | ded6 a3e5 | 7400 0041 

  0x000074e5a4576b4c: ;   {other}
  0x000074e5a4576b4c: ffd2 0f1f | 8400 0000 | 0000 e9a1 | ebff ff33 | c0e9 55ee 

  0x000074e5a4576b60: ;   {oop(""{0x0000000080000000})}
  0x000074e5a4576b60: ffff 48bb | 0000 0080 | 0000 0000 | e933 e2ff | ff48 63d5 | 4c8d 4a10 | 498b c948 | 83e1 f849 
  0x000074e5a4576b80: 8bfd 4803 | f949 c1e9 | 034d 2bc1 | 498b c848 | 33c0 4883 | f908 7f10 | 48ff c978 | 4f48 8904 
  0x000074e5a4576ba0: cf48 ffc9 | 7df7 eb44 | c5fd efc0 | e90d 0000 | 00c5 fe7f | 07c5 fe7f | 4720 4883 | c740 4883 
  0x000074e5a4576bc0: e908 7ded | 4883 c104 | 7c0c c5fe | 7f07 4883 | c720 4883 | e904 4883 | c104 7e10 | 48ff c9c5 
  0x000074e5a4576be0: f9d6 0748 | 83c7 0848 | ffc9 7df3 | 498b fa49 | 8bf3 c5f8 | 7749 bac0 | ded6 a3e5 | 7400 0041 
  0x000074e5a4576c00: ;   {other}
  0x000074e5a4576c00: ffd2 0f1f | 8400 0000 | 0000 e929 | edff ff4c | 8b4c 2418 | 41c6 4111 | 0133 c08b | 4c24 2044 
  0x000074e5a4576c20: 8b44 2424 | e98e edff 

  0x000074e5a4576c28: ;   {oop(""{0x0000000080000000})}
  0x000074e5a4576c28: ff48 bb00 | 0000 8000 | 0000 00e9 | 20ed ffff | 440f b755 | 1041 83fa | 6a0f 8545 | dfff ff44 
  0x000074e5a4576c48: 0fb7 5512 | 4183 fa61 | 0f85 36df | ffff 440f | b755 1441 | 83fa 760f | 8527 dfff | ff44 0fb7 
  0x000074e5a4576c68: 5516 4183 | fa61 0f85 | 18df ffff | 440f b755 | 1841 83fa | 2e0f 8509 | dfff ffe9 | eade ffff 
  0x000074e5a4576c88: 488b 7424 | 5066 6690 

  0x000074e5a4576c90: ;   {optimized virtual_call}
  0x000074e5a4576c90: c5f8 77e8 

  0x000074e5a4576c94: ; ImmutableOopMap {rbp=Oop [8]=Oop [24]=Oop [56]=Oop [64]=NarrowOop [72]=Oop [80]=Oop }
                      ;*invokevirtual inflate {reexecute=0 rethrow=0 return_oop=0}
                      ; - java.lang.AbstractStringBuilder::append@53 (line 811)
                      ; - java.lang.StringBuilder::append@2 (line 246)
                      ; - java.net.URLStreamHandler::toExternalForm@16 (line 480)
                      ; - java.net.URL::toExternalForm@5 (line 1203)
                      ; - java.net.URL::toString@1 (line 1189)
                      ; - java.lang.ClassLoader::defineClassSourceLocation@22 (line 927)
                      ; - java.lang.ClassLoader::defineClass@12 (line 1026)
  0x000074e5a4576c94: e8e3 80ff 

  0x000074e5a4576c98: ;   {other}
  0x000074e5a4576c98: 0f1f 8400 | 082a 0028 | e997 fcff | ff44 0fbe | 5b10 448b | 4314 458b | 500c c442 | 22f7 c241 
  0x000074e5a4576cb8: 83c0 0245 | 85c0 0f8c | 9c21 0000 | c4c2 21f7 | d081 fa00 | 0010 000f | 8783 2100 | 004c 63d2 
  0x000074e5a4576cd8: 488b eb81 | fa00 0010 | 000f 87a9 | 1e00 004d | 8b8f b801 | 0000 4983 | c217 4983 | e2f8 4d8b 
  0x000074e5a4576cf8: c14d 03c2 | 4d3b 87c8 | 0100 000f | 8387 1e00 | 004d 8987 | b801 0000 | 410f 0d88 | c000 0000 
  0x000074e5a4576d18: 49c7 0101 | 0000 0041 | 0f0d 8800 

  0x000074e5a4576d24: ;   {metadata({type array byte})}
  0x000074e5a4576d24: 0100 0041 | c741 0818 | 2300 0041 | 8951 0c41 | 0f0d 8840 | 0100 0041 | 0f0d 8880 | 0100 0045 
  0x000074e5a4576d44: 85db 0f84 | 1202 0000 | 41ba 2f00 | 0000 6645 | 8951 1041 | b82f 0000 | 0066 4589 | 4112 41ba 
  0x000074e5a4576d64: 0400 0000 | 4b8d 7c11 | 1044 8b43 | 1441 8b50 | 0c4d 8bd0 | 4d8d 5010 | 807b 1000 | 0f84 5d01 
  0x000074e5a4576d84: 0000 4d8b | c24c 8bd7 | 4c89 4c24 | 5844 895c | 2450 4c8b | 5c24 404c | 895c 2448 | 4c8b 5c24 
  0x000074e5a4576da4: 384c 895c | 2440 4489 | 6c24 38d1 | fa48 63d2 | 498b f849 | 8bf2 c5f8 | 7749 ba60 | e0d6 a3e5 
  0x000074e5a4576dc4: 7400 0041 

  0x000074e5a4576dc8: ;   {other}
  0x000074e5a4576dc8: ffd2 0f1f | 8400 0000 | 0000 448b | 6c24 384c | 8b54 2440 | 4c89 5424 | 384c 8b54 | 2448 4c89 
  0x000074e5a4576de8: 5424 4044 | 8b5c 2450 | 4c8b 4c24 | 58e9 9600 | 0000 498b | f28b ca83 | e10f 83e2 | f074 1c48 
  0x000074e5a4576e08: 8d34 1648 | 8d3c 5748 | f7da c4e2 | 7d30 0416 | c5fe 7f04 | 5748 83c2 | 1075 ef8b | d183 e107 
  0x000074e5a4576e28: 83e2 f874 | 27c4 e279 | 3006 c5fa | 7f07 4883 | c608 4883 | c710 e911 | 0000 00c4 | e279 3004 
  0x000074e5a4576e48: 16c5 fa7f | 0457 4883 | c208 75ef | 8bd1 83fa | 047c 19c5 | f96e 06c4 | e279 30c0 | c5f9 d607 
  0x000074e5a4576e68: 4883 ea04 | 4883 c604 | 4883 c708 | 85d2 7418 | 488d 3416 | 488d 3c57 | 48f7 da0f | b60c 1666 
  0x000074e5a4576e88: 890c 5748 | ffc2 75f3 | 498b 87b8 | 0100 004c | 8bd0 4983 | c218 4d3b | 97c8 0100 | 000f 8355 
  0x000074e5a4576ea8: 1c00 004d | 8997 b801 | 0000 410f | 0d8a c000 | 0000 48c7 | 0001 0000 

  0x000074e5a4576ec0: ;   {metadata('java/lang/String')}
  0x000074e5a4576ec0: 00c7 4008 | 70ea 0000 | 4489 600c | 4c89 6010 | 488b c844 | 8859 104d | 8bd9 4489 | 5914 e982 
  0x000074e5a4576ee0: e2ff ff45 | 85db 0f85 | 0eff ffff | 4d8b c24c | 8bd7 4c89 | 4c24 5844 | 895c 2450 | 4c8b 5c24 
  0x000074e5a4576f00: 404c 895c | 2448 4c8b | 5c24 384c | 895c 2440 | 4489 6c24 | 3848 63d2 | 498b f849 | 8bf2 c5f8 
  0x000074e5a4576f20: 7749 bac0 | ded6 a3e5 | 7400 0041 

  0x000074e5a4576f2c: ;   {other}
  0x000074e5a4576f2c: ffd2 0f1f | 8400 0000 | 0000 448b | 6c24 384c | 8b54 2440 | 4c89 5424 | 384c 8b54 | 2448 4c89 
  0x000074e5a4576f4c: 5424 4044 | 8b5c 2450 | 4c8b 4c24 | 58e9 32ff | ffff 41c6 | 4110 2f41 | c641 112f | 41ba 0200 
  0x000074e5a4576f6c: 0000 e9f5 | fdff ff48 | 8bf2 6690 

  0x000074e5a4576f78: ;   {optimized virtual_call}
  0x000074e5a4576f78: c5f8 77e8 

  0x000074e5a4576f7c: ; ImmutableOopMap {rbp=NarrowOop [8]=Oop [16]=Oop [24]=Oop [40]=Oop }
                      ;*invokevirtual length {reexecute=0 rethrow=0 return_oop=0}
                      ; - java.lang.String::indexOf@30 (line 2462)
                      ; - java.lang.String::indexOf@3 (line 2405)
                      ; - java.lang.ClassLoader::checkName@16 (line 1157)
                      ; - java.lang.ClassLoader::preDefineClass@1 (line 900)
                      ; - java.lang.ClassLoader::defineClass@4 (line 1025)
  0x000074e5a4576f7c: 00e1 80ff 

  0x000074e5a4576f80: ;   {other}
  0x000074e5a4576f80: 0f1f 8400 | f02c 0029 | 488b f5ba | 2f00 0000 | 33c9 448b | c048 8b6c | 2410 6690 

  0x000074e5a4576f9c: ;   {static_call}
  0x000074e5a4576f9c: c5f8 77e8 

  0x000074e5a4576fa0: ; ImmutableOopMap {rbp=Oop [8]=Oop [16]=Oop [24]=Oop [40]=Oop }
                      ;*invokestatic indexOf {reexecute=0 rethrow=0 return_oop=0}
                      ; - java.lang.String::indexOf@33 (line 2462)
                      ; - java.lang.String::indexOf@3 (line 2405)
                      ; - java.lang.ClassLoader::checkName@16 (line 1157)
                      ; - java.lang.ClassLoader::preDefineClass@1 (line 900)
                      ; - java.lang.ClassLoader::defineClass@4 (line 1025)
  0x000074e5a4576fa0: dce6 80ff 

  0x000074e5a4576fa4: ;   {other}
  0x000074e5a4576fa4: 0f1f 8400 | 142d 002a | 8bd8 e92c | dbff ff45 

  0x000074e5a4576fb4: ;   {metadata('java/util/concurrent/ConcurrentHashMap$ForwardingNode')}
  0x000074e5a4576fb4: 8b5e 0841 | 81fb c8b6 | 1800 0f85 | f41e 0000 | 4489 4424 | 1c4c 894c | 2438 4c8b | 5424 084c 
  0x000074e5a4576fd4: 8954 2428 | 4c8b 5424 | 304c 8954 | 2420 4c8b | 5424 104c | 8954 2408 | 498b f549 | 8bc9 488b 
  0x000074e5a4576ff4: 6c24 2890 

  0x000074e5a4576ff8: ;   {optimized virtual_call}
  0x000074e5a4576ff8: c5f8 77e8 

  0x000074e5a4576ffc: ; ImmutableOopMap {rbp=Oop [8]=Oop [28]=NarrowOop [32]=Oop [40]=Oop [56]=Oop }
                      ;*invokevirtual find {reexecute=0 rethrow=0 return_oop=1}
                      ; - java.util.concurrent.ConcurrentHashMap::get@93 (line 944)
                      ; - java.lang.ClassLoader::getNamedPackage@5 (line 341)
                      ; - java.lang.ClassLoader::postDefineClass@9 (line 934)
                      ; - java.lang.ClassLoader::defineClass@37 (line 1028)
  0x000074e5a4576ffc: 80e0 80ff 

  0x000074e5a4577000: ;   {other}
  0x000074e5a4577000: 0f1f 8400 | 702d 002b | 4885 c00f | 8437 0c00 | 008b 6814 | 85ed 0f84 | 2c0c 0000 | 4c8b 5424 
  0x000074e5a4577020: 084c 8954 | 2410 4c8b | 5424 204c | 8954 2430 | 4c8b 5424 | 284c 8954 | 2408 e9ba | edff ff49 
  0x000074e5a4577040: 8b87 b801 | 0000 4c8b | d049 83c2 | 1849 8bcb | 4d3b 97c8 | 0100 000f | 83c1 1b00 | 004d 8997 
  0x000074e5a4577060: b801 0000 | 410f 0d8a | c000 0000 | 48c7 0001 

  0x000074e5a4577070: ;   {metadata('java/util/ArrayList')}
  0x000074e5a4577070: 0000 00c7 | 4008 b0b2 | 0b00 4489 | 600c 4489 

  0x000074e5a4577080: ;   {oop(a 'java/lang/Object'[0] {0x000000008079cae8})}
  0x000074e5a4577080: 6010 c740 | 14e8 ca79 | 804c 8bd8 | 458b 480c | 4585 c90f | 86f0 0000 | 0045 33c9 | eb2f 6690 
  0x000074e5a45770a0: 4889 6c24 | 284c 8b54 | 2408 4c89 | 5424 104c | 8b6c 2440 | 4c8b 5424 | 484c 8954 | 2430 488b 
  0x000074e5a45770c0: 5c24 5048 | 8b4c 2458 | 4c8b 5c24 | 6041 8b78 | 0c44 3bcf | 0f83 0e1d | 0000 478b | 4488 1045 
  0x000074e5a45770e0: 8b50 1045 | 8b52 1044 | 894c 243c | 4c89 5c24 | 6048 894c | 2458 4889 | 5c24 504c | 8b5c 2430 
  0x000074e5a4577100: 4c89 5c24 | 484c 896c | 2440 4c8b | 5c24 104c | 895c 2408 | 488b 6c24 | 2849 8bd2 | 488b 7424 
  0x000074e5a4577120: 6066 6690 

  0x000074e5a4577124: ;   {optimized virtual_call}
  0x000074e5a4577124: c5f8 77e8 

  0x000074e5a4577128: ; ImmutableOopMap {rbp=Oop [8]=Oop [24]=Oop [56]=NarrowOop [64]=Oop [72]=Oop [80]=Oop [88]=Oop [96]=Oop }
                      ;*invokevirtual addAll {reexecute=0 rethrow=0 return_oop=0}
                      ; - java.security.CodeSource::getCertificates@57 (line 212)
                      ; - java.lang.ClassLoader::checkCerts@34 (line 1168)
                      ; - java.lang.ClassLoader::preDefineClass@113 (line 917)
                      ; - java.lang.ClassLoader::defineClass@4 (line 1025)
  0x000074e5a4577128: 54df 80ff 

  0x000074e5a457712c: ;   {other}
  0x000074e5a457712c: 0f1f 8400 | 9c2e 002c | 4d8b 9f50 | 0400 0044 | 8b54 2438 | 458b 4210 | 448b 4c24 

  0x000074e5a4577148: ; ImmutableOopMap {r8=NarrowOop rbp=Oop [8]=Oop [24]=Oop [56]=NarrowOop [64]=Oop [72]=Oop [80]=Oop [88]=Oop [96]=Oop }
                      ;*goto {reexecute=1 rethrow=0 return_oop=0}
                      ; - (reexecute) java.security.CodeSource::getCertificates@64 (line 211)
                      ; - java.lang.ClassLoader::checkCerts@34 (line 1168)
                      ; - java.lang.ClassLoader::preDefineClass@113 (line 917)
                      ; - java.lang.ClassLoader::defineClass@4 (line 1025)
  0x000074e5a4577148: 3c41 ffc1 

  0x000074e5a457714c: ;   {poll}
  0x000074e5a457714c: 4185 0345 | 8b58 0c45 | 3bcb 0f8c | 44ff ffff | 4889 6c24 | 284c 8b54 | 2408 4c89 | 5424 104c 
  0x000074e5a457716c: 8b6c 2440 | 4c8b 5424 | 484c 8954 | 2430 488b | 5c24 5048 | 8b4c 2458 | 4c8b 5c24 | 6049 8b87 
  0x000074e5a457718c: b801 0000 | 4c8b d049 | 83c2 104d | 3b97 c801 | 0000 0f83 | 041b 0000 | 4d89 97b8 | 0100 0041 
  0x000074e5a45771ac: 0f0d 8ac0 | 0000 0048 | c700 0100 | 0000 410f | 0d8a 0001 

  0x000074e5a45771c0: ;   {metadata('java/security/cert/Certificate'[])}
  0x000074e5a45771c0: 0000 c740 | 08c8 5210 | 0041 0f0d | 8a40 0100 | 0044 8960 | 0c41 0f0d | 8a80 0100 | 0048 8b6c 
  0x000074e5a45771e0: 2428 4c8b | 5424 104c | 8954 2408 | 448b 5424 | 7044 8954 | 243c 4c89 | 6c24 4048 | 895c 2448 
  0x000074e5a4577200: 4889 4c24 | 504c 895c | 2458 488b | d048 8b74 | 2458 6690 

  0x000074e5a4577214: ;   {optimized virtual_call}
  0x000074e5a4577214: c5f8 77e8 

  0x000074e5a4577218: ; ImmutableOopMap {rbp=Oop [8]=Oop [24]=Oop [48]=Oop [56]=NarrowOop [64]=Oop [72]=Oop [80]=Oop }
                      ;*invokevirtual toArray {reexecute=0 rethrow=0 return_oop=1}
                      ; - java.security.CodeSource::getCertificates@73 (line 215)
                      ; - java.lang.ClassLoader::checkCerts@34 (line 1168)
                      ; - java.lang.ClassLoader::preDefineClass@113 (line 917)
                      ; - java.lang.ClassLoader::defineClass@4 (line 1025)
  0x000074e5a4577218: 64de 80ff 

  0x000074e5a457721c: ;   {other}
  0x000074e5a457721c: 0f1f 8400 | 8c2f 002e | 488b c844 

  0x000074e5a4577228: ;   {metadata('java/security/cert/Certificate'[])}
  0x000074e5a4577228: 8b58 0841 | 81fb c852 | 1000 0f85 | fc1d 0000 | 448b 490c | 4c8b 5424 | 504d 63d9 | 49c1 ea09 
  0x000074e5a4577248: 49b8 0040 | d1b9 e574 | 0000 4788 | 2410 49c1 | e302 4c8b | d144 8b44 | 2438 4589 | 5014 4181 
  0x000074e5a4577268: f900 0004 | 000f 8786 | 1a00 0049 | 8b9f b801 | 0000 4d8d | 5317 4983 | e2f8 4c8b | c34d 03c2 
  0x000074e5a4577288: 4d3b 87c8 | 0100 000f | 8364 1a00 | 004d 8987 | b801 0000 | 410f 0d88 | c000 0000 | 48c7 0301 
  0x000074e5a45772a8: 0000 0041 | 0f0d 8800 

  0x000074e5a45772b0: ;   {metadata('java/security/cert/Certificate'[])}
  0x000074e5a45772b0: 0100 00c7 | 4308 c852 | 1000 4489 | 4b0c 410f | 0d88 4001 | 0000 410f | 0d88 8001 | 0000 488b 
  0x000074e5a45772d0: f948 83c7 | 1048 8bf3 | 4883 c610 | 4983 c307 | 49c1 eb03 | 498b d3c5 | f877 49ba | 00e3 d6a3 
  0x000074e5a45772f0: e574 0000 

  0x000074e5a45772f4: ;   {other}
  0x000074e5a45772f4: 41ff d20f | 1f84 0000 | 0000 004c | 8bd3 4889 | 6c24 284c | 8b5c 2408 | 4c89 5c24 | 1044 8b5c 
  0x000074e5a4577314: 243c 4489 | 5c24 704c | 8b6c 2440 | 488b 5c24 | 484d 8bf2 | e9a0 daff | ff44 8954 | 2454 8974 
  0x000074e5a4577334: 2450 4489 | 4c24 4c44 | 8b5c 2438 | 4489 5c24 | 484c 8b54 | 2430 4c89 | 5424 404c | 896c 2438 
  0x000074e5a4577354: 4c8b 5424 | 284c 8954 

  0x000074e5a457735c: ;   {metadata('java/lang/String')}
  0x000074e5a457735c: 2408 48be | 70ea 004e | e574 0000 

  0x000074e5a4577368: ;   {runtime_call _new_instance_Java}
  0x000074e5a4577368: c5f8 77e8 

  0x000074e5a457736c: ; ImmutableOopMap {rbp=Oop [8]=Oop [16]=Oop [24]=Oop [56]=Oop [64]=Oop [72]=NarrowOop [76]=NarrowOop }
                      ;*new {reexecute=0 rethrow=0 return_oop=1}
                      ; - java.lang.StringLatin1::newString@7 (line 752)
                      ; - java.lang.String::substring@41 (line 2839)
                      ; - java.lang.ClassLoader::checkCerts@21 (line 1164)
                      ; - java.lang.ClassLoader::preDefineClass@113 (line 917)
                      ; - java.lang.ClassLoader::defineClass@4 (line 1025)
  0x000074e5a457736c: 906f 8cff 

  0x000074e5a4577370: ;   {other}
  0x000074e5a4577370: 0f1f 8400 | e030 002f | 4c8b 5424 | 084c 8954 | 2428 4c8b | 6c24 384c | 8b54 2440 | 4c89 5424 
  0x000074e5a4577390: 3044 8b54 | 2448 4489 | 5424 3844 | 8b4c 244c | 8b74 2450 | 448b 5424 | 5448 8bd8 | e9e6 d8ff 
  0x000074e5a45773b0: ff48 8954 | 2448 4489 | 6c24 404c | 8b54 2430 | 4c89 5424 | 384c 8b54 | 2410 4c89 | 5424 0848 
  0x000074e5a45773d0: 8b6c 2428 

  0x000074e5a45773d4: ;   {metadata('java/lang/StringBuilder')}
  0x000074e5a45773d4: 48be 3882 | 004e e574 | 0000 6690 

  0x000074e5a45773e0: ;   {runtime_call _new_instance_Java}
  0x000074e5a45773e0: c5f8 77e8 

  0x000074e5a45773e4: ; ImmutableOopMap {rbp=Oop [8]=Oop [24]=Oop [56]=Oop [64]=NarrowOop [72]=Oop }
                      ;*new {reexecute=0 rethrow=0 return_oop=1}
                      ; - java.net.URLStreamHandler::toExternalForm@0 (line 480)
                      ; - java.net.URL::toExternalForm@5 (line 1203)
                      ; - java.net.URL::toString@1 (line 1189)
                      ; - java.lang.ClassLoader::defineClassSourceLocation@22 (line 927)
                      ; - java.lang.ClassLoader::defineClass@12 (line 1026)
  0x000074e5a45773e4: 186f 8cff 

  0x000074e5a45773e8: ;   {other}
  0x000074e5a45773e8: 0f1f 8400 | 5831 0030 | 4889 6c24 | 284c 8b54 | 2408 4c89 | 5424 104c | 8b54 2438 | 4c89 5424 
  0x000074e5a4577408: 3044 8b6c | 2440 4c8b | 5424 4849 | 8bd2 e992 | daff ff4c | 8b54 2440 | 4c89 5424 | 5048 8954 
  0x000074e5a4577428: 2448 4489 | 6c24 404c | 8b54 2430 | 4c89 5424 | 384c 8b54 | 2410 4c89 | 5424 0848 | 8b6c 2428 
  0x000074e5a4577448: ;   {metadata({type array byte})}
  0x000074e5a4577448: 48be 1823 | 004e e574 | 0000 ba10 | 0000 0090 

  0x000074e5a4577458: ;   {runtime_call _new_array_Java}
  0x000074e5a4577458: c5f8 77e8 

  0x000074e5a457745c: ; ImmutableOopMap {rbp=Oop [8]=Oop [24]=Oop [56]=Oop [64]=NarrowOop [72]=Oop [80]=Oop }
                      ;*newarray {reexecute=0 rethrow=0 return_oop=1}
                      ; - java.lang.AbstractStringBuilder::<init>@12 (line 101)
                      ; - java.lang.StringBuilder::<init>@3 (line 106)
                      ; - java.net.URLStreamHandler::toExternalForm@4 (line 480)
                      ; - java.net.URL::toExternalForm@5 (line 1203)
                      ; - java.net.URL::toString@1 (line 1189)
                      ; - java.lang.ClassLoader::defineClassSourceLocation@22 (line 927)
                      ; - java.lang.ClassLoader::defineClass@12 (line 1026)
  0x000074e5a457745c: 2048 8cff 

  0x000074e5a4577460: ;   {other}
  0x000074e5a4577460: 0f1f 8400 | d031 0031 | 4889 6c24 | 284c 8b54 | 2408 4c89 | 5424 104c | 8b54 2438 | 4c89 5424 
  0x000074e5a4577480: 3044 8b6c | 2440 4c8b | 5424 484c | 8b5c 2450 | 4c89 5c24 | 4049 8bd2 | e974 daff 

  0x000074e5a457749c: ;   {metadata('java/lang/String')}
  0x000074e5a457749c: ff48 be70 | ea00 4ee5 | 7400 0090 

  0x000074e5a45774a8: ;   {runtime_call _new_instance_Java}
  0x000074e5a45774a8: c5f8 77e8 

  0x000074e5a45774ac: ; ImmutableOopMap {[16]=Oop [24]=Oop [40]=Oop [48]=Oop [64]=Oop }
                      ;*new {reexecute=0 rethrow=0 return_oop=1}
                      ; - java.lang.StringBuilder::toString@0 (line 475)
                      ; - java.net.URLStreamHandler::toExternalForm@152 (line 486)
                      ; - java.net.URL::toExternalForm@5 (line 1203)
                      ; - java.net.URL::toString@1 (line 1189)
                      ; - java.lang.ClassLoader::defineClassSourceLocation@22 (line 927)
                      ; - java.lang.ClassLoader::defineClass@12 (line 1026)
  0x000074e5a45774ac: 506e 8cff 

  0x000074e5a45774b0: ;   {other}
  0x000074e5a45774b0: 0f1f 8400 | 2032 0032 | 488b d8e9 | 2ae1 ffff | 4889 5424 | 684c 8944 | 2460 4c89 | 5c24 5848 
  0x000074e5a45774d0: 895c 2450 | 4489 5424 | 4c44 8b5c | 2438 4489 | 5c24 484c | 8b54 2430 | 4c89 5424 | 404c 896c 
  0x000074e5a45774f0: 2438 448b | 5424 7044 | 8954 2430 | 4c8b 5424 | 284c 8954 

  0x000074e5a4577504: ;   {metadata({type array byte})}
  0x000074e5a4577504: 2408 48be | 1823 004e | e574 0000 | 8b54 244c 

  0x000074e5a4577514: ;   {runtime_call _new_array_nozero_Java}
  0x000074e5a4577514: c5f8 77e8 

  0x000074e5a4577518: ; ImmutableOopMap {[8]=Oop [16]=Oop [24]=Oop [56]=Oop [64]=Oop [72]=NarrowOop [80]=Oop [128]=Oop [88]=Derived_oop_[128] }
                      ;*newarray {reexecute=0 rethrow=0 return_oop=1}
                      ; - java.util.Arrays::copyOfRangeByte@10 (line 3863)
                      ; - java.util.Arrays::copyOfRange@13 (line 3854)
                      ; - java.lang.StringLatin1::newString@16 (line 752)
                      ; - java.lang.String::substring@41 (line 2839)
                      ; - java.lang.ClassLoader::checkCerts@21 (line 1164)
                      ; - java.lang.ClassLoader::preDefineClass@113 (line 917)
                      ; - java.lang.ClassLoader::defineClass@4 (line 1025)
  0x000074e5a4577518: 643b 8cff 

  0x000074e5a457751c: ;   {other}
  0x000074e5a457751c: 0f1f 8400 | 8c32 0033 | 4c8b 5424 | 084c 8954 | 2428 448b | 5c24 3044 | 895c 2470 | 4c8b 6c24 
  0x000074e5a457753c: 384c 8b54 | 2440 4c89 | 5424 3044 | 8b54 2448 | 4489 5424 | 3844 8b54 | 244c 488b | 5c24 504c 
  0x000074e5a457755c: 8b5c 2458 | 4c8b 4424 | 6048 8b54 | 2468 4c8b | f0e9 d0d7 | ffff 4889 | 5424 6048 | 8974 2458 
  0x000074e5a457757c: 4c89 4424 | 5089 4c24 | 4848 895c | 2440 4c8b | 5424 304c | 8954 2438 | 448b 5c24 | 7044 895c 
  0x000074e5a457759c: 2430 4c8b | 5424 284c | 8954 2408 

  0x000074e5a45775a8: ;   {metadata({type array byte})}
  0x000074e5a45775a8: 48be 1823 | 004e e574 | 0000 8bd1 

  0x000074e5a45775b4: ;   {runtime_call _new_array_nozero_Java}
  0x000074e5a45775b4: c5f8 77e8 

  0x000074e5a45775b8: ; ImmutableOopMap {[8]=Oop [16]=Oop [24]=Oop [56]=Oop [64]=Oop [120]=Oop [80]=Derived_oop_[120] }
                      ;*newarray {reexecute=0 rethrow=0 return_oop=1}
                      ; - java.util.Arrays::copyOfRangeByte@10 (line 3863)
                      ; - java.util.Arrays::copyOfRange@13 (line 3854)
                      ; - java.lang.String::<init>@32 (line 4788)
                      ; - java.lang.String::<init>@3 (line 1507)
                      ; - java.lang.StringBuilder::toString@5 (line 475)
                      ; - java.net.URLStreamHandler::toExternalForm@152 (line 486)
                      ; - java.net.URL::toExternalForm@5 (line 1203)
                      ; - java.net.URL::toString@1 (line 1189)
                      ; - java.lang.ClassLoader::defineClassSourceLocation@22 (line 927)
                      ; - java.lang.ClassLoader::defineClass@12 (line 1026)
  0x000074e5a45775b8: c43a 8cff 

  0x000074e5a45775bc: ;   {other}
  0x000074e5a45775bc: 0f1f 8400 | 2c33 0034 | 4c8b 5424 | 084c 8954 | 2428 448b | 5424 3044 | 8954 2470 | 4c8b 5424 
  0x000074e5a45775dc: 384c 8954 | 2430 488b | 5c24 408b | 4c24 484c | 8b44 2450 | 488b 7424 | 5848 8b54 | 2460 4c8b 
  0x000074e5a45775fc: e8e9 b9e0 | ffff 498b | 87b8 0100 | 004c 8bc0 | 4983 c018 | 498b da4d | 3b87 c801 | 0000 0f83 
  0x000074e5a457761c: 1217 0000 | 4d89 87b8 | 0100 0041 | 0f0d 88c0 | 0000 0048 | c700 0100 

  0x000074e5a4577634: ;   {metadata('java/util/ArrayList')}
  0x000074e5a4577634: 0000 c740 | 08b0 b20b | 0044 8960 | 0c44 8960 | 1045 8b4b 

  0x000074e5a4577648: ;   {oop(a 'java/lang/Object'[0] {0x000000008079cae8})}
  0x000074e5a4577648: 0cc7 4014 | e8ca 7980 | 488b c845 | 85c9 0f86 | b500 0000 | 4533 c0eb | 1948 896c | 2410 48ff 
  0x000074e5a4577668: 7424 1848 | 8f44 2408 | 488b 5c24 | 2848 8b4c | 2430 458b | 4b0c 453b | c10f 83a5 | 1700 0047 
  0x000074e5a4577688: 8b5c 8310 

  0x000074e5a457768c: ; implicit exception: dispatches to 0x000074e5a45796cc
  0x000074e5a457768c: 458b 4b10 

  0x000074e5a4577690: ; implicit exception: dispatches to 0x000074e5a45796e4
  0x000074e5a4577690: 458b 4910 | 4489 4424 | 2448 894c | 2430 4889 | 5c24 2844 | 8954 2420 | 48ff 7424 | 0848 8f44 
  0x000074e5a45776b0: 2418 488b | 6c24 1049 | 8bd1 488b | f166 6690 

  0x000074e5a45776c0: ;   {optimized virtual_call}
  0x000074e5a45776c0: c5f8 77e8 

  0x000074e5a45776c4: ; ImmutableOopMap {rbp=Oop [24]=Oop [32]=NarrowOop [40]=Oop [48]=Oop }
                      ;*invokevirtual addAll {reexecute=0 rethrow=0 return_oop=0}
                      ; - java.security.CodeSource::getCertificates@57 (line 212)
                      ; - java.lang.ClassLoader::postDefineClass@24 (line 937)
                      ; - java.lang.ClassLoader::defineClass@37 (line 1028)
  0x000074e5a45776c4: b8d9 80ff 

  0x000074e5a45776c8: ;   {other}
  0x000074e5a45776c8: 0f1f 8400 | 3834 0035 | 4d8b 8f50 | 0400 0044 | 8b54 2420 | 458b 5a10 | 448b 4424 

  0x000074e5a45776e4: ; ImmutableOopMap {r10=NarrowOop r11=NarrowOop rbp=Oop [24]=Oop [40]=Oop [48]=Oop }
                      ;*goto {reexecute=1 rethrow=0 return_oop=0}
                      ; - (reexecute) java.security.CodeSource::getCertificates@64 (line 211)
                      ; - java.lang.ClassLoader::postDefineClass@24 (line 937)
                      ; - java.lang.ClassLoader::defineClass@37 (line 1028)
  0x000074e5a45776e4: 2441 ffc0 

  0x000074e5a45776e8: ;   {poll}
  0x000074e5a45776e8: 4185 0141 | 8b4b 0c44 | 3bc1 0f8c | 69ff ffff | 4889 6c24 | 1048 ff74 | 2418 488f | 4424 0848 
  0x000074e5a4577708: 8b5c 2428 | 488b 4c24 | 3049 8b87 | b801 0000 | 4c8b d849 | 83c3 104d | 3b9f c801 | 0000 0f83 
  0x000074e5a4577728: 6316 0000 | 4d89 9fb8 | 0100 0041 | 0f0d 8bc0 | 0000 0048 | c700 0100 | 0000 410f | 0d8b 0001 
  0x000074e5a4577748: ;   {metadata('java/security/cert/Certificate'[])}
  0x000074e5a4577748: 0000 c740 | 08c8 5210 | 0041 0f0d | 8b40 0100 | 0044 8960 | 0c41 0f0d | 8b80 0100 | 0044 8954 
  0x000074e5a4577768: 2418 488b | eb48 894c | 2420 488b | d048 8b74 | 2420 6690 

  0x000074e5a457777c: ;   {optimized virtual_call}
  0x000074e5a457777c: c5f8 77e8 

  0x000074e5a4577780: ; ImmutableOopMap {rbp=Oop [8]=Oop [16]=Oop [24]=NarrowOop }
                      ;*invokevirtual toArray {reexecute=0 rethrow=0 return_oop=1}
                      ; - java.security.CodeSource::getCertificates@73 (line 215)
                      ; - java.lang.ClassLoader::postDefineClass@24 (line 937)
                      ; - java.lang.ClassLoader::defineClass@37 (line 1028)
  0x000074e5a4577780: fcd8 80ff 

  0x000074e5a4577784: ;   {other}
  0x000074e5a4577784: 0f1f 8400 | f434 0037 | 4c8b d044 

  0x000074e5a4577790: ;   {metadata('java/security/cert/Certificate'[])}
  0x000074e5a4577790: 8b58 0841 | 81fb c852 | 1000 0f85 | ec18 0000 | 4c89 5424 | 2845 8b5a | 0c4c 8bc5 | 4963 eb49 
  0x000074e5a45777b0: c1e8 0949 | ba00 40d1 | b9e5 7400 | 0047 8824 | 0248 c1e5 | 024c 8b54 | 2428 448b | 4424 1845 
  0x000074e5a45777d0: 8950 1441 | 81fb 0000 | 0400 0f87 | e115 0000 | 498b 9fb8 | 0100 004c | 8d55 1749 | 83e2 f84c 
  0x000074e5a45777f0: 8bc3 4d03 | c24d 3b87 | c801 0000 | 0f83 bf15 | 0000 4d89 | 87b8 0100 | 0041 0f0d | 88c0 0000 
  0x000074e5a4577810: 0048 c703 | 0100 0000 | 410f 0d88 | 0001 0000 

  0x000074e5a4577820: ;   {metadata('java/security/cert/Certificate'[])}
  0x000074e5a4577820: c743 08c8 | 5210 0044 | 895b 0c41 | 0f0d 8840 | 0100 0041 | 0f0d 8880 | 0100 0048 | 8b7c 2428 
  0x000074e5a4577840: 4883 c710 | 488b f348 | 83c6 1048 | 83c5 0748 | c1ed 0348 | 8bd5 c5f8 | 7749 ba00 | e3d6 a3e5 
  0x000074e5a4577860: 7400 0041 

  0x000074e5a4577864: ;   {other}
  0x000074e5a4577864: ffd2 0f1f | 8400 0000 | 0000 e9d0 | e8ff ff4c | 8b54 2408 | 4c89 5424 | 104c 8b54 | 2420 4c89 
  0x000074e5a4577884: 5424 3048 | 896c 2408 | 4c8b 4c24 | 3844 8b44 | 241c 8b54 | 2440 4c8b | 6c24 48e9 | 64e1 ffff 
  0x000074e5a45778a4: bee4 ffff | ff44 8954 | 2408 448b | 5424 2044 | 8954 240c | 448b 5c24 | 2444 895c | 2420 4c89 
  0x000074e5a45778c4: 6c24 4844 | 8b54 2438 | 4489 5424 | 2444 894c | 243c 6690 

  0x000074e5a45778d8: ;   {runtime_call UncommonTrapBlob}
  0x000074e5a45778d8: c5f8 77e8 

  0x000074e5a45778dc: ; ImmutableOopMap {[16]=Oop [24]=Oop [36]=NarrowOop [40]=Oop [48]=Oop [60]=NarrowOop [72]=Oop }
                      ;*baload {reexecute=0 rethrow=0 return_oop=0}
                      ; - java.lang.StringLatin1::lastIndexOf@24 (line 286)
                      ; - java.lang.String::lastIndexOf@13 (line 2573)
                      ; - java.lang.String::lastIndexOf@8 (line 2535)
                      ; - java.lang.ClassLoader::checkCerts@3 (line 1163)
                      ; - java.lang.ClassLoader::preDefineClass@113 (line 917)
                      ; - java.lang.ClassLoader::defineClass@4 (line 1025)
  0x000074e5a45778dc: 202a 81ff 

  0x000074e5a45778e0: ;   {other}
  0x000074e5a45778e0: 0f1f 8400 | 5036 0038 | 894c 2438 | 4489 5c24 | 2c44 894c | 2428 4c8b | 5424 084c | 8954 2420 
  0x000074e5a4577900: 4c8b 5424 | 304c 8954 | 2418 488b 

  0x000074e5a457790c: ;   {metadata('java/lang/String')}
  0x000074e5a457790c: 6c24 1048 | be70 ea00 | 4ee5 7400 | 0066 6690 

  0x000074e5a457791c: ;   {runtime_call _new_instance_Java}
  0x000074e5a457791c: c5f8 77e8 

  0x000074e5a4577920: ; ImmutableOopMap {rbp=Oop [24]=Oop [32]=Oop [40]=NarrowOop [120]=Oop }
                      ;*new {reexecute=0 rethrow=0 return_oop=1}
                      ; - java.lang.StringLatin1::newString@7 (line 752)
                      ; - java.lang.String::substring@41 (line 2839)
                      ; - java.lang.Class::getPackageName@62 (line 1169)
                      ; - java.lang.ClassLoader::postDefineClass@2 (line 934)
                      ; - java.lang.ClassLoader::defineClass@37 (line 1028)
  0x000074e5a4577920: dc69 8cff 

  0x000074e5a4577924: ;   {other}
  0x000074e5a4577924: 0f1f 8400 | 9436 0039 | 4889 6c24 | 104c 8b5c | 2418 4c89 | 5c24 304c | 8b5c 2420 | 4c89 5c24 
  0x000074e5a4577944: 0844 8b4c | 2428 448b | 5c24 2c8b | 4c24 3848 | 8bd8 e9fa | deff ff48 | 8954 2450 | 4c89 4424 
  0x000074e5a4577964: 484c 8954 | 2440 4889 | 5c24 3889 | 4c24 1c4c | 8b54 2408 | 4c89 5424 | 284c 8b54 | 2430 4c89 
  0x000074e5a4577984: 5424 2044 | 8b5c 2470 | 4489 5c24 | 184c 8b54 | 2410 4c89 

  0x000074e5a4577998: ;   {metadata({type array byte})}
  0x000074e5a4577998: 5424 0848 | be18 2300 | 4ee5 7400 | 008b d14c | 8b54 2428 | 4c89 5424 | 1066 6690 

  0x000074e5a45779b4: ;   {runtime_call _new_array_nozero_Java}
  0x000074e5a45779b4: c5f8 77e8 

  0x000074e5a45779b8: ; ImmutableOopMap {[8]=Oop [16]=Oop [32]=Oop [40]=Oop [56]=Oop [120]=Oop [64]=Derived_oop_[120] }
                      ;*newarray {reexecute=0 rethrow=0 return_oop=1}
                      ; - java.util.Arrays::copyOfRangeByte@10 (line 3863)
                      ; - java.util.Arrays::copyOfRange@13 (line 3854)
                      ; - java.lang.StringLatin1::newString@16 (line 752)
                      ; - java.lang.String::substring@41 (line 2839)
                      ; - java.lang.Class::getPackageName@62 (line 1169)
                      ; - java.lang.ClassLoader::postDefineClass@2 (line 934)
                      ; - java.lang.ClassLoader::defineClass@37 (line 1028)
  0x000074e5a45779b8: c436 8cff 

  0x000074e5a45779bc: ;   {other}
  0x000074e5a45779bc: 0f1f 8400 | 2c37 003a | 4c8b 5424 | 084c 8954 | 2410 448b | 5424 1844 | 8954 2470 | 4c8b 5424 
  0x000074e5a45779dc: 204c 8954 | 2430 4c8b | 5424 284c | 8954 2408 | 8b4c 241c | 488b 5c24 | 384c 8b54 | 2440 4c8b 
  0x000074e5a45779fc: 4424 4848 | 8b54 2450 | 4c8b e8e9 | ebde ffff | 4489 4424 | 204c 894c 

  0x000074e5a4577a14: ;   {metadata('java/lang/NamedPackage')}
  0x000074e5a4577a14: 2418 48be | e0c2 014e | e574 0000 

  0x000074e5a4577a20: ;   {runtime_call _new_instance_Java}
  0x000074e5a4577a20: c5f8 77e8 

  0x000074e5a4577a24: ; ImmutableOopMap {[8]=Oop [16]=Oop [24]=Oop [32]=NarrowOop [48]=Oop }
                      ;*new {reexecute=0 rethrow=0 return_oop=1}
                      ; - java.lang.ClassLoader::getNamedPackage@16 (line 343)
                      ; - java.lang.ClassLoader::postDefineClass@9 (line 934)
                      ; - java.lang.ClassLoader::defineClass@37 (line 1028)
  0x000074e5a4577a24: d868 8cff 

  0x000074e5a4577a28: ;   {other}
  0x000074e5a4577a28: 0f1f 8400 | 9837 003b | e9fa e0ff 

  0x000074e5a4577a34: ;   {metadata('java/lang/InternalError')}
  0x000074e5a4577a34: ff48 be30 | 0901 4ee5 | 7400 0090 

  0x000074e5a4577a40: ;   {runtime_call _new_instance_Java}
  0x000074e5a4577a40: c5f8 77e8 

  0x000074e5a4577a44: ; ImmutableOopMap {[8]=Oop [16]=Oop [24]=Oop [32]=NarrowOop [40]=Oop [48]=Oop [56]=Oop }
                      ;*new {reexecute=0 rethrow=0 return_oop=1}
                      ; - java.lang.NamedPackage::<init>@18 (line 49)
                      ; - java.lang.ClassLoader::getNamedPackage@22 (line 343)
                      ; - java.lang.ClassLoader::postDefineClass@9 (line 934)
                      ; - java.lang.ClassLoader::defineClass@37 (line 1028)
  0x000074e5a4577a44: b868 8cff 

  0x000074e5a4577a48: ;   {other}
  0x000074e5a4577a48: 0f1f 8400 | b837 003c | e97b e1ff 

  0x000074e5a4577a54: ;   {metadata('java/lang/StringBuilder')}
  0x000074e5a4577a54: ff48 be38 | 8200 4ee5 | 7400 0090 

  0x000074e5a4577a60: ;   {runtime_call _new_instance_Java}
  0x000074e5a4577a60: c5f8 77e8 

  0x000074e5a4577a64: ; ImmutableOopMap {[8]=Oop [16]=Oop [24]=Oop [32]=NarrowOop [40]=Oop [48]=Oop [56]=Oop [80]=Oop }
                      ;*new {reexecute=0 rethrow=0 return_oop=1}
                      ; - java.lang.NamedPackage::<init>@22 (line 49)
                      ; - java.lang.ClassLoader::getNamedPackage@22 (line 343)
                      ; - java.lang.ClassLoader::postDefineClass@9 (line 934)
                      ; - java.lang.ClassLoader::defineClass@37 (line 1028)
  0x000074e5a4577a64: 9868 8cff 

  0x000074e5a4577a68: ;   {other}
  0x000074e5a4577a68: 0f1f 8400 | d837 003d | e9a0 e1ff | ffbe e4ff | ffff 488b | 6c24 084c | 8b54 2430 | 4c89 5424 
  0x000074e5a4577a88: 2048 895c | 2430 4489 | 4c24 4089 | 4c24 4490 

  0x000074e5a4577a98: ;   {runtime_call UncommonTrapBlob}
  0x000074e5a4577a98: c5f8 77e8 

  0x000074e5a4577a9c: ; ImmutableOopMap {rbp=Oop [16]=Oop [32]=Oop [48]=Oop [64]=NarrowOop }
                      ;*baload {reexecute=0 rethrow=0 return_oop=0}
                      ; - java.lang.StringLatin1::lastIndexOf@24 (line 286)
                      ; - java.lang.String::lastIndexOf@13 (line 2573)
                      ; - java.lang.String::lastIndexOf@8 (line 2535)
                      ; - java.lang.Class::getPackageName@47 (line 1168)
                      ; - java.lang.ClassLoader::postDefineClass@2 (line 934)
                      ; - java.lang.ClassLoader::defineClass@37 (line 1028)
  0x000074e5a4577a9c: 6028 81ff 

  0x000074e5a4577aa0: ;   {other}
  0x000074e5a4577aa0: 0f1f 8400 | 1038 003e | 498b ea48 | 8954 2460 | 4c89 5c24 | 5848 895c | 2450 448b | c644 894c 
  0x000074e5a4577ac0: 244c 448b | 5424 3844 | 8954 2448 | 4c8b 5424 | 304c 8954 | 2440 4c89 | 6c24 3844 | 8b54 2470 
  0x000074e5a4577ae0: 4489 5424 | 304c 8b54 | 2428 4c89 

  0x000074e5a4577aec: ;   {metadata({type array byte})}
  0x000074e5a4577aec: 5424 0848 | be18 2300 | 4ee5 7400 | 0041 8bd0 

  0x000074e5a4577afc: ;   {runtime_call _new_array_nozero_Java}
  0x000074e5a4577afc: c5f8 77e8 

  0x000074e5a4577b00: ; ImmutableOopMap {rbp=Oop [88]=Derived_oop_rbp [8]=Oop [16]=Oop [24]=Oop [56]=Oop [64]=Oop [72]=NarrowOop [76]=NarrowOop [80]=Oop }
                      ;*invokevirtual clone {reexecute=1 rethrow=0 return_oop=1}
                      ; - (reexecute) java.util.Arrays::copyOfRange@18 (line 3856)
                      ; - java.lang.StringLatin1::newString@16 (line 752)
                      ; - java.lang.String::substring@41 (line 2839)
                      ; - java.lang.ClassLoader::checkCerts@21 (line 1164)
                      ; - java.lang.ClassLoader::preDefineClass@113 (line 917)
                      ; - java.lang.ClassLoader::defineClass@4 (line 1025)
  0x000074e5a4577b00: 7c35 8cff 

  0x000074e5a4577b04: ;   {other}
  0x000074e5a4577b04: 0f1f 8400 | 7438 003f | 4c8b 5c24 | 084c 895c | 2428 448b | 5c24 3044 | 895c 2470 | 4c8b 6c24 
  0x000074e5a4577b24: 384c 8b5c | 2440 4c89 | 5c24 3044 | 8b44 2448 | 4489 4424 | 3848 8b5c | 2450 4c8b | 5c24 5848 
  0x000074e5a4577b44: 8b54 2460 | 488b e8e9 | e0e3 ffff | 4889 5424 | 584c 8944 | 2450 4489 | 5c24 4848 | 895c 2440 
  0x000074e5a4577b64: 4c8b 5c24 | 304c 895c | 2438 4c8b | 5c24 104c | 895c 2408 | 488b 6c24 

  0x000074e5a4577b7c: ;   {metadata({type array byte})}
  0x000074e5a4577b7c: 2848 be18 | 2300 4ee5 | 7400 0041 | 8bd1 6690 

  0x000074e5a4577b8c: ;   {runtime_call _new_array_nozero_Java}
  0x000074e5a4577b8c: c5f8 77e8 

  0x000074e5a4577b90: ; ImmutableOopMap {rbp=Oop [8]=Oop [24]=Oop [56]=Oop [64]=Oop [72]=NarrowOop [120]=Oop [80]=Derived_oop_[120] }
                      ;*invokevirtual clone {reexecute=1 rethrow=0 return_oop=1}
                      ; - (reexecute) java.util.Arrays::copyOfRange@18 (line 3856)
                      ; - java.lang.String::<init>@32 (line 4788)
                      ; - java.lang.String::<init>@3 (line 1507)
                      ; - java.lang.StringBuilder::toString@5 (line 475)
                      ; - java.net.URLStreamHandler::toExternalForm@152 (line 486)
                      ; - java.net.URL::toExternalForm@5 (line 1203)
                      ; - java.net.URL::toString@1 (line 1189)
                      ; - java.lang.ClassLoader::defineClassSourceLocation@22 (line 927)
                      ; - java.lang.ClassLoader::defineClass@12 (line 1026)
  0x000074e5a4577b90: ec34 8cff 

  0x000074e5a4577b94: ;   {other}
  0x000074e5a4577b94: 0f1f 8400 | 0439 0040 | 4889 6c24 | 284c 8b5c | 2408 4c89 | 5c24 104c | 8b5c 2438 | 4c89 5c24 
  0x000074e5a4577bb4: 3048 8b5c | 2440 4c8b | 4424 5048 | 8b54 2458 | 488b e8e9 | fee3 ffff | 4889 5424 | 5841 8bcb 
  0x000074e5a4577bd4: 4489 5424 | 5048 895c | 2448 4c8b | 5424 304c | 8954 2440 | 4c89 6c24 | 384c 8b54 | 2428 4c89 
  0x000074e5a4577bf4: 5424 0848 | be00 0000 | 4ee5 7400 | 0049 03f0 | 8bd1 6690 

  0x000074e5a4577c08: ;   {runtime_call _new_array_Java}
  0x000074e5a4577c08: c5f8 77e8 

  0x000074e5a4577c0c: ; ImmutableOopMap {rbp=Oop [8]=Oop [16]=Oop [24]=Oop [56]=Oop [64]=Oop [72]=Oop [80]=NarrowOop }
                      ;*invokevirtual clone {reexecute=1 rethrow=0 return_oop=1}
                      ; - (reexecute) java.security.CodeSource::getCertificates@11 (line 205)
                      ; - java.lang.ClassLoader::checkCerts@34 (line 1168)
                      ; - java.lang.ClassLoader::preDefineClass@113 (line 917)
                      ; - java.lang.ClassLoader::defineClass@4 (line 1025)
  0x000074e5a4577c0c: 7040 8cff 

  0x000074e5a4577c10: ;   {other}
  0x000074e5a4577c10: 0f1f 8400 | 8039 0041 | 4c8b 5424 | 084c 8954 | 2428 4c8b | 6c24 384c | 8b54 2440 | 4c89 5424 
  0x000074e5a4577c30: 3048 8b5c | 2448 448b | 5424 5048 | 8b54 2458 | 4c8b f0e9 | 27e4 ffff | 4c8b 5424 | 084c 8954 
  0x000074e5a4577c50: 2410 4c8b | 5424 204c | 8954 2430 | 4c8b 5424 | 284c 8954 | 2408 4c8b | 4c24 3844 | 8b44 241c 
  0x000074e5a4577c70: e970 deff | ff48 894c | 2428 4489 | 4424 2048 | ff74 2408 | 488f 4424 | 184c 8b5c | 2410 4c89 
  0x000074e5a4577c90: 5c24 0848 | be00 0000 | 4ee5 7400 | 0048 03f7 | 418b d190 

  0x000074e5a4577ca4: ;   {runtime_call _new_array_Java}
  0x000074e5a4577ca4: c5f8 77e8 

  0x000074e5a4577ca8: ; ImmutableOopMap {rbp=Oop [8]=Oop [24]=Oop [32]=NarrowOop }
                      ;*invokevirtual clone {reexecute=1 rethrow=0 return_oop=1}
                      ; - (reexecute) java.security.CodeSource::getCertificates@11 (line 205)
                      ; - java.lang.ClassLoader::postDefineClass@24 (line 937)
                      ; - java.lang.ClassLoader::defineClass@37 (line 1028)
  0x000074e5a4577ca8: d43f 8cff 

  0x000074e5a4577cac: ;   {other}
  0x000074e5a4577cac: 0f1f 8400 | 1c3a 0042 | 48ff 7424 | 1848 8f44 | 2408 448b | 4424 2048 | 8b4c 2428 | 488b d8e9 
  0x000074e5a4577ccc: 45e4 ffff | 4889 5424 | 484c 8954 | 2440 4889 | 5c24 3844 | 894c 2428 | 4c8b 5424 | 084c 8954 
  0x000074e5a4577cec: 2420 4c8b | 5424 304c | 8954 2418 | 488b 6c24 

  0x000074e5a4577cfc: ;   {metadata({type array byte})}
  0x000074e5a4577cfc: 1048 be18 | 2300 4ee5 | 7400 0041 | 8bd3 6690 

  0x000074e5a4577d0c: ;   {runtime_call _new_array_nozero_Java}
  0x000074e5a4577d0c: c5f8 77e8 

  0x000074e5a4577d10: ; ImmutableOopMap {rbp=Oop [24]=Oop [32]=Oop [40]=NarrowOop [56]=Oop [120]=Oop [64]=Derived_oop_[120] }
                      ;*invokevirtual clone {reexecute=1 rethrow=0 return_oop=1}
                      ; - (reexecute) java.util.Arrays::copyOfRange@18 (line 3856)
                      ; - java.lang.StringLatin1::newString@16 (line 752)
                      ; - java.lang.String::substring@41 (line 2839)
                      ; - java.lang.Class::getPackageName@62 (line 1169)
                      ; - java.lang.ClassLoader::postDefineClass@2 (line 934)
                      ; - java.lang.ClassLoader::defineClass@37 (line 1028)
  0x000074e5a4577d10: 6c33 8cff 

  0x000074e5a4577d14: ;   {other}
  0x000074e5a4577d14: 0f1f 8400 | 843a 0043 | 4889 6c24 | 104c 8b54 | 2418 4c89 | 5424 304c | 8b54 2420 | 4c89 5424 
  0x000074e5a4577d34: 0848 8b5c | 2438 4c8b | 5424 4048 | 8b54 2448 | 488b e8e9 | 7de4 ffff | 498b f233 | d248 8b6c 
  0x000074e5a4577d54: 2410 6690 

  0x000074e5a4577d58: ;   {static_call}
  0x000074e5a4577d58: c5f8 77e8 

  0x000074e5a4577d5c: ; ImmutableOopMap {rbp=Oop [8]=Oop [16]=Oop [24]=Oop [40]=Oop }
                      ;*invokestatic charAt {reexecute=0 rethrow=0 return_oop=0}
                      ; - java.lang.String::charAt@21 (line 1557)
                      ; - java.lang.ClassLoader::checkName@25 (line 1157)
                      ; - java.lang.ClassLoader::preDefineClass@1 (line 900)
                      ; - java.lang.ClassLoader::defineClass@4 (line 1025)
  0x000074e5a4577d5c: 20d9 80ff 

  0x000074e5a4577d60: ;   {other}
  0x000074e5a4577d60: 0f1f 8400 | d03a 0044 | 448b d8e9 | a2cd ffff | bef6 ffff | ff48 8be8 

  0x000074e5a4577d78: ;   {runtime_call UncommonTrapBlob}
  0x000074e5a4577d78: c5f8 77e8 

  0x000074e5a4577d7c: ; ImmutableOopMap {rbp=Oop }
                      ;*invokevirtual get {reexecute=0 rethrow=0 return_oop=0}
                      ; - java.lang.ClassLoader::getNamedPackage@5 (line 341)
                      ; - java.lang.ClassLoader::postDefineClass@9 (line 934)
                      ; - java.lang.ClassLoader::defineClass@37 (line 1028)
  0x000074e5a4577d7c: 8025 81ff 

  0x000074e5a4577d80: ;   {other}
  0x000074e5a4577d80: 0f1f 8400 | f03a 0045 | bef6 ffff | ff48 8beb | 4c89 7424 | 0866 6690 

  0x000074e5a4577d98: ;   {runtime_call UncommonTrapBlob}
  0x000074e5a4577d98: c5f8 77e8 

  0x000074e5a4577d9c: ; ImmutableOopMap {rbp=Oop [8]=Oop }
                      ;*invokevirtual putIfAbsent {reexecute=0 rethrow=0 return_oop=0}
                      ; - java.lang.ClassLoader::checkCerts@62 (line 1171)
                      ; - java.lang.ClassLoader::preDefineClass@113 (line 917)
                      ; - java.lang.ClassLoader::defineClass@4 (line 1025)
  0x000074e5a4577d9c: 6025 81ff 

  0x000074e5a4577da0: ;   {other}
  0x000074e5a4577da0: 0f1f 8400 | 103b 0046 | be45 ffff | ff48 8b6c | 2410 6690 

  0x000074e5a4577db4: ;   {runtime_call UncommonTrapBlob}
  0x000074e5a4577db4: c5f8 77e8 

  0x000074e5a4577db8: ; ImmutableOopMap {rbp=Oop [8]=Oop [24]=Oop [40]=Oop }
                      ;*ifeq {reexecute=1 rethrow=0 return_oop=0}
                      ; - (reexecute) java.lang.ClassLoader::checkName@8 (line 1155)
                      ; - java.lang.ClassLoader::preDefineClass@1 (line 900)
                      ; - java.lang.ClassLoader::defineClass@4 (line 1025)
  0x000074e5a4577db8: 4425 81ff 

  0x000074e5a4577dbc: ;   {other}
  0x000074e5a4577dbc: 0f1f 8400 | 2c3b 0047 | bee4 ffff | ff44 8954 | 2440 6690 

  0x000074e5a4577dd0: ;   {runtime_call UncommonTrapBlob}
  0x000074e5a4577dd0: c5f8 77e8 

  0x000074e5a4577dd4: ; ImmutableOopMap {[8]=Oop [16]=Oop [24]=Oop [40]=Oop [64]=NarrowOop }
                      ;*invokestatic checkIndex {reexecute=0 rethrow=0 return_oop=0}
                      ; - java.lang.String::checkIndex@5 (line 4832)
                      ; - java.lang.StringLatin1::charAt@3 (line 46)
                      ; - java.lang.String::charAt@12 (line 1555)
                      ; - java.lang.ClassLoader::checkName@25 (line 1157)
                      ; - java.lang.ClassLoader::preDefineClass@1 (line 900)
                      ; - java.lang.ClassLoader::defineClass@4 (line 1025)
  0x000074e5a4577dd4: 2825 81ff 

  0x000074e5a4577dd8: ;   {other}
  0x000074e5a4577dd8: 0f1f 8400 | 483b 0048 | bece ffff | ff89 5424 | 4866 6690 

  0x000074e5a4577dec: ;   {runtime_call UncommonTrapBlob}
  0x000074e5a4577dec: c5f8 77e8 

  0x000074e5a4577df0: ; ImmutableOopMap {rbp=NarrowOop [8]=Oop [16]=Oop [24]=Oop [40]=Oop }
                      ;*invokestatic indexOfChar {reexecute=0 rethrow=0 return_oop=0}
                      ; - java.lang.StringLatin1::indexOf@33 (line 204)
                      ; - java.lang.String::indexOf@17 (line 2461)
                      ; - java.lang.String::indexOf@3 (line 2405)
                      ; - java.lang.ClassLoader::checkName@16 (line 1157)
                      ; - java.lang.ClassLoader::preDefineClass@1 (line 900)
                      ; - java.lang.ClassLoader::defineClass@4 (line 1025)
  0x000074e5a4577df0: 0c25 81ff 

  0x000074e5a4577df4: ;   {other}
  0x000074e5a4577df4: 0f1f 8400 | 643b 0049 | bee4 ffff | ff4c 8b54 | 2410 4c89 | 5424 084c | 8b54 2428 | 4c89 5424 
  0x000074e5a4577e14: 104c 8b54 | 2430 4c89 | 5424 2844 | 896c 2430 | 894c 2434 

  0x000074e5a4577e28: ;   {runtime_call UncommonTrapBlob}
  0x000074e5a4577e28: c5f8 77e8 

  0x000074e5a4577e2c: ; ImmutableOopMap {[8]=Oop [16]=Oop [24]=Oop [40]=Oop [48]=NarrowOop [52]=NarrowOop [64]=Oop }
                      ;*bastore {reexecute=0 rethrow=0 return_oop=0}
                      ; - java.lang.AbstractStringBuilder::append@41 (line 808)
                      ; - java.lang.StringBuilder::append@2 (line 246)
                      ; - java.net.URLStreamHandler::toExternalForm@16 (line 480)
                      ; - java.net.URL::toExternalForm@5 (line 1203)
                      ; - java.net.URL::toString@1 (line 1189)
                      ; - java.lang.ClassLoader::defineClassSourceLocation@22 (line 927)
                      ; - java.lang.ClassLoader::defineClass@12 (line 1026)
  0x000074e5a4577e2c: d024 81ff 

  0x000074e5a4577e30: ;   {other}
  0x000074e5a4577e30: 0f1f 8400 | a03b 004a | bee4 ffff | ff66 6690 

  0x000074e5a4577e40: ;   {runtime_call UncommonTrapBlob}
  0x000074e5a4577e40: c5f8 77e8 

  0x000074e5a4577e44: ; ImmutableOopMap {rbp=NarrowOop [8]=Oop [16]=Oop [24]=Oop [40]=Oop }
                      ;*baload {reexecute=0 rethrow=0 return_oop=0}
                      ; - jdk.internal.util.ArraysSupport::mismatch@82 (line 402)
                      ; - java.lang.String::startsWith@70 (line 2297)
                      ; - java.lang.String::startsWith@3 (line 2327)
                      ; - java.lang.ClassLoader::preDefineClass@43 (line 906)
                      ; - java.lang.ClassLoader::defineClass@4 (line 1025)
  0x000074e5a4577e44: b824 81ff 

  0x000074e5a4577e48: ;   {other}
  0x000074e5a4577e48: 0f1f 8400 | b83b 004b | becc ffff | ff4c 8b5c | 2410 4c89 | 5c24 084c | 8b5c 2428 | 4c89 5c24 
  0x000074e5a4577e68: 104c 8b5c | 2430 4c89 | 5c24 2844 | 896c 2430 | 895c 2434 | 4489 5424 | 4889 4424 | 4c89 4c24 
  0x000074e5a4577e88: 5066 6690 

  0x000074e5a4577e8c: ;   {runtime_call UncommonTrapBlob}
  0x000074e5a4577e8c: c5f8 77e8 

  0x000074e5a4577e90: ; ImmutableOopMap {[8]=Oop [16]=Oop [24]=Oop [40]=Oop [48]=NarrowOop [64]=Oop [72]=NarrowOop [76]=NarrowOop }
                      ;*invokestatic arraycopy {reexecute=0 rethrow=0 return_oop=0}
                      ; - java.lang.String::getBytes@22 (line 4726)
                      ; - java.lang.AbstractStringBuilder::putStringAt@15 (line 1751)
                      ; - java.lang.AbstractStringBuilder::append@30 (line 588)
                      ; - java.lang.StringBuilder::append@2 (line 179)
                      ; - java.net.URLStreamHandler::toExternalForm@59 (line 483)
                      ; - java.net.URL::toExternalForm@5 (line 1203)
                      ; - java.net.URL::toString@1 (line 1189)
                      ; - java.lang.ClassLoader::defineClassSourceLocation@22 (line 927)
                      ; - java.lang.ClassLoader::defineClass@12 (line 1026)
  0x000074e5a4577e90: 6c24 81ff 

  0x000074e5a4577e94: ;   {other}
  0x000074e5a4577e94: 0f1f 8400 | 043c 004c | becc ffff | ff4c 8b54 | 2410 4c89 | 5424 084c | 8b54 2428 | 4c89 5424 
  0x000074e5a4577eb4: 104c 8b54 | 2430 4c89 | 5424 2844 | 896c 2430 | 4489 7424 | 3444 8944 | 2448 4489 | 4c24 4c44 
  0x000074e5a4577ed4: 895c 2450 

  0x000074e5a4577ed8: ;   {runtime_call UncommonTrapBlob}
  0x000074e5a4577ed8: c5f8 77e8 

  0x000074e5a4577edc: ; ImmutableOopMap {[8]=Oop [16]=Oop [24]=Oop [40]=Oop [48]=NarrowOop [64]=Oop [72]=NarrowOop [76]=NarrowOop }
                      ;*invokestatic arraycopy {reexecute=0 rethrow=0 return_oop=0}
                      ; - java.lang.String::getBytes@22 (line 4726)
                      ; - java.lang.AbstractStringBuilder::putStringAt@15 (line 1751)
                      ; - java.lang.AbstractStringBuilder::append@30 (line 588)
                      ; - java.lang.StringBuilder::append@2 (line 179)
                      ; - java.net.URLStreamHandler::toExternalForm@77 (line 484)
                      ; - java.net.URL::toExternalForm@5 (line 1203)
                      ; - java.net.URL::toString@1 (line 1189)
                      ; - java.lang.ClassLoader::defineClassSourceLocation@22 (line 927)
                      ; - java.lang.ClassLoader::defineClass@12 (line 1026)
  0x000074e5a4577edc: 2024 81ff 

  0x000074e5a4577ee0: ;   {other}
  0x000074e5a4577ee0: 0f1f 8400 | 503c 004d | becc ffff | ff4c 8b5c | 2410 4c89 | 5c24 084c | 8b5c 2428 | 4c89 5c24 
  0x000074e5a4577f00: 104c 8b5c | 2430 4c89 | 5c24 2844 | 896c 2430 | 4489 5424 | 3466 6690 

  0x000074e5a4577f18: ;   {runtime_call UncommonTrapBlob}
  0x000074e5a4577f18: c5f8 77e8 

  0x000074e5a4577f1c: ; ImmutableOopMap {rbp=NarrowOop [8]=Oop [16]=Oop [24]=Oop [40]=Oop [48]=NarrowOop [64]=Oop }
                      ;*invokestatic arraycopy {reexecute=0 rethrow=0 return_oop=0}
                      ; - java.lang.String::getBytes@22 (line 4726)
                      ; - java.lang.AbstractStringBuilder::putStringAt@15 (line 1751)
                      ; - java.lang.AbstractStringBuilder::append@30 (line 588)
                      ; - java.lang.StringBuilder::append@2 (line 179)
                      ; - java.net.URLStreamHandler::toExternalForm@113 (line 485)
                      ; - java.net.URL::toExternalForm@5 (line 1203)
                      ; - java.net.URL::toString@1 (line 1189)
                      ; - java.lang.ClassLoader::defineClassSourceLocation@22 (line 927)
                      ; - java.lang.ClassLoader::defineClass@12 (line 1026)
  0x000074e5a4577f1c: e023 81ff 

  0x000074e5a4577f20: ;   {other}
  0x000074e5a4577f20: 0f1f 8400 | 903c 004e | becc ffff | ff4c 8b5c | 2410 4c89 | 5c24 084c | 8b5c 2428 | 4c89 5c24 
  0x000074e5a4577f40: 104c 8b5c | 2430 4c89 | 5c24 284c | 8b5c 2440 | 4c89 5c24 | 3844 8954 | 2440 6690 

  0x000074e5a4577f5c: ;   {runtime_call UncommonTrapBlob}
  0x000074e5a4577f5c: c5f8 77e8 

  0x000074e5a4577f60: ; ImmutableOopMap {rbp=NarrowOop [8]=Oop [16]=Oop [24]=Oop [40]=Oop [56]=Oop }
                      ;*invokestatic arraycopy {reexecute=0 rethrow=0 return_oop=0}
                      ; - java.lang.String::getBytes@22 (line 4726)
                      ; - java.lang.AbstractStringBuilder::putStringAt@15 (line 1751)
                      ; - java.lang.AbstractStringBuilder::append@30 (line 588)
                      ; - java.lang.StringBuilder::append@2 (line 179)
                      ; - java.net.URLStreamHandler::toExternalForm@149 (line 486)
                      ; - java.net.URL::toExternalForm@5 (line 1203)
                      ; - java.net.URL::toString@1 (line 1189)
                      ; - java.lang.ClassLoader::defineClassSourceLocation@22 (line 927)
                      ; - java.lang.ClassLoader::defineClass@12 (line 1026)
  0x000074e5a4577f60: 9c23 81ff 

  0x000074e5a4577f64: ;   {other}
  0x000074e5a4577f64: 0f1f 8400 | d43c 004f | becc ffff | ff4c 8b54 | 2410 4c89 | 5424 084c | 8b54 2428 | 4c89 5424 
  0x000074e5a4577f84: 104c 8b54 | 2430 4c89 | 5424 2844 | 896c 2430 | 895c 2434 | 897c 2448 | 4489 4c24 | 4c44 8944 
  0x000074e5a4577fa4: 2450 6690 

  0x000074e5a4577fa8: ;   {runtime_call UncommonTrapBlob}
  0x000074e5a4577fa8: c5f8 77e8 

  0x000074e5a4577fac: ; ImmutableOopMap {[8]=Oop [16]=Oop [24]=Oop [40]=Oop [48]=NarrowOop [64]=Oop [72]=NarrowOop [76]=NarrowOop }
                      ;*invokestatic arraycopy {reexecute=0 rethrow=0 return_oop=0}
                      ; - java.lang.String::getBytes@22 (line 4726)
                      ; - java.lang.AbstractStringBuilder::putStringAt@15 (line 1751)
                      ; - java.lang.AbstractStringBuilder::append@30 (line 588)
                      ; - java.lang.StringBuilder::append@2 (line 179)
                      ; - java.net.URLStreamHandler::toExternalForm@11 (line 480)
                      ; - java.net.URL::toExternalForm@5 (line 1203)
                      ; - java.net.URL::toString@1 (line 1189)
                      ; - java.lang.ClassLoader::defineClassSourceLocation@22 (line 927)
                      ; - java.lang.ClassLoader::defineClass@12 (line 1026)
  0x000074e5a4577fac: 5023 81ff 

  0x000074e5a4577fb0: ;   {other}
  0x000074e5a4577fb0: 0f1f 8400 | 203d 0050 | 4d63 c2e9 | f4cc ffff | 4983 c0fe | 498b c849 | 8bf9 4833 | c048 83f9 
  0x000074e5a4577fd0: 087f 1048 | ffc9 784f | 4889 04cf | 48ff c97d | f7eb 44c5 | fdef c0e9 | 0d00 0000 | c5fe 7f07 
  0x000074e5a4577ff0: c5fe 7f47 | 2048 83c7 | 4048 83e9 | 087d ed48 | 83c1 047c | 0cc5 fe7f | 0748 83c7 | 2048 83e9 
  0x000074e5a4578010: 0448 83c1 | 047e 1048 | ffc9 c5f9 | d607 4883 | c708 48ff | c97d f3e9 | 58cd ffff | becc ffff 
  0x000074e5a4578030: ff44 8954 | 2408 448b | 5424 2044 | 8954 240c | 448b 5c24 | 2444 895c | 2420 4c89 | 6c24 4844 
  0x000074e5a4578050: 8b5c 2438 | 4489 5c24 | 2448 895c | 2450 4489 | 4c24 5890 

  0x000074e5a4578064: ;   {runtime_call UncommonTrapBlob}
  0x000074e5a4578064: c5f8 77e8 

  0x000074e5a4578068: ; ImmutableOopMap {[16]=Oop [24]=Oop [36]=NarrowOop [40]=Oop [48]=Oop [72]=Oop [80]=Oop [88]=NarrowOop }
                      ;*newarray {reexecute=1 rethrow=0 return_oop=0}
                      ; - (reexecute) java.util.Arrays::copyOfRangeByte@10 (line 3863)
                      ; - java.util.Arrays::copyOfRange@13 (line 3854)
                      ; - java.lang.StringLatin1::newString@16 (line 752)
                      ; - java.lang.String::substring@41 (line 2839)
                      ; - java.lang.ClassLoader::checkCerts@21 (line 1164)
                      ; - java.lang.ClassLoader::preDefineClass@113 (line 917)
                      ; - java.lang.ClassLoader::defineClass@4 (line 1025)
  0x000074e5a4578068: 9422 81ff 

  0x000074e5a457806c: ;   {other}
  0x000074e5a457806c: 0f1f 8400 | dc3d 0051 | 4863 f1e9 | b9d5 ffff | 4883 c6fe | 488b ce49 | 8bfa 4833 | c048 83f9 
  0x000074e5a457808c: 087f 1048 | ffc9 784f | 4889 04cf | 48ff c97d | f7eb 44c5 | fdef c0e9 | 0d00 0000 | c5fe 7f07 
  0x000074e5a45780ac: c5fe 7f47 | 2048 83c7 | 4048 83e9 | 087d ed48 | 83c1 047c | 0cc5 fe7f | 0748 83c7 | 2048 83e9 
  0x000074e5a45780cc: 0448 83c1 | 047e 1048 | ffc9 c5f9 | d607 4883 | c708 48ff | c97d f3e9 | 14d6 ffff | becc ffff 
  0x000074e5a45780ec: ff48 8b6c | 2410 4c8b | 5424 284c | 8954 2408 | 4c8b 5424 | 184c 8954 | 2410 448b | 4424 2044 
  0x000074e5a457810c: 8944 2418 | 448b 5424 | 2444 8954 | 241c 4c8b | 5424 304c | 8954 2420 | 4889 5c24 | 3044 895c 
  0x000074e5a457812c: 2438 894c | 2440 6690 

  0x000074e5a4578134: ;   {runtime_call UncommonTrapBlob}
  0x000074e5a4578134: c5f8 77e8 

  0x000074e5a4578138: ; ImmutableOopMap {rbp=Oop [8]=Oop [16]=Oop [32]=Oop [48]=Oop [56]=NarrowOop }
                      ;*newarray {reexecute=1 rethrow=0 return_oop=0}
                      ; - (reexecute) java.util.Arrays::copyOfRangeByte@10 (line 3863)
                      ; - java.util.Arrays::copyOfRange@13 (line 3854)
                      ; - java.lang.String::<init>@32 (line 4788)
                      ; - java.lang.String::<init>@3 (line 1507)
                      ; - java.lang.StringBuilder::toString@5 (line 475)
                      ; - java.net.URLStreamHandler::toExternalForm@152 (line 486)
                      ; - java.net.URL::toExternalForm@5 (line 1203)
                      ; - java.net.URL::toString@1 (line 1189)
                      ; - java.lang.ClassLoader::defineClassSourceLocation@22 (line 927)
                      ; - java.lang.ClassLoader::defineClass@12 (line 1026)
  0x000074e5a4578138: c421 81ff 

  0x000074e5a457813c: ;   {other}
  0x000074e5a457813c: 0f1f 8400 | ac3e 0052 | bede ffff | ff66 6690 

  0x000074e5a457814c: ;   {runtime_call UncommonTrapBlob}
  0x000074e5a457814c: c5f8 77e8 

  0x000074e5a4578150: ; ImmutableOopMap {rbp=NarrowOop }
                      ;*checkcast {reexecute=0 rethrow=0 return_oop=0}
                      ; - java.lang.ClassLoader::getNamedPackage@8 (line 341)
                      ; - java.lang.ClassLoader::postDefineClass@9 (line 934)
                      ; - java.lang.ClassLoader::defineClass@37 (line 1028)
  0x000074e5a4578150: ac21 81ff 

  0x000074e5a4578154: ;   {other}
  0x000074e5a4578154: 0f1f 8400 | c43e 0053 | be45 ffff | ff48 8b6c | 2410 895c | 2438 6690 

  0x000074e5a457816c: ;   {runtime_call UncommonTrapBlob}
  0x000074e5a457816c: c5f8 77e8 

  0x000074e5a4578170: ; ImmutableOopMap {rbp=Oop [8]=Oop [24]=Oop [40]=Oop }
                      ;*if_icmpne {reexecute=1 rethrow=0 return_oop=0}
                      ; - (reexecute) java.lang.ClassLoader::checkName@20 (line 1157)
                      ; - java.lang.ClassLoader::preDefineClass@1 (line 900)
                      ; - java.lang.ClassLoader::defineClass@4 (line 1025)
  0x000074e5a4578170: 8c21 81ff 

  0x000074e5a4578174: ;   {other}
  0x000074e5a4578174: 0f1f 8400 | e43e 0054 | 4533 db45 | 85d2 410f | 94c3 be45 | ffff ff4c | 896c 2448 | 4489 5c24 
  0x000074e5a4578194: 3c66 6690 

  0x000074e5a4578198: ;   {runtime_call UncommonTrapBlob}
  0x000074e5a4578198: c5f8 77e8 

  0x000074e5a457819c: ; ImmutableOopMap {[16]=Oop [24]=Oop [40]=Oop [48]=Oop [56]=NarrowOop [72]=Oop }
                      ;*ifeq {reexecute=1 rethrow=0 return_oop=0}
                      ; - (reexecute) java.lang.String::lastIndexOf@4 (line 2573)
                      ; - java.lang.String::lastIndexOf@8 (line 2535)
                      ; - java.lang.ClassLoader::checkCerts@3 (line 1163)
                      ; - java.lang.ClassLoader::preDefineClass@113 (line 917)
                      ; - java.lang.ClassLoader::defineClass@4 (line 1025)
  0x000074e5a457819c: 6021 81ff 

  0x000074e5a45781a0: ;   {other}
  0x000074e5a45781a0: 0f1f 8400 | 103f 0055 | be45 ffff | ff44 8954 | 2408 4489 | 5424 0c4c | 896c 2450 | 4489 5c24 
  0x000074e5a45781c0: 5866 6690 

  0x000074e5a45781c4: ;   {runtime_call UncommonTrapBlob}
  0x000074e5a45781c4: c5f8 77e8 

  0x000074e5a45781c8: ; ImmutableOopMap {[16]=Oop [24]=Oop [40]=Oop [48]=Oop [56]=NarrowOop [80]=Oop }
                      ;*if_icmpgt {reexecute=1 rethrow=0 return_oop=0}
                      ; - (reexecute) jdk.internal.util.Preconditions::checkFromToIndex@6 (line 348)
                      ; - java.lang.String::checkBoundsBeginEnd@6 (line 4865)
                      ; - java.lang.String::substring@8 (line 2834)
                      ; - java.lang.ClassLoader::checkCerts@21 (line 1164)
                      ; - java.lang.ClassLoader::preDefineClass@113 (line 917)
                      ; - java.lang.ClassLoader::defineClass@4 (line 1025)
  0x000074e5a45781c8: 3421 81ff 

  0x000074e5a45781cc: ;   {other}
  0x000074e5a45781cc: 0f1f 8400 | 3c3f 0056 | be45 ffff | ff4c 8b54 | 2430 4c89 | 5424 204c | 894c 2430 | 4489 4424 
  0x000074e5a45781ec: 3866 6690 

  0x000074e5a45781f0: ;   {runtime_call UncommonTrapBlob}
  0x000074e5a45781f0: c5f8 77e8 

  0x000074e5a45781f4: ; ImmutableOopMap {[8]=Oop [16]=Oop [32]=Oop [48]=Oop [56]=NarrowOop }
                      ;*ifle {reexecute=1 rethrow=0 return_oop=0}
                      ; - (reexecute) java.util.concurrent.ConcurrentHashMap::get@23 (line 937)
                      ; - java.lang.ClassLoader::getNamedPackage@5 (line 341)
                      ; - java.lang.ClassLoader::postDefineClass@9 (line 934)
                      ; - java.lang.ClassLoader::defineClass@37 (line 1028)
  0x000074e5a45781f4: 0821 81ff 

  0x000074e5a45781f8: ;   {other}
  0x000074e5a45781f8: 0f1f 8400 | 683f 0057 | be45 ffff | ff48 8b6c | 2410 4489 | 5c24 3890 

  0x000074e5a4578210: ;   {runtime_call UncommonTrapBlob}
  0x000074e5a4578210: c5f8 77e8 

  0x000074e5a4578214: ; ImmutableOopMap {rbp=Oop [8]=Oop [24]=Oop [40]=Oop }
                      ;*if_icmpne {reexecute=1 rethrow=0 return_oop=0}
                      ; - (reexecute) java.lang.ClassLoader::checkName@30 (line 1157)
                      ; - java.lang.ClassLoader::preDefineClass@1 (line 900)
                      ; - java.lang.ClassLoader::defineClass@4 (line 1025)
  0x000074e5a4578214: e820 81ff 

  0x000074e5a4578218: ;   {other}
  0x000074e5a4578218: 0f1f 8400 | 883f 0058 | be45 ffff | ff41 8bea | 4c89 6c24 | 4066 6690 

  0x000074e5a4578230: ;   {runtime_call UncommonTrapBlob}
  0x000074e5a4578230: c5f8 77e8 

  0x000074e5a4578234: ; ImmutableOopMap {[16]=Oop [24]=Oop [40]=Oop [48]=Oop [56]=NarrowOop [64]=Oop }
                      ;*if_icmpne {reexecute=1 rethrow=0 return_oop=0}
                      ; - (reexecute) java.lang.ClassLoader::checkCerts@9 (line 1164)
                      ; - java.lang.ClassLoader::preDefineClass@113 (line 917)
                      ; - java.lang.ClassLoader::defineClass@4 (line 1025)
  0x000074e5a4578234: c820 81ff 

  0x000074e5a4578238: ;   {other}
  0x000074e5a4578238: 0f1f 8400 | a83f 0059 | be45 ffff | ff44 8954 | 2408 4489 | 5424 0c4c | 896c 2450 | 4489 5c24 
  0x000074e5a4578258: 5844 895c | 245c 6690 

  0x000074e5a4578260: ;   {runtime_call UncommonTrapBlob}
  0x000074e5a4578260: c5f8 77e8 

  0x000074e5a4578264: ; ImmutableOopMap {[16]=Oop [24]=Oop [40]=Oop [48]=Oop [56]=NarrowOop [80]=Oop }
                      ;*if_icmple {reexecute=1 rethrow=0 return_oop=0}
                      ; - (reexecute) jdk.internal.util.Preconditions::checkFromToIndex@11 (line 348)
                      ; - java.lang.String::checkBoundsBeginEnd@6 (line 4865)
                      ; - java.lang.String::substring@8 (line 2834)
                      ; - java.lang.ClassLoader::checkCerts@21 (line 1164)
                      ; - java.lang.ClassLoader::preDefineClass@113 (line 917)
                      ; - java.lang.ClassLoader::defineClass@4 (line 1025)
  0x000074e5a4578264: 9820 81ff 

  0x000074e5a4578268: ;   {other}
  0x000074e5a4578268: 0f1f 8400 | d83f 005a | be45 ffff | ff48 8944 | 2428 6690 

  0x000074e5a457827c: ;   {runtime_call UncommonTrapBlob}
  0x000074e5a457827c: c5f8 77e8 

  0x000074e5a4578280: ; ImmutableOopMap {[8]=Oop [16]=Oop [40]=Oop [48]=Oop }
                      ;*ifeq {reexecute=1 rethrow=0 return_oop=0}
                      ; - (reexecute) java.lang.Class::getPackageName@13 (line 1163)
                      ; - java.lang.ClassLoader::postDefineClass@2 (line 934)
                      ; - java.lang.ClassLoader::defineClass@37 (line 1028)
  0x000074e5a4578280: 7c20 81ff 

  0x000074e5a4578284: ;   {other}
  0x000074e5a4578284: 0f1f 8400 | f43f 005b | be45 ffff | ff4c 8b54 | 2410 498b | ea4c 8b54 | 2428 4c89 | 5424 0848 
  0x000074e5a45782a4: ff74 2418 | 488f 4424 | 1048 8944 | 24f8 8b44 | 2420 8944 | 2418 488b | 4424 f848 | 8944 24f8 
  0x000074e5a45782c4: 8b44 2424 | 8944 241c | 488b 4424 | f84c 8b54 | 2430 4c89 | 5424 2044 | 896c 2428 | 48ff 7424 
  0x000074e5a45782e4: 4048 8f44 | 2438 895c | 242c 4889 | 4c24 4089 | 4424 4844 | 894c 244c | 4489 4424 | 5044 895c 
  0x000074e5a4578304: 2454 6690 

  0x000074e5a4578308: ;   {runtime_call UncommonTrapBlob}
  0x000074e5a4578308: c5f8 77e8 

  0x000074e5a457830c: ; ImmutableOopMap {rbp=Oop [8]=Oop [16]=Oop [32]=Oop [40]=NarrowOop [56]=Oop [64]=Oop [72]=NarrowOop }
                      ;*if_icmpne {reexecute=1 rethrow=0 return_oop=0}
                      ; - (reexecute) java.lang.String::getBytes@5 (line 4725)
                      ; - java.lang.AbstractStringBuilder::putStringAt@15 (line 1751)
                      ; - java.lang.AbstractStringBuilder::append@30 (line 588)
                      ; - java.lang.StringBuilder::append@2 (line 179)
                      ; - java.net.URLStreamHandler::toExternalForm@59 (line 483)
                      ; - java.net.URL::toExternalForm@5 (line 1203)
                      ; - java.net.URL::toString@1 (line 1189)
                      ; - java.lang.ClassLoader::defineClassSourceLocation@22 (line 927)
                      ; - java.lang.ClassLoader::defineClass@12 (line 1026)
  0x000074e5a457830c: f01f 81ff 

  0x000074e5a4578310: ;   {other}
  0x000074e5a4578310: 0f1f 8400 | 8040 005c | be45 ffff | ff48 8b6c | 2410 4c8b | 5424 284c | 8954 2408 | 4c8b 5424 
  0x000074e5a4578330: 184c 8954 | 2410 8b7c | 2420 897c | 2418 448b | 5424 2444 | 8954 241c | 4c8b 5424 | 304c 8954 
  0x000074e5a4578350: 2420 4489 | 6c24 284c | 8b54 2440 | 4c89 5424 | 3844 8974 | 242c 4489 | 4424 4044 | 894c 2444 
  0x000074e5a4578370: 895c 2448 | 4489 5c24 | 4c89 4c24 | 5066 6690 

  0x000074e5a4578380: ;   {runtime_call UncommonTrapBlob}
  0x000074e5a4578380: c5f8 77e8 

  0x000074e5a4578384: ; ImmutableOopMap {rbp=Oop [8]=Oop [16]=Oop [32]=Oop [40]=NarrowOop [56]=Oop [64]=NarrowOop [68]=NarrowOop }
                      ;*if_icmpne {reexecute=1 rethrow=0 return_oop=0}
                      ; - (reexecute) java.lang.String::getBytes@5 (line 4725)
                      ; - java.lang.AbstractStringBuilder::putStringAt@15 (line 1751)
                      ; - java.lang.AbstractStringBuilder::append@30 (line 588)
                      ; - java.lang.StringBuilder::append@2 (line 179)
                      ; - java.net.URLStreamHandler::toExternalForm@77 (line 484)
                      ; - java.net.URL::toExternalForm@5 (line 1203)
                      ; - java.net.URL::toString@1 (line 1189)
                      ; - java.lang.ClassLoader::defineClassSourceLocation@22 (line 927)
                      ; - java.lang.ClassLoader::defineClass@12 (line 1026)
  0x000074e5a4578384: 781f 81ff 

  0x000074e5a4578388: ;   {other}
  0x000074e5a4578388: 0f1f 8400 | f840 005d | 4585 c044 | 8b54 2470 | 410f 94c2 | be45 ffff | ff48 8b6c | 2410 4c8b 
  0x000074e5a45783a8: 4424 284c | 8944 2408 | 4c8b 4424 | 184c 8944 | 2410 448b | 4424 2044 | 8944 2418 | 448b 4424 
  0x000074e5a45783c8: 2444 8944 | 241c 4c8b | 4424 304c | 8944 2420 | 4889 5c24 | 304c 8b44 | 2440 4c89 | 4424 3844 
  0x000074e5a45783e8: 895c 2440 | 894c 2444 | 4489 5424 | 4866 6690 

  0x000074e5a45783f8: ;   {runtime_call UncommonTrapBlob}
  0x000074e5a45783f8: c5f8 77e8 

  0x000074e5a45783fc: ; ImmutableOopMap {rbp=Oop [8]=Oop [16]=Oop [32]=Oop [48]=Oop [56]=Oop [64]=NarrowOop }
                      ;*ifeq {reexecute=1 rethrow=0 return_oop=0}
                      ; - (reexecute) java.lang.String::<init>@19 (line 4786)
                      ; - java.lang.String::<init>@3 (line 1507)
                      ; - java.lang.StringBuilder::toString@5 (line 475)
                      ; - java.net.URLStreamHandler::toExternalForm@152 (line 486)
                      ; - java.net.URL::toExternalForm@5 (line 1203)
                      ; - java.net.URL::toString@1 (line 1189)
                      ; - java.lang.ClassLoader::defineClassSourceLocation@22 (line 927)
                      ; - java.lang.ClassLoader::defineClass@12 (line 1026)
  0x000074e5a45783fc: 001f 81ff 

  0x000074e5a4578400: ;   {other}
  0x000074e5a4578400: 0f1f 8400 | 7041 005e | be45 ffff | ff48 8b6c | 2410 4c8b | 4424 284c | 8944 2408 | 4c8b 4424 
  0x000074e5a4578420: 184c 8944 | 2410 8b54 | 2420 8954 | 2418 448b | 4424 2444 | 8944 241c | 4c8b 4424 | 304c 8944 
  0x000074e5a4578440: 2420 4489 | 6c24 284c | 8b44 2440 | 4c89 4424 | 3889 5c24 | 2c89 4c24 | 4044 894c | 2444 4489 
  0x000074e5a4578460: 5c24 4889 | 7c24 4c44 | 8954 2450 

  0x000074e5a457846c: ;   {runtime_call UncommonTrapBlob}
  0x000074e5a457846c: c5f8 77e8 

  0x000074e5a4578470: ; ImmutableOopMap {rbp=Oop [8]=Oop [16]=Oop [32]=Oop [40]=NarrowOop [56]=Oop [64]=NarrowOop [68]=NarrowOop }
                      ;*if_icmpne {reexecute=1 rethrow=0 return_oop=0}
                      ; - (reexecute) java.lang.String::getBytes@5 (line 4725)
                      ; - java.lang.AbstractStringBuilder::putStringAt@15 (line 1751)
                      ; - java.lang.AbstractStringBuilder::append@30 (line 588)
                      ; - java.lang.StringBuilder::append@2 (line 179)
                      ; - java.net.URLStreamHandler::toExternalForm@11 (line 480)
                      ; - java.net.URL::toExternalForm@5 (line 1203)
                      ; - java.net.URL::toString@1 (line 1189)
                      ; - java.lang.ClassLoader::defineClassSourceLocation@22 (line 927)
                      ; - java.lang.ClassLoader::defineClass@12 (line 1026)
  0x000074e5a4578470: 8c1e 81ff 

  0x000074e5a4578474: ;   {other}
  0x000074e5a4578474: 0f1f 8400 | e441 005f | be45 ffff | ff4c 8b54 | 2410 498b | ea4c 8b54 | 2428 4c89 | 5424 0848 
  0x000074e5a4578494: ff74 2418 | 488f 4424 | 1048 8944 | 24f8 8b44 | 2420 8944 | 2418 488b | 4424 f848 | 8944 24f8 
  0x000074e5a45784b4: 8b44 2424 | 8944 241c | 488b 4424 | f84c 8b54 | 2430 4c89 | 5424 2044 | 896c 2428 | 895c 242c 
  0x000074e5a45784d4: 4489 4c24 | 5048 894c | 2458 4489 | 5c24 5444 | 8944 2460 

  0x000074e5a45784e8: ;   {runtime_call UncommonTrapBlob}
  0x000074e5a45784e8: c5f8 77e8 

  0x000074e5a45784ec: ; ImmutableOopMap {rbp=Oop [8]=Oop [16]=Oop [32]=Oop [40]=NarrowOop [64]=Oop [88]=Oop }
                      ;*if_icmpeq {reexecute=1 rethrow=0 return_oop=0}
                      ; - (reexecute) java.lang.AbstractStringBuilder::inflateIfNeededFor@14 (line 1733)
                      ; - java.lang.AbstractStringBuilder::putStringAt@2 (line 1750)
                      ; - java.lang.AbstractStringBuilder::append@30 (line 588)
                      ; - java.lang.StringBuilder::append@2 (line 179)
                      ; - java.net.URLStreamHandler::toExternalForm@59 (line 483)
                      ; - java.net.URL::toExternalForm@5 (line 1203)
                      ; - java.net.URL::toString@1 (line 1189)
                      ; - java.lang.ClassLoader::defineClassSourceLocation@22 (line 927)
                      ; - java.lang.ClassLoader::defineClass@12 (line 1026)
  0x000074e5a45784ec: 101e 81ff 

  0x000074e5a45784f0: ;   {other}
  0x000074e5a45784f0: 0f1f 8400 | 6042 0060 | be45 ffff | ff48 8b6c | 2410 4c8b | 5424 284c | 8954 2408 | 4c8b 5424 
  0x000074e5a4578510: 184c 8954 | 2410 448b | 5424 2044 | 8954 2418 | 448b 5424 | 2444 8954 | 241c 4c8b | 5424 304c 
  0x000074e5a4578530: 8954 2420 | 4489 6c24 | 2844 8974 | 242c 895c | 2448 4489 | 4424 4c89 | 4c24 5844 | 895c 245c 
  0x000074e5a4578550: ;   {runtime_call UncommonTrapBlob}
  0x000074e5a4578550: c5f8 77e8 

  0x000074e5a4578554: ; ImmutableOopMap {rbp=Oop [8]=Oop [16]=Oop [32]=Oop [40]=NarrowOop [64]=Oop [76]=NarrowOop }
                      ;*if_icmpeq {reexecute=1 rethrow=0 return_oop=0}
                      ; - (reexecute) java.lang.AbstractStringBuilder::inflateIfNeededFor@14 (line 1733)
                      ; - java.lang.AbstractStringBuilder::putStringAt@2 (line 1750)
                      ; - java.lang.AbstractStringBuilder::append@30 (line 588)
                      ; - java.lang.StringBuilder::append@2 (line 179)
                      ; - java.net.URLStreamHandler::toExternalForm@77 (line 484)
                      ; - java.net.URL::toExternalForm@5 (line 1203)
                      ; - java.net.URL::toString@1 (line 1189)
                      ; - java.lang.ClassLoader::defineClassSourceLocation@22 (line 927)
                      ; - java.lang.ClassLoader::defineClass@12 (line 1026)
  0x000074e5a4578554: a81d 81ff 

  0x000074e5a4578558: ;   {other}
  0x000074e5a4578558: 0f1f 8400 | c842 0061 | be45 ffff | ff4c 8b54 | 2410 4c89 | 5424 084c | 8b54 2428 | 4c89 5424 
  0x000074e5a4578578: 104c 8b54 | 2430 4c89 | 5424 2844 | 896c 2430 

  0x000074e5a4578588: ;   {runtime_call UncommonTrapBlob}
  0x000074e5a4578588: c5f8 77e8 

  0x000074e5a457858c: ; ImmutableOopMap {rbp=NarrowOop [8]=Oop [16]=Oop [24]=Oop [40]=Oop [48]=NarrowOop [64]=Oop }
                      ;*ifnull {reexecute=1 rethrow=0 return_oop=0}
                      ; - (reexecute) java.net.URLStreamHandler::toExternalForm@86 (line 485)
                      ; - java.net.URL::toExternalForm@5 (line 1203)
                      ; - java.net.URL::toString@1 (line 1189)
                      ; - java.lang.ClassLoader::defineClassSourceLocation@22 (line 927)
                      ; - java.lang.ClassLoader::defineClass@12 (line 1026)
  0x000074e5a457858c: 701d 81ff 

  0x000074e5a4578590: ;   {other}
  0x000074e5a4578590: 0f1f 8400 | 0043 0062 | be45 ffff | ff48 8b6c | 2410 4c8b | 4424 284c | 8944 2408 | 4c8b 4424 
  0x000074e5a45785b0: 184c 8944 | 2410 448b | 4424 2044 | 8944 2418 | 448b 4c24 | 2444 894c | 241c 4c8b | 4424 304c 
  0x000074e5a45785d0: 8944 2420 | 4489 6c24 | 2844 8954 | 242c 4489 | 5c24 5090 

  0x000074e5a45785e4: ;   {runtime_call UncommonTrapBlob}
  0x000074e5a45785e4: c5f8 77e8 

  0x000074e5a45785e8: ; ImmutableOopMap {rbp=Oop [8]=Oop [16]=Oop [32]=Oop [40]=NarrowOop [64]=Oop }
                      ;*if_icmpeq {reexecute=1 rethrow=0 return_oop=0}
                      ; - (reexecute) java.lang.AbstractStringBuilder::inflateIfNeededFor@14 (line 1733)
                      ; - java.lang.AbstractStringBuilder::putStringAt@2 (line 1750)
                      ; - java.lang.AbstractStringBuilder::append@30 (line 588)
                      ; - java.lang.StringBuilder::append@2 (line 179)
                      ; - java.net.URLStreamHandler::toExternalForm@113 (line 485)
                      ; - java.net.URL::toExternalForm@5 (line 1203)
                      ; - java.net.URL::toString@1 (line 1189)
                      ; - java.lang.ClassLoader::defineClassSourceLocation@22 (line 927)
                      ; - java.lang.ClassLoader::defineClass@12 (line 1026)
  0x000074e5a45785e8: 141d 81ff 

  0x000074e5a45785ec: ;   {other}
  0x000074e5a45785ec: 0f1f 8400 | 5c43 0063 | be45 ffff | ff4c 8b54 | 2410 4c89 | 5424 084c | 8b54 2428 | 4c89 5424 
  0x000074e5a457860c: 104c 8b54 | 2430 4c89 | 5424 2890 

  0x000074e5a4578618: ;   {runtime_call UncommonTrapBlob}
  0x000074e5a4578618: c5f8 77e8 

  0x000074e5a457861c: ; ImmutableOopMap {rbp=NarrowOop [8]=Oop [16]=Oop [24]=Oop [40]=Oop [64]=Oop }
                      ;*ifnull {reexecute=1 rethrow=0 return_oop=0}
                      ; - (reexecute) java.net.URLStreamHandler::toExternalForm@122 (line 486)
                      ; - java.net.URL::toExternalForm@5 (line 1203)
                      ; - java.net.URL::toString@1 (line 1189)
                      ; - java.lang.ClassLoader::defineClassSourceLocation@22 (line 927)
                      ; - java.lang.ClassLoader::defineClass@12 (line 1026)
  0x000074e5a457861c: e01c 81ff 

  0x000074e5a4578620: ;   {other}
  0x000074e5a4578620: 0f1f 8400 | 9043 0064 | be45 ffff | ff4c 8b5c | 2410 4c89 | 5c24 084c | 8b5c 2428 | 4c89 5c24 
  0x000074e5a4578640: 104c 8b5c | 2430 4c89 | 5c24 2844 | 8954 2448 

  0x000074e5a4578650: ;   {runtime_call UncommonTrapBlob}
  0x000074e5a4578650: c5f8 77e8 

  0x000074e5a4578654: ; ImmutableOopMap {[8]=Oop [16]=Oop [24]=Oop [40]=Oop [64]=Oop }
                      ;*if_icmpeq {reexecute=1 rethrow=0 return_oop=0}
                      ; - (reexecute) java.lang.AbstractStringBuilder::inflateIfNeededFor@14 (line 1733)
                      ; - java.lang.AbstractStringBuilder::putStringAt@2 (line 1750)
                      ; - java.lang.AbstractStringBuilder::append@30 (line 588)
                      ; - java.lang.StringBuilder::append@2 (line 179)
                      ; - java.net.URLStreamHandler::toExternalForm@149 (line 486)
                      ; - java.net.URL::toExternalForm@5 (line 1203)
                      ; - java.net.URL::toString@1 (line 1189)
                      ; - java.lang.ClassLoader::defineClassSourceLocation@22 (line 927)
                      ; - java.lang.ClassLoader::defineClass@12 (line 1026)
  0x000074e5a4578654: a81c 81ff 

  0x000074e5a4578658: ;   {other}
  0x000074e5a4578658: 0f1f 8400 | c843 0065 | be45 ffff | ff48 8b6c | 2410 4c8b | 4424 284c | 8944 2408 | 4c8b 4424 
  0x000074e5a4578678: 184c 8944 | 2410 448b | 4c24 2044 | 894c 2418 | 448b 4424 | 2444 8944 | 241c 4c8b | 4424 304c 
  0x000074e5a4578698: 8944 2420 | 4489 6c24 | 2889 5c24 | 2c44 895c | 2448 894c | 244c 4489 | 5424 5889 | 7c24 5c90 
  0x000074e5a45786b8: ;   {runtime_call UncommonTrapBlob}
  0x000074e5a45786b8: c5f8 77e8 

  0x000074e5a45786bc: ; ImmutableOopMap {rbp=Oop [8]=Oop [16]=Oop [32]=Oop [40]=NarrowOop [64]=Oop [76]=NarrowOop }
                      ;*if_icmpeq {reexecute=1 rethrow=0 return_oop=0}
                      ; - (reexecute) java.lang.AbstractStringBuilder::inflateIfNeededFor@14 (line 1733)
                      ; - java.lang.AbstractStringBuilder::putStringAt@2 (line 1750)
                      ; - java.lang.AbstractStringBuilder::append@30 (line 588)
                      ; - java.lang.StringBuilder::append@2 (line 179)
                      ; - java.net.URLStreamHandler::toExternalForm@11 (line 480)
                      ; - java.net.URL::toExternalForm@5 (line 1203)
                      ; - java.net.URL::toString@1 (line 1189)
                      ; - java.lang.ClassLoader::defineClassSourceLocation@22 (line 927)
                      ; - java.lang.ClassLoader::defineClass@12 (line 1026)
  0x000074e5a45786bc: 401c 81ff 

  0x000074e5a45786c0: ;   {other}
  0x000074e5a45786c0: 0f1f 8400 | 3044 0066 | be45 ffff | ff48 8b6c | 2410 4c8b | 5424 284c | 8954 2410 | 4c8b 5424 
  0x000074e5a45786e0: 304c 8954 | 2428 8954 | 2430 6690 

  0x000074e5a45786ec: ;   {runtime_call UncommonTrapBlob}
  0x000074e5a45786ec: c5f8 77e8 

  0x000074e5a45786f0: ; ImmutableOopMap {rbp=Oop [8]=Oop [16]=Oop [24]=Oop [40]=Oop }
                      ;*ifne {reexecute=1 rethrow=0 return_oop=0}
                      ; - (reexecute) java.lang.ClassLoader::compareCerts@7 (line 1186)
                      ; - java.lang.ClassLoader::checkCerts@80 (line 1172)
                      ; - java.lang.ClassLoader::preDefineClass@113 (line 917)
                      ; - java.lang.ClassLoader::defineClass@4 (line 1025)
  0x000074e5a45786f0: 0c1c 81ff 

  0x000074e5a45786f4: ;   {other}
  0x000074e5a45786f4: 0f1f 8400 | 6444 0067 | 4c63 c1e9 | 6dd1 ffff | 4983 c0fe | 498b c849 | 8bfb 4833 | c048 83f9 
  0x000074e5a4578714: 087f 1048 | ffc9 784f | 4889 04cf | 48ff c97d | f7eb 44c5 | fdef c0e9 | 0d00 0000 | c5fe 7f07 
  0x000074e5a4578734: c5fe 7f47 | 2048 83c7 | 4048 83e9 | 087d ed48 | 83c1 047c | 0cc5 fe7f | 0748 83c7 | 2048 83e9 
  0x000074e5a4578754: 0448 83c1 | 047e 1048 | ffc9 c5f9 | d607 4883 | c708 48ff | c97d f3e9 | c8d1 ffff | becc ffff 
  0x000074e5a4578774: ff4c 8b54 | 2430 4c89 | 5424 2048 | 895c 2438 | 4489 4c24 | 4089 4c24 | 4866 6690 

  0x000074e5a4578790: ;   {runtime_call UncommonTrapBlob}
  0x000074e5a4578790: c5f8 77e8 

  0x000074e5a4578794: ; ImmutableOopMap {[8]=Oop [16]=Oop [32]=Oop [56]=Oop [64]=NarrowOop }
                      ;*newarray {reexecute=1 rethrow=0 return_oop=0}
                      ; - (reexecute) java.util.Arrays::copyOfRangeByte@10 (line 3863)
                      ; - java.util.Arrays::copyOfRange@13 (line 3854)
                      ; - java.lang.StringLatin1::newString@16 (line 752)
                      ; - java.lang.String::substring@41 (line 2839)
                      ; - java.lang.Class::getPackageName@62 (line 1169)
                      ; - java.lang.ClassLoader::postDefineClass@2 (line 934)
                      ; - java.lang.ClassLoader::defineClass@37 (line 1028)
  0x000074e5a4578794: 681b 81ff 

  0x000074e5a4578798: ;   {other}
  0x000074e5a4578798: 0f1f 8400 | 0845 0068 | be45 ffff | ff48 8b6c | 2410 4c8b | 5424 284c | 8954 2408 | 4c8b 5424 
  0x000074e5a45787b8: 184c 8954 | 2410 448b | 4424 2044 | 8944 2418 | 448b 5424 | 2444 8954 | 241c 4c8b | 5424 304c 
  0x000074e5a45787d8: 8954 2420 | 4889 5c24 | 3044 895c | 2438 894c | 2440 894c | 2444 6690 

  0x000074e5a45787f0: ;   {runtime_call UncommonTrapBlob}
  0x000074e5a45787f0: c5f8 77e8 

  0x000074e5a45787f4: ; ImmutableOopMap {rbp=Oop [8]=Oop [16]=Oop [32]=Oop [48]=Oop [56]=NarrowOop }
                      ;*if_icmpge {reexecute=1 rethrow=0 return_oop=0}
                      ; - (reexecute) java.util.Arrays::checkLength@2 (line 3820)
                      ; - java.util.Arrays::copyOfRangeByte@2 (line 3861)
                      ; - java.util.Arrays::copyOfRange@13 (line 3854)
                      ; - java.lang.String::<init>@32 (line 4788)
                      ; - java.lang.String::<init>@3 (line 1507)
                      ; - java.lang.StringBuilder::toString@5 (line 475)
                      ; - java.net.URLStreamHandler::toExternalForm@152 (line 486)
                      ; - java.net.URL::toExternalForm@5 (line 1203)
                      ; - java.net.URL::toString@1 (line 1189)
                      ; - java.lang.ClassLoader::defineClassSourceLocation@22 (line 927)
                      ; - java.lang.ClassLoader::defineClass@12 (line 1026)
  0x000074e5a45787f4: 081b 81ff 

  0x000074e5a45787f8: ;   {other}
  0x000074e5a45787f8: 0f1f 8400 | 6845 0069 | bef6 ffff | ff66 6690 

  0x000074e5a4578808: ;   {runtime_call UncommonTrapBlob}
  0x000074e5a4578808: c5f8 77e8 

  0x000074e5a457880c: ; ImmutableOopMap {}
                      ;*invokevirtual isNamed {reexecute=0 rethrow=0 return_oop=0}
                      ; - java.lang.NamedPackage::<init>@12 (line 48)
                      ; - java.lang.ClassLoader::getNamedPackage@22 (line 343)
                      ; - java.lang.ClassLoader::postDefineClass@9 (line 934)
                      ; - java.lang.ClassLoader::defineClass@37 (line 1028)
  0x000074e5a457880c: f01a 81ff 

  0x000074e5a4578810: ;   {other}
  0x000074e5a4578810: 0f1f 8400 | 8045 006a | bef6 ffff | ff66 6690 

  0x000074e5a4578820: ;   {runtime_call UncommonTrapBlob}
  0x000074e5a4578820: c5f8 77e8 

  0x000074e5a4578824: ; ImmutableOopMap {[32]=NarrowOop }
                      ;*invokevirtual append {reexecute=0 rethrow=0 return_oop=0}
                      ; - java.lang.NamedPackage::<init>@35 (line 49)
                      ; - java.lang.ClassLoader::getNamedPackage@22 (line 343)
                      ; - java.lang.ClassLoader::postDefineClass@9 (line 934)
                      ; - java.lang.ClassLoader::defineClass@37 (line 1028)
  0x000074e5a4578824: d81a 81ff 

  0x000074e5a4578828: ;   {other}
  0x000074e5a4578828: 0f1f 8400 | 9845 006b | bef6 ffff | ff66 6690 

  0x000074e5a4578838: ;   {runtime_call UncommonTrapBlob}
  0x000074e5a4578838: c5f8 77e8 

  0x000074e5a457883c: ; ImmutableOopMap {}
                      ;*invokevirtual toString {reexecute=0 rethrow=0 return_oop=0}
                      ; - java.lang.NamedPackage::<init>@38 (line 49)
                      ; - java.lang.ClassLoader::getNamedPackage@22 (line 343)
                      ; - java.lang.ClassLoader::postDefineClass@9 (line 934)
                      ; - java.lang.ClassLoader::defineClass@37 (line 1028)
  0x000074e5a457883c: c01a 81ff 

  0x000074e5a4578840: ;   {other}
  0x000074e5a4578840: 0f1f 8400 | b045 006c | 85ff 448b | 4424 7041 | 0f94 c0be | 45ff ffff | 488b 6c24 | 084c 8b5c 
  0x000074e5a4578860: 2430 4c89 | 5c24 2048 | 895c 2438 | 4489 5424 | 4044 8944 | 2444 6690 

  0x000074e5a4578878: ;   {runtime_call UncommonTrapBlob}
  0x000074e5a4578878: c5f8 77e8 

  0x000074e5a457887c: ; ImmutableOopMap {rbp=Oop [16]=Oop [32]=Oop [56]=Oop }
                      ;*ifeq {reexecute=1 rethrow=0 return_oop=0}
                      ; - (reexecute) java.lang.String::lastIndexOf@4 (line 2573)
                      ; - java.lang.String::lastIndexOf@8 (line 2535)
                      ; - java.lang.Class::getPackageName@47 (line 1168)
                      ; - java.lang.ClassLoader::postDefineClass@2 (line 934)
                      ; - java.lang.ClassLoader::defineClass@37 (line 1028)
  0x000074e5a457887c: 801a 81ff 

  0x000074e5a4578880: ;   {other}
  0x000074e5a4578880: 0f1f 8400 | f045 006d | be45 ffff | ff48 8b6c | 2408 4c8b | 5424 304c | 8954 2420 | 4889 5c24 
  0x000074e5a45788a0: 3089 4c24 | 4044 8944 | 2444 894c | 2448 6690 

  0x000074e5a45788b0: ;   {runtime_call UncommonTrapBlob}
  0x000074e5a45788b0: c5f8 77e8 

  0x000074e5a45788b4: ; ImmutableOopMap {rbp=Oop [16]=Oop [32]=Oop [48]=Oop }
                      ;*if_icmpgt {reexecute=1 rethrow=0 return_oop=0}
                      ; - (reexecute) jdk.internal.util.Preconditions::checkFromToIndex@6 (line 348)
                      ; - java.lang.String::checkBoundsBeginEnd@6 (line 4865)
                      ; - java.lang.String::substring@8 (line 2834)
                      ; - java.lang.Class::getPackageName@62 (line 1169)
                      ; - java.lang.ClassLoader::postDefineClass@2 (line 934)
                      ; - java.lang.ClassLoader::defineClass@37 (line 1028)
  0x000074e5a45788b4: 481a 81ff 

  0x000074e5a45788b8: ;   {other}
  0x000074e5a45788b8: 0f1f 8400 | 2846 006e | be45 ffff | ff48 8b6c | 2408 4c8b | 5424 304c | 8954 2420 | 894c 2430 
  0x000074e5a45788d8: ;   {runtime_call UncommonTrapBlob}
  0x000074e5a45788d8: c5f8 77e8 

  0x000074e5a45788dc: ; ImmutableOopMap {rbp=Oop [16]=Oop [32]=Oop }
                      ;*if_icmpeq {reexecute=1 rethrow=0 return_oop=0}
                      ; - (reexecute) java.lang.Class::getPackageName@55 (line 1169)
                      ; - java.lang.ClassLoader::postDefineClass@2 (line 934)
                      ; - java.lang.ClassLoader::defineClass@37 (line 1028)
  0x000074e5a45788dc: 201a 81ff 

  0x000074e5a45788e0: ;   {other}
  0x000074e5a45788e0: 0f1f 8400 | 5046 006f | be45 ffff | ff48 8b6c | 2408 4c8b | 5424 304c | 8954 2420 | 4889 5c24 
  0x000074e5a4578900: 3089 4c24 | 4044 8944 | 2444 894c | 2448 4489 | 4424 4c90 

  0x000074e5a4578914: ;   {runtime_call UncommonTrapBlob}
  0x000074e5a4578914: c5f8 77e8 

  0x000074e5a4578918: ; ImmutableOopMap {rbp=Oop [16]=Oop [32]=Oop [48]=Oop }
                      ;*if_icmple {reexecute=1 rethrow=0 return_oop=0}
                      ; - (reexecute) jdk.internal.util.Preconditions::checkFromToIndex@11 (line 348)
                      ; - java.lang.String::checkBoundsBeginEnd@6 (line 4865)
                      ; - java.lang.String::substring@8 (line 2834)
                      ; - java.lang.Class::getPackageName@62 (line 1169)
                      ; - java.lang.ClassLoader::postDefineClass@2 (line 934)
                      ; - java.lang.ClassLoader::defineClass@37 (line 1028)
  0x000074e5a4578918: e419 81ff 

  0x000074e5a457891c: ;   {other}
  0x000074e5a457891c: 0f1f 8400 | 8c46 0070 | be45 ffff | ff4c 8b54 | 2430 4c89 | 5424 2044 | 8944 2438 | 4c89 4c24 
  0x000074e5a457893c: 4044 8974 | 243c 8954 | 2448 4489 | 5c24 4c90 

  0x000074e5a457894c: ;   {runtime_call UncommonTrapBlob}
  0x000074e5a457894c: c5f8 77e8 

  0x000074e5a4578950: ; ImmutableOopMap {[8]=Oop [16]=Oop [32]=Oop [56]=NarrowOop [60]=NarrowOop [64]=Oop }
                      ;*if_icmpne {reexecute=1 rethrow=0 return_oop=0}
                      ; - (reexecute) java.lang.String::equals@33 (line 1861)
                      ; - java.util.concurrent.ConcurrentHashMap::get@73 (line 940)
                      ; - java.lang.ClassLoader::getNamedPackage@5 (line 341)
                      ; - java.lang.ClassLoader::postDefineClass@9 (line 934)
                      ; - java.lang.ClassLoader::defineClass@37 (line 1028)
  0x000074e5a4578950: ac19 81ff 

  0x000074e5a4578954: ;   {other}
  0x000074e5a4578954: 0f1f 8400 | c446 0071 | 4585 d244 | 8b54 2470 | 410f 94c2 | be45 ffff | ff4c 8b5c | 2430 4c89 
  0x000074e5a4578974: 5c24 2044 | 8944 2430 | 894c 2434 | 4c89 4c24 | 384c 894c | 2440 4489 | 5424 4890 

  0x000074e5a4578990: ;   {runtime_call UncommonTrapBlob}
  0x000074e5a4578990: c5f8 77e8 

  0x000074e5a4578994: ; ImmutableOopMap {[8]=Oop [16]=Oop [32]=Oop [48]=NarrowOop [52]=NarrowOop [56]=Oop [64]=Oop }
                      ;*ifeq {reexecute=1 rethrow=0 return_oop=0}
                      ; - (reexecute) java.lang.String::hashCode@20 (line 2369)
                      ; - java.util.concurrent.ConcurrentHashMap::get@1 (line 936)
                      ; - java.lang.ClassLoader::getNamedPackage@5 (line 341)
                      ; - java.lang.ClassLoader::postDefineClass@9 (line 934)
                      ; - java.lang.ClassLoader::defineClass@37 (line 1028)
  0x000074e5a4578994: 6819 81ff 

  0x000074e5a4578998: ;   {other}
  0x000074e5a4578998: 0f1f 8400 | 0847 0072 | be76 ffff | ff48 8b6c | 2410 4c8b | 5c24 284c | 895c 2410 | 4c8b 5c24 
  0x000074e5a45789b8: 304c 895c | 2428 4c89 | 6c24 3044 | 8954 244c 

  0x000074e5a45789c8: ;   {runtime_call UncommonTrapBlob}
  0x000074e5a45789c8: c5f8 77e8 

  0x000074e5a45789cc: ; ImmutableOopMap {rbp=Oop [8]=Oop [16]=Oop [24]=Oop [40]=Oop [48]=Oop [56]=Oop }
                      ;*if_icmpge {reexecute=1 rethrow=0 return_oop=0}
                      ; - (reexecute) java.lang.ClassLoader::compareCerts@40 (line 1195)
                      ; - java.lang.ClassLoader::checkCerts@80 (line 1172)
                      ; - java.lang.ClassLoader::preDefineClass@113 (line 917)
                      ; - java.lang.ClassLoader::defineClass@4 (line 1025)
  0x000074e5a45789cc: 3019 81ff 

  0x000074e5a45789d0: ;   {other}
  0x000074e5a45789d0: 0f1f 8400 | 4047 0073 | bebe ffff | ff48 8b6c | 2410 4c8b | 5c24 284c | 895c 2410 | 4c8b 5c24 
  0x000074e5a45789f0: 304c 895c | 2428 4c89 | 6c24 3044 | 8954 244c 

  0x000074e5a4578a00: ;   {runtime_call UncommonTrapBlob}
  0x000074e5a4578a00: c5f8 77e8 

  0x000074e5a4578a04: ; ImmutableOopMap {rbp=Oop [8]=Oop [16]=Oop [24]=Oop [40]=Oop [48]=Oop [56]=Oop }
                      ;*if_icmpge {reexecute=1 rethrow=0 return_oop=0}
                      ; - (reexecute) java.lang.ClassLoader::compareCerts@40 (line 1195)
                      ; - java.lang.ClassLoader::checkCerts@80 (line 1172)
                      ; - java.lang.ClassLoader::preDefineClass@113 (line 917)
                      ; - java.lang.ClassLoader::defineClass@4 (line 1025)
  0x000074e5a4578a04: f818 81ff 

  0x000074e5a4578a08: ;   {other}
  0x000074e5a4578a08: 0f1f 8400 | 7847 0074 | bef6 ffff | ff66 6690 

  0x000074e5a4578a18: ;   {runtime_call UncommonTrapBlob}
  0x000074e5a4578a18: c5f8 77e8 

  0x000074e5a4578a1c: ; ImmutableOopMap {[24]=Oop [40]=Oop }
                      ;*invokevirtual putIfAbsent {reexecute=0 rethrow=0 return_oop=0}
                      ; - java.lang.ClassLoader::getNamedPackage@32 (line 345)
                      ; - java.lang.ClassLoader::postDefineClass@9 (line 934)
                      ; - java.lang.ClassLoader::defineClass@37 (line 1028)
  0x000074e5a4578a1c: e018 81ff 

  0x000074e5a4578a20: ;   {other}
  0x000074e5a4578a20: 0f1f 8400 | 9047 0075 | 488b e8be | 54ff ffff 

  0x000074e5a4578a30: ;   {runtime_call UncommonTrapBlob}
  0x000074e5a4578a30: c5f8 77e8 

  0x000074e5a4578a34: ; ImmutableOopMap {rbp=Oop [8]=Oop [16]=Oop [32]=NarrowOop [40]=Oop [48]=Oop }
                      ;*ifnull {reexecute=1 rethrow=0 return_oop=0}
                      ; - (reexecute) java.lang.ClassLoader::getNamedPackage@42 (line 346)
                      ; - java.lang.ClassLoader::postDefineClass@9 (line 934)
                      ; - java.lang.ClassLoader::defineClass@37 (line 1028)
  0x000074e5a4578a34: c818 81ff 

  0x000074e5a4578a38: ;   {other}
  0x000074e5a4578a38: 0f1f 8400 | a847 0076 | be45 ffff | ff4c 8b54 | 2430 4c89 | 5424 2044 | 8944 2438 | 4c89 4c24 
  0x000074e5a4578a58: 4048 895c | 2448 8954 | 243c 6690 

  0x000074e5a4578a64: ;   {runtime_call UncommonTrapBlob}
  0x000074e5a4578a64: c5f8 77e8 

  0x000074e5a4578a68: ; ImmutableOopMap {rbp=NarrowOop [8]=Oop [16]=Oop [32]=Oop [56]=NarrowOop [64]=Oop [72]=Oop }
                      ;*ifnull {reexecute=1 rethrow=0 return_oop=0}
                      ; - (reexecute) java.util.concurrent.ConcurrentHashMap::get@143 (line 946)
                      ; - java.lang.ClassLoader::getNamedPackage@5 (line 341)
                      ; - java.lang.ClassLoader::postDefineClass@9 (line 934)
                      ; - java.lang.ClassLoader::defineClass@37 (line 1028)
  0x000074e5a4578a68: 9418 81ff 

  0x000074e5a4578a6c: ;   {other}
  0x000074e5a4578a6c: 0f1f 8400 | dc47 0077 | 41b9 0100 | 0000 be45 | ffff ff48 | 8b6c 2410 | 4c8b 5c24 | 284c 895c 
  0x000074e5a4578a8c: 2410 4c8b | 5c24 304c | 895c 2428 | 4c89 6c24 | 304c 8974 | 2440 4489 | 5424 4844 | 8944 244c 
  0x000074e5a4578aac: 4489 4c24 | 5089 5424 | 5466 6690 

  0x000074e5a4578ab8: ;   {runtime_call UncommonTrapBlob}
  0x000074e5a4578ab8: c5f8 77e8 

  0x000074e5a4578abc: ; ImmutableOopMap {rbp=Oop [8]=Oop [16]=Oop [24]=Oop [40]=Oop [48]=Oop [64]=Oop }
                      ;*if_icmpge {reexecute=1 rethrow=0 return_oop=0}
                      ; - (reexecute) java.lang.ClassLoader::compareCerts@67 (line 1197)
                      ; - java.lang.ClassLoader::checkCerts@80 (line 1172)
                      ; - java.lang.ClassLoader::preDefineClass@113 (line 917)
                      ; - java.lang.ClassLoader::defineClass@4 (line 1025)
  0x000074e5a4578abc: 4018 81ff 

  0x000074e5a4578ac0: ;   {other}
  0x000074e5a4578ac0: 0f1f 8400 | 3048 0078 | be45 ffff | ff48 8b6c | 2410 4c8b | 5c24 284c | 895c 2410 | 4c8b 5c24 
  0x000074e5a4578ae0: 304c 895c | 2428 4489 | 5424 3089 | 5424 3490 

  0x000074e5a4578af0: ;   {runtime_call UncommonTrapBlob}
  0x000074e5a4578af0: c5f8 77e8 

  0x000074e5a4578af4: ; ImmutableOopMap {rbp=Oop [8]=Oop [16]=Oop [24]=Oop [40]=Oop }
                      ;*if_icmpeq {reexecute=1 rethrow=0 return_oop=0}
                      ; - (reexecute) java.lang.ClassLoader::compareCerts@20 (line 1189)
                      ; - java.lang.ClassLoader::checkCerts@80 (line 1172)
                      ; - java.lang.ClassLoader::preDefineClass@113 (line 917)
                      ; - java.lang.ClassLoader::defineClass@4 (line 1025)
  0x000074e5a4578af4: 0818 81ff 

  0x000074e5a4578af8: ;   {other}
  0x000074e5a4578af8: 0f1f 8400 | 6848 0079 | 4c89 4c24 | 6044 895c | 2458 4c8b | 5424 404c | 8954 2450 | 4c8b 5424 
  0x000074e5a4578b18: 384c 8954 | 2448 4489 | 6c24 404c | 8b54 2430 | 4c89 5424 | 384c 8b54 | 2428 4c89 

  0x000074e5a4578b34: ;   {metadata('java/lang/String')}
  0x000074e5a4578b34: 5424 0848 | be70 ea00 | 4ee5 7400 | 0066 6690 

  0x000074e5a4578b44: ;   {runtime_call _new_instance_Java}
  0x000074e5a4578b44: c5f8 77e8 

  0x000074e5a4578b48: ; ImmutableOopMap {rbp=Oop [8]=Oop [16]=Oop [24]=Oop [56]=Oop [64]=NarrowOop [72]=Oop [80]=Oop [96]=Oop }
                      ;*new {reexecute=1 rethrow=0 return_oop=1}
                      ; - (reexecute) java.net.URLStreamHandler::toExternalForm@35 (line 483)
                      ; - java.net.URL::toExternalForm@5 (line 1203)
                      ; - java.net.URL::toString@1 (line 1189)
                      ; - java.lang.ClassLoader::defineClassSourceLocation@22 (line 927)
                      ; - java.lang.ClassLoader::defineClass@12 (line 1026)
  0x000074e5a4578b48: b457 8cff 

  0x000074e5a4578b4c: ;   {other}
  0x000074e5a4578b4c: 0f1f 8400 | bc48 007a | 4c8b 5424 | 084c 8954 | 2428 4c8b | 5424 384c | 8954 2430 | 448b 6c24 
  0x000074e5a4578b6c: 404c 8b54 | 2448 4c89 | 5424 384c | 8b54 2450 | 4c89 5424 | 4044 8b5c | 2458 4c8b | 4c24 60e9 
  0x000074e5a4578b8c: 40e3 ffff | 4489 5c24 | 5c89 5c24 | 584c 8b54 | 2440 4c89 | 5424 504c | 8b54 2438 | 4c89 5424 
  0x000074e5a4578bac: 4844 896c | 2440 4c8b | 5424 304c | 8954 2438 | 4c8b 5424 | 284c 8954 

  0x000074e5a4578bc4: ;   {metadata({type array byte})}
  0x000074e5a4578bc4: 2408 48be | 1823 004e | e574 0000 

  0x000074e5a4578bd0: ;   {runtime_call _new_array_Java}
  0x000074e5a4578bd0: c5f8 77e8 

  0x000074e5a4578bd4: ; ImmutableOopMap {rbp=Oop [8]=Oop [16]=Oop [24]=Oop [56]=Oop [64]=NarrowOop [72]=Oop [80]=Oop [88]=NarrowOop }
                      ;*new {reexecute=1 rethrow=0 return_oop=1}
                      ; - (reexecute) java.net.URLStreamHandler::toExternalForm@35 (line 483)
                      ; - java.net.URL::toExternalForm@5 (line 1203)
                      ; - java.net.URL::toString@1 (line 1189)
                      ; - java.lang.ClassLoader::defineClassSourceLocation@22 (line 927)
                      ; - java.lang.ClassLoader::defineClass@12 (line 1026)
  0x000074e5a4578bd4: a830 8cff 

  0x000074e5a4578bd8: ;   {other}
  0x000074e5a4578bd8: 0f1f 8400 | 4849 007b | 4c8b 5c24 | 084c 895c | 2428 4c8b | 5c24 384c | 895c 2430 | 448b 6c24 
  0x000074e5a4578bf8: 404c 8b5c | 2448 4c89 | 5c24 384c | 8b5c 2450 | 4c89 5c24 | 408b 5c24 | 5844 8b5c | 245c 4c8b 
  0x000074e5a4578c18: c8e9 25e1 | ffff 4889 | 4c24 5844 | 8944 244c | 4889 5c24 | 5044 895c | 2448 4c8b | 5424 304c 
  0x000074e5a4578c38: 8954 2440 | 4c89 6c24 | 384c 8b54 | 2410 4c89 | 5424 0848 | 8b6c 2428 

  0x000074e5a4578c50: ;   {metadata('java/util/ArrayList')}
  0x000074e5a4578c50: 48be b0b2 | 0b4e e574 | 0000 6690 

  0x000074e5a4578c5c: ;   {runtime_call _new_instance_Java}
  0x000074e5a4578c5c: c5f8 77e8 

  0x000074e5a4578c60: ; ImmutableOopMap {rbp=Oop [8]=Oop [24]=Oop [56]=Oop [64]=Oop [72]=NarrowOop [76]=NarrowOop [80]=Oop [88]=Oop }
                      ;*new {reexecute=0 rethrow=0 return_oop=1}
                      ; - java.security.CodeSource::getCertificates@25 (line 209)
                      ; - java.lang.ClassLoader::checkCerts@34 (line 1168)
                      ; - java.lang.ClassLoader::preDefineClass@113 (line 917)
                      ; - java.lang.ClassLoader::defineClass@4 (line 1025)
  0x000074e5a4578c60: 9c56 8cff 

  0x000074e5a4578c64: ;   {other}
  0x000074e5a4578c64: 0f1f 8400 | d449 007c | 4889 6c24 | 284c 8b54 | 2408 4c89 | 5424 104c | 8b6c 2438 | 4c8b 5424 
  0x000074e5a4578c84: 404c 8954 | 2430 448b | 5c24 4844 | 895c 2438 | 488b 5c24 | 5044 8b44 | 244c 488b | 4c24 58e9 
  0x000074e5a4578ca4: dae3 ffff | 4c89 5c24 | 5848 894c | 2450 4889 | 5c24 484c | 896c 2440 | 448b 5c24 | 7044 895c 
  0x000074e5a4578cc4: 243c 4c8b | 5424 104c | 8954 2408 | 488b 6c24 

  0x000074e5a4578cd4: ;   {metadata('java/security/cert/Certificate'[])}
  0x000074e5a4578cd4: 2848 bec8 | 5210 4ee5 | 7400 008b | 5424 7090 

  0x000074e5a4578ce4: ;   {runtime_call _new_array_Java}
  0x000074e5a4578ce4: c5f8 77e8 

  0x000074e5a4578ce8: ; ImmutableOopMap {rbp=Oop [8]=Oop [24]=Oop [48]=Oop [56]=NarrowOop [64]=Oop [72]=Oop [80]=Oop [88]=Oop }
                      ;*anewarray {reexecute=0 rethrow=0 return_oop=1}
                      ; - java.security.CodeSource::getCertificates@70 (line 215)
                      ; - java.lang.ClassLoader::checkCerts@34 (line 1168)
                      ; - java.lang.ClassLoader::preDefineClass@113 (line 917)
                      ; - java.lang.ClassLoader::defineClass@4 (line 1025)
  0x000074e5a4578ce8: 942f 8cff 

  0x000074e5a4578cec: ;   {other}
  0x000074e5a4578cec: 0f1f 8400 | 5c4a 007d | e911 e5ff | ff4c 895c | 2428 4889 

  0x000074e5a4578d00: ;   {metadata('java/security/cert/Certificate'[])}
  0x000074e5a4578d00: 4c24 1048 | bec8 5210 | 4ee5 7400 | 0041 8bd1 

  0x000074e5a4578d10: ;   {runtime_call _new_array_Java}
  0x000074e5a4578d10: c5f8 77e8 

  0x000074e5a4578d14: ; ImmutableOopMap {rbp=Oop [8]=Oop [16]=Oop [24]=Oop [48]=Oop [64]=Oop [72]=Oop }
                      ;*invokevirtual clone {reexecute=1 rethrow=0 return_oop=1}
                      ; - (reexecute) java.security.CodeSource::getCertificates@86 (line 217)
                      ; - java.lang.ClassLoader::checkCerts@34 (line 1168)
                      ; - java.lang.ClassLoader::preDefineClass@113 (line 917)
                      ; - java.lang.ClassLoader::defineClass@4 (line 1025)
  0x000074e5a4578d14: 682f 8cff 

  0x000074e5a4578d18: ;   {other}
  0x000074e5a4578d18: 0f1f 8400 | 884a 007e | 488b 4c24 | 104c 8b5c | 2428 488b | d8e9 9ce5 | ffff 4889 | 5c24 2844 
  0x000074e5a4578d38: 895c 2424 | 4489 5424 | 2048 ff74 | 2408 488f | 4424 1848 | 8b6c 2410 

  0x000074e5a4578d50: ;   {metadata('java/util/ArrayList')}
  0x000074e5a4578d50: 48be b0b2 | 0b4e e574 | 0000 6690 

  0x000074e5a4578d5c: ;   {runtime_call _new_instance_Java}
  0x000074e5a4578d5c: c5f8 77e8 

  0x000074e5a4578d60: ; ImmutableOopMap {rbp=Oop [24]=Oop [32]=NarrowOop [36]=NarrowOop [40]=Oop }
                      ;*new {reexecute=0 rethrow=0 return_oop=1}
                      ; - java.security.CodeSource::getCertificates@25 (line 209)
                      ; - java.lang.ClassLoader::postDefineClass@24 (line 937)
                      ; - java.lang.ClassLoader::defineClass@37 (line 1028)
  0x000074e5a4578d60: 9c55 8cff 

  0x000074e5a4578d64: ;   {other}
  0x000074e5a4578d64: 0f1f 8400 | d44a 007f | 4889 6c24 | 1048 ff74 | 2418 488f | 4424 0844 | 8b54 2420 | 448b 5c24 
  0x000074e5a4578d84: 2448 8b5c | 2428 e9b6 | e8ff ff48 | 894c 2420 | 488b eb44 | 8954 2418 

  0x000074e5a4578d9c: ;   {metadata('java/security/cert/Certificate'[])}
  0x000074e5a4578d9c: 48be c852 | 104e e574 | 0000 8b54 | 2470 6690 

  0x000074e5a4578dac: ;   {runtime_call _new_array_Java}
  0x000074e5a4578dac: c5f8 77e8 

  0x000074e5a4578db0: ; ImmutableOopMap {rbp=Oop [8]=Oop [16]=Oop [24]=NarrowOop [32]=Oop }
                      ;*anewarray {reexecute=0 rethrow=0 return_oop=1}
                      ; - java.security.CodeSource::getCertificates@70 (line 215)
                      ; - java.lang.ClassLoader::postDefineClass@24 (line 937)
                      ; - java.lang.ClassLoader::defineClass@37 (line 1028)
  0x000074e5a4578db0: cc2e 8cff 

  0x000074e5a4578db4: ;   {other}
  0x000074e5a4578db4: 0f1f 8400 | 244b 0080 | e9b1 e9ff 

  0x000074e5a4578dc0: ;   {metadata('java/security/cert/Certificate'[])}
  0x000074e5a4578dc0: ff48 bec8 | 5210 4ee5 | 7400 0041 | 8bd3 6690 

  0x000074e5a4578dd0: ;   {runtime_call _new_array_Java}
  0x000074e5a4578dd0: c5f8 77e8 

  0x000074e5a4578dd4: ; ImmutableOopMap {[8]=Oop [16]=Oop [40]=Oop }
                      ;*invokevirtual clone {reexecute=1 rethrow=0 return_oop=1}
                      ; - (reexecute) java.security.CodeSource::getCertificates@86 (line 217)
                      ; - java.lang.ClassLoader::postDefineClass@24 (line 937)
                      ; - java.lang.ClassLoader::defineClass@37 (line 1028)
  0x000074e5a4578dd4: a82e 8cff 

  0x000074e5a4578dd8: ;   {other}
  0x000074e5a4578dd8: 0f1f 8400 | 484b 0081 | 488b d8e9 | 53ea ffff | bee4 ffff | ff4c 8b54 | 2428 4c89 | 5424 084c 
  0x000074e5a4578df8: 8b54 2430 | 4c89 5424 | 284c 896c | 2430 4889 | 5c24 404c | 895c 2450 | 4489 4424 | 5844 894c 
  0x000074e5a4578e18: 245c 6690 

  0x000074e5a4578e1c: ;   {runtime_call UncommonTrapBlob}
  0x000074e5a4578e1c: c5f8 77e8 

  0x000074e5a4578e20: ; ImmutableOopMap {[8]=Oop [16]=Oop [24]=Oop [40]=Oop [48]=Oop [56]=NarrowOop [64]=Oop [80]=Oop [88]=NarrowOop }
                      ;*aaload {reexecute=0 rethrow=0 return_oop=0}
                      ; - java.security.CodeSource::getCertificates@50 (line 212)
                      ; - java.lang.ClassLoader::checkCerts@34 (line 1168)
                      ; - java.lang.ClassLoader::preDefineClass@113 (line 917)
                      ; - java.lang.ClassLoader::defineClass@4 (line 1025)
  0x000074e5a4578e20: dc14 81ff 

  0x000074e5a4578e24: ;   {other}
  0x000074e5a4578e24: 0f1f 8400 | 944b 0082 | bee4 ffff | ff44 8954 | 2418 4889 | 4c24 2844 | 895c 2430 | 4489 4424 
  0x000074e5a4578e44: 3466 6690 

  0x000074e5a4578e48: ;   {runtime_call UncommonTrapBlob}
  0x000074e5a4578e48: c5f8 77e8 

  0x000074e5a4578e4c: ; ImmutableOopMap {[8]=Oop [16]=Oop [24]=NarrowOop [40]=Oop [48]=NarrowOop }
                      ;*aaload {reexecute=0 rethrow=0 return_oop=0}
                      ; - java.security.CodeSource::getCertificates@50 (line 212)
                      ; - java.lang.ClassLoader::postDefineClass@24 (line 937)
                      ; - java.lang.ClassLoader::defineClass@37 (line 1028)
  0x000074e5a4578e4c: b014 81ff 

  0x000074e5a4578e50: ;   {other}
  0x000074e5a4578e50: 0f1f 8400 | c04b 0083 | 4c63 d2e9 | 78de ffff | becc ffff | ff48 8b6c | 2410 4c8b | 5424 284c 
  0x000074e5a4578e70: 8954 2408 | 4c8b 5424 | 184c 8954 | 2410 448b | 5424 2044 | 8954 2418 | 448b 5c24 | 2444 895c 
  0x000074e5a4578e90: 241c 4c8b | 5424 304c | 8954 2420 | 4489 6c24 | 2889 5c24 | 2c66 6690 

  0x000074e5a4578ea8: ;   {runtime_call UncommonTrapBlob}
  0x000074e5a4578ea8: c5f8 77e8 

  0x000074e5a4578eac: ; ImmutableOopMap {rbp=Oop [8]=Oop [16]=Oop [32]=Oop [40]=NarrowOop [44]=NarrowOop [64]=Oop }
                      ;*new {reexecute=0 rethrow=0 return_oop=0}
                      ; - java.net.URLStreamHandler::toExternalForm@35 (line 483)
                      ; - java.net.URL::toExternalForm@5 (line 1203)
                      ; - java.net.URL::toString@1 (line 1189)
                      ; - java.lang.ClassLoader::defineClassSourceLocation@22 (line 927)
                      ; - java.lang.ClassLoader::defineClass@12 (line 1026)
  0x000074e5a4578eac: 5014 81ff 

  0x000074e5a4578eb0: ;   {other}
  0x000074e5a4578eb0: 0f1f 8400 | 204c 0084 | bede ffff | ff4c 8b54 | 2430 4c89 | 5424 2044 | 8944 2430 | 4489 7424 
  0x000074e5a4578ed0: 3489 5424 | 384c 894c | 2440 6690 

  0x000074e5a4578edc: ;   {runtime_call UncommonTrapBlob}
  0x000074e5a4578edc: c5f8 77e8 

  0x000074e5a4578ee0: ; ImmutableOopMap {[8]=Oop [16]=Oop [32]=Oop [48]=NarrowOop [52]=NarrowOop [64]=Oop }
                      ;*invokevirtual find {reexecute=0 rethrow=0 return_oop=0}
                      ; - java.util.concurrent.ConcurrentHashMap::get@93 (line 944)
                      ; - java.lang.ClassLoader::getNamedPackage@5 (line 341)
                      ; - java.lang.ClassLoader::postDefineClass@9 (line 934)
                      ; - java.lang.ClassLoader::defineClass@37 (line 1028)
  0x000074e5a4578ee0: 1c14 81ff 

  0x000074e5a4578ee4: ;   {other}
  0x000074e5a4578ee4: 0f1f 8400 | 544c 0085 | bede ffff | ff48 8944 | 2440 6690 

  0x000074e5a4578ef8: ;   {runtime_call UncommonTrapBlob}
  0x000074e5a4578ef8: c5f8 77e8 

  0x000074e5a4578efc: ; ImmutableOopMap {[8]=Oop [16]=Oop [24]=Oop [40]=Oop [48]=Oop [56]=Oop [64]=Oop }
                      ;*checkcast {reexecute=0 rethrow=0 return_oop=0}
                      ; - java.lang.ClassLoader::checkCerts@65 (line 1171)
                      ; - java.lang.ClassLoader::preDefineClass@113 (line 917)
                      ; - java.lang.ClassLoader::defineClass@4 (line 1025)
  0x000074e5a4578efc: 0014 81ff 

  0x000074e5a4578f00: ;   {other}
  0x000074e5a4578f00: 0f1f 8400 | 704c 0086 | be66 ffff | ff48 8b6c | 2410 4c8b | 4c24 284c | 894c 2410 | 4c8b 4c24 
  0x000074e5a4578f20: 304c 894c | 2428 4c89 | 7424 4044 | 8954 2448 | 4489 4424 | 4c4c 896c | 2458 8954 | 2454 894c 
  0x000074e5a4578f40: 2460 4489 | 5c24 6444 | 895c 2468 

  0x000074e5a4578f4c: ;   {runtime_call UncommonTrapBlob}
  0x000074e5a4578f4c: c5f8 77e8 

  0x000074e5a4578f50: ; ImmutableOopMap {rbp=Oop [8]=Oop [16]=Oop [24]=Oop [40]=Oop [64]=Oop [88]=Oop [96]=NarrowOop [100]=NarrowOop [104]=NarrowOop }
                      ;*instanceof {reexecute=0 rethrow=0 return_oop=0}
                      ; - sun.security.x509.X509CertImpl::getEncodedInternal@1 (line 1524)
                      ; - java.security.cert.Certificate::equals@17 (line 115)
                      ; - java.lang.ClassLoader::compareCerts@81 (line 1198)
                      ; - java.lang.ClassLoader::checkCerts@80 (line 1172)
                      ; - java.lang.ClassLoader::preDefineClass@113 (line 917)
                      ; - java.lang.ClassLoader::defineClass@4 (line 1025)
  0x000074e5a4578f50: ac13 81ff 

  0x000074e5a4578f54: ;   {other}
  0x000074e5a4578f54: 0f1f 8400 | c44c 0087 | be66 ffff | ff4c 896c | 2440 8954 | 2448 4489 | 4424 4c4c | 8974 2458 
  0x000074e5a4578f74: 4489 5424 | 5444 894c | 2460 4489 | 4c24 6490 

  0x000074e5a4578f84: ;   {runtime_call UncommonTrapBlob}
  0x000074e5a4578f84: c5f8 77e8 

  0x000074e5a4578f88: ; ImmutableOopMap {rbp=NarrowOop [8]=Oop [16]=Oop [24]=Oop [40]=Oop [48]=Oop [64]=Oop [88]=Oop [96]=NarrowOop [100]=NarrowOop }
                      ;*instanceof {reexecute=0 rethrow=0 return_oop=0}
                      ; - sun.security.x509.X509CertImpl::getEncodedInternal@1 (line 1524)
                      ; - java.security.cert.Certificate::equals@17 (line 115)
                      ; - java.lang.ClassLoader::compareCerts@166 (line 1210)
                      ; - java.lang.ClassLoader::checkCerts@80 (line 1172)
                      ; - java.lang.ClassLoader::preDefineClass@113 (line 917)
                      ; - java.lang.ClassLoader::defineClass@4 (line 1025)
  0x000074e5a4578f88: 7413 81ff 

  0x000074e5a4578f8c: ;   {other}
  0x000074e5a4578f8c: 0f1f 8400 | fc4c 0088 | 4533 c9be | 66ff ffff | 4c89 7424 | 4844 8954 | 2450 4489 | 4424 5444 
  0x000074e5a4578fac: 895c 2458 | 4c89 6c24 | 6089 5424 | 5c44 894c | 2468 c5fa | 114c 246c 

  0x000074e5a4578fc4: ;   {runtime_call UncommonTrapBlob}
  0x000074e5a4578fc4: c5f8 77e8 

  0x000074e5a4578fc8: ; ImmutableOopMap {rbp=Oop [8]=Oop [16]=Oop [24]=Oop [40]=Oop [48]=Oop [72]=Oop [88]=NarrowOop [96]=Oop [108]=NarrowOop }
                      ;*instanceof {reexecute=0 rethrow=0 return_oop=0}
                      ; - sun.security.x509.X509CertImpl::getEncodedInternal@1 (line 1524)
                      ; - java.security.cert.Certificate::equals@25 (line 116)
                      ; - java.lang.ClassLoader::compareCerts@81 (line 1198)
                      ; - java.lang.ClassLoader::checkCerts@80 (line 1172)
                      ; - java.lang.ClassLoader::preDefineClass@113 (line 917)
                      ; - java.lang.ClassLoader::defineClass@4 (line 1025)
  0x000074e5a4578fc8: 3413 81ff 

  0x000074e5a4578fcc: ;   {other}
  0x000074e5a4578fcc: 0f1f 8400 | 3c4d 0089 | 4533 dbbe | 66ff ffff | 488b 6c24 | 1048 8b4c | 2428 4889 | 4c24 1048 
  0x000074e5a4578fec: 8b4c 2430 | 4889 4c24 | 284c 896c | 2438 8954 | 2440 4489 | 4424 4444 | 894c 2448 | 4c89 7424 
  0x000074e5a457900c: 5044 8954 | 244c 4489 | 5c24 58c5 | fa11 4424 | 5c48 895c | 2468 6690 

  0x000074e5a4579024: ;   {runtime_call UncommonTrapBlob}
  0x000074e5a4579024: c5f8 77e8 

  0x000074e5a4579028: ; ImmutableOopMap {rbp=Oop [8]=Oop [16]=Oop [24]=Oop [40]=Oop [56]=Oop [72]=NarrowOop [80]=Oop [92]=NarrowOop [104]=Oop }
                      ;*instanceof {reexecute=0 rethrow=0 return_oop=0}
                      ; - sun.security.x509.X509CertImpl::getEncodedInternal@1 (line 1524)
                      ; - java.security.cert.Certificate::equals@25 (line 116)
                      ; - java.lang.ClassLoader::compareCerts@166 (line 1210)
                      ; - java.lang.ClassLoader::checkCerts@80 (line 1172)
                      ; - java.lang.ClassLoader::preDefineClass@113 (line 917)
                      ; - java.lang.ClassLoader::defineClass@4 (line 1025)
  0x000074e5a4579028: d412 81ff 

  0x000074e5a457902c: ;   {other}
  0x000074e5a457902c: 0f1f 8400 | 9c4d 008a | bede ffff | ff4c 8b54 | 2418 4c89 | 5424 1044 | 8b54 2420 | 4489 5424 
  0x000074e5a457904c: 1844 8b5c | 2424 4489 | 5c24 1c4c | 8b54 2430 | 4c89 5424 | 204c 8b54 | 2440 4c89 | 5424 304c 
  0x000074e5a457906c: 8b54 2448 | 4c89 5424 | 4048 8944 | 2448 6690 

  0x000074e5a457907c: ;   {runtime_call UncommonTrapBlob}
  0x000074e5a457907c: c5f8 77e8 

  0x000074e5a4579080: ; ImmutableOopMap {rbp=Oop [8]=Oop [16]=Oop [32]=Oop [48]=Oop [56]=NarrowOop [64]=Oop [72]=Oop }
                      ;*checkcast {reexecute=0 rethrow=0 return_oop=0}
                      ; - java.security.CodeSource::getCertificates@76 (line 215)
                      ; - java.lang.ClassLoader::checkCerts@34 (line 1168)
                      ; - java.lang.ClassLoader::preDefineClass@113 (line 917)
                      ; - java.lang.ClassLoader::defineClass@4 (line 1025)
  0x000074e5a4579080: 7c12 81ff 

  0x000074e5a4579084: ;   {other}
  0x000074e5a4579084: 0f1f 8400 | f44d 008b | bede ffff | ff48 8944 | 2420 6690 

  0x000074e5a4579098: ;   {runtime_call UncommonTrapBlob}
  0x000074e5a4579098: c5f8 77e8 

  0x000074e5a457909c: ; ImmutableOopMap {[8]=Oop [16]=Oop [24]=NarrowOop [32]=Oop }
                      ;*checkcast {reexecute=0 rethrow=0 return_oop=0}
                      ; - java.security.CodeSource::getCertificates@76 (line 215)
                      ; - java.lang.ClassLoader::postDefineClass@24 (line 937)
                      ; - java.lang.ClassLoader::defineClass@37 (line 1028)
  0x000074e5a457909c: 6012 81ff 

  0x000074e5a45790a0: ;   {other}
  0x000074e5a45790a0: 0f1f 8400 | 104e 008c | bede ffff | ff4c 8b54 | 2430 4c89 | 5424 2044 | 8944 2438 | 4c89 4c24 
  0x000074e5a45790c0: 4044 8974 | 243c 8954 | 2448 4c89 | 4c24 5090 

  0x000074e5a45790d0: ;   {runtime_call UncommonTrapBlob}
  0x000074e5a45790d0: c5f8 77e8 

  0x000074e5a45790d4: ; ImmutableOopMap {rbp=NarrowOop [8]=Oop [16]=Oop [32]=Oop [56]=NarrowOop [60]=NarrowOop [64]=Oop [80]=Oop }
                      ;*instanceof {reexecute=0 rethrow=0 return_oop=0}
                      ; - java.lang.String::equals@8 (line 1863)
                      ; - java.util.concurrent.ConcurrentHashMap::get@73 (line 940)
                      ; - java.lang.ClassLoader::getNamedPackage@5 (line 341)
                      ; - java.lang.ClassLoader::postDefineClass@9 (line 934)
                      ; - java.lang.ClassLoader::defineClass@37 (line 1028)
  0x000074e5a45790d4: 2812 81ff 

  0x000074e5a45790d8: ;   {other}
  0x000074e5a45790d8: 0f1f 8400 | 484e 008d | bef6 ffff | ff66 6690 

  0x000074e5a45790e8: ;   {runtime_call UncommonTrapBlob}
  0x000074e5a45790e8: c5f8 77e8 

  0x000074e5a45790ec: ; ImmutableOopMap {}
                      ;*invokevirtual getCodeSource {reexecute=0 rethrow=0 return_oop=0}
                      ; - java.lang.ClassLoader::defineClassSourceLocation@1 (line 924)
                      ; - java.lang.ClassLoader::defineClass@12 (line 1026)
  0x000074e5a45790ec: 1012 81ff 

  0x000074e5a45790f0: ;   {other}
  0x000074e5a45790f0: 0f1f 8400 | 604e 008e | bef6 ffff | ff66 6690 

  0x000074e5a4579100: ;   {runtime_call UncommonTrapBlob}
  0x000074e5a4579100: c5f8 77e8 

  0x000074e5a4579104: ; ImmutableOopMap {}
                      ;*invokevirtual getPackageName {reexecute=0 rethrow=0 return_oop=0}
                      ; - java.lang.ClassLoader::postDefineClass@2 (line 934)
                      ; - java.lang.ClassLoader::defineClass@37 (line 1028)
  0x000074e5a4579104: f811 81ff 

  0x000074e5a4579108: ;   {other}
  0x000074e5a4579108: 0f1f 8400 | 784e 008f | bef6 ffff | ff66 6690 

  0x000074e5a4579118: ;   {runtime_call UncommonTrapBlob}
  0x000074e5a4579118: c5f8 77e8 

  0x000074e5a457911c: ; ImmutableOopMap {}
                      ;*invokevirtual hashCode {reexecute=0 rethrow=0 return_oop=0}
                      ; - java.util.concurrent.ConcurrentHashMap::get@1 (line 936)
                      ; - java.lang.ClassLoader::getNamedPackage@5 (line 341)
                      ; - java.lang.ClassLoader::postDefineClass@9 (line 934)
                      ; - java.lang.ClassLoader::defineClass@37 (line 1028)
  0x000074e5a457911c: e011 81ff 

  0x000074e5a4579120: ;   {other}
  0x000074e5a4579120: 0f1f 8400 | 904e 0090 | bef6 ffff | ff66 6690 

  0x000074e5a4579130: ;   {runtime_call UncommonTrapBlob}
  0x000074e5a4579130: c5f8 77e8 

  0x000074e5a4579134: ; ImmutableOopMap {}
                      ;*arraylength {reexecute=0 rethrow=0 return_oop=0}
                      ; - java.lang.String::isEmpty@4 (line 1532)
                      ; - java.lang.ClassLoader::checkName@5 (line 1155)
                      ; - java.lang.ClassLoader::preDefineClass@1 (line 900)
                      ; - java.lang.ClassLoader::defineClass@4 (line 1025)
  0x000074e5a4579134: c811 81ff 

  0x000074e5a4579138: ;   {other}
  0x000074e5a4579138: 0f1f 8400 | a84e 0091 | bef6 ffff | ff66 6690 

  0x000074e5a4579148: ;   {runtime_call UncommonTrapBlob}
  0x000074e5a4579148: c5f8 77e8 

  0x000074e5a457914c: ; ImmutableOopMap {}
                      ;*arraylength {reexecute=0 rethrow=0 return_oop=0}
                      ; - java.lang.StringLatin1::charAt@2 (line 46)
                      ; - java.lang.String::charAt@12 (line 1555)
                      ; - java.lang.ClassLoader::checkName@25 (line 1157)
                      ; - java.lang.ClassLoader::preDefineClass@1 (line 900)
                      ; - java.lang.ClassLoader::defineClass@4 (line 1025)
  0x000074e5a457914c: b011 81ff 

  0x000074e5a4579150: ;   {other}
  0x000074e5a4579150: 0f1f 8400 | c04e 0092 | bef6 ffff | ff66 6690 

  0x000074e5a4579160: ;   {runtime_call UncommonTrapBlob}
  0x000074e5a4579160: c5f8 77e8 

  0x000074e5a4579164: ; ImmutableOopMap {}
                      ;*arraylength {reexecute=0 rethrow=0 return_oop=0}
                      ; - java.lang.String::length@4 (line 1519)
                      ; - java.lang.String::startsWith@6 (line 2285)
                      ; - java.lang.String::startsWith@3 (line 2327)
                      ; - java.lang.ClassLoader::preDefineClass@43 (line 906)
                      ; - java.lang.ClassLoader::defineClass@4 (line 1025)
  0x000074e5a4579164: 9811 81ff 

  0x000074e5a4579168: ;   {other}
  0x000074e5a4579168: 0f1f 8400 | d84e 0093 | bef6 ffff | ff66 6690 

  0x000074e5a4579178: ;   {runtime_call UncommonTrapBlob}
  0x000074e5a4579178: c5f8 77e8 

  0x000074e5a457917c: ; ImmutableOopMap {}
                      ;*invokevirtual getCodeSource {reexecute=0 rethrow=0 return_oop=0}
                      ; - java.lang.ClassLoader::preDefineClass@110 (line 917)
                      ; - java.lang.ClassLoader::defineClass@4 (line 1025)
  0x000074e5a457917c: 8011 81ff 

  0x000074e5a4579180: ;   {other}
  0x000074e5a4579180: 0f1f 8400 | f04e 0094 | bef6 ffff | ff66 6690 

  0x000074e5a4579190: ;   {runtime_call UncommonTrapBlob}
  0x000074e5a4579190: c5f8 77e8 

  0x000074e5a4579194: ; ImmutableOopMap {}
                      ;*arraylength {reexecute=0 rethrow=0 return_oop=0}
                      ; - java.lang.String::length@4 (line 1519)
                      ; - java.lang.String::lastIndexOf@3 (line 2535)
                      ; - java.lang.ClassLoader::checkCerts@3 (line 1163)
                      ; - java.lang.ClassLoader::preDefineClass@113 (line 917)
                      ; - java.lang.ClassLoader::defineClass@4 (line 1025)
  0x000074e5a4579194: 6811 81ff 

  0x000074e5a4579198: ;   {other}
  0x000074e5a4579198: 0f1f 8400 | 084f 0095 | bef6 ffff | ff41 8bed 

  0x000074e5a45791a8: ;   {runtime_call UncommonTrapBlob}
  0x000074e5a45791a8: c5f8 77e8 

  0x000074e5a45791ac: ; ImmutableOopMap {rbp=NarrowOop }
                      ;*invokevirtual toExternalForm {reexecute=0 rethrow=0 return_oop=0}
                      ; - java.net.URL::toExternalForm@5 (line 1203)
                      ; - java.net.URL::toString@1 (line 1189)
                      ; - java.lang.ClassLoader::defineClassSourceLocation@22 (line 927)
                      ; - java.lang.ClassLoader::defineClass@12 (line 1026)
  0x000074e5a45791ac: 5011 81ff 

  0x000074e5a45791b0: ;   {other}
  0x000074e5a45791b0: 0f1f 8400 | 204f 0096 | bef6 ffff | ff66 6690 

  0x000074e5a45791c0: ;   {runtime_call UncommonTrapBlob}
  0x000074e5a45791c0: c5f8 77e8 

  0x000074e5a45791c4: ; ImmutableOopMap {}
                      ;*arraylength {reexecute=0 rethrow=0 return_oop=0}
                      ; - java.lang.AbstractStringBuilder::ensureCapacityInternal@4 (line 240)
                      ; - java.lang.AbstractStringBuilder::append@7 (line 806)
                      ; - java.lang.StringBuilder::append@2 (line 246)
                      ; - java.net.URLStreamHandler::toExternalForm@16 (line 480)
                      ; - java.net.URL::toExternalForm@5 (line 1203)
                      ; - java.net.URL::toString@1 (line 1189)
                      ; - java.lang.ClassLoader::defineClassSourceLocation@22 (line 927)
                      ; - java.lang.ClassLoader::defineClass@12 (line 1026)
  0x000074e5a45791c4: 3811 81ff 

  0x000074e5a45791c8: ;   {other}
  0x000074e5a45791c8: 0f1f 8400 | 384f 0097 | bef6 ffff | ff66 6690 

  0x000074e5a45791d8: ;   {runtime_call UncommonTrapBlob}
  0x000074e5a45791d8: c5f8 77e8 

  0x000074e5a45791dc: ; ImmutableOopMap {}
                      ;*arraylength {reexecute=0 rethrow=0 return_oop=0}
                      ; - java.lang.String::length@4 (line 1519)
                      ; - java.lang.AbstractStringBuilder::append@10 (line 586)
                      ; - java.lang.StringBuilder::append@2 (line 179)
                      ; - java.net.URLStreamHandler::toExternalForm@59 (line 483)
                      ; - java.net.URL::toExternalForm@5 (line 1203)
                      ; - java.net.URL::toString@1 (line 1189)
                      ; - java.lang.ClassLoader::defineClassSourceLocation@22 (line 927)
                      ; - java.lang.ClassLoader::defineClass@12 (line 1026)
  0x000074e5a45791dc: 2011 81ff 

  0x000074e5a45791e0: ;   {other}
  0x000074e5a45791e0: 0f1f 8400 | 504f 0098 | bef6 ffff | ff66 6690 

  0x000074e5a45791f0: ;   {runtime_call UncommonTrapBlob}
  0x000074e5a45791f0: c5f8 77e8 

  0x000074e5a45791f4: ; ImmutableOopMap {}
                      ;*arraylength {reexecute=0 rethrow=0 return_oop=0}
                      ; - java.lang.AbstractStringBuilder::ensureCapacityInternal@4 (line 240)
                      ; - java.lang.AbstractStringBuilder::append@21 (line 587)
                      ; - java.lang.StringBuilder::append@2 (line 179)
                      ; - java.net.URLStreamHandler::toExternalForm@59 (line 483)
                      ; - java.net.URL::toExternalForm@5 (line 1203)
                      ; - java.net.URL::toString@1 (line 1189)
                      ; - java.lang.ClassLoader::defineClassSourceLocation@22 (line 927)
                      ; - java.lang.ClassLoader::defineClass@12 (line 1026)
  0x000074e5a45791f4: 0811 81ff 

  0x000074e5a45791f8: ;   {other}
  0x000074e5a45791f8: 0f1f 8400 | 684f 0099 | bef6 ffff | ff66 6690 

  0x000074e5a4579208: ;   {runtime_call UncommonTrapBlob}
  0x000074e5a4579208: c5f8 77e8 

  0x000074e5a457920c: ; ImmutableOopMap {}
                      ;*arraylength {reexecute=0 rethrow=0 return_oop=0}
                      ; - java.lang.String::getBytes@21 (line 4726)
                      ; - java.lang.AbstractStringBuilder::putStringAt@15 (line 1751)
                      ; - java.lang.AbstractStringBuilder::append@30 (line 588)
                      ; - java.lang.StringBuilder::append@2 (line 179)
                      ; - java.net.URLStreamHandler::toExternalForm@59 (line 483)
                      ; - java.net.URL::toExternalForm@5 (line 1203)
                      ; - java.net.URL::toString@1 (line 1189)
                      ; - java.lang.ClassLoader::defineClassSourceLocation@22 (line 927)
                      ; - java.lang.ClassLoader::defineClass@12 (line 1026)
  0x000074e5a457920c: f010 81ff 

  0x000074e5a4579210: ;   {other}
  0x000074e5a4579210: 0f1f 8400 | 804f 009a | bef6 ffff | ff44 8954 | 2408 894c | 240c 6690 

  0x000074e5a4579228: ;   {runtime_call UncommonTrapBlob}
  0x000074e5a4579228: c5f8 77e8 

  0x000074e5a457922c: ; ImmutableOopMap {[8]=NarrowOop }
                      ;*invokestatic arraycopy {reexecute=0 rethrow=0 return_oop=0}
                      ; - java.lang.String::getBytes@22 (line 4726)
                      ; - java.lang.AbstractStringBuilder::putStringAt@15 (line 1751)
                      ; - java.lang.AbstractStringBuilder::append@30 (line 588)
                      ; - java.lang.StringBuilder::append@2 (line 179)
                      ; - java.net.URLStreamHandler::toExternalForm@59 (line 483)
                      ; - java.net.URL::toExternalForm@5 (line 1203)
                      ; - java.net.URL::toString@1 (line 1189)
                      ; - java.lang.ClassLoader::defineClassSourceLocation@22 (line 927)
                      ; - java.lang.ClassLoader::defineClass@12 (line 1026)
  0x000074e5a457922c: d010 81ff 

  0x000074e5a4579230: ;   {other}
  0x000074e5a4579230: 0f1f 8400 | a04f 009b | bef6 ffff | ff66 6690 

  0x000074e5a4579240: ;   {runtime_call UncommonTrapBlob}
  0x000074e5a4579240: c5f8 77e8 

  0x000074e5a4579244: ; ImmutableOopMap {}
                      ;*arraylength {reexecute=0 rethrow=0 return_oop=0}
                      ; - java.lang.String::length@4 (line 1519)
                      ; - java.lang.AbstractStringBuilder::append@10 (line 586)
                      ; - java.lang.StringBuilder::append@2 (line 179)
                      ; - java.net.URLStreamHandler::toExternalForm@77 (line 484)
                      ; - java.net.URL::toExternalForm@5 (line 1203)
                      ; - java.net.URL::toString@1 (line 1189)
                      ; - java.lang.ClassLoader::defineClassSourceLocation@22 (line 927)
                      ; - java.lang.ClassLoader::defineClass@12 (line 1026)
  0x000074e5a4579244: b810 81ff 

  0x000074e5a4579248: ;   {other}
  0x000074e5a4579248: 0f1f 8400 | b84f 009c | bef6 ffff | ff66 6690 

  0x000074e5a4579258: ;   {runtime_call UncommonTrapBlob}
  0x000074e5a4579258: c5f8 77e8 

  0x000074e5a457925c: ; ImmutableOopMap {}
                      ;*arraylength {reexecute=0 rethrow=0 return_oop=0}
                      ; - java.lang.AbstractStringBuilder::ensureCapacityInternal@4 (line 240)
                      ; - java.lang.AbstractStringBuilder::append@21 (line 587)
                      ; - java.lang.StringBuilder::append@2 (line 179)
                      ; - java.net.URLStreamHandler::toExternalForm@77 (line 484)
                      ; - java.net.URL::toExternalForm@5 (line 1203)
                      ; - java.net.URL::toString@1 (line 1189)
                      ; - java.lang.ClassLoader::defineClassSourceLocation@22 (line 927)
                      ; - java.lang.ClassLoader::defineClass@12 (line 1026)
  0x000074e5a457925c: a010 81ff 

  0x000074e5a4579260: ;   {other}
  0x000074e5a4579260: 0f1f 8400 | d04f 009d | bef6 ffff | ff66 6690 

  0x000074e5a4579270: ;   {runtime_call UncommonTrapBlob}
  0x000074e5a4579270: c5f8 77e8 

  0x000074e5a4579274: ; ImmutableOopMap {}
                      ;*arraylength {reexecute=0 rethrow=0 return_oop=0}
                      ; - java.lang.String::getBytes@21 (line 4726)
                      ; - java.lang.AbstractStringBuilder::putStringAt@15 (line 1751)
                      ; - java.lang.AbstractStringBuilder::append@30 (line 588)
                      ; - java.lang.StringBuilder::append@2 (line 179)
                      ; - java.net.URLStreamHandler::toExternalForm@77 (line 484)
                      ; - java.net.URL::toExternalForm@5 (line 1203)
                      ; - java.net.URL::toString@1 (line 1189)
                      ; - java.lang.ClassLoader::defineClassSourceLocation@22 (line 927)
                      ; - java.lang.ClassLoader::defineClass@12 (line 1026)
  0x000074e5a4579274: 8810 81ff 

  0x000074e5a4579278: ;   {other}
  0x000074e5a4579278: 0f1f 8400 | e84f 009e | bef6 ffff | ff44 8944 | 2408 4489 | 5c24 0c90 

  0x000074e5a4579290: ;   {runtime_call UncommonTrapBlob}
  0x000074e5a4579290: c5f8 77e8 

  0x000074e5a4579294: ; ImmutableOopMap {[8]=NarrowOop }
                      ;*invokestatic arraycopy {reexecute=0 rethrow=0 return_oop=0}
                      ; - java.lang.String::getBytes@22 (line 4726)
                      ; - java.lang.AbstractStringBuilder::putStringAt@15 (line 1751)
                      ; - java.lang.AbstractStringBuilder::append@30 (line 588)
                      ; - java.lang.StringBuilder::append@2 (line 179)
                      ; - java.net.URLStreamHandler::toExternalForm@77 (line 484)
                      ; - java.net.URL::toExternalForm@5 (line 1203)
                      ; - java.net.URL::toString@1 (line 1189)
                      ; - java.lang.ClassLoader::defineClassSourceLocation@22 (line 927)
                      ; - java.lang.ClassLoader::defineClass@12 (line 1026)
  0x000074e5a4579294: 6810 81ff 

  0x000074e5a4579298: ;   {other}
  0x000074e5a4579298: 0f1f 8400 | 0850 009f | bef6 ffff | ff66 6690 

  0x000074e5a45792a8: ;   {runtime_call UncommonTrapBlob}
  0x000074e5a45792a8: c5f8 77e8 

  0x000074e5a45792ac: ; ImmutableOopMap {}
                      ;*arraylength {reexecute=0 rethrow=0 return_oop=0}
                      ; - java.lang.AbstractStringBuilder::ensureCapacityInternal@4 (line 240)
                      ; - java.lang.AbstractStringBuilder::append@21 (line 587)
                      ; - java.lang.StringBuilder::append@2 (line 179)
                      ; - java.net.URLStreamHandler::toExternalForm@113 (line 485)
                      ; - java.net.URL::toExternalForm@5 (line 1203)
                      ; - java.net.URL::toString@1 (line 1189)
                      ; - java.lang.ClassLoader::defineClassSourceLocation@22 (line 927)
                      ; - java.lang.ClassLoader::defineClass@12 (line 1026)
  0x000074e5a45792ac: 5010 81ff 

  0x000074e5a45792b0: ;   {other}
  0x000074e5a45792b0: 0f1f 8400 | 2050 00a0 | bef6 ffff | ff41 8bea 

  0x000074e5a45792c0: ;   {runtime_call UncommonTrapBlob}
  0x000074e5a45792c0: c5f8 77e8 

  0x000074e5a45792c4: ; ImmutableOopMap {}
                      ;*invokestatic arraycopy {reexecute=0 rethrow=0 return_oop=0}
                      ; - java.lang.String::getBytes@22 (line 4726)
                      ; - java.lang.AbstractStringBuilder::putStringAt@15 (line 1751)
                      ; - java.lang.AbstractStringBuilder::append@30 (line 588)
                      ; - java.lang.StringBuilder::append@2 (line 179)
                      ; - java.net.URLStreamHandler::toExternalForm@113 (line 485)
                      ; - java.net.URL::toExternalForm@5 (line 1203)
                      ; - java.net.URL::toString@1 (line 1189)
                      ; - java.lang.ClassLoader::defineClassSourceLocation@22 (line 927)
                      ; - java.lang.ClassLoader::defineClass@12 (line 1026)
  0x000074e5a45792c4: 3810 81ff 

  0x000074e5a45792c8: ;   {other}
  0x000074e5a45792c8: 0f1f 8400 | 3850 00a1 | bef6 ffff | ff66 6690 

  0x000074e5a45792d8: ;   {runtime_call UncommonTrapBlob}
  0x000074e5a45792d8: c5f8 77e8 

  0x000074e5a45792dc: ; ImmutableOopMap {}
                      ;*arraylength {reexecute=0 rethrow=0 return_oop=0}
                      ; - java.lang.AbstractStringBuilder::ensureCapacityInternal@4 (line 240)
                      ; - java.lang.AbstractStringBuilder::append@21 (line 587)
                      ; - java.lang.StringBuilder::append@2 (line 179)
                      ; - java.net.URLStreamHandler::toExternalForm@149 (line 486)
                      ; - java.net.URL::toExternalForm@5 (line 1203)
                      ; - java.net.URL::toString@1 (line 1189)
                      ; - java.lang.ClassLoader::defineClassSourceLocation@22 (line 927)
                      ; - java.lang.ClassLoader::defineClass@12 (line 1026)
  0x000074e5a45792dc: 2010 81ff 

  0x000074e5a45792e0: ;   {other}
  0x000074e5a45792e0: 0f1f 8400 | 5050 00a2 | bef6 ffff | ff41 8bea 

  0x000074e5a45792f0: ;   {runtime_call UncommonTrapBlob}
  0x000074e5a45792f0: c5f8 77e8 

  0x000074e5a45792f4: ; ImmutableOopMap {}
                      ;*invokestatic arraycopy {reexecute=0 rethrow=0 return_oop=0}
                      ; - java.lang.String::getBytes@22 (line 4726)
                      ; - java.lang.AbstractStringBuilder::putStringAt@15 (line 1751)
                      ; - java.lang.AbstractStringBuilder::append@30 (line 588)
                      ; - java.lang.StringBuilder::append@2 (line 179)
                      ; - java.net.URLStreamHandler::toExternalForm@149 (line 486)
                      ; - java.net.URL::toExternalForm@5 (line 1203)
                      ; - java.net.URL::toString@1 (line 1189)
                      ; - java.lang.ClassLoader::defineClassSourceLocation@22 (line 927)
                      ; - java.lang.ClassLoader::defineClass@12 (line 1026)
  0x000074e5a45792f4: 0810 81ff 

  0x000074e5a45792f8: ;   {other}
  0x000074e5a45792f8: 0f1f 8400 | 6850 00a3 | bef6 ffff | ff66 6690 

  0x000074e5a4579308: ;   {runtime_call UncommonTrapBlob}
  0x000074e5a4579308: c5f8 77e8 

  0x000074e5a457930c: ; ImmutableOopMap {}
                      ;*arraylength {reexecute=0 rethrow=0 return_oop=0}
                      ; - java.util.Arrays::copyOfRange@6 (line 3853)
                      ; - java.lang.String::<init>@32 (line 4788)
                      ; - java.lang.String::<init>@3 (line 1507)
                      ; - java.lang.StringBuilder::toString@5 (line 475)
                      ; - java.net.URLStreamHandler::toExternalForm@152 (line 486)
                      ; - java.net.URL::toExternalForm@5 (line 1203)
                      ; - java.net.URL::toString@1 (line 1189)
                      ; - java.lang.ClassLoader::defineClassSourceLocation@22 (line 927)
                      ; - java.lang.ClassLoader::defineClass@12 (line 1026)
  0x000074e5a457930c: f00f 81ff 

  0x000074e5a4579310: ;   {other}
  0x000074e5a4579310: 0f1f 8400 | 8050 00a4 | bef6 ffff | ff66 6690 

  0x000074e5a4579320: ;   {runtime_call UncommonTrapBlob}
  0x000074e5a4579320: c5f8 77e8 

  0x000074e5a4579324: ; ImmutableOopMap {}
                      ;*arraylength {reexecute=0 rethrow=0 return_oop=0}
                      ; - java.lang.String::length@4 (line 1519)
                      ; - java.lang.AbstractStringBuilder::append@10 (line 586)
                      ; - java.lang.StringBuilder::append@2 (line 179)
                      ; - java.net.URLStreamHandler::toExternalForm@11 (line 480)
                      ; - java.net.URL::toExternalForm@5 (line 1203)
                      ; - java.net.URL::toString@1 (line 1189)
                      ; - java.lang.ClassLoader::defineClassSourceLocation@22 (line 927)
                      ; - java.lang.ClassLoader::defineClass@12 (line 1026)
  0x000074e5a4579324: d80f 81ff 

  0x000074e5a4579328: ;   {other}
  0x000074e5a4579328: 0f1f 8400 | 9850 00a5 | bef6 ffff | ff66 6690 

  0x000074e5a4579338: ;   {runtime_call UncommonTrapBlob}
  0x000074e5a4579338: c5f8 77e8 

  0x000074e5a457933c: ; ImmutableOopMap {}
                      ;*arraylength {reexecute=0 rethrow=0 return_oop=0}
                      ; - java.lang.String::getBytes@21 (line 4726)
                      ; - java.lang.AbstractStringBuilder::putStringAt@15 (line 1751)
                      ; - java.lang.AbstractStringBuilder::append@30 (line 588)
                      ; - java.lang.StringBuilder::append@2 (line 179)
                      ; - java.net.URLStreamHandler::toExternalForm@11 (line 480)
                      ; - java.net.URL::toExternalForm@5 (line 1203)
                      ; - java.net.URL::toString@1 (line 1189)
                      ; - java.lang.ClassLoader::defineClassSourceLocation@22 (line 927)
                      ; - java.lang.ClassLoader::defineClass@12 (line 1026)
  0x000074e5a457933c: c00f 81ff 

  0x000074e5a4579340: ;   {other}
  0x000074e5a4579340: 0f1f 8400 | b050 00a6 | bef6 ffff | ff89 7c24 | 0844 8944 | 240c 6690 

  0x000074e5a4579358: ;   {runtime_call UncommonTrapBlob}
  0x000074e5a4579358: c5f8 77e8 

  0x000074e5a457935c: ; ImmutableOopMap {[8]=NarrowOop }
                      ;*invokestatic arraycopy {reexecute=0 rethrow=0 return_oop=0}
                      ; - java.lang.String::getBytes@22 (line 4726)
                      ; - java.lang.AbstractStringBuilder::putStringAt@15 (line 1751)
                      ; - java.lang.AbstractStringBuilder::append@30 (line 588)
                      ; - java.lang.StringBuilder::append@2 (line 179)
                      ; - java.net.URLStreamHandler::toExternalForm@11 (line 480)
                      ; - java.net.URL::toExternalForm@5 (line 1203)
                      ; - java.net.URL::toString@1 (line 1189)
                      ; - java.lang.ClassLoader::defineClassSourceLocation@22 (line 927)
                      ; - java.lang.ClassLoader::defineClass@12 (line 1026)
  0x000074e5a457935c: a00f 81ff 

  0x000074e5a4579360: ;   {other}
  0x000074e5a4579360: 0f1f 8400 | d050 00a7 | bef6 ffff | ff66 6690 

  0x000074e5a4579370: ;   {runtime_call UncommonTrapBlob}
  0x000074e5a4579370: c5f8 77e8 

  0x000074e5a4579374: ; ImmutableOopMap {}
                      ;*bastore {reexecute=0 rethrow=0 return_oop=0}
                      ; - java.lang.AbstractStringBuilder::append@41 (line 808)
                      ; - java.lang.StringBuilder::append@2 (line 246)
                      ; - java.net.URLStreamHandler::toExternalForm@16 (line 480)
                      ; - java.net.URL::toExternalForm@5 (line 1203)
                      ; - java.net.URL::toString@1 (line 1189)
                      ; - java.lang.ClassLoader::defineClassSourceLocation@22 (line 927)
                      ; - java.lang.ClassLoader::defineClass@12 (line 1026)
  0x000074e5a4579374: 880f 81ff 

  0x000074e5a4579378: ;   {other}
  0x000074e5a4579378: 0f1f 8400 | e850 00a8 | bef6 ffff | ff66 6690 

  0x000074e5a4579388: ;   {runtime_call UncommonTrapBlob}
  0x000074e5a4579388: c5f8 77e8 

  0x000074e5a457938c: ; ImmutableOopMap {}
                      ;*arraylength {reexecute=0 rethrow=0 return_oop=0}
                      ; - java.lang.String::isEmpty@4 (line 1532)
                      ; - java.net.URLStreamHandler::toExternalForm@29 (line 482)
                      ; - java.net.URL::toExternalForm@5 (line 1203)
                      ; - java.net.URL::toString@1 (line 1189)
                      ; - java.lang.ClassLoader::defineClassSourceLocation@22 (line 927)
                      ; - java.lang.ClassLoader::defineClass@12 (line 1026)
  0x000074e5a457938c: 700f 81ff 

  0x000074e5a4579390: ;   {other}
  0x000074e5a4579390: 0f1f 8400 | 0051 00a9 | be45 ffff | ff48 8b6c | 2410 4c8b | 5c24 284c | 895c 2408 | 4c8b 5c24 
  0x000074e5a45793b0: 184c 895c | 2410 448b | 4424 2044 | 8944 2418 | 448b 5c24 | 2444 895c | 241c 4489 | 5424 2c90 
  0x000074e5a45793d0: ;   {runtime_call UncommonTrapBlob}
  0x000074e5a45793d0: c5f8 77e8 

  0x000074e5a45793d4: ; ImmutableOopMap {rbp=Oop [8]=Oop [16]=Oop [44]=NarrowOop [48]=Oop }
                      ;*ifnull {reexecute=1 rethrow=0 return_oop=0}
                      ; - (reexecute) java.lang.ClassLoader::defineClassSourceLocation@8 (line 926)
                      ; - java.lang.ClassLoader::defineClass@12 (line 1026)
  0x000074e5a45793d4: 280f 81ff 

  0x000074e5a45793d8: ;   {other}
  0x000074e5a45793d8: 0f1f 8400 | 4851 00aa | be45 ffff | ff48 8b6c | 2410 4c8b | 5424 284c | 8954 2408 | 4c8b 5424 
  0x000074e5a45793f8: 304c 8954 | 2428 4c89 | 6c24 3048 | 895c 2440 

  0x000074e5a4579408: ;   {runtime_call UncommonTrapBlob}
  0x000074e5a4579408: c5f8 77e8 

  0x000074e5a457940c: ; ImmutableOopMap {rbp=Oop [8]=Oop [24]=Oop [40]=Oop [48]=Oop [56]=NarrowOop [64]=Oop }
                      ;*ifnull {reexecute=1 rethrow=0 return_oop=0}
                      ; - (reexecute) java.lang.ClassLoader::checkCerts@30 (line 1167)
                      ; - java.lang.ClassLoader::preDefineClass@113 (line 917)
                      ; - java.lang.ClassLoader::defineClass@4 (line 1025)
  0x000074e5a457940c: f00e 81ff 

  0x000074e5a4579410: ;   {other}
  0x000074e5a4579410: 0f1f 8400 | 8051 00ab | 4d85 d244 | 8b54 2470 | 410f 94c2 | 458b dabe | 45ff ffff | 4c8b 5424 
  0x000074e5a4579430: 304c 8954 | 2420 4889 | 4424 2844 | 895c 2430 

  0x000074e5a4579440: ;   {runtime_call UncommonTrapBlob}
  0x000074e5a4579440: c5f8 77e8 

  0x000074e5a4579444: ; ImmutableOopMap {[8]=Oop [16]=Oop [32]=Oop [40]=Oop }
                      ;*ifeq {reexecute=1 rethrow=0 return_oop=0}
                      ; - (reexecute) java.lang.Class::getPackageName@29 (line 1164)
                      ; - java.lang.ClassLoader::postDefineClass@2 (line 934)
                      ; - java.lang.ClassLoader::defineClass@37 (line 1028)
  0x000074e5a4579444: b80e 81ff 

  0x000074e5a4579448: ;   {other}
  0x000074e5a4579448: 0f1f 8400 | b851 00ac | bef6 ffff | ff66 6690 

  0x000074e5a4579458: ;   {runtime_call UncommonTrapBlob}
  0x000074e5a4579458: c5f8 77e8 

  0x000074e5a457945c: ; ImmutableOopMap {}
                      ;*arraylength {reexecute=0 rethrow=0 return_oop=0}
                      ; - java.lang.String::length@4 (line 1519)
                      ; - java.lang.String::lastIndexOf@3 (line 2535)
                      ; - java.lang.Class::getPackageName@47 (line 1168)
                      ; - java.lang.ClassLoader::postDefineClass@2 (line 934)
                      ; - java.lang.ClassLoader::defineClass@37 (line 1028)
  0x000074e5a457945c: a00e 81ff 

  0x000074e5a4579460: ;   {other}
  0x000074e5a4579460: 0f1f 8400 | d051 00ad | be45 ffff | ff48 8b6c | 2410 4c8b | 5424 284c | 8954 2408 | 4c8b 5424 
  0x000074e5a4579480: 184c 8954 | 2410 448b | 5c24 2044 | 895c 2418 | 448b 5424 | 2444 8954 | 241c 4c8b | 5424 304c 
  0x000074e5a45794a0: 8954 2420 | 4489 6c24 | 2844 8944 | 2438 6690 

  0x000074e5a45794b0: ;   {runtime_call UncommonTrapBlob}
  0x000074e5a45794b0: c5f8 77e8 

  0x000074e5a45794b4: ; ImmutableOopMap {rbp=Oop [8]=Oop [16]=Oop [32]=Oop [40]=NarrowOop [56]=NarrowOop [64]=Oop }
                      ;*ifnull {reexecute=1 rethrow=0 return_oop=0}
                      ; - (reexecute) java.net.URLStreamHandler::toExternalForm@68 (line 484)
                      ; - java.net.URL::toExternalForm@5 (line 1203)
                      ; - java.net.URL::toString@1 (line 1189)
                      ; - java.lang.ClassLoader::defineClassSourceLocation@22 (line 927)
                      ; - java.lang.ClassLoader::defineClass@12 (line 1026)
  0x000074e5a45794b4: 480e 81ff 

  0x000074e5a45794b8: ;   {other}
  0x000074e5a45794b8: 0f1f 8400 | 2852 00ae | be45 ffff | ff48 8b6c | 2408 4489 | 5424 0890 

  0x000074e5a45794d0: ;   {runtime_call UncommonTrapBlob}
  0x000074e5a45794d0: c5f8 77e8 

  0x000074e5a45794d4: ; ImmutableOopMap {rbp=Oop [8]=NarrowOop }
                      ;*ifnull {reexecute=1 rethrow=0 return_oop=0}
                      ; - (reexecute) java.lang.ClassLoader::postDefineClass@17 (line 936)
                      ; - java.lang.ClassLoader::defineClass@37 (line 1028)
  0x000074e5a45794d4: 280e 81ff 

  0x000074e5a45794d8: ;   {other}
  0x000074e5a45794d8: 0f1f 8400 | 4852 00af | be76 ffff | ff48 8b6c | 2410 4c8b | 4c24 284c | 894c 2410 | 4c8b 4c24 
  0x000074e5a45794f8: 304c 894c | 2428 4c89 | 7424 4044 | 8954 2448 | 4489 4424 | 4c44 895c | 2450 4c89 | 6c24 5889 
  0x000074e5a4579518: 5424 6090 

  0x000074e5a457951c: ;   {runtime_call UncommonTrapBlob}
  0x000074e5a457951c: c5f8 77e8 

  0x000074e5a4579520: ; ImmutableOopMap {rbp=Oop [8]=Oop [16]=Oop [24]=Oop [40]=Oop [64]=Oop [80]=NarrowOop [88]=Oop }
                      ;*if_icmpge {reexecute=1 rethrow=0 return_oop=0}
                      ; - (reexecute) java.lang.ClassLoader::compareCerts@67 (line 1197)
                      ; - java.lang.ClassLoader::checkCerts@80 (line 1172)
                      ; - java.lang.ClassLoader::preDefineClass@113 (line 917)
                      ; - java.lang.ClassLoader::defineClass@4 (line 1025)
  0x000074e5a4579520: dc0d 81ff 

  0x000074e5a4579524: ;   {other}
  0x000074e5a4579524: 0f1f 8400 | 9452 00b0 | be76 ffff | ff48 8b6c | 2410 4c8b | 5c24 284c | 895c 2410 | 4c8b 5c24 
  0x000074e5a4579544: 304c 895c | 2428 4c89 | 6c24 3889 | 5424 4044 | 8944 2444 | 4489 4c24 | 484c 8974 | 2450 4489 
  0x000074e5a4579564: 5424 5890 

  0x000074e5a4579568: ;   {runtime_call UncommonTrapBlob}
  0x000074e5a4579568: c5f8 77e8 

  0x000074e5a457956c: ; ImmutableOopMap {rbp=Oop [8]=Oop [16]=Oop [24]=Oop [40]=Oop [56]=Oop [72]=NarrowOop [80]=Oop }
                      ;*if_icmpge {reexecute=1 rethrow=0 return_oop=0}
                      ; - (reexecute) java.lang.ClassLoader::compareCerts@152 (line 1209)
                      ; - java.lang.ClassLoader::checkCerts@80 (line 1172)
                      ; - java.lang.ClassLoader::preDefineClass@113 (line 917)
                      ; - java.lang.ClassLoader::defineClass@4 (line 1025)
  0x000074e5a457956c: 900d 81ff 

  0x000074e5a4579570: ;   {other}
  0x000074e5a4579570: 0f1f 8400 | e052 00b1 | be45 ffff | ff4c 8b54 | 2430 4c89 | 5424 2044 | 8944 2438 | 4c89 4c24 
  0x000074e5a4579590: 4044 8974 | 243c 8954 | 2448 6690 

  0x000074e5a457959c: ;   {runtime_call UncommonTrapBlob}
  0x000074e5a457959c: c5f8 77e8 

  0x000074e5a45795a0: ; ImmutableOopMap {rbp=NarrowOop [8]=Oop [16]=Oop [32]=Oop [56]=NarrowOop [60]=NarrowOop [64]=Oop }
                      ;*ifnull {reexecute=1 rethrow=0 return_oop=0}
                      ; - (reexecute) java.util.concurrent.ConcurrentHashMap::get@67 (line 940)
                      ; - java.lang.ClassLoader::getNamedPackage@5 (line 341)
                      ; - java.lang.ClassLoader::postDefineClass@9 (line 934)
                      ; - java.lang.ClassLoader::defineClass@37 (line 1028)
  0x000074e5a45795a0: 5c0d 81ff 

  0x000074e5a45795a4: ;   {other}
  0x000074e5a45795a4: 0f1f 8400 | 1453 00b2 | 4533 c9be | f4ff ffff | 488b 6c24 | 1048 8b4c | 2428 4889 | 4c24 1048 
  0x000074e5a45795c4: 8b4c 2430 | 4889 4c24 | 284c 8974 | 2440 4489 | 5424 4844 | 8944 244c | 4c89 6c24 | 5889 5424 
  0x000074e5a45795e4: 5444 894c | 2460 4489 | 5c24 6490 

  0x000074e5a45795f0: ;   {runtime_call UncommonTrapBlob}
  0x000074e5a45795f0: c5f8 77e8 

  0x000074e5a45795f4: ; ImmutableOopMap {rbp=Oop [8]=Oop [16]=Oop [24]=Oop [40]=Oop [64]=Oop [88]=Oop [100]=NarrowOop }
                      ;*instanceof {reexecute=0 rethrow=0 return_oop=0}
                      ; - java.security.cert.Certificate::equals@8 (line 111)
                      ; - java.lang.ClassLoader::compareCerts@81 (line 1198)
                      ; - java.lang.ClassLoader::checkCerts@80 (line 1172)
                      ; - java.lang.ClassLoader::preDefineClass@113 (line 917)
                      ; - java.lang.ClassLoader::defineClass@4 (line 1025)
  0x000074e5a45795f4: 080d 81ff 

  0x000074e5a45795f8: ;   {other}
  0x000074e5a45795f8: 0f1f 8400 | 6853 00b3 | 4533 dbbe | f4ff ffff | 488b 6c24 | 1048 8b4c | 2428 4889 | 4c24 1048 
  0x000074e5a4579618: 8b4c 2430 | 4889 4c24 | 284c 896c | 2438 8954 | 2440 4489 | 4424 444c | 8974 2450 | 4489 5424 
  0x000074e5a4579638: 4c44 895c | 2458 4489 | 4c24 5c90 

  0x000074e5a4579644: ;   {runtime_call UncommonTrapBlob}
  0x000074e5a4579644: c5f8 77e8 

  0x000074e5a4579648: ; ImmutableOopMap {rbp=Oop [8]=Oop [16]=Oop [24]=Oop [40]=Oop [56]=Oop [80]=Oop [92]=NarrowOop }
                      ;*instanceof {reexecute=0 rethrow=0 return_oop=0}
                      ; - java.security.cert.Certificate::equals@8 (line 111)
                      ; - java.lang.ClassLoader::compareCerts@166 (line 1210)
                      ; - java.lang.ClassLoader::checkCerts@80 (line 1172)
                      ; - java.lang.ClassLoader::preDefineClass@113 (line 917)
                      ; - java.lang.ClassLoader::defineClass@4 (line 1025)
  0x000074e5a4579648: b40c 81ff 

  0x000074e5a457964c: ;   {other}
  0x000074e5a457964c: 0f1f 8400 | bc53 00b4 | bef6 ffff | ff41 8be9 

  0x000074e5a457965c: ;   {runtime_call UncommonTrapBlob}
  0x000074e5a457965c: c5f8 77e8 

  0x000074e5a4579660: ; ImmutableOopMap {}
                      ;*aaload {reexecute=0 rethrow=0 return_oop=0}
                      ; - java.security.CodeSource::getCertificates@50 (line 212)
                      ; - java.lang.ClassLoader::checkCerts@34 (line 1168)
                      ; - java.lang.ClassLoader::preDefineClass@113 (line 917)
                      ; - java.lang.ClassLoader::defineClass@4 (line 1025)
  0x000074e5a4579660: 9c0c 81ff 

  0x000074e5a4579664: ;   {other}
  0x000074e5a4579664: 0f1f 8400 | d453 00b5 | bef6 ffff | ff66 6690 

  0x000074e5a4579674: ;   {runtime_call UncommonTrapBlob}
  0x000074e5a4579674: c5f8 77e8 

  0x000074e5a4579678: ; ImmutableOopMap {}
                      ;*invokevirtual getSignerCertPath {reexecute=0 rethrow=0 return_oop=0}
                      ; - java.security.CodeSource::getCertificates@51 (line 213)
                      ; - java.lang.ClassLoader::checkCerts@34 (line 1168)
                      ; - java.lang.ClassLoader::preDefineClass@113 (line 917)
                      ; - java.lang.ClassLoader::defineClass@4 (line 1025)
  0x000074e5a4579678: 840c 81ff 

  0x000074e5a457967c: ;   {other}
  0x000074e5a457967c: 0f1f 8400 | ec53 00b6 | bef6 ffff | ff66 6690 

  0x000074e5a457968c: ;   {runtime_call UncommonTrapBlob}
  0x000074e5a457968c: c5f8 77e8 

  0x000074e5a4579690: ; ImmutableOopMap {}
                      ;*invokevirtual getCertificates {reexecute=0 rethrow=0 return_oop=0}
                      ; - java.security.CodeSource::getCertificates@54 (line 213)
                      ; - java.lang.ClassLoader::checkCerts@34 (line 1168)
                      ; - java.lang.ClassLoader::preDefineClass@113 (line 917)
                      ; - java.lang.ClassLoader::defineClass@4 (line 1025)
  0x000074e5a4579690: 6c0c 81ff 

  0x000074e5a4579694: ;   {other}
  0x000074e5a4579694: 0f1f 8400 | 0454 00b7 | bef6 ffff | ff66 6690 

  0x000074e5a45796a4: ;   {runtime_call UncommonTrapBlob}
  0x000074e5a45796a4: c5f8 77e8 

  0x000074e5a45796a8: ; ImmutableOopMap {}
                      ;*arraylength {reexecute=0 rethrow=0 return_oop=0}
                      ; - java.security.CodeSource::getCertificates@40 (line 211)
                      ; - java.lang.ClassLoader::checkCerts@34 (line 1168)
                      ; - java.lang.ClassLoader::preDefineClass@113 (line 917)
                      ; - java.lang.ClassLoader::defineClass@4 (line 1025)
  0x000074e5a45796a8: 540c 81ff 

  0x000074e5a45796ac: ;   {other}
  0x000074e5a45796ac: 0f1f 8400 | 1c54 00b8 | bef6 ffff | ff41 8be8 

  0x000074e5a45796bc: ;   {runtime_call UncommonTrapBlob}
  0x000074e5a45796bc: c5f8 77e8 

  0x000074e5a45796c0: ; ImmutableOopMap {}
                      ;*aaload {reexecute=0 rethrow=0 return_oop=0}
                      ; - java.security.CodeSource::getCertificates@50 (line 212)
                      ; - java.lang.ClassLoader::postDefineClass@24 (line 937)
                      ; - java.lang.ClassLoader::defineClass@37 (line 1028)
  0x000074e5a45796c0: 3c0c 81ff 

  0x000074e5a45796c4: ;   {other}
  0x000074e5a45796c4: 0f1f 8400 | 3454 00b9 | bef6 ffff | ff66 6690 

  0x000074e5a45796d4: ;   {runtime_call UncommonTrapBlob}
  0x000074e5a45796d4: c5f8 77e8 

  0x000074e5a45796d8: ; ImmutableOopMap {}
                      ;*invokevirtual getSignerCertPath {reexecute=0 rethrow=0 return_oop=0}
                      ; - java.security.CodeSource::getCertificates@51 (line 213)
                      ; - java.lang.ClassLoader::postDefineClass@24 (line 937)
                      ; - java.lang.ClassLoader::defineClass@37 (line 1028)
  0x000074e5a45796d8: 240c 81ff 

  0x000074e5a45796dc: ;   {other}
  0x000074e5a45796dc: 0f1f 8400 | 4c54 00ba | bef6 ffff | ff66 6690 

  0x000074e5a45796ec: ;   {runtime_call UncommonTrapBlob}
  0x000074e5a45796ec: c5f8 77e8 

  0x000074e5a45796f0: ; ImmutableOopMap {}
                      ;*invokevirtual getCertificates {reexecute=0 rethrow=0 return_oop=0}
                      ; - java.security.CodeSource::getCertificates@54 (line 213)
                      ; - java.lang.ClassLoader::postDefineClass@24 (line 937)
                      ; - java.lang.ClassLoader::defineClass@37 (line 1028)
  0x000074e5a45796f0: 0c0c 81ff 

  0x000074e5a45796f4: ;   {other}
  0x000074e5a45796f4: 0f1f 8400 | 6454 00bb | bef6 ffff | ff66 6690 

  0x000074e5a4579704: ;   {runtime_call UncommonTrapBlob}
  0x000074e5a4579704: c5f8 77e8 

  0x000074e5a4579708: ; ImmutableOopMap {}
                      ;*arraylength {reexecute=0 rethrow=0 return_oop=0}
                      ; - java.security.CodeSource::getCertificates@40 (line 211)
                      ; - java.lang.ClassLoader::postDefineClass@24 (line 937)
                      ; - java.lang.ClassLoader::defineClass@37 (line 1028)
  0x000074e5a4579708: f40b 81ff 

  0x000074e5a457970c: ;   {other}
  0x000074e5a457970c: 0f1f 8400 | 7c54 00bc | be97 ffff | ff48 8b6c | 2410 4c8b | 5424 404c | 8954 2428 | 4c8b 5424 
  0x000074e5a457972c: 384c 8954 | 2430 448b | 5c24 4844 | 895c 2438 

  0x000074e5a457973c: ;   {runtime_call UncommonTrapBlob}
  0x000074e5a457973c: c5f8 77e8 

  0x000074e5a4579740: ; ImmutableOopMap {rbp=Oop [8]=Oop [24]=Oop [40]=Oop [48]=Oop [56]=NarrowOop [76]=NarrowOop [80]=Oop }
                      ;*invokevirtual clone {reexecute=1 rethrow=0 return_oop=0}
                      ; - (reexecute) java.util.Arrays::copyOfRange@18 (line 3856)
                      ; - java.lang.StringLatin1::newString@16 (line 752)
                      ; - java.lang.String::substring@41 (line 2839)
                      ; - java.lang.ClassLoader::checkCerts@21 (line 1164)
                      ; - java.lang.ClassLoader::preDefineClass@113 (line 917)
                      ; - java.lang.ClassLoader::defineClass@4 (line 1025)
  0x000074e5a4579740: bc0b 81ff 

  0x000074e5a4579744: ;   {other}
  0x000074e5a4579744: 0f1f 8400 | b454 00bd | be97 ffff | ff4c 8b54 | 2418 4c89 | 5424 1044 | 8b5c 2420 | 4489 5c24 
  0x000074e5a4579764: 1844 8b54 | 2424 4489 | 5424 1c4c | 8b54 2438 | 4c89 5424 | 204c 8b54 | 2440 4c89 | 5424 3090 
  0x000074e5a4579784: ;   {runtime_call UncommonTrapBlob}
  0x000074e5a4579784: c5f8 77e8 

  0x000074e5a4579788: ; ImmutableOopMap {rbp=Oop [8]=Oop [16]=Oop [32]=Oop [48]=Oop [64]=Oop [72]=NarrowOop }
                      ;*invokevirtual clone {reexecute=1 rethrow=0 return_oop=0}
                      ; - (reexecute) java.util.Arrays::copyOfRange@18 (line 3856)
                      ; - java.lang.String::<init>@32 (line 4788)
                      ; - java.lang.String::<init>@3 (line 1507)
                      ; - java.lang.StringBuilder::toString@5 (line 475)
                      ; - java.net.URLStreamHandler::toExternalForm@152 (line 486)
                      ; - java.net.URL::toExternalForm@5 (line 1203)
                      ; - java.net.URL::toString@1 (line 1189)
                      ; - java.lang.ClassLoader::defineClassSourceLocation@22 (line 927)
                      ; - java.lang.ClassLoader::defineClass@12 (line 1026)
  0x000074e5a4579788: 740b 81ff 

  0x000074e5a457978c: ;   {other}
  0x000074e5a457978c: 0f1f 8400 | fc54 00be | be97 ffff | ff48 8b6c | 2410 4c8b | 5424 404c | 8954 2428 | 4c8b 5424 
  0x000074e5a45797ac: 384c 8954 | 2430 6690 

  0x000074e5a45797b4: ;   {runtime_call UncommonTrapBlob}
  0x000074e5a45797b4: c5f8 77e8 

  0x000074e5a45797b8: ; ImmutableOopMap {rbp=Oop [8]=Oop [24]=Oop [40]=Oop [48]=Oop [72]=Oop [80]=NarrowOop }
                      ;*invokevirtual clone {reexecute=1 rethrow=0 return_oop=0}
                      ; - (reexecute) java.security.CodeSource::getCertificates@11 (line 205)
                      ; - java.lang.ClassLoader::checkCerts@34 (line 1168)
                      ; - java.lang.ClassLoader::preDefineClass@113 (line 917)
                      ; - java.lang.ClassLoader::defineClass@4 (line 1025)
  0x000074e5a45797b8: 440b 81ff 

  0x000074e5a45797bc: ;   {other}
  0x000074e5a45797bc: 0f1f 8400 | 2c55 00bf | bef4 ffff | ff4c 8b54 | 2418 4c89 | 5424 1044 | 8b54 2420 | 4489 5424 
  0x000074e5a45797dc: 1844 8b5c | 2424 4489 | 5c24 1c4c | 8b54 2430 | 4c89 5424 | 204c 8b54 | 2440 4c89 | 5424 3090 
  0x000074e5a45797fc: ;   {runtime_call UncommonTrapBlob}
  0x000074e5a45797fc: c5f8 77e8 

  0x000074e5a4579800: ; ImmutableOopMap {rbp=Oop [8]=Oop [16]=Oop [32]=Oop [48]=Oop [56]=NarrowOop [72]=Oop }
                      ;*checkcast {reexecute=0 rethrow=0 return_oop=0}
                      ; - java.security.CodeSource::getCertificates@76 (line 215)
                      ; - java.lang.ClassLoader::checkCerts@34 (line 1168)
                      ; - java.lang.ClassLoader::preDefineClass@113 (line 917)
                      ; - java.lang.ClassLoader::defineClass@4 (line 1025)
  0x000074e5a4579800: fc0a 81ff 

  0x000074e5a4579804: ;   {other}
  0x000074e5a4579804: 0f1f 8400 | 7455 00c0 | be97 ffff | ff48 8b6c | 2418 6690 

  0x000074e5a4579818: ;   {runtime_call UncommonTrapBlob}
  0x000074e5a4579818: c5f8 77e8 

  0x000074e5a457981c: ; ImmutableOopMap {rbp=Oop [8]=Oop [32]=NarrowOop }
                      ;*invokevirtual clone {reexecute=1 rethrow=0 return_oop=0}
                      ; - (reexecute) java.security.CodeSource::getCertificates@11 (line 205)
                      ; - java.lang.ClassLoader::postDefineClass@24 (line 937)
                      ; - java.lang.ClassLoader::defineClass@37 (line 1028)
  0x000074e5a457981c: e00a 81ff 

  0x000074e5a4579820: ;   {other}
  0x000074e5a4579820: 0f1f 8400 | 9055 00c1 | bef4 ffff | ff66 6690 

  0x000074e5a4579830: ;   {runtime_call UncommonTrapBlob}
  0x000074e5a4579830: c5f8 77e8 

  0x000074e5a4579834: ; ImmutableOopMap {[8]=Oop [16]=Oop [24]=NarrowOop }
                      ;*checkcast {reexecute=0 rethrow=0 return_oop=0}
                      ; - java.security.CodeSource::getCertificates@76 (line 215)
                      ; - java.lang.ClassLoader::postDefineClass@24 (line 937)
                      ; - java.lang.ClassLoader::defineClass@37 (line 1028)
  0x000074e5a4579834: c80a 81ff 

  0x000074e5a4579838: ;   {other}
  0x000074e5a4579838: 0f1f 8400 | a855 00c2 | be97 ffff | ff4c 8b54 | 2420 4c89 | 5424 0890 

  0x000074e5a4579850: ;   {runtime_call UncommonTrapBlob}
  0x000074e5a4579850: c5f8 77e8 

  0x000074e5a4579854: ; ImmutableOopMap {rbp=Oop [8]=Oop [24]=Oop [40]=NarrowOop [56]=Oop }
                      ;*invokevirtual clone {reexecute=1 rethrow=0 return_oop=0}
                      ; - (reexecute) java.util.Arrays::copyOfRange@18 (line 3856)
                      ; - java.lang.StringLatin1::newString@16 (line 752)
                      ; - java.lang.String::substring@41 (line 2839)
                      ; - java.lang.Class::getPackageName@62 (line 1169)
                      ; - java.lang.ClassLoader::postDefineClass@2 (line 934)
                      ; - java.lang.ClassLoader::defineClass@37 (line 1028)
  0x000074e5a4579854: a80a 81ff 

  0x000074e5a4579858: ;   {other}
  0x000074e5a4579858: 0f1f 8400 | c855 00c3 | be97 ffff | ff4c 8b54 | 2430 4c89 | 5424 284c | 8b54 2440 | 4c89 5424 
  0x000074e5a4579878: 3866 6690 

  0x000074e5a457987c: ;   {runtime_call UncommonTrapBlob}
  0x000074e5a457987c: c5f8 77e8 

  0x000074e5a4579880: ; ImmutableOopMap {rbp=Oop [8]=Oop [16]=Oop [24]=Oop [40]=Oop [56]=Oop [72]=Oop }
                      ;*invokevirtual clone {reexecute=1 rethrow=0 return_oop=0}
                      ; - (reexecute) java.security.CodeSource::getCertificates@86 (line 217)
                      ; - java.lang.ClassLoader::checkCerts@34 (line 1168)
                      ; - java.lang.ClassLoader::preDefineClass@113 (line 917)
                      ; - java.lang.ClassLoader::defineClass@4 (line 1025)
  0x000074e5a4579880: 7c0a 81ff 

  0x000074e5a4579884: ;   {other}
  0x000074e5a4579884: 0f1f 8400 | f455 00c4 | be97 ffff | ff66 6690 

  0x000074e5a4579894: ;   {runtime_call UncommonTrapBlob}
  0x000074e5a4579894: c5f8 77e8 

  0x000074e5a4579898: ; ImmutableOopMap {[8]=Oop [16]=Oop [40]=Oop }
                      ;*invokevirtual clone {reexecute=1 rethrow=0 return_oop=0}
                      ; - (reexecute) java.security.CodeSource::getCertificates@86 (line 217)
                      ; - java.lang.ClassLoader::postDefineClass@24 (line 937)
                      ; - java.lang.ClassLoader::defineClass@37 (line 1028)
  0x000074e5a4579898: 640a 81ff 

  0x000074e5a457989c: ;   {other}
  0x000074e5a457989c: 0f1f 8400 | 0c56 00c5 | eb70 eb6e | eb6c eb6a | eb68 eb66 | eb64 eb62 | eb60 eb5e | eb5c eb5a 
  0x000074e5a45798bc: eb58 eb56 | eb54 eb52 | eb50 eb4e | eb4c eb4a | eb48 eb46 | eb44 eb42 | eb40 eb3e | eb3c eb3a 
  0x000074e5a45798dc: eb38 eb36 | eb34 eb32 | eb30 eb2e | eb2c eb2a | eb28 eb26 | eb24 eb22 | eb20 eb1e | eb1c eb1a 
  0x000074e5a45798fc: eb18 eb16 | eb14 eb12 | eb10 eb0e | eb0c eb0a | eb08 eb06 | eb04 eb02 | eb00 488b | f0e9 9bc3 
  0x000074e5a457991c: ;   {internal_word}
  0x000074e5a457991c: ffff 49ba | 545e 57a4 | e574 0000 | 4d89 9760 

  0x000074e5a457992c: ;   {runtime_call SafepointBlob}
  0x000074e5a457992c: 0400 00e9 | cc1a 81ff 

  0x000074e5a4579934: ;   {runtime_call StubRoutines (final stubs)}
  0x000074e5a4579934: e8a7 567f | ffe9 80b0 | ffff f4f4 
[Stub Code]
  0x000074e5a4579940: ;   {no_reloc}
  0x000074e5a4579940: 48bb 0000 | 0000 0000 

  0x000074e5a4579948: ;   {runtime_call nmethod}
  0x000074e5a4579948: 0000 e9fb 

  0x000074e5a457994c: ;   {static_stub}
  0x000074e5a457994c: ffff ff48 | bb00 0000 | 0000 0000 

  0x000074e5a4579958: ;   {runtime_call nmethod}
  0x000074e5a4579958: 00e9 fbff 

  0x000074e5a457995c: ;   {static_stub}
  0x000074e5a457995c: ffff 48bb | 0000 0000 | 0000 0000 

  0x000074e5a4579968: ;   {runtime_call nmethod}
  0x000074e5a4579968: e9fb ffff 

  0x000074e5a457996c: ;   {static_stub}
  0x000074e5a457996c: ff48 bb00 | 0000 0000 

  0x000074e5a4579974: ;   {runtime_call nmethod}
  0x000074e5a4579974: 0000 00e9 | fbff ffff 

  0x000074e5a457997c: ;   {static_stub}
  0x000074e5a457997c: 48bb 0000 | 0000 0000 

  0x000074e5a4579984: ;   {runtime_call nmethod}
  0x000074e5a4579984: 0000 e9fb 

  0x000074e5a4579988: ;   {static_stub}
  0x000074e5a4579988: ffff ff48 | bb00 0000 | 0000 0000 

  0x000074e5a4579994: ;   {runtime_call nmethod}
  0x000074e5a4579994: 00e9 fbff 

  0x000074e5a4579998: ;   {static_stub}
  0x000074e5a4579998: ffff 48bb | 0000 0000 | 0000 0000 

  0x000074e5a45799a4: ;   {runtime_call nmethod}
  0x000074e5a45799a4: e9fb ffff 

  0x000074e5a45799a8: ;   {static_stub}
  0x000074e5a45799a8: ff48 bb00 | 0000 0000 

  0x000074e5a45799b0: ;   {runtime_call nmethod}
  0x000074e5a45799b0: 0000 00e9 | fbff ffff 

  0x000074e5a45799b8: ;   {static_stub}
  0x000074e5a45799b8: 48bb 0000 | 0000 0000 

  0x000074e5a45799c0: ;   {runtime_call nmethod}
  0x000074e5a45799c0: 0000 e9fb 

  0x000074e5a45799c4: ;   {static_stub}
  0x000074e5a45799c4: ffff ff48 | bb00 0000 | 0000 0000 

  0x000074e5a45799d0: ;   {runtime_call nmethod}
  0x000074e5a45799d0: 00e9 fbff 

  0x000074e5a45799d4: ;   {static_stub}
  0x000074e5a45799d4: ffff 48bb | 0000 0000 | 0000 0000 

  0x000074e5a45799e0: ;   {runtime_call nmethod}
  0x000074e5a45799e0: e9fb ffff 

  0x000074e5a45799e4: ;   {static_stub}
  0x000074e5a45799e4: ff48 bb00 | 0000 0000 

  0x000074e5a45799ec: ;   {runtime_call nmethod}
  0x000074e5a45799ec: 0000 00e9 | fbff ffff 

  0x000074e5a45799f4: ;   {static_stub}
  0x000074e5a45799f4: 48bb 0000 | 0000 0000 

  0x000074e5a45799fc: ;   {runtime_call nmethod}
  0x000074e5a45799fc: 0000 e9fb 

  0x000074e5a4579a00: ;   {static_stub}
  0x000074e5a4579a00: ffff ff48 | bb00 0000 | 0000 0000 

  0x000074e5a4579a0c: ;   {runtime_call nmethod}
  0x000074e5a4579a0c: 00e9 fbff 

  0x000074e5a4579a10: ;   {static_stub}
  0x000074e5a4579a10: ffff 48bb | 0000 0000 | 0000 0000 

  0x000074e5a4579a1c: ;   {runtime_call nmethod}
  0x000074e5a4579a1c: e9fb ffff 

  0x000074e5a4579a20: ;   {static_stub}
  0x000074e5a4579a20: ff48 bb00 | 0000 0000 

  0x000074e5a4579a28: ;   {runtime_call nmethod}
  0x000074e5a4579a28: 0000 00e9 | fbff ffff 

  0x000074e5a4579a30: ;   {static_stub}
  0x000074e5a4579a30: 48bb 0000 | 0000 0000 

  0x000074e5a4579a38: ;   {runtime_call nmethod}
  0x000074e5a4579a38: 0000 e9fb 

  0x000074e5a4579a3c: ;   {static_stub}
  0x000074e5a4579a3c: ffff ff48 | bb00 0000 | 0000 0000 

  0x000074e5a4579a48: ;   {runtime_call nmethod}
  0x000074e5a4579a48: 00e9 fbff 

  0x000074e5a4579a4c: ;   {static_stub}
  0x000074e5a4579a4c: ffff 48bb | 0000 0000 | 0000 0000 

  0x000074e5a4579a58: ;   {runtime_call nmethod}
  0x000074e5a4579a58: e9fb ffff 

  0x000074e5a4579a5c: ;   {static_stub}
  0x000074e5a4579a5c: ff48 bb00 | 0000 0000 

  0x000074e5a4579a64: ;   {runtime_call nmethod}
  0x000074e5a4579a64: 0000 00e9 | fbff ffff 

  0x000074e5a4579a6c: ;   {static_stub}
  0x000074e5a4579a6c: 48bb a075 | 404e e574 

  0x000074e5a4579a74: ;   {runtime_call I2C/C2I adapters}
  0x000074e5a4579a74: 0000 e9f4 

  0x000074e5a4579a78: ;   {static_stub}
  0x000074e5a4579a78: 657e ff48 | bb00 0000 | 0000 0000 

  0x000074e5a4579a84: ;   {runtime_call nmethod}
  0x000074e5a4579a84: 00e9 fbff 

  0x000074e5a4579a88: ;   {static_stub}
  0x000074e5a4579a88: ffff 48bb | 0000 0000 | 0000 0000 

  0x000074e5a4579a94: ;   {runtime_call nmethod}
  0x000074e5a4579a94: e9fb ffff 

  0x000074e5a4579a98: ;   {static_stub}
  0x000074e5a4579a98: ff48 bb00 | 0000 0000 

  0x000074e5a4579aa0: ;   {runtime_call nmethod}
  0x000074e5a4579aa0: 0000 00e9 | fbff ffff 

  0x000074e5a4579aa8: ;   {static_stub}
  0x000074e5a4579aa8: 48bb 0000 | 0000 0000 

  0x000074e5a4579ab0: ;   {runtime_call nmethod}
  0x000074e5a4579ab0: 0000 e9fb 

  0x000074e5a4579ab4: ;   {static_stub}
  0x000074e5a4579ab4: ffff ff48 | bb00 0000 | 0000 0000 

  0x000074e5a4579ac0: ;   {runtime_call nmethod}
  0x000074e5a4579ac0: 00e9 fbff 

  0x000074e5a4579ac4: ;   {static_stub}
  0x000074e5a4579ac4: ffff 48bb | 0000 0000 | 0000 0000 

  0x000074e5a4579ad0: ;   {runtime_call nmethod}
  0x000074e5a4579ad0: e9fb ffff 

  0x000074e5a4579ad4: ;   {static_stub}
  0x000074e5a4579ad4: ff48 bb00 | 0000 0000 

  0x000074e5a4579adc: ;   {runtime_call nmethod}
  0x000074e5a4579adc: 0000 00e9 | fbff ffff 

  0x000074e5a4579ae4: ;   {static_stub}
  0x000074e5a4579ae4: 48bb 0000 | 0000 0000 

  0x000074e5a4579aec: ;   {runtime_call nmethod}
  0x000074e5a4579aec: 0000 e9fb 

  0x000074e5a4579af0: ;   {runtime_call ExceptionBlob}
  0x000074e5a4579af0: ffff ffe9 | 080c 8cff 
[Deopt Handler Code]
  0x000074e5a4579af8: e800 0000 | 0048 832c 

  0x000074e5a4579b00: ;   {runtime_call DeoptimizationBlob}
  0x000074e5a4579b00: 2405 e999 | 0b81 fff4 
[/MachCode]


Compiled method (c1) 3432 2696   !   3       org.eclipse.osgi.internal.loader.ModuleClassLoader::defineClass (67 bytes)
 total in heap  [0x000074e59cd0bc10,0x000074e59cd0c7e8] = 3032
 relocation     [0x000074e59cd0bd68,0x000074e59cd0be10] = 168
 main code      [0x000074e59cd0be20,0x000074e59cd0c420] = 1536
 stub code      [0x000074e59cd0c420,0x000074e59cd0c488] = 104
 oops           [0x000074e59cd0c488,0x000074e59cd0c490] = 8
 metadata       [0x000074e59cd0c490,0x000074e59cd0c4d0] = 64
 scopes data    [0x000074e59cd0c4d0,0x000074e59cd0c620] = 336
 scopes pcs     [0x000074e59cd0c620,0x000074e59cd0c730] = 272
 dependencies   [0x000074e59cd0c730,0x000074e59cd0c748] = 24
 handler table  [0x000074e59cd0c748,0x000074e59cd0c7c0] = 120
 nul chk table  [0x000074e59cd0c7c0,0x000074e59cd0c7e8] = 40

[Constant Pool (empty)]

[MachCode]
[Entry Point]
  # {method} {0x000074e5445f6450} 'defineClass' '(Ljava/lang/String;[BLorg/eclipse/osgi/internal/loader/classpath/ClasspathEntry;)Lorg/eclipse/osgi/internal/loader/ModuleClassLoader$DefineClassResult;' in 'org/eclipse/osgi/internal/loader/ModuleClassLoader'
  # this:     rsi:rsi   = 'org/eclipse/osgi/internal/loader/ModuleClassLoader'
  # parm0:    rdx:rdx   = 'java/lang/String'
  # parm1:    rcx:rcx   = '[B'
  # parm2:    r8:r8     = 'org/eclipse/osgi/internal/loader/classpath/ClasspathEntry'
  #           [sp+0xb0]  (sp of caller)
  0x000074e59cd0be20: 448b 5608 | 49bb 0000 | 004e e574 | 0000 4d03 | d34c 3bd0 

  0x000074e59cd0be34: ;   {runtime_call ic_miss_stub}
  0x000074e59cd0be34: 0f85 468f | 0707 660f | 1f44 0000 
[Verified Entry Point]
  0x000074e59cd0be40: 8984 2400 | c0fe ff55 | 4881 eca0 | 0000 0090 | 4181 7f20 | 0200 0000 

  0x000074e59cd0be58: ;   {runtime_call StubRoutines (final stubs)}
  0x000074e59cd0be58: 7405 e881 

  0x000074e59cd0be5c: ;   {metadata(method data for {method} {0x000074e5445f6450} 'defineClass' '(Ljava/lang/String;[BLorg/eclipse/osgi/internal/loader/classpath/ClasspathEntry;)Lorg/eclipse/osgi/internal/loader/ModuleClassLoader$DefineClassResult;' in 'org/eclipse/osgi/internal/loader/ModuleClassLoader')}
  0x000074e59cd0be5c: 3106 0748 | bfd0 2c83 | 44e5 7400 | 008b 9ff4 | 0000 0083 | c302 899f | f400 0000 | 81e3 fe07 
  0x000074e59cd0be7c: 0000 85db | 0f84 5304 | 0000 4c89 | 4424 7048 | 894c 2468 

  0x000074e59cd0be90: ;   {metadata(method data for {method} {0x000074e5445f6450} 'defineClass' '(Ljava/lang/String;[BLorg/eclipse/osgi/internal/loader/classpath/ClasspathEntry;)Lorg/eclipse/osgi/internal/loader/ModuleClassLoader$DefineClassResult;' in 'org/eclipse/osgi/internal/loader/ModuleClassLoader')}
  0x000074e59cd0be90: 488b fe48 | bbd0 2c83 | 44e5 7400 | 008b 7f08 | 49ba 0000 | 004e e574 | 0000 4903 | fa48 3bbb 
  0x000074e59cd0beb0: 4801 0000 | 750d 4883 | 8350 0100 | 0001 e960 | 0000 0048 | 3bbb 5801 | 0000 750d | 4883 8360 
  0x000074e59cd0bed0: 0100 0001 | e94a 0000 | 0048 83bb | 4801 0000 | 0075 1748 | 89bb 4801 | 0000 48c7 | 8350 0100 
  0x000074e59cd0bef0: 0001 0000 | 00e9 2900 | 0000 4883 | bb58 0100 | 0000 7517 | 4889 bb58 | 0100 0048 | c783 6001 
  0x000074e59cd0bf10: 0000 0100 | 0000 e908 | 0000 0048 | 8383 3801 

  0x000074e59cd0bf20: ;   {metadata(method data for {method} {0x000074e5445f7100} 'getClassLoadingLock' '(Ljava/lang/String;)Ljava/lang/Object;' in 'org/eclipse/osgi/internal/loader/ModuleClassLoader')}
  0x000074e59cd0bf20: 0000 0148 | bf30 0a7d | 44e5 7400 | 008b 9ff4 | 0000 0083 | c302 899f | f400 0000 | 81e3 feff 
  0x000074e59cd0bf40: 1f00 85db | 0f84 b003 | 0000 8b7e | 5048 3b07 

  0x000074e59cd0bf50: ;   {metadata(method data for {method} {0x000074e5445f7100} 'getClassLoadingLock' '(Ljava/lang/String;)Ljava/lang/Object;' in 'org/eclipse/osgi/internal/loader/ModuleClassLoader')}
  0x000074e59cd0bf50: 488b df48 | b830 0a7d | 44e5 7400 | 0048 8380 | 3801 0000 | 0148 8bda | 488b d348 | 8974 2458 
  0x000074e59cd0bf70: 488b f748 | 895c 2460 | 0f1f 8000 

  0x000074e59cd0bf7c: ;   {optimized virtual_call}
  0x000074e59cd0bf7c: 0000 00e8 

  0x000074e59cd0bf80: ; ImmutableOopMap {[88]=Oop [96]=Oop [104]=Oop [112]=Oop }
                      ;*invokevirtual getLock {reexecute=0 rethrow=0 return_oop=0}
                      ; - org.eclipse.osgi.internal.loader.ModuleClassLoader::getClassLoadingLock@5 (line 437)
                      ; - org.eclipse.osgi.internal.loader.ModuleClassLoader::defineClass@8 (line 312)
  0x000074e59cd0bf80: 1cfd 8207 

  0x000074e59cd0bf84: ;   {other}
  0x000074e59cd0bf84: 0f1f 8400 | 7403 0000 | 4889 4424 | 7848 8db4 | 2480 0000 | 0048 8bf8 | 4889 7e08 

  0x000074e59cd0bfa0: ; implicit exception: dispatches to 0x000074e59cd0c320
  0x000074e59cd0bfa0: 488b 0748 | 83c8 0148 | 8906 f048 | 0fb1 370f | 8412 0000 | 0048 2bc4 | 4825 07f0 | ffff 4889 
  0x000074e59cd0bfc0: 060f 855e | 0300 0049 | ff87 4805 | 0000 488b 

  0x000074e59cd0bfd0: ;   {metadata(method data for {method} {0x000074e5445f6450} 'defineClass' '(Ljava/lang/String;[BLorg/eclipse/osgi/internal/loader/classpath/ClasspathEntry;)Lorg/eclipse/osgi/internal/loader/ModuleClassLoader$DefineClassResult;' in 'org/eclipse/osgi/internal/loader/ModuleClassLoader')}
  0x000074e59cd0bfd0: 7424 5848 | bfd0 2c83 | 44e5 7400 | 0048 8387 | 7001 0000 

  0x000074e59cd0bfe4: ;   {metadata(method data for {method} {0x000074e54e4370b8} 'findLoadedClass' '(Ljava/lang/String;)Ljava/lang/Class;' in 'java/lang/ClassLoader')}
  0x000074e59cd0bfe4: 0148 bec8 | 8d0a 44e5 | 7400 008b | bef4 0000 | 0083 c702 | 89be f400 | 0000 81e7 | feff 1f00 
  0x000074e59cd0c004: 85ff 0f84 | 2c03 0000 

  0x000074e59cd0c00c: ;   {metadata(method data for {method} {0x000074e54e4370b8} 'findLoadedClass' '(Ljava/lang/String;)Ljava/lang/Class;' in 'java/lang/ClassLoader')}
  0x000074e59cd0c00c: 48be c88d | 0a44 e574 | 0000 4883 | 8638 0100 | 0001 488b | 7424 600f 

  0x000074e59cd0c024: ;   {static_call}
  0x000074e59cd0c024: 1f40 00e8 

  0x000074e59cd0c028: ; ImmutableOopMap {[88]=Oop [96]=Oop [104]=Oop [112]=Oop [120]=Oop [136]=Oop }
                      ;*invokestatic checkName {reexecute=0 rethrow=0 return_oop=0}
                      ; - java.lang.ClassLoader::findLoadedClass@1 (line 1298)
                      ; - org.eclipse.osgi.internal.loader.ModuleClassLoader::defineClass@17 (line 313)
  0x000074e59cd0c028: 14c7 4f00 

  0x000074e59cd0c02c: ;   {other}
  0x000074e59cd0c02c: 0f1f 8400 | 1c04 0001 

  0x000074e59cd0c034: ;   {metadata(method data for {method} {0x000074e54e4370b8} 'findLoadedClass' '(Ljava/lang/String;)Ljava/lang/Class;' in 'java/lang/ClassLoader')}
  0x000074e59cd0c034: 85c0 48ba | c88d 0a44 | e574 0000 | 48c7 c648 | 0100 0075 | 0748 c7c6 | 5801 0000 | 488b 3c32 
  0x000074e59cd0c054: 488d 7f01 | 4889 3c32 | 0f85 0f00 

  0x000074e59cd0c060: ;   {oop(nullptr)}
  0x000074e59cd0c060: 0000 48be | 0000 0000 | 0000 0000 | e936 0000 | 0048 8b74 

  0x000074e59cd0c074: ;   {metadata(method data for {method} {0x000074e54e4370b8} 'findLoadedClass' '(Ljava/lang/String;)Ljava/lang/Class;' in 'java/lang/ClassLoader')}
  0x000074e59cd0c074: 2458 48ba | c88d 0a44 | e574 0000 | 4883 8268 | 0100 0001 | 488b 5424 | 6048 8b74 | 2458 0f1f 
  0x000074e59cd0c094: ;   {optimized virtual_call}
  0x000074e59cd0c094: 4400 00e8 

  0x000074e59cd0c098: ; ImmutableOopMap {[88]=Oop [96]=Oop [104]=Oop [112]=Oop [120]=Oop [136]=Oop }
                      ;*invokevirtual findLoadedClass0 {reexecute=0 rethrow=0 return_oop=0}
                      ; - java.lang.ClassLoader::findLoadedClass@11 (line 1300)
                      ; - org.eclipse.osgi.internal.loader.ModuleClassLoader::defineClass@17 (line 313)
  0x000074e59cd0c098: a4e6 5d07 

  0x000074e59cd0c09c: ;   {other}
  0x000074e59cd0c09c: 0f1f 8400 | 8c04 0002 | 488b f048 

  0x000074e59cd0c0a8: ;   {metadata(method data for {method} {0x000074e5445f6450} 'defineClass' '(Ljava/lang/String;[BLorg/eclipse/osgi/internal/loader/classpath/ClasspathEntry;)Lorg/eclipse/osgi/internal/loader/ModuleClassLoader$DefineClassResult;' in 'org/eclipse/osgi/internal/loader/ModuleClassLoader')}
  0x000074e59cd0c0a8: 85f6 48ba | d02c 8344 | e574 0000 | 48c7 c1b8 | 0100 0074 | 0748 c7c1 | a801 0000 | 4c8b 040a 
  0x000074e59cd0c0c8: 4d8d 4001 | 4c89 040a | 0f84 0e00 | 0000 488b | de41 b800 | 0000 00e9 | 6900 0000 | 4c8b 4424 
  0x000074e59cd0c0e8: 7048 8b4c | 2468 488b | 5424 6048 | 8b74 2458 

  0x000074e59cd0c0f8: ; implicit exception: dispatches to 0x000074e59cd0c359
  0x000074e59cd0c0f8: 448b 490c 

  0x000074e59cd0c0fc: ; implicit exception: dispatches to 0x000074e59cd0c35e
  0x000074e59cd0c0fc: 493b 0049 

  0x000074e59cd0c100: ;   {metadata(method data for {method} {0x000074e5445f6450} 'defineClass' '(Ljava/lang/String;[BLorg/eclipse/osgi/internal/loader/classpath/ClasspathEntry;)Lorg/eclipse/osgi/internal/loader/ModuleClassLoader$DefineClassResult;' in 'org/eclipse/osgi/internal/loader/ModuleClassLoader')}
  0x000074e59cd0c100: 8bf8 48bb | d02c 8344 | e574 0000 | 4883 83e0 | 0100 0001 | 418b 7810 

  0x000074e59cd0c118: ;   {metadata(method data for {method} {0x000074e5445f6450} 'defineClass' '(Ljava/lang/String;[BLorg/eclipse/osgi/internal/loader/classpath/ClasspathEntry;)Lorg/eclipse/osgi/internal/loader/ModuleClassLoader$DefineClassResult;' in 'org/eclipse/osgi/internal/loader/ModuleClassLoader')}
  0x000074e59cd0c118: 4c8b c648 | bbd0 2c83 | 44e5 7400 | 0048 8383 | 0002 0000 | 0141 b800 | 0000 000f 

  0x000074e59cd0c134: ;   {optimized virtual_call}
  0x000074e59cd0c134: 1f40 00e8 

  0x000074e59cd0c138: ; ImmutableOopMap {[120]=Oop [136]=Oop }
                      ;*invokevirtual defineClass {reexecute=0 rethrow=0 return_oop=0}
                      ; - org.eclipse.osgi.internal.loader.ModuleClassLoader::defineClass@37 (line 315)
  0x000074e59cd0c138: 6488 8607 

  0x000074e59cd0c13c: ;   {other}
  0x000074e59cd0c13c: 0f1f 8400 | 2c05 0003 | 488b d841 | b801 0000 | 0048 8d84 | 2480 0000 | 0048 8b10 | 4885 d20f 
  0x000074e59cd0c15c: 840f 0000 | 0048 8b70 | 08f0 480f | b116 0f85 | f301 0000 | 49ff 8f48 

  0x000074e59cd0c174: ;   {metadata(method data for {method} {0x000074e5445f6450} 'defineClass' '(Ljava/lang/String;[BLorg/eclipse/osgi/internal/loader/classpath/ClasspathEntry;)Lorg/eclipse/osgi/internal/loader/ModuleClassLoader$DefineClassResult;' in 'org/eclipse/osgi/internal/loader/ModuleClassLoader')}
  0x000074e59cd0c174: 0500 0048 | bad0 2c83 | 44e5 7400 | 00ff 8238 

  0x000074e59cd0c184: ;   {metadata('org/eclipse/osgi/internal/loader/ModuleClassLoader$DefineClassResult')}
  0x000074e59cd0c184: 0200 0048 | ba08 6c0b | 54e5 7400 | 0049 8b87 | b801 0000 | 488d 7818 | 493b bfc8 | 0100 000f 
  0x000074e59cd0c1a4: 87d0 0100 | 0049 89bf | b801 0000 | 48c7 0001 | 0000 0048 | 8bca 49ba | 0000 004e | e574 0000 
  0x000074e59cd0c1c4: 492b ca89 | 4808 4833 | c989 480c | 4833 c948 | 8948 1048 

  0x000074e59cd0c1d8: ;   {metadata(method data for {method} {0x000074e5445f6450} 'defineClass' '(Ljava/lang/String;[BLorg/eclipse/osgi/internal/loader/classpath/ClasspathEntry;)Lorg/eclipse/osgi/internal/loader/ModuleClassLoader$DefineClassResult;' in 'org/eclipse/osgi/internal/loader/ModuleClassLoader')}
  0x000074e59cd0c1d8: 8bf0 48bf | d02c 8344 | e574 0000 | 4883 8750 | 0200 0001 

  0x000074e59cd0c1ec: ;   {metadata(method data for {method} {0x000074e544756b40} '<init>' '(Ljava/lang/Class;Z)V' in 'org/eclipse/osgi/internal/loader/ModuleClassLoader$DefineClassResult')}
  0x000074e59cd0c1ec: 48be 802a | 8044 e574 | 0000 8bbe | f400 0000 | 83c7 0289 | bef4 0000 | 0081 e7fe | ff1f 0085 
  0x000074e59cd0c20c: ff0f 8473 | 0100 0048 

  0x000074e59cd0c214: ;   {metadata(method data for {method} {0x000074e544756b40} '<init>' '(Ljava/lang/Class;Z)V' in 'org/eclipse/osgi/internal/loader/ModuleClassLoader$DefineClassResult')}
  0x000074e59cd0c214: 8bf0 48bf | 802a 8044 | e574 0000 | 4883 8738 | 0100 0001 

  0x000074e59cd0c228: ;   {metadata(method data for {method} {0x000074e54e476d50} '<init>' '()V' in 'java/lang/Object')}
  0x000074e59cd0c228: 48be f87f | 0044 e574 | 0000 8bbe | f400 0000 | 83c7 0289 | bef4 0000 | 0081 e7fe | ff1f 0085 
  0x000074e59cd0c248: ff0f 8458 | 0100 004c | 8bd3 4489 | 5010 488d | 3048 c1ee | 0948 bf00 | 40d1 b9e5 | 7400 00c6 
  0x000074e59cd0c268: 043e 0041 | 83e0 0144 | 8840 0c48 | 81c4 a000 

  0x000074e59cd0c278: ;   {poll_return}
  0x000074e59cd0c278: 0000 5d49 | 3ba7 4804 | 0000 0f87 | 4001 0000 | c349 8b87 | f804 0000 | 4d33 d24d | 8997 f804 
  0x000074e59cd0c298: 0000 4d33 | d24d 8997 | 0005 0000 | 488b f048 | 8d84 2480 | 0000 0048 | 8b38 4885 | ff0f 840f 
  0x000074e59cd0c2b8: 0000 0048 | 8b58 08f0 | 480f b13b | 0f85 1401 | 0000 49ff | 8f48 0500 | 0048 8bc6 | e938 0100 
  0x000074e59cd0c2d8: ;   {metadata({method} {0x000074e5445f6450} 'defineClass' '(Ljava/lang/String;[BLorg/eclipse/osgi/internal/loader/classpath/ClasspathEntry;)Lorg/eclipse/osgi/internal/loader/ModuleClassLoader$DefineClassResult;' in 'org/eclipse/osgi/internal/loader/ModuleClassLoader')}
  0x000074e59cd0c2d8: 0049 ba50 | 645f 44e5 | 7400 004c | 8954 2408 | 48c7 0424 | ffff ffff 

  0x000074e59cd0c2f0: ;   {runtime_call counter_overflow Runtime1 stub}
  0x000074e59cd0c2f0: e88b c412 

  0x000074e59cd0c2f4: ; ImmutableOopMap {rsi=Oop rdx=Oop rcx=Oop r8=Oop }
                      ;*synchronization entry
                      ; - org.eclipse.osgi.internal.loader.ModuleClassLoader::defineClass@-1 (line 310)
  0x000074e59cd0c2f4: 07e9 8cfb 

  0x000074e59cd0c2f8: ;   {metadata({method} {0x000074e5445f7100} 'getClassLoadingLock' '(Ljava/lang/String;)Ljava/lang/Object;' in 'org/eclipse/osgi/internal/loader/ModuleClassLoader')}
  0x000074e59cd0c2f8: ffff 49ba | 0071 5f44 | e574 0000 | 4c89 5424 | 0848 c704 | 24ff ffff 

  0x000074e59cd0c310: ;   {runtime_call counter_overflow Runtime1 stub}
  0x000074e59cd0c310: ffe8 6ac4 

  0x000074e59cd0c314: ; ImmutableOopMap {rsi=Oop rdx=Oop [104]=Oop [112]=Oop }
                      ;*synchronization entry
                      ; - org.eclipse.osgi.internal.loader.ModuleClassLoader::getClassLoadingLock@-1 (line 437)
                      ; - org.eclipse.osgi.internal.loader.ModuleClassLoader::defineClass@8 (line 312)
  0x000074e59cd0c314: 1207 e92f 

  0x000074e59cd0c318: ;   {runtime_call throw_null_pointer_exception Runtime1 stub}
  0x000074e59cd0c318: fcff ffe8 

  0x000074e59cd0c31c: ; ImmutableOopMap {rsi=Oop rdx=Oop rdi=Oop [104]=Oop [112]=Oop }
                      ;*invokevirtual getLock {reexecute=0 rethrow=0 return_oop=0}
                      ; - org.eclipse.osgi.internal.loader.ModuleClassLoader::getClassLoadingLock@5 (line 437)
                      ; - org.eclipse.osgi.internal.loader.ModuleClassLoader::defineClass@8 (line 312)
  0x000074e59cd0c31c: 606c 1207 

  0x000074e59cd0c320: ;   {runtime_call throw_null_pointer_exception Runtime1 stub}
  0x000074e59cd0c320: e85b 6c12 

  0x000074e59cd0c324: ; ImmutableOopMap {rdi=Oop [88]=Oop [96]=Oop [104]=Oop [112]=Oop [120]=Oop }
                      ;*monitorenter {reexecute=0 rethrow=0 return_oop=0}
                      ; - org.eclipse.osgi.internal.loader.ModuleClassLoader::defineClass@14 (line 312)
  0x000074e59cd0c324: 0748 897c | 2408 4889 

  0x000074e59cd0c32c: ;   {runtime_call monitorenter_nofpu Runtime1 stub}
  0x000074e59cd0c32c: 3424 e84d 

  0x000074e59cd0c330: ; ImmutableOopMap {rdi=Oop [88]=Oop [96]=Oop [104]=Oop [112]=Oop [120]=Oop [136]=Oop }
                      ;*monitorenter {reexecute=0 rethrow=0 return_oop=0}
                      ; - org.eclipse.osgi.internal.loader.ModuleClassLoader::defineClass@14 (line 312)
  0x000074e59cd0c330: a212 07e9 | 96fc ffff 

  0x000074e59cd0c338: ;   {metadata({method} {0x000074e54e4370b8} 'findLoadedClass' '(Ljava/lang/String;)Ljava/lang/Class;' in 'java/lang/ClassLoader')}
  0x000074e59cd0c338: 49ba b870 | 434e e574 | 0000 4c89 | 5424 0848 | c704 24ff 

  0x000074e59cd0c34c: ;   {runtime_call counter_overflow Runtime1 stub}
  0x000074e59cd0c34c: ffff ffe8 

  0x000074e59cd0c350: ; ImmutableOopMap {[88]=Oop [96]=Oop [104]=Oop [112]=Oop [120]=Oop [136]=Oop }
                      ;*synchronization entry
                      ; - java.lang.ClassLoader::findLoadedClass@-1 (line 1298)
                      ; - org.eclipse.osgi.internal.loader.ModuleClassLoader::defineClass@17 (line 313)
  0x000074e59cd0c350: 2cc4 1207 | e9b3 fcff 

  0x000074e59cd0c358: ;   {runtime_call throw_null_pointer_exception Runtime1 stub}
  0x000074e59cd0c358: ffe8 226c 

  0x000074e59cd0c35c: ; ImmutableOopMap {r8=Oop rcx=Oop rdx=Oop rsi=Oop [120]=Oop [136]=Oop }
                      ;*arraylength {reexecute=0 rethrow=0 return_oop=0}
                      ; - org.eclipse.osgi.internal.loader.ModuleClassLoader::defineClass@32 (line 315)
                      ;   {runtime_call throw_null_pointer_exception Runtime1 stub}
  0x000074e59cd0c35c: 1207 e81d 

  0x000074e59cd0c360: ; ImmutableOopMap {r8=Oop rcx=Oop rdx=Oop rsi=Oop [120]=Oop [136]=Oop }
                      ;*invokevirtual getDomain {reexecute=0 rethrow=0 return_oop=0}
                      ; - org.eclipse.osgi.internal.loader.ModuleClassLoader::defineClass@34 (line 315)
  0x000074e59cd0c360: 6c12 0748 | 8d84 2480 | 0000 0048 

  0x000074e59cd0c36c: ;   {runtime_call monitorexit_nofpu Runtime1 stub}
  0x000074e59cd0c36c: 8904 24e8 | 0ca8 1207 | e9fe fdff | ff48 8bd2 

  0x000074e59cd0c37c: ;   {runtime_call fast_new_instance Runtime1 stub}
  0x000074e59cd0c37c: e8ff 7712 

  0x000074e59cd0c380: ; ImmutableOopMap {rbx=Oop }
                      ;*new {reexecute=0 rethrow=0 return_oop=0}
                      ; - org.eclipse.osgi.internal.loader.ModuleClassLoader::defineClass@55 (line 319)
  0x000074e59cd0c380: 07e9 51fe 

  0x000074e59cd0c384: ;   {metadata({method} {0x000074e544756b40} '<init>' '(Ljava/lang/Class;Z)V' in 'org/eclipse/osgi/internal/loader/ModuleClassLoader$DefineClassResult')}
  0x000074e59cd0c384: ffff 49ba | 406b 7544 | e574 0000 | 4c89 5424 | 0848 c704 | 24ff ffff 

  0x000074e59cd0c39c: ;   {runtime_call counter_overflow Runtime1 stub}
  0x000074e59cd0c39c: ffe8 dec3 

  0x000074e59cd0c3a0: ; ImmutableOopMap {rbx=Oop rax=Oop }
                      ;*synchronization entry
                      ; - org.eclipse.osgi.internal.loader.ModuleClassLoader$DefineClassResult::<init>@-1 (line 96)
                      ; - org.eclipse.osgi.internal.loader.ModuleClassLoader::defineClass@63 (line 319)
  0x000074e59cd0c3a0: 1207 e96c 

  0x000074e59cd0c3a4: ;   {metadata({method} {0x000074e54e476d50} '<init>' '()V' in 'java/lang/Object')}
  0x000074e59cd0c3a4: feff ff49 | ba50 6d47 | 4ee5 7400 | 004c 8954 | 2408 48c7 | 0424 ffff 

  0x000074e59cd0c3bc: ;   {runtime_call counter_overflow Runtime1 stub}
  0x000074e59cd0c3bc: ffff e8bd 

  0x000074e59cd0c3c0: ; ImmutableOopMap {rbx=Oop rax=Oop }
                      ;*synchronization entry
                      ; - java.lang.Object::<init>@-1 (line 45)
                      ; - org.eclipse.osgi.internal.loader.ModuleClassLoader$DefineClassResult::<init>@1 (line 96)
                      ; - org.eclipse.osgi.internal.loader.ModuleClassLoader::defineClass@63 (line 319)
  0x000074e59cd0c3c0: c312 07e9 | 87fe ffff 

  0x000074e59cd0c3c8: ;   {internal_word}
  0x000074e59cd0c3c8: 49ba 7bc2 | d09c e574 | 0000 4d89 | 9760 0400 

  0x000074e59cd0c3d8: ;   {runtime_call SafepointBlob}
  0x000074e59cd0c3d8: 00e9 22f0 | 0707 488d | 8424 8000 | 0000 4889 

  0x000074e59cd0c3e8: ;   {runtime_call monitorexit_nofpu Runtime1 stub}
  0x000074e59cd0c3e8: 0424 e891 | a712 07e9 | ddfe ffff | 498b 87f8 | 0400 0049 | c787 f804 | 0000 0000 | 0000 49c7 
  0x000074e59cd0c408: 8700 0500 | 0000 0000 | 0048 81c4 | a000 0000 

  0x000074e59cd0c418: ;   {runtime_call unwind_exception Runtime1 stub}
  0x000074e59cd0c418: 5de9 6253 | 1207 f4f4 
[Stub Code]
  0x000074e59cd0c420: ;   {no_reloc}
  0x000074e59cd0c420: 48bb 8053 | 6544 e574 

  0x000074e59cd0c428: ;   {runtime_call I2C/C2I adapters}
  0x000074e59cd0c428: 0000 e938 

  0x000074e59cd0c42c: ;   {static_stub}
  0x000074e59cd0c42c: dc07 0748 | bb50 6e43 | 4ee5 7400 

  0x000074e59cd0c438: ;   {runtime_call I2C/C2I adapters}
  0x000074e59cd0c438: 00e9 a580 

  0x000074e59cd0c43c: ;   {static_stub}
  0x000074e59cd0c43c: 0707 48bb | 0000 0000 | 0000 0000 

  0x000074e59cd0c448: ;   {runtime_call nmethod}
  0x000074e59cd0c448: e9fb ffff 

  0x000074e59cd0c44c: ;   {static_stub}
  0x000074e59cd0c44c: ff48 bb00 | 0000 0000 

  0x000074e59cd0c454: ;   {runtime_call nmethod}
  0x000074e59cd0c454: 0000 00e9 | fbff ffff 
[Exception Handler]
  0x000074e59cd0c45c: ;   {runtime_call handle_exception_from_callee Runtime1 stub}
  0x000074e59cd0c45c: e81f 8f12 

  0x000074e59cd0c460: ;   {external_word}
  0x000074e59cd0c460: 0748 bf3c | 0152 bce5 | 7400 0048 

  0x000074e59cd0c46c: ;   {runtime_call MacroAssembler::debug64(char*, long, long*)}
  0x000074e59cd0c46c: 83e4 f0e8 | 7ce4 2e1f 

  0x000074e59cd0c474: ;   {section_word}
  0x000074e59cd0c474: f449 ba75 | c4d0 9ce5 | 7400 0041 

  0x000074e59cd0c480: ;   {runtime_call DeoptimizationBlob}
  0x000074e59cd0c480: 52e9 1ae2 | 0707 f4f4 
[/MachCode]


---------------  P R O C E S S  ---------------

Threads class SMR info:
_java_thread_list=0x000074e5280b0bc0, length=38, elements={
0x000074e5b401c350, 0x000074e5b41a8520, 0x000074e5b41a96f0, 0x000074e5b41aad70,
0x000074e5b41ad7e0, 0x000074e5b41aed30, 0x000074e5b41b0480, 0x000074e5b41b1a30,
0x000074e5b41c1dd0, 0x000074e5b424ff30, 0x000074e5b4414cc0, 0x000074e5b446fa20,
0x000074e4fc024770, 0x000074e5b4473970, 0x000074e4f839a7b0, 0x000074e4f845c620,
0x000074e4f815b390, 0x000074e4f84cf260, 0x000074e4f84d4900, 0x000074e4d8001a20,
0x000074e4f8217a60, 0x000074e4c8001700, 0x000074e5b448f680, 0x000074e5b43f02f0,
0x000074e5b44adde0, 0x000074e4b433c400, 0x000074e4b4371950, 0x000074e4a8083ee0,
0x000074e49c000fe0, 0x000074e494000fe0, 0x000074e498000fe0, 0x000074e48c000fe0,
0x000074e490000fe0, 0x000074e4c4005ea0, 0x000074e4c8026550, 0x000074e484001090,
0x000074e4b43a8580, 0x000074e5289f27d0
}

Java Threads: ( => current thread )
  0x000074e5b401c350 JavaThread "main"                              [_thread_blocked, id=765826, stack(0x000074e5bb300000,0x000074e5bb400000) (1024K)]
  0x000074e5b41a8520 JavaThread "Reference Handler"          daemon [_thread_blocked, id=765830, stack(0x000074e54ddff000,0x000074e54deff000) (1024K)]
  0x000074e5b41a96f0 JavaThread "Finalizer"                  daemon [_thread_blocked, id=765831, stack(0x000074e54d700000,0x000074e54d800000) (1024K)]
  0x000074e5b41aad70 JavaThread "Signal Dispatcher"          daemon [_thread_blocked, id=765832, stack(0x000074e54d600000,0x000074e54d700000) (1024K)]
  0x000074e5b41ad7e0 JavaThread "Service Thread"             daemon [_thread_blocked, id=765833, stack(0x000074e54d500000,0x000074e54d600000) (1024K)]
  0x000074e5b41aed30 JavaThread "Monitor Deflation Thread"   daemon [_thread_blocked, id=765834, stack(0x000074e54d400000,0x000074e54d500000) (1024K)]
  0x000074e5b41b0480 JavaThread "C2 CompilerThread0"         daemon [_thread_blocked, id=765835, stack(0x000074e54d300000,0x000074e54d400000) (1024K)]
  0x000074e5b41b1a30 JavaThread "C1 CompilerThread0"         daemon [_thread_blocked, id=765836, stack(0x000074e54d200000,0x000074e54d300000) (1024K)]
  0x000074e5b41c1dd0 JavaThread "Common-Cleaner"             daemon [_thread_blocked, id=765837, stack(0x000074e54d100000,0x000074e54d200000) (1024K)]
  0x000074e5b424ff30 JavaThread "Notification Thread"        daemon [_thread_blocked, id=765839, stack(0x000074e54cf00000,0x000074e54d000000) (1024K)]
  0x000074e5b4414cc0 JavaThread "Active Thread: Equinox Container: 0dd0d110-30e0-4c84-8b3f-f1db5cc1d735"        [_thread_blocked, id=765845, stack(0x000074e54c9fd000,0x000074e54cafd000) (1024K)]
  0x000074e5b446fa20 JavaThread "Refresh Thread: Equinox Container: 0dd0d110-30e0-4c84-8b3f-f1db5cc1d735" daemon [_thread_blocked, id=765846, stack(0x000074e54c8fd000,0x000074e54c9fd000) (1024K)]
  0x000074e4fc024770 JavaThread "Framework Event Dispatcher: Equinox Container: 0dd0d110-30e0-4c84-8b3f-f1db5cc1d735" daemon [_thread_blocked, id=765848, stack(0x000074e54c6fc000,0x000074e54c7fc000) (1024K)]
  0x000074e5b4473970 JavaThread "Start Level: Equinox Container: 0dd0d110-30e0-4c84-8b3f-f1db5cc1d735" daemon [_thread_blocked, id=765849, stack(0x000074e54c5fc000,0x000074e54c6fc000) (1024K)]
  0x000074e4f839a7b0 JavaThread "Bundle File Closer"         daemon [_thread_blocked, id=765851, stack(0x000074e54c3fb000,0x000074e54c4fb000) (1024K)]
  0x000074e4f845c620 JavaThread "SCR Component Actor"        daemon [_thread_blocked, id=765852, stack(0x000074e54c2fb000,0x000074e54c3fb000) (1024K)]
  0x000074e4f815b390 JavaThread "Worker-JM"                         [_thread_blocked, id=765854, stack(0x000074e54c0fa000,0x000074e54c1fa000) (1024K)]
  0x000074e4f84cf260 JavaThread "Worker-0"                          [_thread_blocked, id=765855, stack(0x000074e4e3f00000,0x000074e4e4000000) (1024K)]
  0x000074e4f84d4900 JavaThread "Worker-1"                          [_thread_blocked, id=765858, stack(0x000074e4e3bfe000,0x000074e4e3cfe000) (1024K)]
  0x000074e4d8001a20 JavaThread "Worker-2"                          [_thread_blocked, id=765859, stack(0x000074e4e3afe000,0x000074e4e3bfe000) (1024K)]
  0x000074e4f8217a60 JavaThread "Java indexing"              daemon [_thread_blocked, id=765861, stack(0x000074e4e38fd000,0x000074e4e39fd000) (1024K)]
  0x000074e4c8001700 JavaThread "Worker-3: Validate documents"        [_thread_blocked, id=765862, stack(0x000074e4e37fd000,0x000074e4e38fd000) (1024K)]
  0x000074e5b448f680 JavaThread "pool-2-thread-1"                   [_thread_blocked, id=765863, stack(0x000074e4e36fd000,0x000074e4e37fd000) (1024K)]
  0x000074e5b43f02f0 JavaThread "WorkspaceEventsHandler"            [_thread_blocked, id=765864, stack(0x000074e4e35fd000,0x000074e4e36fd000) (1024K)]
  0x000074e5b44adde0 JavaThread "pool-1-thread-1"                   [_thread_in_native, id=765865, stack(0x000074e4e34fd000,0x000074e4e35fd000) (1024K)]
  0x000074e4b433c400 JavaThread "ForkJoinPool.commonPool-worker-1" daemon [_thread_blocked, id=765912, stack(0x000074e4e33fd000,0x000074e4e34fd000) (1024K)]
  0x000074e4b4371950 JavaThread "ForkJoinPool.commonPool-worker-2" daemon [_thread_blocked, id=766011, stack(0x000074e4e32fd000,0x000074e4e33fd000) (1024K)]
  0x000074e4a8083ee0 JavaThread "ForkJoinPool.commonPool-worker-3" daemon [_thread_blocked, id=766012, stack(0x000074e4e31fd000,0x000074e4e32fd000) (1024K)]
  0x000074e49c000fe0 JavaThread "ForkJoinPool.commonPool-worker-4" daemon [_thread_blocked, id=766013, stack(0x000074e4e30fd000,0x000074e4e31fd000) (1024K)]
=>0x000074e494000fe0 JavaThread "ForkJoinPool.commonPool-worker-5" daemon [_thread_in_vm, id=766014, stack(0x000074e4e2ffd000,0x000074e4e30fd000) (1024K)]
  0x000074e498000fe0 JavaThread "ForkJoinPool.commonPool-worker-6" daemon [_thread_blocked, id=766015, stack(0x000074e4e2efd000,0x000074e4e2ffd000) (1024K)]
  0x000074e48c000fe0 JavaThread "ForkJoinPool.commonPool-worker-7" daemon [_thread_blocked, id=766016, stack(0x000074e4e2dfd000,0x000074e4e2efd000) (1024K)]
  0x000074e490000fe0 JavaThread "ForkJoinPool.commonPool-worker-8" daemon [_thread_blocked, id=766017, stack(0x000074e4e2cfd000,0x000074e4e2dfd000) (1024K)]
  0x000074e4c4005ea0 JavaThread "Worker-4"                          [_thread_blocked, id=766028, stack(0x000074e4e2afd000,0x000074e4e2bfd000) (1024K)]
  0x000074e4c8026550 JavaThread "Worker-5"                          [_thread_blocked, id=766029, stack(0x000074e4e2bfd000,0x000074e4e2cfd000) (1024K)]
  0x000074e484001090 JavaThread "ForkJoinPool.commonPool-worker-9" daemon [_thread_blocked, id=766030, stack(0x000074e4e27fd000,0x000074e4e28fd000) (1024K)]
  0x000074e4b43a8580 JavaThread "pool-1-thread-2"                   [_thread_blocked, id=766031, stack(0x000074e4e28fd000,0x000074e4e29fd000) (1024K)]
  0x000074e5289f27d0 JavaThread "C2 CompilerThread1"         daemon [_thread_blocked, id=766049, stack(0x000074e54ce00000,0x000074e54cf00000) (1024K)]
Total: 38

Other Threads:
  0x000074e5b419f260 VMThread "VM Thread"                           [id=765829, stack(0x000074e54df00000,0x000074e54e000000) (1024K)] _threads_hazard_ptr=0x000074e5280b0bc0
  0x000074e5b4043dc0 WatcherThread "VM Periodic Task Thread"        [id=765828, stack(0x000074e5b9700000,0x000074e5b9800000) (1024K)]
  0x000074e5b4034c20 WorkerThread "GC Thread#0"                     [id=765827, stack(0x000074e5ba014000,0x000074e5ba114000) (1024K)]
  0x000074e53c000f60 WorkerThread "GC Thread#1"                     [id=765841, stack(0x000074e54cd00000,0x000074e54ce00000) (1024K)]
  0x000074e53c003000 WorkerThread "GC Thread#2"                     [id=765842, stack(0x000074e54cbff000,0x000074e54ccff000) (1024K)]
  0x000074e53c003b10 WorkerThread "GC Thread#3"                     [id=765843, stack(0x000074e54cafe000,0x000074e54cbfe000) (1024K)]
  0x000074e53c004760 WorkerThread "GC Thread#4"                     [id=765847, stack(0x000074e54c7fd000,0x000074e54c8fd000) (1024K)]
  0x000074e53c005a50 WorkerThread "GC Thread#5"                     [id=765850, stack(0x000074e54c4fc000,0x000074e54c5fc000) (1024K)]
  0x000074e53c0065e0 WorkerThread "GC Thread#6"                     [id=765853, stack(0x000074e54c1fb000,0x000074e54c2fb000) (1024K)]
  0x000074e53c007150 WorkerThread "GC Thread#7"                     [id=765856, stack(0x000074e4e3e00000,0x000074e4e3f00000) (1024K)]
  0x000074e53c008500 WorkerThread "GC Thread#8"                     [id=765857, stack(0x000074e4e3cff000,0x000074e4e3dff000) (1024K)]
  0x000074e53c009050 WorkerThread "GC Thread#9"                     [id=765860, stack(0x000074e4e39fe000,0x000074e4e3afe000) (1024K)]
Total: 12

Threads with active compile tasks:
C2 CompilerThread0  3441 8686       4       java.util.Hashtable$Enumerator::next (27 bytes)
C1 CompilerThread0  3441 8689       3       org.eclipse.jdt.internal.compiler.parser.Parser::consumeZeroTypeAnnotations (87 bytes)
Total: 2

VM state: synchronizing (normal execution)

VM Mutex/Monitor currently owned by a thread:  ([mutex/lock_event])
[0x000074e5bc926e10] Threads_lock - owner thread: 0x000074e5b419f260

Heap address: 0x0000000080000000, size: 2048 MB, Compressed Oops mode: 32-bit

CDS archive(s) mapped at: [0x000074e54e000000-0x000074e54eca0000-0x000074e553b28000), size 95584256, SharedBaseAddress: 0x000074e54e000000, ArchiveRelocationMode: 1.
Compressed class space mapped at: 0x000074e554000000-0x000074e594000000, reserved size: 1073741824
Narrow klass base: 0x000074e54e000000, Narrow klass shift: 0, Narrow klass range: 0x100000000

GC Precious Log:
 CardTable entry size: 512
 CPUs: 12 total, 12 available
 Memory: 15672M
 Large Page Support: Disabled
 NUMA Support: Disabled
 Compressed Oops: Enabled (32-bit)
 Alignments: Space 512K, Generation 512K, Heap 2M
 Heap Min Capacity: 100M
 Heap Initial Capacity: 100M
 Heap Max Capacity: 2G
 Pre-touch: Disabled
 Parallel Workers: 10

Heap:
 PSYoungGen      total 21504K, used 10075K [0x00000000d5580000, 0x00000000d6f80000, 0x0000000100000000)
  eden space 20480K, 44% used [0x00000000d5580000,0x00000000d5e6ef38,0x00000000d6980000)
  from space 1024K, 90% used [0x00000000d6e80000,0x00000000d6f68000,0x00000000d6f80000)
  to   space 1536K, 0% used [0x00000000d6c80000,0x00000000d6c80000,0x00000000d6e00000)
 ParOldGen       total 68608K, used 45974K [0x0000000080000000, 0x0000000084300000, 0x00000000d5580000)
  object space 68608K, 67% used [0x0000000080000000,0x0000000082ce5928,0x0000000084300000)
 Metaspace       used 22656K, committed 23680K, reserved 1114112K
  class space    used 2187K, committed 2624K, reserved 1048576K

Card table byte_map: [0x000074e5ba114000,0x000074e5ba515000] _byte_map_base: 0x000074e5b9d14000

Marking Bits: (ParMarkBitMap*) 0x000074e5bc92d000
 Begin Bits: [0x000074e594000000, 0x000074e596000000)
 End Bits:   [0x000074e596000000, 0x000074e598000000)

Polling page: 0x000074e5bce3e000

Metaspace:

Usage:
  Non-class:     19.99 MB used.
      Class:      2.14 MB used.
       Both:     22.13 MB used.

Virtual space:
  Non-class space:       64.00 MB reserved,      20.56 MB ( 32%) committed,  1 nodes.
      Class space:        1.00 GB reserved,       2.56 MB ( <1%) committed,  1 nodes.
             Both:        1.06 GB reserved,      23.12 MB (  2%) committed. 

Chunk freelists:
   Non-Class:  11.24 MB
       Class:  13.37 MB
        Both:  24.61 MB

MaxMetaspaceSize: unlimited
CompressedClassSpaceSize: 1.00 GB
Initial GC threshold: 21.00 MB
Current GC threshold: 35.00 MB
CDS: on
 - commit_granule_bytes: 65536.
 - commit_granule_words: 8192.
 - virtual_space_node_default_size: 8388608.
 - enlarge_chunks_in_place: 1.
 - use_allocation_guard: 0.


Internal statistics:

num_allocs_failed_limit: 3.
num_arena_births: 886.
num_arena_deaths: 22.
num_vsnodes_births: 2.
num_vsnodes_deaths: 0.
num_space_committed: 370.
num_space_uncommitted: 0.
num_chunks_returned_to_freelist: 28.
num_chunks_taken_from_freelist: 2129.
num_chunk_merges: 7.
num_chunk_splits: 1261.
num_chunks_enlarged: 623.
num_inconsistent_stats: 0.

CodeHeap 'non-profiled nmethods': size=120028Kb used=4912Kb max_used=4912Kb free=115115Kb
 bounds [0x000074e5a42c9000, 0x000074e5a4799000, 0x000074e5ab800000]
CodeHeap 'profiled nmethods': size=120028Kb used=18289Kb max_used=18289Kb free=101738Kb
 bounds [0x000074e59c800000, 0x000074e59d9e0000, 0x000074e5a3d37000]
CodeHeap 'non-nmethods': size=5704Kb used=1438Kb max_used=1493Kb free=4266Kb
 bounds [0x000074e5a3d37000, 0x000074e5a3fa7000, 0x000074e5a42c9000]
CodeCache: size=245760Kb, used=24639Kb, max_used=24694Kb, free=221119Kb
 total_blobs=9441, nmethods=8679, adapters=668, full_count=0
Compilation: enabled, stopped_count=0, restarted_count=0

Compilation events (20 events):
Event: 3.303 Thread 0x000074e5b41b1a30 nmethod 8655 0x000074e59d9cc010 code [0x000074e59d9cc1c0, 0x000074e59d9cc398]
Event: 3.303 Thread 0x000074e5b41b1a30 8639       1       org.eclipse.jdt.core.dom.VariableDeclaration::getInitializer (5 bytes)
Event: 3.303 Thread 0x000074e5b41b1a30 nmethod 8639 0x000074e5a4783690 code [0x000074e5a4783820, 0x000074e5a47838e0]
Event: 3.303 Thread 0x000074e5b41b1a30 8657       3       java.lang.StringBuilder::append (8 bytes)
Event: 3.303 Thread 0x000074e5b41b1a30 nmethod 8657 0x000074e59d9cc490 code [0x000074e59d9cc640, 0x000074e59d9cc788]
Event: 3.303 Thread 0x000074e5b41b1a30 8658       3       java.lang.AbstractStringBuilder::append (22 bytes)
Event: 3.303 Thread 0x000074e5b41b1a30 nmethod 8658 0x000074e59d9cc810 code [0x000074e59d9cc9c0, 0x000074e59d9ccb60]
Event: 3.303 Thread 0x000074e5b41b1a30 8661       3       org.eclipse.jdt.internal.compiler.lookup.TypeBinding::isRawType (14 bytes)
Event: 3.303 Thread 0x000074e5b41b1a30 nmethod 8661 0x000074e59d9ccc90 code [0x000074e59d9cce40, 0x000074e59d9cd068]
Event: 3.303 Thread 0x000074e5b41b1a30 8617       2       org.eclipse.jdt.internal.compiler.lookup.CompilationUnitScope::recordTypeReference (35 bytes)
Event: 3.303 Thread 0x000074e5b41b1a30 nmethod 8617 0x000074e59d9cd110 code [0x000074e59d9cd2e0, 0x000074e59d9cd500]
Event: 3.303 Thread 0x000074e5b41b1a30 8649       1       org.eclipse.jdt.internal.core.Annotation::getElementType (3 bytes)
Event: 3.303 Thread 0x000074e5b41b1a30 nmethod 8649 0x000074e5a4783990 code [0x000074e5a4783b20, 0x000074e5a4783be0]
Event: 3.303 Thread 0x000074e5b41b1a30 8656       1       org.eclipse.jdt.internal.compiler.lookup.BaseTypeBinding::constantPoolName (5 bytes)
Event: 3.303 Thread 0x000074e5b41b1a30 nmethod 8656 0x000074e5a4783c90 code [0x000074e5a4783e20, 0x000074e5a4783ee0]
Event: 3.303 Thread 0x000074e5b41b1a30 8662       3       jdk.internal.reflect.MethodHandleBooleanFieldAccessorImpl::get (9 bytes)
Event: 3.303 Thread 0x000074e5b41b1a30 nmethod 8662 0x000074e59d9cd690 code [0x000074e59d9cd840, 0x000074e59d9cda68]
Event: 3.303 Thread 0x000074e5b41b1a30 8663   !   3       jdk.internal.reflect.MethodHandleBooleanFieldAccessorImpl::getBoolean (44 bytes)
Event: 3.304 Thread 0x000074e5b41b1a30 nmethod 8663 0x000074e59d9cdb10 code [0x000074e59d9cdd80, 0x000074e59d9ce720]
Event: 3.304 Thread 0x000074e5b41b1a30 8664       3       org.eclipse.jdt.ls.core.internal.filesystem.JLSFile::getFileStore (102 bytes)

GC Heap History (20 events):
Event: 2.428 GC heap before
{Heap before GC invocations=28 (full 0):
 PSYoungGen      total 22016K, used 20864K [0x00000000d5580000, 0x00000000d6c80000, 0x0000000100000000)
  eden space 20480K, 100% used [0x00000000d5580000,0x00000000d6980000,0x00000000d6980000)
  from space 1536K, 25% used [0x00000000d6a00000,0x00000000d6a60000,0x00000000d6b80000)
  to   space 1024K, 0% used [0x00000000d6b80000,0x00000000d6b80000,0x00000000d6c80000)
 ParOldGen       total 68608K, used 41798K [0x0000000080000000, 0x0000000084300000, 0x00000000d5580000)
  object space 68608K, 60% used [0x0000000080000000,0x00000000828d1940,0x0000000084300000)
 Metaspace       used 19908K, committed 20800K, reserved 1114112K
  class space    used 1839K, committed 2240K, reserved 1048576K
}
Event: 2.429 GC heap after
{Heap after GC invocations=28 (full 0):
 PSYoungGen      total 21504K, used 1012K [0x00000000d5580000, 0x00000000d6d80000, 0x0000000100000000)
  eden space 20480K, 0% used [0x00000000d5580000,0x00000000d5580000,0x00000000d6980000)
  from space 1024K, 98% used [0x00000000d6b80000,0x00000000d6c7d2f0,0x00000000d6c80000)
  to   space 2048K, 0% used [0x00000000d6980000,0x00000000d6980000,0x00000000d6b80000)
 ParOldGen       total 68608K, used 42514K [0x0000000080000000, 0x0000000084300000, 0x00000000d5580000)
  object space 68608K, 61% used [0x0000000080000000,0x0000000082984a20,0x0000000084300000)
 Metaspace       used 19908K, committed 20800K, reserved 1114112K
  class space    used 1839K, committed 2240K, reserved 1048576K
}
Event: 2.467 GC heap before
{Heap before GC invocations=29 (full 0):
 PSYoungGen      total 21504K, used 21492K [0x00000000d5580000, 0x00000000d6d80000, 0x0000000100000000)
  eden space 20480K, 100% used [0x00000000d5580000,0x00000000d6980000,0x00000000d6980000)
  from space 1024K, 98% used [0x00000000d6b80000,0x00000000d6c7d2f0,0x00000000d6c80000)
  to   space 2048K, 0% used [0x00000000d6980000,0x00000000d6980000,0x00000000d6b80000)
 ParOldGen       total 68608K, used 42514K [0x0000000080000000, 0x0000000084300000, 0x00000000d5580000)
  object space 68608K, 61% used [0x0000000080000000,0x0000000082984a20,0x0000000084300000)
 Metaspace       used 20124K, committed 20992K, reserved 1114112K
  class space    used 1876K, committed 2240K, reserved 1048576K
}
Event: 2.478 GC heap after
{Heap after GC invocations=29 (full 0):
 PSYoungGen      total 22528K, used 2017K [0x00000000d5580000, 0x00000000d7980000, 0x0000000100000000)
  eden space 20480K, 0% used [0x00000000d5580000,0x00000000d5580000,0x00000000d6980000)
  from space 2048K, 98% used [0x00000000d6980000,0x00000000d6b78688,0x00000000d6b80000)
  to   space 8192K, 0% used [0x00000000d7180000,0x00000000d7180000,0x00000000d7980000)
 ParOldGen       total 68608K, used 47433K [0x0000000080000000, 0x0000000084300000, 0x00000000d5580000)
  object space 68608K, 69% used [0x0000000080000000,0x0000000082e527f8,0x0000000084300000)
 Metaspace       used 20124K, committed 20992K, reserved 1114112K
  class space    used 1876K, committed 2240K, reserved 1048576K
}
Event: 2.520 GC heap before
{Heap before GC invocations=30 (full 0):
 PSYoungGen      total 22528K, used 22497K [0x00000000d5580000, 0x00000000d7980000, 0x0000000100000000)
  eden space 20480K, 100% used [0x00000000d5580000,0x00000000d6980000,0x00000000d6980000)
  from space 2048K, 98% used [0x00000000d6980000,0x00000000d6b78688,0x00000000d6b80000)
  to   space 8192K, 0% used [0x00000000d7180000,0x00000000d7180000,0x00000000d7980000)
 ParOldGen       total 68608K, used 47433K [0x0000000080000000, 0x0000000084300000, 0x00000000d5580000)
  object space 68608K, 69% used [0x0000000080000000,0x0000000082e527f8,0x0000000084300000)
 Metaspace       used 20272K, committed 21184K, reserved 1114112K
  class space    used 1894K, committed 2304K, reserved 1048576K
}
Event: 2.522 GC heap after
{Heap after GC invocations=30 (full 0):
 PSYoungGen      total 22016K, used 1528K [0x00000000d5580000, 0x00000000d7300000, 0x0000000100000000)
  eden space 20480K, 0% used [0x00000000d5580000,0x00000000d5580000,0x00000000d6980000)
  from space 1536K, 99% used [0x00000000d7180000,0x00000000d72fe348,0x00000000d7300000)
  to   space 3584K, 0% used [0x00000000d6c00000,0x00000000d6c00000,0x00000000d6f80000)
 ParOldGen       total 68608K, used 49468K [0x0000000080000000, 0x0000000084300000, 0x00000000d5580000)
  object space 68608K, 72% used [0x0000000080000000,0x000000008304f330,0x0000000084300000)
 Metaspace       used 20272K, committed 21184K, reserved 1114112K
  class space    used 1894K, committed 2304K, reserved 1048576K
}
Event: 2.545 GC heap before
{Heap before GC invocations=31 (full 0):
 PSYoungGen      total 22016K, used 22008K [0x00000000d5580000, 0x00000000d7300000, 0x0000000100000000)
  eden space 20480K, 100% used [0x00000000d5580000,0x00000000d6980000,0x00000000d6980000)
  from space 1536K, 99% used [0x00000000d7180000,0x00000000d72fe348,0x00000000d7300000)
  to   space 3584K, 0% used [0x00000000d6c00000,0x00000000d6c00000,0x00000000d6f80000)
 ParOldGen       total 68608K, used 49468K [0x0000000080000000, 0x0000000084300000, 0x00000000d5580000)
  object space 68608K, 72% used [0x0000000080000000,0x000000008304f330,0x0000000084300000)
 Metaspace       used 20373K, committed 21376K, reserved 1114112K
  class space    used 1899K, committed 2304K, reserved 1048576K
}
Event: 2.546 GC heap after
{Heap after GC invocations=31 (full 0):
 PSYoungGen      total 24064K, used 1327K [0x00000000d5580000, 0x00000000d7200000, 0x0000000100000000)
  eden space 20480K, 0% used [0x00000000d5580000,0x00000000d5580000,0x00000000d6980000)
  from space 3584K, 37% used [0x00000000d6c00000,0x00000000d6d4be18,0x00000000d6f80000)
  to   space 2048K, 0% used [0x00000000d7000000,0x00000000d7000000,0x00000000d7200000)
 ParOldGen       total 68608K, used 50438K [0x0000000080000000, 0x0000000084300000, 0x00000000d5580000)
  object space 68608K, 73% used [0x0000000080000000,0x00000000831419e8,0x0000000084300000)
 Metaspace       used 20373K, committed 21376K, reserved 1114112K
  class space    used 1899K, committed 2304K, reserved 1048576K
}
Event: 2.570 GC heap before
{Heap before GC invocations=32 (full 0):
 PSYoungGen      total 24064K, used 21792K [0x00000000d5580000, 0x00000000d7200000, 0x0000000100000000)
  eden space 20480K, 99% used [0x00000000d5580000,0x00000000d697c5c8,0x00000000d6980000)
  from space 3584K, 37% used [0x00000000d6c00000,0x00000000d6d4be18,0x00000000d6f80000)
  to   space 2048K, 0% used [0x00000000d7000000,0x00000000d7000000,0x00000000d7200000)
 ParOldGen       total 68608K, used 50438K [0x0000000080000000, 0x0000000084300000, 0x00000000d5580000)
  object space 68608K, 73% used [0x0000000080000000,0x00000000831419e8,0x0000000084300000)
 Metaspace       used 20474K, committed 21440K, reserved 1114112K
  class space    used 1905K, committed 2304K, reserved 1048576K
}
Event: 2.571 GC heap after
{Heap after GC invocations=32 (full 0):
 PSYoungGen      total 21504K, used 704K [0x00000000d5580000, 0x00000000d7100000, 0x0000000100000000)
  eden space 20480K, 0% used [0x00000000d5580000,0x00000000d5580000,0x00000000d6980000)
  from space 1024K, 68% used [0x00000000d7000000,0x00000000d70b0000,0x00000000d7100000)
  to   space 1024K, 0% used [0x00000000d6f00000,0x00000000d6f00000,0x00000000d7000000)
 ParOldGen       total 68608K, used 51270K [0x0000000080000000, 0x0000000084300000, 0x00000000d5580000)
  object space 68608K, 74% used [0x0000000080000000,0x0000000083211bc8,0x0000000084300000)
 Metaspace       used 20474K, committed 21440K, reserved 1114112K
  class space    used 1905K, committed 2304K, reserved 1048576K
}
Event: 2.591 GC heap before
{Heap before GC invocations=33 (full 0):
 PSYoungGen      total 21504K, used 20169K [0x00000000d5580000, 0x00000000d7100000, 0x0000000100000000)
  eden space 20480K, 95% used [0x00000000d5580000,0x00000000d6882570,0x00000000d6980000)
  from space 1024K, 68% used [0x00000000d7000000,0x00000000d70b0000,0x00000000d7100000)
  to   space 1024K, 0% used [0x00000000d6f00000,0x00000000d6f00000,0x00000000d7000000)
 ParOldGen       total 68608K, used 51270K [0x0000000080000000, 0x0000000084300000, 0x00000000d5580000)
  object space 68608K, 74% used [0x0000000080000000,0x0000000083211bc8,0x0000000084300000)
 Metaspace       used 20614K, committed 21504K, reserved 1114112K
  class space    used 1921K, committed 2304K, reserved 1048576K
}
Event: 2.592 GC heap after
{Heap after GC invocations=33 (full 0):
 PSYoungGen      total 21504K, used 816K [0x00000000d5580000, 0x00000000d7080000, 0x0000000100000000)
  eden space 20480K, 0% used [0x00000000d5580000,0x00000000d5580000,0x00000000d6980000)
  from space 1024K, 79% used [0x00000000d6f00000,0x00000000d6fcc010,0x00000000d7000000)
  to   space 512K, 0% used [0x00000000d7000000,0x00000000d7000000,0x00000000d7080000)
 ParOldGen       total 68608K, used 51817K [0x0000000080000000, 0x0000000084300000, 0x00000000d5580000)
  object space 68608K, 75% used [0x0000000080000000,0x000000008329a4c8,0x0000000084300000)
 Metaspace       used 20614K, committed 21504K, reserved 1114112K
  class space    used 1921K, committed 2304K, reserved 1048576K
}
Event: 2.592 GC heap before
{Heap before GC invocations=34 (full 1):
 PSYoungGen      total 21504K, used 816K [0x00000000d5580000, 0x00000000d7080000, 0x0000000100000000)
  eden space 20480K, 0% used [0x00000000d5580000,0x00000000d5580000,0x00000000d6980000)
  from space 1024K, 79% used [0x00000000d6f00000,0x00000000d6fcc010,0x00000000d7000000)
  to   space 512K, 0% used [0x00000000d7000000,0x00000000d7000000,0x00000000d7080000)
 ParOldGen       total 68608K, used 51817K [0x0000000080000000, 0x0000000084300000, 0x00000000d5580000)
  object space 68608K, 75% used [0x0000000080000000,0x000000008329a4c8,0x0000000084300000)
 Metaspace       used 20614K, committed 21504K, reserved 1114112K
  class space    used 1921K, committed 2304K, reserved 1048576K
}
Event: 2.639 GC heap after
{Heap after GC invocations=34 (full 1):
 PSYoungGen      total 21504K, used 0K [0x00000000d5580000, 0x00000000d7080000, 0x0000000100000000)
  eden space 20480K, 0% used [0x00000000d5580000,0x00000000d5580000,0x00000000d6980000)
  from space 1024K, 0% used [0x00000000d6f00000,0x00000000d6f00000,0x00000000d7000000)
  to   space 512K, 0% used [0x00000000d7000000,0x00000000d7000000,0x00000000d7080000)
 ParOldGen       total 68608K, used 42506K [0x0000000080000000, 0x0000000084300000, 0x00000000d5580000)
  object space 68608K, 61% used [0x0000000080000000,0x00000000829828d0,0x0000000084300000)
 Metaspace       used 20593K, committed 21504K, reserved 1114112K
  class space    used 1916K, committed 2304K, reserved 1048576K
}
Event: 2.700 GC heap before
{Heap before GC invocations=35 (full 1):
 PSYoungGen      total 21504K, used 20480K [0x00000000d5580000, 0x00000000d7080000, 0x0000000100000000)
  eden space 20480K, 100% used [0x00000000d5580000,0x00000000d6980000,0x00000000d6980000)
  from space 1024K, 0% used [0x00000000d6f00000,0x00000000d6f00000,0x00000000d7000000)
  to   space 512K, 0% used [0x00000000d7000000,0x00000000d7000000,0x00000000d7080000)
 ParOldGen       total 68608K, used 42506K [0x0000000080000000, 0x0000000084300000, 0x00000000d5580000)
  object space 68608K, 61% used [0x0000000080000000,0x00000000829828d0,0x0000000084300000)
 Metaspace       used 21289K, committed 22272K, reserved 1114112K
  class space    used 2031K, committed 2432K, reserved 1048576K
}
Event: 2.702 GC heap after
{Heap after GC invocations=35 (full 1):
 PSYoungGen      total 20992K, used 493K [0x00000000d5580000, 0x00000000d7080000, 0x0000000100000000)
  eden space 20480K, 0% used [0x00000000d5580000,0x00000000d5580000,0x00000000d6980000)
  from space 512K, 96% used [0x00000000d7000000,0x00000000d707b650,0x00000000d7080000)
  to   space 2560K, 0% used [0x00000000d6b80000,0x00000000d6b80000,0x00000000d6e00000)
 ParOldGen       total 68608K, used 44059K [0x0000000080000000, 0x0000000084300000, 0x00000000d5580000)
  object space 68608K, 64% used [0x0000000080000000,0x0000000082b06d58,0x0000000084300000)
 Metaspace       used 21289K, committed 22272K, reserved 1114112K
  class space    used 2031K, committed 2432K, reserved 1048576K
}
Event: 2.763 GC heap before
{Heap before GC invocations=36 (full 1):
 PSYoungGen      total 20992K, used 20973K [0x00000000d5580000, 0x00000000d7080000, 0x0000000100000000)
  eden space 20480K, 100% used [0x00000000d5580000,0x00000000d6980000,0x00000000d6980000)
  from space 512K, 96% used [0x00000000d7000000,0x00000000d707b650,0x00000000d7080000)
  to   space 2560K, 0% used [0x00000000d6b80000,0x00000000d6b80000,0x00000000d6e00000)
 ParOldGen       total 68608K, used 44123K [0x0000000080000000, 0x0000000084300000, 0x00000000d5580000)
  object space 68608K, 64% used [0x0000000080000000,0x0000000082b16d68,0x0000000084300000)
 Metaspace       used 21812K, committed 22784K, reserved 1114112K
  class space    used 2096K, committed 2496K, reserved 1048576K
}
Event: 2.765 GC heap after
{Heap after GC invocations=36 (full 1):
 PSYoungGen      total 23040K, used 1511K [0x00000000d5580000, 0x00000000d7080000, 0x0000000100000000)
  eden space 20480K, 0% used [0x00000000d5580000,0x00000000d5580000,0x00000000d6980000)
  from space 2560K, 59% used [0x00000000d6b80000,0x00000000d6cf9e80,0x00000000d6e00000)
  to   space 2048K, 0% used [0x00000000d6e80000,0x00000000d6e80000,0x00000000d7080000)
 ParOldGen       total 68608K, used 44631K [0x0000000080000000, 0x0000000084300000, 0x00000000d5580000)
  object space 68608K, 65% used [0x0000000080000000,0x0000000082b95fa0,0x0000000084300000)
 Metaspace       used 21812K, committed 22784K, reserved 1114112K
  class space    used 2096K, committed 2496K, reserved 1048576K
}
Event: 2.938 GC heap before
{Heap before GC invocations=37 (full 1):
 PSYoungGen      total 23040K, used 21991K [0x00000000d5580000, 0x00000000d7080000, 0x0000000100000000)
  eden space 20480K, 100% used [0x00000000d5580000,0x00000000d6980000,0x00000000d6980000)
  from space 2560K, 59% used [0x00000000d6b80000,0x00000000d6cf9e80,0x00000000d6e00000)
  to   space 2048K, 0% used [0x00000000d6e80000,0x00000000d6e80000,0x00000000d7080000)
 ParOldGen       total 68608K, used 44634K [0x0000000080000000, 0x0000000084300000, 0x00000000d5580000)
  object space 68608K, 65% used [0x0000000080000000,0x0000000082b96988,0x0000000084300000)
 Metaspace       used 22366K, committed 23296K, reserved 1114112K
  class space    used 2167K, committed 2560K, reserved 1048576K
}
Event: 2.939 GC heap after
{Heap after GC invocations=37 (full 1):
 PSYoungGen      total 21504K, used 928K [0x00000000d5580000, 0x00000000d6f80000, 0x0000000100000000)
  eden space 20480K, 0% used [0x00000000d5580000,0x00000000d5580000,0x00000000d6980000)
  from space 1024K, 90% used [0x00000000d6e80000,0x00000000d6f68000,0x00000000d6f80000)
  to   space 1536K, 0% used [0x00000000d6c80000,0x00000000d6c80000,0x00000000d6e00000)
 ParOldGen       total 68608K, used 45974K [0x0000000080000000, 0x0000000084300000, 0x00000000d5580000)
  object space 68608K, 67% used [0x0000000080000000,0x0000000082ce5928,0x0000000084300000)
 Metaspace       used 22366K, committed 23296K, reserved 1114112K
  class space    used 2167K, committed 2560K, reserved 1048576K
}

Dll operation events (10 events):
Event: 0.005 Loaded shared library /usr/lib/jvm/java-21-openjdk-amd64/lib/libjava.so
Event: 0.059 Loaded shared library /usr/lib/jvm/java-21-openjdk-amd64/lib/libjsvml.so
Event: 0.078 Loaded shared library /usr/lib/jvm/java-21-openjdk-amd64/lib/libzip.so
Event: 0.079 Loaded shared library /usr/lib/jvm/java-21-openjdk-amd64/lib/libinstrument.so
Event: 0.079 Loaded shared library /usr/lib/jvm/java-21-openjdk-amd64/lib/libnio.so
Event: 0.080 Loaded shared library /usr/lib/jvm/java-21-openjdk-amd64/lib/libzip.so
Event: 0.087 Loaded shared library /usr/lib/jvm/java-21-openjdk-amd64/lib/libjimage.so
Event: 0.108 Loaded shared library /usr/lib/jvm/java-21-openjdk-amd64/lib/libverify.so
Event: 0.294 Loaded shared library /usr/lib/jvm/java-21-openjdk-amd64/lib/libnet.so
Event: 0.446 Loaded shared library /home/mulroney/.config/Code/User/globalStorage/redhat.java/1.46.2025100108/config_linux/org.eclipse.equinox.launcher/org.eclipse.equinox.launcher.gtk.linux.x86_64_1.2.1500.v20250801-0854/eclipse_11916.so

Deoptimization events (20 events):
Event: 2.837 Thread 0x000074e4b4371950 DEOPT PACKING pc=0x000074e5a45ba500 sp=0x000074e4e33faab0
Event: 2.837 Thread 0x000074e4b4371950 DEOPT UNPACKING pc=0x000074e5a3d8a399 sp=0x000074e4e33faa88 mode 2
Event: 2.942 Thread 0x000074e4f84cf260 Uncommon trap: trap_request=0xffffffc6 fr.pc=0x000074e5a4418090 relative=0x00000000000001f0
Event: 2.942 Thread 0x000074e4f84cf260 Uncommon trap: reason=bimorphic_or_optimized_type_check action=maybe_recompile pc=0x000074e5a4418090 method=java.util.Collections.eq(Ljava/lang/Object;Ljava/lang/Object;)Z @ 18 c2
Event: 2.942 Thread 0x000074e4f84cf260 DEOPT PACKING pc=0x000074e5a4418090 sp=0x000074e4e3ffdbf0
Event: 2.942 Thread 0x000074e4f84cf260 DEOPT UNPACKING pc=0x000074e5a3d8a399 sp=0x000074e4e3ffdb50 mode 2
Event: 2.942 Thread 0x000074e4f84cf260 Uncommon trap: trap_request=0xffffffc6 fr.pc=0x000074e5a4418090 relative=0x00000000000001f0
Event: 2.942 Thread 0x000074e4f84cf260 Uncommon trap: reason=bimorphic_or_optimized_type_check action=maybe_recompile pc=0x000074e5a4418090 method=java.util.Collections.eq(Ljava/lang/Object;Ljava/lang/Object;)Z @ 18 c2
Event: 2.942 Thread 0x000074e4f84cf260 DEOPT PACKING pc=0x000074e5a4418090 sp=0x000074e4e3ffdd50
Event: 2.942 Thread 0x000074e4f84cf260 DEOPT UNPACKING pc=0x000074e5a3d8a399 sp=0x000074e4e3ffdcb0 mode 2
Event: 3.238 Thread 0x000074e48c000fe0 Uncommon trap: trap_request=0xffffff45 fr.pc=0x000074e5a4729ec0 relative=0x0000000000000a80
Event: 3.238 Thread 0x000074e48c000fe0 Uncommon trap: reason=unstable_if action=reinterpret pc=0x000074e5a4729ec0 method=org.eclipse.jdt.internal.compiler.parser.Scanner.getNextToken0()Lorg/eclipse/jdt/internal/compiler/parser/TerminalToken; @ 1655 c2
Event: 3.238 Thread 0x000074e48c000fe0 DEOPT PACKING pc=0x000074e5a4729ec0 sp=0x000074e4e2efb180
Event: 3.238 Thread 0x000074e48c000fe0 DEOPT UNPACKING pc=0x000074e5a3d8a399 sp=0x000074e4e2efb0d8 mode 2
Event: 3.240 Thread 0x000074e4a8083ee0 DEOPT PACKING pc=0x000074e59d376f86 sp=0x000074e4e32fa380
Event: 3.240 Thread 0x000074e4a8083ee0 DEOPT UNPACKING pc=0x000074e5a3d8ab2f sp=0x000074e4e32f98a8 mode 0
Event: 3.298 Thread 0x000074e4b433c400 Uncommon trap: trap_request=0xffffff45 fr.pc=0x000074e5a46d7ab8 relative=0x0000000000000098
Event: 3.298 Thread 0x000074e4b433c400 Uncommon trap: reason=unstable_if action=reinterpret pc=0x000074e5a46d7ab8 method=java.util.Hashtable$Enumerator.nextElement()Ljava/lang/Object; @ 87 c2
Event: 3.298 Thread 0x000074e4b433c400 DEOPT PACKING pc=0x000074e5a46d7ab8 sp=0x000074e4e34faa00
Event: 3.298 Thread 0x000074e4b433c400 DEOPT UNPACKING pc=0x000074e5a3d8a399 sp=0x000074e4e34fa9a0 mode 2

Classes loaded (20 events):
Event: 1.137 Loading class com/sun/org/apache/xerces/internal/impl/msg/XMLMessages_en
Event: 1.137 Loading class com/sun/org/apache/xerces/internal/impl/msg/XMLMessages_en done
Event: 1.138 Loading class com/sun/org/apache/xerces/internal/impl/msg/XMLMessages_en_GB
Event: 1.138 Loading class com/sun/org/apache/xerces/internal/impl/msg/XMLMessages_en_GB done
Event: 1.138 Loading class com/sun/org/apache/xerces/internal/impl/msg/XMLMessages_en_GB
Event: 1.138 Loading class com/sun/org/apache/xerces/internal/impl/msg/XMLMessages_en_GB done
Event: 1.173 Loading class com/sun/org/apache/xml/internal/serializer/XMLEntities
Event: 1.173 Loading class com/sun/org/apache/xml/internal/serializer/XMLEntities done
Event: 1.173 Loading class com/sun/org/apache/xml/internal/serializer/XMLEntities
Event: 1.173 Loading class com/sun/org/apache/xml/internal/serializer/XMLEntities done
Event: 1.173 Loading class com/sun/org/apache/xml/internal/serializer/XMLEntities_en
Event: 1.173 Loading class com/sun/org/apache/xml/internal/serializer/XMLEntities_en done
Event: 1.173 Loading class com/sun/org/apache/xml/internal/serializer/XMLEntities_en
Event: 1.173 Loading class com/sun/org/apache/xml/internal/serializer/XMLEntities_en done
Event: 1.173 Loading class com/sun/org/apache/xml/internal/serializer/XMLEntities_en_GB
Event: 1.173 Loading class com/sun/org/apache/xml/internal/serializer/XMLEntities_en_GB done
Event: 1.173 Loading class com/sun/org/apache/xml/internal/serializer/XMLEntities_en_GB
Event: 1.173 Loading class com/sun/org/apache/xml/internal/serializer/XMLEntities_en_GB done
Event: 1.283 Loading class jdk/internal/event/ThreadSleepEvent
Event: 1.283 Loading class jdk/internal/event/ThreadSleepEvent done

Classes unloaded (11 events):
Event: 2.602 Thread 0x000074e5b419f260 Unloading class 0x000074e554215400 'java/lang/invoke/LambdaForm$MH+0x000074e554215400'
Event: 2.602 Thread 0x000074e5b419f260 Unloading class 0x000074e554214c00 'java/lang/invoke/LambdaForm$MH+0x000074e554214c00'
Event: 2.602 Thread 0x000074e5b419f260 Unloading class 0x000074e554214400 'java/lang/invoke/LambdaForm$MH+0x000074e554214400'
Event: 2.602 Thread 0x000074e5b419f260 Unloading class 0x000074e554211c00 'java/lang/invoke/LambdaForm$MH+0x000074e554211c00'
Event: 2.602 Thread 0x000074e5b419f260 Unloading class 0x000074e554211400 'java/lang/invoke/LambdaForm$MH+0x000074e554211400'
Event: 2.602 Thread 0x000074e5b419f260 Unloading class 0x000074e554210c00 'java/lang/invoke/LambdaForm$MH+0x000074e554210c00'
Event: 2.602 Thread 0x000074e5b419f260 Unloading class 0x000074e554210400 'java/lang/invoke/LambdaForm$MH+0x000074e554210400'
Event: 2.602 Thread 0x000074e5b419f260 Unloading class 0x000074e5540ec400 'java/lang/invoke/LambdaForm$MH+0x000074e5540ec400'
Event: 2.602 Thread 0x000074e5b419f260 Unloading class 0x000074e5540ec000 'java/lang/invoke/LambdaForm$MH+0x000074e5540ec000'
Event: 2.602 Thread 0x000074e5b419f260 Unloading class 0x000074e5540ebc00 'java/lang/invoke/LambdaForm$MH+0x000074e5540ebc00'
Event: 2.602 Thread 0x000074e5b419f260 Unloading class 0x000074e5540eb800 'java/lang/invoke/LambdaForm$MH+0x000074e5540eb800'

Classes redefined (1 events):
Event: 3.087 Thread 0x000074e5b419f260 redefined class name=java.io.FileOutputStream, count=1

Internal exceptions (20 events):
Event: 2.935 Thread 0x000074e4f84cf260 Exception <a 'sun/nio/fs/UnixException'{0x00000000d695de30}> (0x00000000d695de30) 
thrown [./src/hotspot/share/prims/jni.cpp, line 520]
Event: 2.935 Thread 0x000074e4f84cf260 Exception <a 'sun/nio/fs/UnixException'{0x00000000d695f458}> (0x00000000d695f458) 
thrown [./src/hotspot/share/prims/jni.cpp, line 520]
Event: 2.935 Thread 0x000074e4f84cf260 Exception <a 'sun/nio/fs/UnixException'{0x00000000d69616a8}> (0x00000000d69616a8) 
thrown [./src/hotspot/share/prims/jni.cpp, line 520]
Event: 2.936 Thread 0x000074e4f84cf260 Exception <a 'sun/nio/fs/UnixException'{0x00000000d6962fb8}> (0x00000000d6962fb8) 
thrown [./src/hotspot/share/prims/jni.cpp, line 520]
Event: 2.936 Thread 0x000074e4f84cf260 Exception <a 'sun/nio/fs/UnixException'{0x00000000d6964f68}> (0x00000000d6964f68) 
thrown [./src/hotspot/share/prims/jni.cpp, line 520]
Event: 2.936 Thread 0x000074e4f84cf260 Exception <a 'sun/nio/fs/UnixException'{0x00000000d6966880}> (0x00000000d6966880) 
thrown [./src/hotspot/share/prims/jni.cpp, line 520]
Event: 2.936 Thread 0x000074e4f84cf260 Exception <a 'sun/nio/fs/UnixException'{0x00000000d6968a50}> (0x00000000d6968a50) 
thrown [./src/hotspot/share/prims/jni.cpp, line 520]
Event: 2.936 Thread 0x000074e4f84cf260 Exception <a 'sun/nio/fs/UnixException'{0x00000000d696a0f8}> (0x00000000d696a0f8) 
thrown [./src/hotspot/share/prims/jni.cpp, line 520]
Event: 2.936 Thread 0x000074e4f84cf260 Exception <a 'sun/nio/fs/UnixException'{0x00000000d696c318}> (0x00000000d696c318) 
thrown [./src/hotspot/share/prims/jni.cpp, line 520]
Event: 2.936 Thread 0x000074e4f84cf260 Exception <a 'sun/nio/fs/UnixException'{0x00000000d696d990}> (0x00000000d696d990) 
thrown [./src/hotspot/share/prims/jni.cpp, line 520]
Event: 2.937 Thread 0x000074e4f84cf260 Exception <a 'sun/nio/fs/UnixException'{0x00000000d696fb78}> (0x00000000d696fb78) 
thrown [./src/hotspot/share/prims/jni.cpp, line 520]
Event: 2.937 Thread 0x000074e4f84cf260 Exception <a 'sun/nio/fs/UnixException'{0x00000000d69713b0}> (0x00000000d69713b0) 
thrown [./src/hotspot/share/prims/jni.cpp, line 520]
Event: 2.937 Thread 0x000074e4f84cf260 Exception <a 'sun/nio/fs/UnixException'{0x00000000d6973380}> (0x00000000d6973380) 
thrown [./src/hotspot/share/prims/jni.cpp, line 520]
Event: 2.937 Thread 0x000074e4f84cf260 Exception <a 'sun/nio/fs/UnixException'{0x00000000d6974c20}> (0x00000000d6974c20) 
thrown [./src/hotspot/share/prims/jni.cpp, line 520]
Event: 2.937 Thread 0x000074e4f84cf260 Exception <a 'sun/nio/fs/UnixException'{0x00000000d6976e78}> (0x00000000d6976e78) 
thrown [./src/hotspot/share/prims/jni.cpp, line 520]
Event: 2.937 Thread 0x000074e4f84cf260 Exception <a 'sun/nio/fs/UnixException'{0x00000000d6978548}> (0x00000000d6978548) 
thrown [./src/hotspot/share/prims/jni.cpp, line 520]
Event: 2.937 Thread 0x000074e4f84cf260 Exception <a 'sun/nio/fs/UnixException'{0x00000000d697a798}> (0x00000000d697a798) 
thrown [./src/hotspot/share/prims/jni.cpp, line 520]
Event: 2.938 Thread 0x000074e4f84cf260 Exception <a 'sun/nio/fs/UnixException'{0x00000000d697c0a8}> (0x00000000d697c0a8) 
thrown [./src/hotspot/share/prims/jni.cpp, line 520]
Event: 2.938 Thread 0x000074e4f84cf260 Exception <a 'sun/nio/fs/UnixException'{0x00000000d697e080}> (0x00000000d697e080) 
thrown [./src/hotspot/share/prims/jni.cpp, line 520]
Event: 2.938 Thread 0x000074e4f84cf260 Exception <a 'sun/nio/fs/UnixException'{0x00000000d697f978}> (0x00000000d697f978) 
thrown [./src/hotspot/share/prims/jni.cpp, line 520]

ZGC Phase Switch (0 events):
No events

VM Operations (20 events):
Event: 2.683 Executing VM operation: ICBufferFull
Event: 2.683 Executing VM operation: ICBufferFull done
Event: 2.700 Executing VM operation: ParallelGCFailedAllocation (Allocation Failure)
Event: 2.702 Executing VM operation: ParallelGCFailedAllocation (Allocation Failure) done
Event: 2.763 Executing VM operation: ParallelGCFailedAllocation (Allocation Failure)
Event: 2.763 Executing VM operation: ParallelGCFailedAllocation (Allocation Failure) done
Event: 2.763 Executing VM operation: ParallelGCSystemGC (GCLocker Initiated GC)
Event: 2.765 Executing VM operation: ParallelGCSystemGC (GCLocker Initiated GC) done
Event: 2.789 Executing VM operation: HandshakeAllThreads (Deoptimize)
Event: 2.789 Executing VM operation: HandshakeAllThreads (Deoptimize) done
Event: 2.800 Executing VM operation: ICBufferFull
Event: 2.800 Executing VM operation: ICBufferFull done
Event: 2.856 Executing VM operation: HandshakeAllThreads (Deoptimize)
Event: 2.856 Executing VM operation: HandshakeAllThreads (Deoptimize) done
Event: 2.934 Executing VM operation: HandshakeAllThreads (Deoptimize)
Event: 2.934 Executing VM operation: HandshakeAllThreads (Deoptimize) done
Event: 2.938 Executing VM operation: ParallelGCFailedAllocation (Allocation Failure)
Event: 2.939 Executing VM operation: ParallelGCFailedAllocation (Allocation Failure) done
Event: 3.078 Executing VM operation: RedefineClasses
Event: 3.101 Executing VM operation: RedefineClasses done

Memory protections (20 events):
Event: 2.432 Protecting memory [0x000074e4e2ffd000,0x000074e4e3001000] with protection modes 0
Event: 2.436 Protecting memory [0x000074e4e2efd000,0x000074e4e2f01000] with protection modes 0
Event: 2.436 Protecting memory [0x000074e4e2dfd000,0x000074e4e2e01000] with protection modes 0
Event: 2.440 Protecting memory [0x000074e4e2cfd000,0x000074e4e2d01000] with protection modes 0
Event: 2.509 Protecting memory [0x000074e4e2bfd000,0x000074e4e2c01000] with protection modes 0
Event: 2.509 Protecting memory [0x000074e4e2afd000,0x000074e4e2b01000] with protection modes 0
Event: 2.509 Protecting memory [0x000074e4e29fd000,0x000074e4e2a01000] with protection modes 0
Event: 2.527 Protecting memory [0x000074e4e28fd000,0x000074e4e2901000] with protection modes 0
Event: 2.527 Protecting memory [0x000074e4e27fd000,0x000074e4e2801000] with protection modes 0
Event: 2.574 Protecting memory [0x000074e4e28fd000,0x000074e4e2901000] with protection modes 0
Event: 2.574 Protecting memory [0x000074e4e2bfd000,0x000074e4e2c01000] with protection modes 0
Event: 2.574 Protecting memory [0x000074e4e27fd000,0x000074e4e2801000] with protection modes 0
Event: 2.574 Protecting memory [0x000074e4e29fd000,0x000074e4e2a01000] with protection modes 0
Event: 2.575 Protecting memory [0x000074e4e2afd000,0x000074e4e2b01000] with protection modes 0
Event: 2.680 Protecting memory [0x000074e4e2afd000,0x000074e4e2b01000] with protection modes 0
Event: 2.680 Protecting memory [0x000074e4e2bfd000,0x000074e4e2c01000] with protection modes 0
Event: 2.740 Protecting memory [0x000074e4e27fd000,0x000074e4e2801000] with protection modes 0
Event: 2.824 Protecting memory [0x000074e4e28fd000,0x000074e4e2901000] with protection modes 0
Event: 3.047 Protecting memory [0x000074e4e149d000,0x000074e4e14a1000] with protection modes 0
Event: 3.224 Protecting memory [0x000074e54ce00000,0x000074e54ce04000] with protection modes 0

Nmethod flushes (0 events):
No events

Events (20 events):
Event: 2.547 Thread 0x000074e4b80635d0 Thread exited: 0x000074e4b80635d0
Event: 2.574 Thread 0x000074e4c8001700 Thread added: 0x000074e4b8066850
Event: 2.574 Thread 0x000074e4c8001700 Thread added: 0x000074e4b8066f50
Event: 2.574 Thread 0x000074e4c8001700 Thread added: 0x000074e4b8067b30
Event: 2.574 Thread 0x000074e4c8001700 Thread added: 0x000074e4b8075880
Event: 2.575 Thread 0x000074e4c8001700 Thread added: 0x000074e4b8075f80
Event: 2.589 Thread 0x000074e4b8075880 Thread exited: 0x000074e4b8075880
Event: 2.589 Thread 0x000074e4b8066850 Thread exited: 0x000074e4b8066850
Event: 2.589 Thread 0x000074e4b8067b30 Thread exited: 0x000074e4b8067b30
Event: 2.589 Thread 0x000074e4b8066f50 Thread exited: 0x000074e4b8066f50
Event: 2.589 Thread 0x000074e4b8075f80 Thread exited: 0x000074e4b8075f80
Event: 2.680 Thread 0x000074e4f8217a60 Thread added: 0x000074e4c4005ea0
Event: 2.680 Thread 0x000074e4f84d4900 Thread added: 0x000074e4c8026550
Event: 2.740 Thread 0x000074e490000fe0 Thread added: 0x000074e484001090
Event: 2.824 Thread 0x000074e5b44adde0 Thread added: 0x000074e4b43a8580
Event: 3.047 Thread 0x000074e480001190 Thread added: 0x000074e480001190
Event: 3.077 Thread 0x000074e5200d6c40 Thread exited: 0x000074e5200d6c40
Event: 3.078 Thread 0x000074e5280afd50 Thread exited: 0x000074e5280afd50
Event: 3.117 Thread 0x000074e480001190 Thread exited: 0x000074e480001190
Event: 3.223 Thread 0x000074e5b41b1a30 Thread added: 0x000074e5289f27d0


Dynamic libraries:
80000000-84300000 rw-p 00000000 00:00 0 
84300000-d5580000 ---p 00000000 00:00 0 
d5580000-d6f80000 rw-p 00000000 00:00 0 
d6f80000-100000000 ---p 00000000 00:00 0 
590add893000-590add894000 r--p 00000000 00:1c 249042                     /usr/lib/jvm/java-21-openjdk-amd64/bin/java
590add894000-590add895000 r-xp 00001000 00:1c 249042                     /usr/lib/jvm/java-21-openjdk-amd64/bin/java
590add895000-590add896000 r--p 00002000 00:1c 249042                     /usr/lib/jvm/java-21-openjdk-amd64/bin/java
590add896000-590add897000 r--p 00002000 00:1c 249042                     /usr/lib/jvm/java-21-openjdk-amd64/bin/java
590add897000-590add898000 rw-p 00003000 00:1c 249042                     /usr/lib/jvm/java-21-openjdk-amd64/bin/java
590b0862f000-590b08677000 rw-p 00000000 00:00 0                          [heap]
74e474000000-74e474026000 rw-p 00000000 00:00 0 
74e474026000-74e478000000 ---p 00000000 00:00 0 
74e478000000-74e478021000 rw-p 00000000 00:00 0 
74e478021000-74e47c000000 ---p 00000000 00:00 0 
74e47c000000-74e47c021000 rw-p 00000000 00:00 0 
74e47c021000-74e480000000 ---p 00000000 00:00 0 
74e480000000-74e48028a000 rw-p 00000000 00:00 0 
74e48028a000-74e484000000 ---p 00000000 00:00 0 
74e484000000-74e484021000 rw-p 00000000 00:00 0 
74e484021000-74e488000000 ---p 00000000 00:00 0 
74e488000000-74e488021000 rw-p 00000000 00:00 0 
74e488021000-74e48c000000 ---p 00000000 00:00 0 
74e48c000000-74e48c021000 rw-p 00000000 00:00 0 
74e48c021000-74e490000000 ---p 00000000 00:00 0 
74e490000000-74e490021000 rw-p 00000000 00:00 0 
74e490021000-74e494000000 ---p 00000000 00:00 0 
74e494000000-74e494021000 rw-p 00000000 00:00 0 
74e494021000-74e498000000 ---p 00000000 00:00 0 
74e498000000-74e4981bf000 rw-p 00000000 00:00 0 
74e4981bf000-74e49c000000 ---p 00000000 00:00 0 
74e49c000000-74e49c021000 rw-p 00000000 00:00 0 
74e49c021000-74e4a0000000 ---p 00000000 00:00 0 
74e4a0400000-74e4a7eb2000 r--s 00000000 00:1c 699895                     /usr/lib/jvm/java-17-openjdk-amd64/lib/modules
74e4a8000000-74e4a80f4000 rw-p 00000000 00:00 0 
74e4a80f4000-74e4ac000000 ---p 00000000 00:00 0 
74e4ac000000-74e4ac104000 rw-p 00000000 00:00 0 
74e4ac104000-74e4b0000000 ---p 00000000 00:00 0 
74e4b0000000-74e4b0021000 rw-p 00000000 00:00 0 
74e4b0021000-74e4b4000000 ---p 00000000 00:00 0 
74e4b4000000-74e4b43b8000 rw-p 00000000 00:00 0 
74e4b43b8000-74e4b8000000 ---p 00000000 00:00 0 
74e4b8000000-74e4b809c000 rw-p 00000000 00:00 0 
74e4b809c000-74e4bc000000 ---p 00000000 00:00 0 
74e4bc000000-74e4bc021000 rw-p 00000000 00:00 0 
74e4bc021000-74e4c0000000 ---p 00000000 00:00 0 
74e4c0000000-74e4c0021000 rw-p 00000000 00:00 0 
74e4c0021000-74e4c4000000 ---p 00000000 00:00 0 
74e4c4000000-74e4c4030000 rw-p 00000000 00:00 0 
74e4c4030000-74e4c8000000 ---p 00000000 00:00 0 
74e4c8000000-74e4c802e000 rw-p 00000000 00:00 0 
74e4c802e000-74e4cc000000 ---p 00000000 00:00 0 
74e4cc000000-74e4cc072000 rw-p 00000000 00:00 0 
74e4cc072000-74e4d0000000 ---p 00000000 00:00 0 
74e4d0000000-74e4d0021000 rw-p 00000000 00:00 0 
74e4d0021000-74e4d4000000 ---p 00000000 00:00 0 
74e4d4000000-74e4d4021000 rw-p 00000000 00:00 0 
74e4d4021000-74e4d8000000 ---p 00000000 00:00 0 
74e4d8000000-74e4d8596000 rw-p 00000000 00:00 0 
74e4d8596000-74e4dc000000 ---p 00000000 00:00 0 
74e4dc000000-74e4dc021000 rw-p 00000000 00:00 0 
74e4dc021000-74e4e0000000 ---p 00000000 00:00 0 
74e4e149c000-74e4e149d000 ---p 00000000 00:00 0 
74e4e149d000-74e4e14a1000 ---p 00000000 00:00 0 
74e4e14a1000-74e4e1c9d000 rw-p 00000000 00:00 0 
74e4e1c9d000-74e4e1dd7000 r--p 00000000 00:1c 11216658                   /opt/traps/lib/libmoduleng64.so
74e4e1dd7000-74e4e1ffc000 r-xp 0013a000 00:1c 11216658                   /opt/traps/lib/libmoduleng64.so
74e4e1ffc000-74e4e2157000 r--p 0035f000 00:1c 11216658                   /opt/traps/lib/libmoduleng64.so
74e4e2157000-74e4e21f7000 rw-p 004b9000 00:1c 11216658                   /opt/traps/lib/libmoduleng64.so
74e4e21f7000-74e4e2200000 rw-p 00000000 00:00 0 
74e4e2519000-74e4e27fd000 rw-p 00000000 00:00 0 
74e4e27fd000-74e4e2801000 ---p 00000000 00:00 0 
74e4e2801000-74e4e28fd000 rw-p 00000000 00:00 0 
74e4e28fd000-74e4e2901000 ---p 00000000 00:00 0 
74e4e2901000-74e4e29fd000 rw-p 00000000 00:00 0 
74e4e29fd000-74e4e2a01000 ---p 00000000 00:00 0 
74e4e2a01000-74e4e2afd000 rw-p 00000000 00:00 0 
74e4e2afd000-74e4e2b01000 ---p 00000000 00:00 0 
74e4e2b01000-74e4e2bfd000 rw-p 00000000 00:00 0 
74e4e2bfd000-74e4e2c01000 ---p 00000000 00:00 0 
74e4e2c01000-74e4e2cfd000 rw-p 00000000 00:00 0 
74e4e2cfd000-74e4e2d01000 ---p 00000000 00:00 0 
74e4e2d01000-74e4e2dfd000 rw-p 00000000 00:00 0 
74e4e2dfd000-74e4e2e01000 ---p 00000000 00:00 0 
74e4e2e01000-74e4e2efd000 rw-p 00000000 00:00 0 
74e4e2efd000-74e4e2f01000 ---p 00000000 00:00 0 
74e4e2f01000-74e4e2ffd000 rw-p 00000000 00:00 0 
74e4e2ffd000-74e4e3001000 ---p 00000000 00:00 0 
74e4e3001000-74e4e30fd000 rw-p 00000000 00:00 0 
74e4e30fd000-74e4e3101000 ---p 00000000 00:00 0 
74e4e3101000-74e4e31fd000 rw-p 00000000 00:00 0 
74e4e31fd000-74e4e3201000 ---p 00000000 00:00 0 
74e4e3201000-74e4e32fd000 rw-p 00000000 00:00 0 
74e4e32fd000-74e4e3301000 ---p 00000000 00:00 0 
74e4e3301000-74e4e33fd000 rw-p 00000000 00:00 0 
74e4e33fd000-74e4e3401000 ---p 00000000 00:00 0 
74e4e3401000-74e4e34fd000 rw-p 00000000 00:00 0 
74e4e34fd000-74e4e3501000 ---p 00000000 00:00 0 
74e4e3501000-74e4e35fd000 rw-p 00000000 00:00 0 
74e4e35fd000-74e4e3601000 ---p 00000000 00:00 0 
74e4e3601000-74e4e36fd000 rw-p 00000000 00:00 0 
74e4e36fd000-74e4e3701000 ---p 00000000 00:00 0 
74e4e3701000-74e4e37fd000 rw-p 00000000 00:00 0 
74e4e37fd000-74e4e3801000 ---p 00000000 00:00 0 
74e4e3801000-74e4e38fd000 rw-p 00000000 00:00 0 
74e4e38fd000-74e4e3901000 ---p 00000000 00:00 0 
74e4e3901000-74e4e39fd000 rw-p 00000000 00:00 0 
74e4e39fd000-74e4e39fe000 ---p 00000000 00:00 0 
74e4e39fe000-74e4e3afe000 rw-p 00000000 00:00 0 
74e4e3afe000-74e4e3b02000 ---p 00000000 00:00 0 
74e4e3b02000-74e4e3bfe000 rw-p 00000000 00:00 0 
74e4e3bfe000-74e4e3c02000 ---p 00000000 00:00 0 
74e4e3c02000-74e4e3cfe000 rw-p 00000000 00:00 0 
74e4e3cfe000-74e4e3cff000 ---p 00000000 00:00 0 
74e4e3cff000-74e4e3dff000 rw-p 00000000 00:00 0 
74e4e3dff000-74e4e3e00000 ---p 00000000 00:00 0 
74e4e3e00000-74e4e3f00000 rw-p 00000000 00:00 0 
74e4e3f00000-74e4e3f04000 ---p 00000000 00:00 0 
74e4e3f04000-74e4e4000000 rw-p 00000000 00:00 0 
74e4e4000000-74e4e4021000 rw-p 00000000 00:00 0 
74e4e4021000-74e4e8000000 ---p 00000000 00:00 0 
74e4e8000000-74e4e8025000 rw-p 00000000 00:00 0 
74e4e8025000-74e4ec000000 ---p 00000000 00:00 0 
74e4ec000000-74e4ec021000 rw-p 00000000 00:00 0 
74e4ec021000-74e4f0000000 ---p 00000000 00:00 0 
74e4f0000000-74e4f0021000 rw-p 00000000 00:00 0 
74e4f0021000-74e4f4000000 ---p 00000000 00:00 0 
74e4f4000000-74e4f4021000 rw-p 00000000 00:00 0 
74e4f4021000-74e4f8000000 ---p 00000000 00:00 0 
74e4f8000000-74e4f8611000 rw-p 00000000 00:00 0 
74e4f8611000-74e4fc000000 ---p 00000000 00:00 0 
74e4fc000000-74e4fc02f000 rw-p 00000000 00:00 0 
74e4fc02f000-74e500000000 ---p 00000000 00:00 0 
74e500000000-74e500021000 rw-p 00000000 00:00 0 
74e500021000-74e504000000 ---p 00000000 00:00 0 
74e504000000-74e504021000 rw-p 00000000 00:00 0 
74e504021000-74e508000000 ---p 00000000 00:00 0 
74e508000000-74e508021000 rw-p 00000000 00:00 0 
74e508021000-74e50c000000 ---p 00000000 00:00 0 
74e50c000000-74e50c021000 rw-p 00000000 00:00 0 
74e50c021000-74e510000000 ---p 00000000 00:00 0 
74e510000000-74e510021000 rw-p 00000000 00:00 0 
74e510021000-74e514000000 ---p 00000000 00:00 0 
74e514000000-74e514021000 rw-p 00000000 00:00 0 
74e514021000-74e518000000 ---p 00000000 00:00 0 
74e518000000-74e519749000 rw-p 00000000 00:00 0 
74e519749000-74e51c000000 ---p 00000000 00:00 0 
74e51c000000-74e51c021000 rw-p 00000000 00:00 0 
74e51c021000-74e520000000 ---p 00000000 00:00 0 
74e520000000-74e5215ce000 rw-p 00000000 00:00 0 
74e5215ce000-74e524000000 ---p 00000000 00:00 0 
74e524000000-74e525310000 rw-p 00000000 00:00 0 
74e525310000-74e528000000 ---p 00000000 00:00 0 
74e528000000-74e528d81000 rw-p 00000000 00:00 0 
74e528d81000-74e52c000000 ---p 00000000 00:00 0 
74e52c000000-74e52c021000 rw-p 00000000 00:00 0 
74e52c021000-74e530000000 ---p 00000000 00:00 0 
74e530000000-74e530021000 rw-p 00000000 00:00 0 
74e530021000-74e534000000 ---p 00000000 00:00 0 
74e534000000-74e534021000 rw-p 00000000 00:00 0 
74e534021000-74e538000000 ---p 00000000 00:00 0 
74e538000000-74e538021000 rw-p 00000000 00:00 0 
74e538021000-74e53c000000 ---p 00000000 00:00 0 
74e53c000000-74e53c021000 rw-p 00000000 00:00 0 
74e53c021000-74e540000000 ---p 00000000 00:00 0 
74e540000000-74e540021000 rw-p 00000000 00:00 0 
74e540021000-74e544000000 ---p 00000000 00:00 0 
74e544000000-74e5443c0000 rw-p 00000000 00:00 0 
74e5443c0000-74e544400000 ---p 00000000 00:00 0 
74e544400000-74e5454d0000 rw-p 00000000 00:00 0 
74e5454d0000-74e548000000 ---p 00000000 00:00 0 
74e548000000-74e548021000 rw-p 00000000 00:00 0 
74e548021000-74e54c000000 ---p 00000000 00:00 0 
74e54c0fa000-74e54c0fe000 ---p 00000000 00:00 0 
74e54c0fe000-74e54c1fa000 rw-p 00000000 00:00 0 
74e54c1fa000-74e54c1fb000 ---p 00000000 00:00 0 
74e54c1fb000-74e54c2fb000 rw-p 00000000 00:00 0 
74e54c2fb000-74e54c2ff000 ---p 00000000 00:00 0 
74e54c2ff000-74e54c3fb000 rw-p 00000000 00:00 0 
74e54c3fb000-74e54c3ff000 ---p 00000000 00:00 0 
74e54c3ff000-74e54c4fb000 rw-p 00000000 00:00 0 
74e54c4fb000-74e54c4fc000 ---p 00000000 00:00 0 
74e54c4fc000-74e54c5fc000 rw-p 00000000 00:00 0 
74e54c5fc000-74e54c600000 ---p 00000000 00:00 0 
74e54c600000-74e54c6fc000 rw-p 00000000 00:00 0 
74e54c6fc000-74e54c700000 ---p 00000000 00:00 0 
74e54c700000-74e54c7fc000 rw-p 00000000 00:00 0 
74e54c7fc000-74e54c7fd000 ---p 00000000 00:00 0 
74e54c7fd000-74e54c8fd000 rw-p 00000000 00:00 0 
74e54c8fd000-74e54c901000 ---p 00000000 00:00 0 
74e54c901000-74e54c9fd000 rw-p 00000000 00:00 0 
74e54c9fd000-74e54ca01000 ---p 00000000 00:00 0 
74e54ca01000-74e54cafd000 rw-p 00000000 00:00 0 
74e54cafd000-74e54cafe000 ---p 00000000 00:00 0 
74e54cafe000-74e54cbfe000 rw-p 00000000 00:00 0 
74e54cbfe000-74e54cbff000 ---p 00000000 00:00 0 
74e54cbff000-74e54ccff000 rw-p 00000000 00:00 0 
74e54ccff000-74e54cd00000 ---p 00000000 00:00 0 
74e54cd00000-74e54ce00000 rw-p 00000000 00:00 0 
74e54ce00000-74e54ce04000 ---p 00000000 00:00 0 
74e54ce04000-74e54cf00000 rw-p 00000000 00:00 0 
74e54cf00000-74e54cf04000 ---p 00000000 00:00 0 
74e54cf04000-74e54d000000 rw-p 00000000 00:00 0 
74e54d000000-74e54d004000 ---p 00000000 00:00 0 
74e54d004000-74e54d100000 rw-p 00000000 00:00 0 
74e54d100000-74e54d104000 ---p 00000000 00:00 0 
74e54d104000-74e54d200000 rw-p 00000000 00:00 0 
74e54d200000-74e54d204000 ---p 00000000 00:00 0 
74e54d204000-74e54d300000 rw-p 00000000 00:00 0 
74e54d300000-74e54d304000 ---p 00000000 00:00 0 
74e54d304000-74e54d400000 rw-p 00000000 00:00 0 
74e54d400000-74e54d404000 ---p 00000000 00:00 0 
74e54d404000-74e54d500000 rw-p 00000000 00:00 0 
74e54d500000-74e54d504000 ---p 00000000 00:00 0 
74e54d504000-74e54d600000 rw-p 00000000 00:00 0 
74e54d600000-74e54d604000 ---p 00000000 00:00 0 
74e54d604000-74e54d700000 rw-p 00000000 00:00 0 
74e54d700000-74e54d704000 ---p 00000000 00:00 0 
74e54d704000-74e54d800000 rw-p 00000000 00:00 0 
74e54d800000-74e54dd75000 r--p 00000000 00:1c 234016                     /usr/lib/locale/locale-archive
74e54ddff000-74e54de03000 ---p 00000000 00:00 0 
74e54de03000-74e54deff000 rw-p 00000000 00:00 0 
74e54deff000-74e54df00000 ---p 00000000 00:00 0 
74e54df00000-74e54e000000 rw-p 00000000 00:00 0 
74e54e000000-74e54eca0000 rw-p 00001000 00:1c 249196                     /usr/lib/jvm/java-21-openjdk-amd64/lib/server/classes.jsa
74e54eca0000-74e553b28000 rw-p 00001000 00:1c 12420846                   /home/mulroney/.config/Code/User/globalStorage/redhat.java/1.46.2025100108/jdtls.jsa
74e553b28000-74e554000000 ---p 00000000 00:00 0 
74e554000000-74e554040000 rw-p 00000000 00:00 0 
74e554040000-74e554060000 rw-p 00000000 00:00 0 
74e554060000-74e554080000 ---p 00000000 00:00 0 
74e554080000-74e5542b0000 rw-p 00000000 00:00 0 
74e5542b0000-74e594000000 ---p 00000000 00:00 0 
74e594000000-74e598021000 rw-p 00000000 00:00 0 
74e598021000-74e59c000000 ---p 00000000 00:00 0 
74e59c0f9000-74e59c800000 rw-p 00000000 00:00 0 
74e59c800000-74e59d9e0000 rwxp 00000000 00:00 0 
74e59d9e0000-74e5a3d37000 ---p 00000000 00:00 0 
74e5a3d37000-74e5a3fa7000 rwxp 00000000 00:00 0 
74e5a3fa7000-74e5a42c9000 ---p 00000000 00:00 0 
74e5a42c9000-74e5a4799000 rwxp 00000000 00:00 0 
74e5a4799000-74e5ab800000 ---p 00000000 00:00 0 
74e5ab800000-74e5b3e2a000 r--s 00000000 00:1c 249192                     /usr/lib/jvm/java-21-openjdk-amd64/lib/modules
74e5b3eff000-74e5b44d6000 rw-p 00000000 00:00 0 
74e5b44d6000-74e5b8000000 ---p 00000000 00:00 0 
74e5b802d000-74e5b8050000 rw-p 00000000 00:00 0 
74e5b809e000-74e5b80ae000 rw-p 00000000 00:00 0 
74e5b80e9000-74e5b96ff000 rw-p 00000000 00:00 0 
74e5b96ff000-74e5b9700000 ---p 00000000 00:00 0 
74e5b9700000-74e5b9800000 rw-p 00000000 00:00 0 
74e5b9800000-74e5b9c00000 rw-p 00000000 00:00 0 
74e5b9c06000-74e5b9c16000 rw-p 00000000 00:00 0 
74e5b9c16000-74e5b9c1b000 r--p 00000000 00:1c 249176                     /usr/lib/jvm/java-21-openjdk-amd64/lib/libjsvml.so
74e5b9c1b000-74e5b9c5c000 r-xp 00005000 00:1c 249176                     /usr/lib/jvm/java-21-openjdk-amd64/lib/libjsvml.so
74e5b9c5c000-74e5b9ce5000 r--p 00046000 00:1c 249176                     /usr/lib/jvm/java-21-openjdk-amd64/lib/libjsvml.so
74e5b9ce5000-74e5b9ce6000 r--p 000ce000 00:1c 249176                     /usr/lib/jvm/java-21-openjdk-amd64/lib/libjsvml.so
74e5b9ce6000-74e5b9ce7000 rw-p 000cf000 00:1c 249176                     /usr/lib/jvm/java-21-openjdk-amd64/lib/libjsvml.so
74e5b9ce7000-74e5b9d8a000 rw-p 00000000 00:00 0 
74e5b9d8a000-74e5ba013000 ---p 00000000 00:00 0 
74e5ba013000-74e5ba014000 ---p 00000000 00:00 0 
74e5ba014000-74e5ba114000 rw-p 00000000 00:00 0 
74e5ba114000-74e5ba136000 rw-p 00000000 00:00 0 
74e5ba136000-74e5ba3be000 ---p 00000000 00:00 0 
74e5ba3be000-74e5ba3cc000 rw-p 00000000 00:00 0 
74e5ba3cc000-74e5ba515000 ---p 00000000 00:00 0 
74e5ba515000-74e5ba51f000 rw-p 00000000 00:00 0 
74e5ba51f000-74e5ba600000 ---p 00000000 00:00 0 
74e5ba600000-74e5baed4000 r--s 00000000 00:1c 12300971                   /var/lib/sss/mc/passwd
74e5baed5000-74e5baee5000 rw-p 00000000 00:00 0 
74e5baf05000-74e5baf39000 rw-p 00000000 00:00 0 
74e5baf39000-74e5bb000000 ---p 00000000 00:00 0 
74e5bb000000-74e5bb09d000 r--p 00000000 00:1c 15146                      /usr/lib/x86_64-linux-gnu/libstdc++.so.6.0.33
74e5bb09d000-74e5bb1e5000 r-xp 0009d000 00:1c 15146                      /usr/lib/x86_64-linux-gnu/libstdc++.so.6.0.33
74e5bb1e5000-74e5bb26c000 r--p 001e5000 00:1c 15146                      /usr/lib/x86_64-linux-gnu/libstdc++.so.6.0.33
74e5bb26c000-74e5bb277000 r--p 0026b000 00:1c 15146                      /usr/lib/x86_64-linux-gnu/libstdc++.so.6.0.33
74e5bb277000-74e5bb27a000 rw-p 00276000 00:1c 15146                      /usr/lib/x86_64-linux-gnu/libstdc++.so.6.0.33
74e5bb27a000-74e5bb27e000 rw-p 00000000 00:00 0 
74e5bb283000-74e5bb284000 r--p 00000000 00:1c 223662                     /usr/lib/x86_64-linux-gnu/libdl.so.2
74e5bb284000-74e5bb285000 r-xp 00001000 00:1c 223662                     /usr/lib/x86_64-linux-gnu/libdl.so.2
74e5bb285000-74e5bb286000 r--p 00002000 00:1c 223662                     /usr/lib/x86_64-linux-gnu/libdl.so.2
74e5bb286000-74e5bb287000 r--p 00002000 00:1c 223662                     /usr/lib/x86_64-linux-gnu/libdl.so.2
74e5bb287000-74e5bb288000 rw-p 00003000 00:1c 223662                     /usr/lib/x86_64-linux-gnu/libdl.so.2
74e5bb288000-74e5bb28f000 r--s 00000000 00:1c 223649                     /usr/lib/x86_64-linux-gnu/gconv/gconv-modules.cache
74e5bb28f000-74e5bb29f000 rw-p 00000000 00:00 0 
74e5bb2a5000-74e5bb300000 rw-p 00000000 00:00 0 
74e5bb300000-74e5bb304000 ---p 00000000 00:00 0 
74e5bb304000-74e5bb400000 rw-p 00000000 00:00 0 
74e5bb400000-74e5bb6a2000 r--p 00000000 00:1c 249199                     /usr/lib/jvm/java-21-openjdk-amd64/lib/server/libjvm.so
74e5bb6a2000-74e5bc517000 r-xp 002a2000 00:1c 249199                     /usr/lib/jvm/java-21-openjdk-amd64/lib/server/libjvm.so
74e5bc517000-74e5bc7f1000 r--p 01117000 00:1c 249199                     /usr/lib/jvm/java-21-openjdk-amd64/lib/server/libjvm.so
74e5bc7f1000-74e5bc8c5000 r--p 013f0000 00:1c 249199                     /usr/lib/jvm/java-21-openjdk-amd64/lib/server/libjvm.so
74e5bc8c5000-74e5bc8f5000 rw-p 014c4000 00:1c 249199                     /usr/lib/jvm/java-21-openjdk-amd64/lib/server/libjvm.so
74e5bc8f5000-74e5bc95b000 rw-p 00000000 00:00 0 
74e5bc95d000-74e5bc961000 r--p 00000000 00:1c 12413670                   /home/mulroney/.config/Code/User/globalStorage/redhat.java/1.46.2025100108/config_linux/org.eclipse.equinox.launcher/org.eclipse.equinox.launcher.gtk.linux.x86_64_1.2.1500.v20250801-0854/eclipse_11916.so
74e5bc961000-74e5bc96b000 r-xp 00004000 00:1c 12413670                   /home/mulroney/.config/Code/User/globalStorage/redhat.java/1.46.2025100108/config_linux/org.eclipse.equinox.launcher/org.eclipse.equinox.launcher.gtk.linux.x86_64_1.2.1500.v20250801-0854/eclipse_11916.so
74e5bc96b000-74e5bc96e000 r--p 0000e000 00:1c 12413670                   /home/mulroney/.config/Code/User/globalStorage/redhat.java/1.46.2025100108/config_linux/org.eclipse.equinox.launcher/org.eclipse.equinox.launcher.gtk.linux.x86_64_1.2.1500.v20250801-0854/eclipse_11916.so
74e5bc96e000-74e5bc96f000 r--p 00010000 00:1c 12413670                   /home/mulroney/.config/Code/User/globalStorage/redhat.java/1.46.2025100108/config_linux/org.eclipse.equinox.launcher/org.eclipse.equinox.launcher.gtk.linux.x86_64_1.2.1500.v20250801-0854/eclipse_11916.so
74e5bc96f000-74e5bc970000 rw-p 00011000 00:1c 12413670                   /home/mulroney/.config/Code/User/globalStorage/redhat.java/1.46.2025100108/config_linux/org.eclipse.equinox.launcher/org.eclipse.equinox.launcher.gtk.linux.x86_64_1.2.1500.v20250801-0854/eclipse_11916.so
74e5bc970000-74e5bc971000 rw-p 00000000 00:00 0 
74e5bc971000-74e5bc975000 r--p 00000000 00:1c 249190                     /usr/lib/jvm/java-21-openjdk-amd64/lib/libverify.so
74e5bc975000-74e5bc97c000 r-xp 00004000 00:1c 249190                     /usr/lib/jvm/java-21-openjdk-amd64/lib/libverify.so
74e5bc97c000-74e5bc97e000 r--p 0000b000 00:1c 249190                     /usr/lib/jvm/java-21-openjdk-amd64/lib/libverify.so
74e5bc97e000-74e5bc980000 r--p 0000c000 00:1c 249190                     /usr/lib/jvm/java-21-openjdk-amd64/lib/libverify.so
74e5bc980000-74e5bc981000 rw-p 0000e000 00:1c 249190                     /usr/lib/jvm/java-21-openjdk-amd64/lib/libverify.so
74e5bc981000-74e5bc988000 r--p 00000000 00:1c 249184                     /usr/lib/jvm/java-21-openjdk-amd64/lib/libnio.so
74e5bc988000-74e5bc991000 r-xp 00007000 00:1c 249184                     /usr/lib/jvm/java-21-openjdk-amd64/lib/libnio.so
74e5bc991000-74e5bc995000 r--p 00010000 00:1c 249184                     /usr/lib/jvm/java-21-openjdk-amd64/lib/libnio.so
74e5bc995000-74e5bc996000 r--p 00014000 00:1c 249184                     /usr/lib/jvm/java-21-openjdk-amd64/lib/libnio.so
74e5bc996000-74e5bc997000 rw-p 00015000 00:1c 249184                     /usr/lib/jvm/java-21-openjdk-amd64/lib/libnio.so
74e5bc997000-74e5bca00000 rw-p 00000000 00:00 0 
74e5bca00000-74e5bca28000 r--p 00000000 00:1c 223660                     /usr/lib/x86_64-linux-gnu/libc.so.6
74e5bca28000-74e5bcb16000 r-xp 00028000 00:1c 223660                     /usr/lib/x86_64-linux-gnu/libc.so.6
74e5bcb16000-74e5bcb17000 r-xp 00116000 00:1c 223660                     /usr/lib/x86_64-linux-gnu/libc.so.6
74e5bcb17000-74e5bcbb0000 r-xp 00117000 00:1c 223660                     /usr/lib/x86_64-linux-gnu/libc.so.6
74e5bcbb0000-74e5bcbff000 r--p 001b0000 00:1c 223660                     /usr/lib/x86_64-linux-gnu/libc.so.6
74e5bcbff000-74e5bcc03000 r--p 001fe000 00:1c 223660                     /usr/lib/x86_64-linux-gnu/libc.so.6
74e5bcc03000-74e5bcc05000 rw-p 00202000 00:1c 223660                     /usr/lib/x86_64-linux-gnu/libc.so.6
74e5bcc05000-74e5bcc12000 rw-p 00000000 00:00 0 
74e5bcc14000-74e5bcc17000 r--p 00000000 00:1c 249183                     /usr/lib/jvm/java-21-openjdk-amd64/lib/libnet.so
74e5bcc17000-74e5bcc1f000 r-xp 00003000 00:1c 249183                     /usr/lib/jvm/java-21-openjdk-amd64/lib/libnet.so
74e5bcc1f000-74e5bcc21000 r--p 0000b000 00:1c 249183                     /usr/lib/jvm/java-21-openjdk-amd64/lib/libnet.so
74e5bcc21000-74e5bcc22000 r--p 0000c000 00:1c 249183                     /usr/lib/jvm/java-21-openjdk-amd64/lib/libnet.so
74e5bcc22000-74e5bcc23000 rw-p 0000d000 00:1c 249183                     /usr/lib/jvm/java-21-openjdk-amd64/lib/libnet.so
74e5bcc23000-74e5bcc25000 r--p 00000000 00:1c 249191                     /usr/lib/jvm/java-21-openjdk-amd64/lib/libzip.so
74e5bcc25000-74e5bcc2a000 r-xp 00002000 00:1c 249191                     /usr/lib/jvm/java-21-openjdk-amd64/lib/libzip.so
74e5bcc2a000-74e5bcc2c000 r--p 00007000 00:1c 249191                     /usr/lib/jvm/java-21-openjdk-amd64/lib/libzip.so
74e5bcc2c000-74e5bcc2d000 r--p 00008000 00:1c 249191                     /usr/lib/jvm/java-21-openjdk-amd64/lib/libzip.so
74e5bcc2d000-74e5bcc2e000 rw-p 00009000 00:1c 249191                     /usr/lib/jvm/java-21-openjdk-amd64/lib/libzip.so
74e5bcc2e000-74e5bcc30000 r--p 00000000 00:1c 178687                     /usr/lib/x86_64-linux-gnu/libnss_sss.so.2
74e5bcc30000-74e5bcc38000 r-xp 00002000 00:1c 178687                     /usr/lib/x86_64-linux-gnu/libnss_sss.so.2
74e5bcc38000-74e5bcc3a000 r--p 0000a000 00:1c 178687                     /usr/lib/x86_64-linux-gnu/libnss_sss.so.2
74e5bcc3a000-74e5bcc3b000 r--p 0000b000 00:1c 178687                     /usr/lib/x86_64-linux-gnu/libnss_sss.so.2
74e5bcc3b000-74e5bcc3c000 rw-p 0000c000 00:1c 178687                     /usr/lib/x86_64-linux-gnu/libnss_sss.so.2
74e5bcc3c000-74e5bcc3f000 r--p 00000000 00:1c 14631                      /usr/lib/x86_64-linux-gnu/libcap.so.2.66
74e5bcc3f000-74e5bcc45000 r-xp 00003000 00:1c 14631                      /usr/lib/x86_64-linux-gnu/libcap.so.2.66
74e5bcc45000-74e5bcc47000 r--p 00009000 00:1c 14631                      /usr/lib/x86_64-linux-gnu/libcap.so.2.66
74e5bcc47000-74e5bcc48000 r--p 0000b000 00:1c 14631                      /usr/lib/x86_64-linux-gnu/libcap.so.2.66
74e5bcc48000-74e5bcc49000 rw-p 0000c000 00:1c 14631                      /usr/lib/x86_64-linux-gnu/libcap.so.2.66
74e5bcc49000-74e5bcc51000 r--p 00000000 00:1c 11647307                   /usr/lib/x86_64-linux-gnu/libnss_systemd.so.2
74e5bcc51000-74e5bcc90000 r-xp 00008000 00:1c 11647307                   /usr/lib/x86_64-linux-gnu/libnss_systemd.so.2
74e5bcc90000-74e5bcca0000 r--p 00047000 00:1c 11647307                   /usr/lib/x86_64-linux-gnu/libnss_systemd.so.2
74e5bcca0000-74e5bcca4000 r--p 00056000 00:1c 11647307                   /usr/lib/x86_64-linux-gnu/libnss_systemd.so.2
74e5bcca4000-74e5bcca5000 rw-p 0005a000 00:1c 11647307                   /usr/lib/x86_64-linux-gnu/libnss_systemd.so.2
74e5bcca9000-74e5bccaa000 r--p 00000000 00:1c 223672                     /usr/lib/x86_64-linux-gnu/libpthread.so.0
74e5bccaa000-74e5bccab000 r-xp 00001000 00:1c 223672                     /usr/lib/x86_64-linux-gnu/libpthread.so.0
74e5bccab000-74e5bccac000 r--p 00002000 00:1c 223672                     /usr/lib/x86_64-linux-gnu/libpthread.so.0
74e5bccac000-74e5bccad000 r--p 00002000 00:1c 223672                     /usr/lib/x86_64-linux-gnu/libpthread.so.0
74e5bccad000-74e5bccae000 rw-p 00003000 00:1c 223672                     /usr/lib/x86_64-linux-gnu/libpthread.so.0
74e5bccae000-74e5bccb3000 rw-p 00000000 00:00 0 
74e5bccb3000-74e5bccba000 ---p 00000000 00:00 0 
74e5bccba000-74e5bccc2000 rw-s 00000000 00:1c 12423384                   /tmp/hsperfdata_mulroney/765825
74e5bccc2000-74e5bcccf000 r--p 00000000 00:1c 249169                     /usr/lib/jvm/java-21-openjdk-amd64/lib/libjava.so
74e5bcccf000-74e5bccde000 r-xp 0000d000 00:1c 249169                     /usr/lib/jvm/java-21-openjdk-amd64/lib/libjava.so
74e5bccde000-74e5bcce3000 r--p 0001c000 00:1c 249169                     /usr/lib/jvm/java-21-openjdk-amd64/lib/libjava.so
74e5bcce3000-74e5bcce4000 r--p 00021000 00:1c 249169                     /usr/lib/jvm/java-21-openjdk-amd64/lib/libjava.so
74e5bcce4000-74e5bcce5000 rw-p 00022000 00:1c 249169                     /usr/lib/jvm/java-21-openjdk-amd64/lib/libjava.so
74e5bcce5000-74e5bcce6000 rw-p 00000000 00:00 0 
74e5bcce6000-74e5bccea000 r--p 00000000 00:1c 14753                      /usr/lib/x86_64-linux-gnu/libgcc_s.so.1
74e5bccea000-74e5bcd0e000 r-xp 00004000 00:1c 14753                      /usr/lib/x86_64-linux-gnu/libgcc_s.so.1
74e5bcd0e000-74e5bcd12000 r--p 00028000 00:1c 14753                      /usr/lib/x86_64-linux-gnu/libgcc_s.so.1
74e5bcd12000-74e5bcd13000 r--p 0002b000 00:1c 14753                      /usr/lib/x86_64-linux-gnu/libgcc_s.so.1
74e5bcd13000-74e5bcd14000 rw-p 0002c000 00:1c 14753                      /usr/lib/x86_64-linux-gnu/libgcc_s.so.1
74e5bcd14000-74e5bcd24000 r--p 00000000 00:1c 223663                     /usr/lib/x86_64-linux-gnu/libm.so.6
74e5bcd24000-74e5bcda3000 r-xp 00010000 00:1c 223663                     /usr/lib/x86_64-linux-gnu/libm.so.6
74e5bcda3000-74e5bcdfb000 r--p 0008f000 00:1c 223663                     /usr/lib/x86_64-linux-gnu/libm.so.6
74e5bcdfb000-74e5bcdfc000 r--p 000e7000 00:1c 223663                     /usr/lib/x86_64-linux-gnu/libm.so.6
74e5bcdfc000-74e5bcdfd000 rw-p 000e8000 00:1c 223663                     /usr/lib/x86_64-linux-gnu/libm.so.6
74e5bcdfd000-74e5bcdff000 rw-p 00000000 00:00 0 
74e5bcdff000-74e5bce01000 r--p 00000000 00:1c 249173                     /usr/lib/jvm/java-21-openjdk-amd64/lib/libjli.so
74e5bce01000-74e5bce0b000 r-xp 00002000 00:1c 249173                     /usr/lib/jvm/java-21-openjdk-amd64/lib/libjli.so
74e5bce0b000-74e5bce0e000 r--p 0000c000 00:1c 249173                     /usr/lib/jvm/java-21-openjdk-amd64/lib/libjli.so
74e5bce0e000-74e5bce0f000 r--p 0000f000 00:1c 249173                     /usr/lib/jvm/java-21-openjdk-amd64/lib/libjli.so
74e5bce0f000-74e5bce10000 rw-p 00010000 00:1c 249173                     /usr/lib/jvm/java-21-openjdk-amd64/lib/libjli.so
74e5bce10000-74e5bce12000 r--p 00000000 00:1c 15279                      /usr/lib/x86_64-linux-gnu/libz.so.1.3
74e5bce12000-74e5bce24000 r-xp 00002000 00:1c 15279                      /usr/lib/x86_64-linux-gnu/libz.so.1.3
74e5bce24000-74e5bce2a000 r--p 00014000 00:1c 15279                      /usr/lib/x86_64-linux-gnu/libz.so.1.3
74e5bce2a000-74e5bce2b000 r--p 0001a000 00:1c 15279                      /usr/lib/x86_64-linux-gnu/libz.so.1.3
74e5bce2b000-74e5bce2c000 rw-p 0001b000 00:1c 15279                      /usr/lib/x86_64-linux-gnu/libz.so.1.3
74e5bce2f000-74e5bce30000 r-xp 00000000 00:00 0 
74e5bce30000-74e5bce31000 r--p 00000000 00:1c 85225                      /usr/share/locale-langpack/en_GB/LC_MESSAGES/libc.mo
74e5bce31000-74e5bce33000 r--p 00000000 00:1c 249164                     /usr/lib/jvm/java-21-openjdk-amd64/lib/libinstrument.so
74e5bce33000-74e5bce39000 r-xp 00002000 00:1c 249164                     /usr/lib/jvm/java-21-openjdk-amd64/lib/libinstrument.so
74e5bce39000-74e5bce3c000 r--p 00008000 00:1c 249164                     /usr/lib/jvm/java-21-openjdk-amd64/lib/libinstrument.so
74e5bce3c000-74e5bce3d000 r--p 0000a000 00:1c 249164                     /usr/lib/jvm/java-21-openjdk-amd64/lib/libinstrument.so
74e5bce3d000-74e5bce3e000 rw-p 0000b000 00:1c 249164                     /usr/lib/jvm/java-21-openjdk-amd64/lib/libinstrument.so
74e5bce3e000-74e5bce3f000 ---p 00000000 00:00 0 
74e5bce3f000-74e5bce40000 r--p 00000000 00:00 0 
74e5bce40000-74e5bce41000 ---p 00000000 00:00 0 
74e5bce41000-74e5bce43000 r--p 00000000 00:1c 249172                     /usr/lib/jvm/java-21-openjdk-amd64/lib/libjimage.so
74e5bce43000-74e5bce46000 r-xp 00002000 00:1c 249172                     /usr/lib/jvm/java-21-openjdk-amd64/lib/libjimage.so
74e5bce46000-74e5bce47000 r--p 00005000 00:1c 249172                     /usr/lib/jvm/java-21-openjdk-amd64/lib/libjimage.so
74e5bce47000-74e5bce48000 r--p 00006000 00:1c 249172                     /usr/lib/jvm/java-21-openjdk-amd64/lib/libjimage.so
74e5bce48000-74e5bce49000 rw-p 00007000 00:1c 249172                     /usr/lib/jvm/java-21-openjdk-amd64/lib/libjimage.so
74e5bce49000-74e5bce4b000 rw-p 00000000 00:00 0 
74e5bce4b000-74e5bce4d000 r--p 00000000 00:00 0                          [vvar]
74e5bce4d000-74e5bce4f000 r--p 00000000 00:00 0                          [vvar_vclock]
74e5bce4f000-74e5bce51000 r-xp 00000000 00:00 0                          [vdso]
74e5bce51000-74e5bce52000 r--p 00000000 00:1c 223657                     /usr/lib/x86_64-linux-gnu/ld-linux-x86-64.so.2
74e5bce52000-74e5bce7d000 r-xp 00001000 00:1c 223657                     /usr/lib/x86_64-linux-gnu/ld-linux-x86-64.so.2
74e5bce7d000-74e5bce87000 r--p 0002c000 00:1c 223657                     /usr/lib/x86_64-linux-gnu/ld-linux-x86-64.so.2
74e5bce87000-74e5bce89000 r--p 00036000 00:1c 223657                     /usr/lib/x86_64-linux-gnu/ld-linux-x86-64.so.2
74e5bce89000-74e5bce8b000 rw-p 00038000 00:1c 223657                     /usr/lib/x86_64-linux-gnu/ld-linux-x86-64.so.2
7ffc4cd9e000-7ffc4cdc0000 rw-p 00000000 00:00 0                          [stack]
ffffffffff600000-ffffffffff601000 --xp 00000000 00:00 0                  [vsyscall]
Total number of mappings: 402

JVMTI agents:
/home/mulroney/.vscode/extensions/redhat.java-1.46.2025100108/lombok/lombok-1.18.39-4050.jar path:none, loaded, initialized, instrumentlib options:none


VM Arguments:
jvm_args: --add-modules=ALL-SYSTEM --add-opens=java.base/java.util=ALL-UNNAMED --add-opens=java.base/java.lang=ALL-UNNAMED --add-opens=java.base/sun.nio.fs=ALL-UNNAMED -Declipse.application=org.eclipse.jdt.ls.core.id1 -Dosgi.bundles.defaultStartLevel=4 -Declipse.product=org.eclipse.jdt.ls.core.product -Djava.import.generatesMetadataFilesAtProjectRoot=false -DDetectVMInstallationsJob.disabled=true -Dfile.encoding=utf8 -XX:+UseParallelGC -XX:GCTimeRatio=4 -XX:AdaptiveSizePolicyWeight=90 -Dsun.zip.disableMemoryMapping=true -Xmx2G -Xms100m -Xlog:disable -javaagent:/home/mulroney/.vscode/extensions/redhat.java-1.46.2025100108/lombok/lombok-1.18.39-4050.jar -XX:+HeapDumpOnOutOfMemoryError -XX:HeapDumpPath=/home/mulroney/.config/Code/User/workspaceStorage/12b0b9412c28d26dad82d985a9a21889/redhat.java -Daether.dependencyCollector.impl=bf -XX:+UnlockDiagnosticVMOptions -XX:+AllowArchivingWithJavaAgent -XX:+AutoCreateSharedArchive -XX:SharedArchiveFile=/home/mulroney/.config/Code/User/globalStorage/redhat.java/1.46.2025100108/jdtls.jsa 
java_command: /home/mulroney/.vscode/extensions/redhat.java-1.46.2025100108/server/plugins/org.eclipse.equinox.launcher_1.7.0.v20250519-0528.jar -configuration /home/mulroney/.config/Code/User/globalStorage/redhat.java/1.46.2025100108/config_linux -data /home/mulroney/.config/Code/User/workspaceStorage/12b0b9412c28d26dad82d985a9a21889/redhat.java/jdt_ws --pipe=/run/user/226300/lsp-52be949fa06da8aeb4b6a1c59e7c9431.sock
java_class_path (initial): /home/mulroney/.vscode/extensions/redhat.java-1.46.2025100108/server/plugins/org.eclipse.equinox.launcher_1.7.0.v20250519-0528.jar
Launcher Type: SUN_STANDARD

[Global flags]
    uintx AdaptiveSizePolicyWeight                 = 90                                        {product} {command line}
     bool AllowArchivingWithJavaAgent              = true                             {JVMCI diagnostic} {command line}
     bool AutoCreateSharedArchive                  = false                               {JVMCI product} {command line}
     intx CICompilerCount                          = 4                                         {product} {ergonomic}
    uintx GCTimeRatio                              = 4                                         {product} {command line}
     bool HeapDumpOnOutOfMemoryError               = true                                   {manageable} {command line}
    ccstr HeapDumpPath                             = /home/mulroney/.config/Code/User/workspaceStorage/12b0b9412c28d26dad82d985a9a21889/redhat.java         {manageable} {command line}
   size_t InitialHeapSize                          = 104857600                                 {product} {command line}
   size_t MaxHeapSize                              = 2147483648                                {product} {command line}
   size_t MaxNewSize                               = 715653120                                 {product} {ergonomic}
   size_t MinHeapDeltaBytes                        = 524288                                    {product} {ergonomic}
   size_t MinHeapSize                              = 104857600                                 {product} {command line}
   size_t NewSize                                  = 34603008                                  {product} {ergonomic}
    uintx NonNMethodCodeHeapSize                   = 5839372                                {pd product} {ergonomic}
    uintx NonProfiledCodeHeapSize                  = 122909434                              {pd product} {ergonomic}
   size_t OldSize                                  = 70254592                                  {product} {ergonomic}
    uintx ProfiledCodeHeapSize                     = 122909434                              {pd product} {ergonomic}
    uintx ReservedCodeCacheSize                    = 251658240                              {pd product} {ergonomic}
     bool SegmentedCodeCache                       = true                                      {product} {ergonomic}
    ccstr SharedArchiveFile                        = /home/mulroney/.config/Code/User/globalStorage/redhat.java/1.46.2025100108/jdtls.jsa      {JVMCI product} {command line}
   size_t SoftMaxHeapSize                          = 2147483648                             {manageable} {ergonomic}
     bool THPStackMitigation                       = false                                  {diagnostic} {ergonomic}
     bool UnlockDiagnosticVMOptions                = true                                   {diagnostic} {command line}
     bool UseCompressedOops                        = true                           {product lp64_product} {ergonomic}
     bool UseParallelGC                            = true                                      {product} {command line}

Logging:
Log output configuration:
 #0: stdout all=off uptime,level,tags foldmultilines=false
 #1: stderr all=off uptime,level,tags foldmultilines=false

Environment Variables:
JAVA_HOME=/usr/lib/jvm/java-21-openjdk-amd64
PATH=/usr/local/sbin:/usr/local/bin:/usr/sbin:/usr/bin:/sbin:/bin:/usr/games:/usr/local/games:/snap/bin:/snap/bin
USERNAME=mulroney
SHELL=/bin/bash
DISPLAY=:0
LANG=en_GB.UTF-8

Active Locale:
LC_ALL=en_GB.UTF-8
LC_COLLATE=en_GB.UTF-8
LC_CTYPE=en_GB.UTF-8
LC_MESSAGES=en_GB.UTF-8
LC_MONETARY=en_GB.UTF-8
LC_NUMERIC=en_GB.UTF-8
LC_TIME=en_GB.UTF-8

Signal Handlers:
   SIGSEGV: crash_handler in libjvm.so, mask=11100100010111111101111111111110, flags=SA_RESTART|SA_SIGINFO, unblocked
    SIGBUS: crash_handler in libjvm.so, mask=11100100010111111101111111111110, flags=SA_RESTART|SA_SIGINFO, unblocked
    SIGFPE: crash_handler in libjvm.so, mask=11100100010111111101111111111110, flags=SA_RESTART|SA_SIGINFO, unblocked
   SIGPIPE: javaSignalHandler in libjvm.so, mask=11100100010111111101111111111110, flags=SA_RESTART|SA_SIGINFO, blocked
   SIGXFSZ: javaSignalHandler in libjvm.so, mask=11100100010111111101111111111110, flags=SA_RESTART|SA_SIGINFO, blocked
    SIGILL: crash_handler in libjvm.so, mask=11100100010111111101111111111110, flags=SA_RESTART|SA_SIGINFO, unblocked
   SIGUSR2: SR_handler in libjvm.so, mask=00000000000000000000000000000000, flags=SA_RESTART|SA_SIGINFO, blocked
    SIGHUP: UserHandler in libjvm.so, mask=11100100010111111101111111111110, flags=SA_RESTART|SA_SIGINFO, blocked
    SIGINT: UserHandler in libjvm.so, mask=11100100010111111101111111111110, flags=SA_RESTART|SA_SIGINFO, blocked
   SIGTERM: UserHandler in libjvm.so, mask=11100100010111111101111111111110, flags=SA_RESTART|SA_SIGINFO, blocked
   SIGQUIT: UserHandler in libjvm.so, mask=11100100010111111101111111111110, flags=SA_RESTART|SA_SIGINFO, blocked
   SIGTRAP: crash_handler in libjvm.so, mask=11100100010111111101111111111110, flags=SA_RESTART|SA_SIGINFO, unblocked


Periodic native trim disabled

---------------  S Y S T E M  ---------------

OS:
DISTRIB_ID=Ubuntu
DISTRIB_RELEASE=24.04
DISTRIB_CODENAME=noble
DISTRIB_DESCRIPTION="Ubuntu 24.04.3 LTS"
uname: Linux 6.14.0-35-generic #35~24.04.1-Ubuntu SMP PREEMPT_DYNAMIC Tue Oct 14 13:55:17 UTC 2 x86_64
OS uptime: 0 days 12:35 hours
libc: glibc 2.39 NPTL 2.39 
rlimit (soft/hard): STACK 8192k/infinity , CORE 0k/infinity , NPROC 61848/61848 , NOFILE 1048576/1048576 , AS infinity/infinity , CPU infinity/infinity , DATA infinity/infinity , FSIZE infinity/infinity , MEMLOCK 2006032k/2006032k
load average: 2.18 1.23 0.84

/proc/meminfo:
MemTotal:       16048256 kB
MemFree:          434428 kB
MemAvailable:    9181176 kB
Buffers:           13032 kB
Cached:          8937096 kB
SwapCached:            0 kB
Active:          5757500 kB
Inactive:        7095664 kB
Active(anon):    4355888 kB
Inactive(anon):   427408 kB
Active(file):    1401612 kB
Inactive(file):  6668256 kB
Unevictable:      728568 kB
Mlocked:              20 kB
SwapTotal:             0 kB
SwapFree:              0 kB
Zswap:                 0 kB
Zswapped:              0 kB
Dirty:              3020 kB
Writeback:             0 kB
AnonPages:       4632092 kB
Mapped:          1494976 kB
Shmem:            880272 kB
KReclaimable:    1310132 kB
Slab:            1743924 kB
SReclaimable:    1310132 kB
SUnreclaim:       433792 kB
KernelStack:       33680 kB
PageTables:        69740 kB
SecPageTables:      5696 kB
NFS_Unstable:          0 kB
Bounce:                0 kB
WritebackTmp:          0 kB
CommitLimit:     8024128 kB
Committed_AS:   29449304 kB
VmallocTotal:   34359738367 kB
VmallocUsed:      100460 kB
VmallocChunk:          0 kB
Percpu:            13056 kB
HardwareCorrupted:     0 kB
AnonHugePages:         0 kB
ShmemHugePages:        0 kB
ShmemPmdMapped:        0 kB
FileHugePages:         0 kB
FilePmdMapped:         0 kB
Unaccepted:            0 kB
HugePages_Total:       0
HugePages_Free:        0
HugePages_Rsvd:        0
HugePages_Surp:        0
Hugepagesize:       2048 kB
Hugetlb:               0 kB
DirectMap4k:      405476 kB
DirectMap2M:     8706048 kB
DirectMap1G:     7340032 kB

/sys/kernel/mm/transparent_hugepage/enabled: always [madvise] never
/sys/kernel/mm/transparent_hugepage/hpage_pmd_size: 2097152
/sys/kernel/mm/transparent_hugepage/defrag (defrag/compaction efforts parameter): always defer defer+madvise [madvise] never

Process Memory:
Virtual Size: 7452360K (peak: 7452476K)
Resident Set Size: 362876K (peak: 362876K) (anon: 318084K, file: 44792K, shmem: 0K)
Swapped out: 0K
C-Heap outstanding allocations: 99386K, retained: 48777K
glibc malloc tunables: (default)

/proc/sys/kernel/threads-max (system-wide limit on the number of threads): 123696
/proc/sys/vm/max_map_count (maximum number of memory map areas a process may have): 1048576
/proc/sys/vm/swappiness (control to define how aggressively the kernel swaps out anonymous memory): 60
/proc/sys/kernel/pid_max (system-wide limit on number of process identifiers): 4194304

container information not found.
Steal ticks since vm start: 0
Steal ticks percentage since vm start:  0.000

CPU: total 12 (initial active 12) (6 cores per cpu, 2 threads per core) family 6 model 151 stepping 5 microcode 0x3a, cx8, cmov, fxsr, ht, mmx, 3dnowpref, sse, sse2, sse3, ssse3, sse4.1, sse4.2, popcnt, lzcnt, tsc, tscinvbit, avx, avx2, aes, erms, clmul, bmi1, bmi2, adx, sha, fma, vzeroupper, clflush, clflushopt, clwb, serialize, rdtscp, rdpid, fsrm, f16c, pku, ospke, cet_ibt, cet_ss
CPU Model and flags from /proc/cpuinfo:
model name	: 12th Gen Intel(R) Core(TM) i5-12500T
flags		: fpu vme de pse tsc msr pae mce cx8 apic sep mtrr pge mca cmov pat pse36 clflush dts acpi mmx fxsr sse sse2 ss ht tm pbe syscall nx pdpe1gb rdtscp lm constant_tsc art arch_perfmon pebs bts rep_good nopl xtopology nonstop_tsc cpuid aperfmperf tsc_known_freq pni pclmulqdq dtes64 monitor ds_cpl vmx smx est tm2 ssse3 sdbg fma cx16 xtpr pdcm pcid sse4_1 sse4_2 x2apic movbe popcnt tsc_deadline_timer aes xsave avx f16c rdrand lahf_lm abm 3dnowprefetch cpuid_fault epb ssbd ibrs ibpb stibp ibrs_enhanced tpr_shadow flexpriority ept vpid ept_ad fsgsbase tsc_adjust bmi1 avx2 smep bmi2 erms invpcid rdseed adx smap clflushopt clwb intel_pt sha_ni xsaveopt xsavec xgetbv1 xsaves split_lock_detect user_shstk avx_vnni dtherm ida arat pln pts hwp hwp_notify hwp_act_window hwp_epp hwp_pkg_req hfi vnmi umip pku ospke waitpkg gfni vaes vpclmulqdq rdpid movdiri movdir64b fsrm md_clear serialize pconfig arch_lbr ibt flush_l1d arch_capabilities

Online cpus: 0-11
Offline cpus: 
BIOS frequency limitation: <Not Available>
Frequency switch latency (ns): 0
Available cpu frequencies: <Not Available>
Current governor: powersave
Core performance/turbo boost: <Not Available>

Memory: 4k page, physical 16048256k(9181176k free), swap 0k(0k free)
Page Sizes: 4k

vm_info: OpenJDK 64-Bit Server VM (21.0.8+9-Ubuntu-0ubuntu124.04.1) for linux-amd64 JRE (21.0.8+9-Ubuntu-0ubuntu124.04.1), built on 2025-07-16T21:55:59Z by "buildd" with gcc 13.3.0

END.
