#
# A fatal error has been detected by the Java Runtime Environment:
#
#  SIGSEGV (0xb) at pc=0x00007213d0b501e0, pid=766278, tid=766346
#
# JRE version: OpenJDK Runtime Environment (21.0.8+9) (build 21.0.8+9-Ubuntu-0ubuntu124.04.1)
# Java VM: OpenJDK 64-Bit Server VM (21.0.8+9-Ubuntu-0ubuntu124.04.1, mixed mode, sharing, tiered, compressed oops, compressed class ptrs, parallel gc, linux-amd64)
# Problematic frame:
# V  [libjvm.so+0xb501e0]  klassVtable::update_inherited_vtable(Thread*, methodHandle const&, int, int, GrowableArray<InstanceKlass*>*)+0x1e0
#
# Core dump will be written. Default location: Core dumps may be processed with "/usr/share/apport/apport -p%p -s%s -c%c -d%d -P%P -u%u -g%g -F%F -- %E" (or dumping to /home/mulroney/h-drive/Year3/SCC331/331Distributed/part1/core.766278)
#
# If you would like to submit a bug report, please visit:
#   https://bugs.launchpad.net/ubuntu/+source/openjdk-21
#

---------------  S U M M A R Y ------------

Command Line: --add-modules=ALL-SYSTEM --add-opens=java.base/java.util=ALL-UNNAMED --add-opens=java.base/java.lang=ALL-UNNAMED --add-opens=java.base/sun.nio.fs=ALL-UNNAMED -Declipse.application=org.eclipse.jdt.ls.core.id1 -Dosgi.bundles.defaultStartLevel=4 -Declipse.product=org.eclipse.jdt.ls.core.product -Djava.import.generatesMetadataFilesAtProjectRoot=false -DDetectVMInstallationsJob.disabled=true -Dfile.encoding=utf8 -XX:+UseParallelGC -XX:GCTimeRatio=4 -XX:AdaptiveSizePolicyWeight=90 -Dsun.zip.disableMemoryMapping=true -Xmx2G -Xms100m -Xlog:disable -javaagent:/home/mulroney/.vscode/extensions/redhat.java-1.46.2025100108/lombok/lombok-1.18.39-4050.jar -XX:+HeapDumpOnOutOfMemoryError -XX:HeapDumpPath=/home/mulroney/.config/Code/User/workspaceStorage/12b0b9412c28d26dad82d985a9a21889/redhat.java -Daether.dependencyCollector.impl=bf -XX:+UnlockDiagnosticVMOptions -XX:+AllowArchivingWithJavaAgent -XX:+AutoCreateSharedArchive -XX:SharedArchiveFile=/home/mulroney/.config/Code/User/globalStorage/redhat.java/1.46.2025100108/jdtls.jsa /home/mulroney/.vscode/extensions/redhat.java-1.46.2025100108/server/plugins/org.eclipse.equinox.launcher_1.7.0.v20250519-0528.jar -configuration /home/mulroney/.config/Code/User/globalStorage/redhat.java/1.46.2025100108/config_linux -data /home/mulroney/.config/Code/User/workspaceStorage/12b0b9412c28d26dad82d985a9a21889/redhat.java/jdt_ws --pipe=/run/user/226300/lsp-015e8ff970024d3f1c42eb5b169dbe2a.sock

Host: 12th Gen Intel(R) Core(TM) i5-12500T, 12 cores, 15G, Ubuntu 24.04.3 LTS
Time: Fri Nov 21 13:36:13 2025 GMT elapsed time: 3.287610 seconds (0d 0h 0m 3s)

---------------  T H R E A D  ---------------

Current thread (0x000072129c000fe0):  JavaThread "ForkJoinPool.commonPool-worker-11" daemon [_thread_in_vm, id=766346, stack(0x00007212a3d00000,0x00007212a3e00000) (1024K)]

Stack: [0x00007212a3d00000,0x00007212a3e00000],  sp=0x00007212a3dfab80,  free space=1002k
Native frames: (J=compiled Java code, j=interpreted, Vv=VM code, C=native code)
V  [libjvm.so+0xb501e0]  klassVtable::update_inherited_vtable(Thread*, methodHandle const&, int, int, GrowableArray<InstanceKlass*>*)+0x1e0
V  [libjvm.so+0xb52d83]  klassVtable::initialize_vtable(GrowableArray<InstanceKlass*>*)+0x133
V  [libjvm.so+0x8e35f7]  InstanceKlass::restore_unshareable_info(ClassLoaderData*, Handle, PackageEntry*, JavaThread*)+0xd7
V  [libjvm.so+0xf4d41d]  SystemDictionary::load_shared_class(InstanceKlass*, Handle, Handle, ClassFileStream const*, PackageEntry*, JavaThread*)+0x17d
V  [libjvm.so+0xf50c42]  SystemDictionaryShared::acquire_class_for_current_thread(InstanceKlass*, Handle, Handle, ClassFileStream const*, JavaThread*)+0xd2
V  [libjvm.so+0xf4b856]  SystemDictionary::resolve_class_from_stream(ClassFileStream*, Symbol*, Handle, ClassLoadInfo const&, JavaThread*)+0xa6
V  [libjvm.so+0x9fc2de]  jvm_define_class_common(char const*, _jobject*, signed char const*, int, _jobject*, char const*, JavaThread*)+0x20e
V  [libjvm.so+0x9fc54a]  JVM_DefineClassWithSource+0x6a
C  [libjava.so+0xf283]  Java_java_lang_ClassLoader_defineClass1+0x133
J 1047  java.lang.ClassLoader.defineClass1(Ljava/lang/ClassLoader;Ljava/lang/String;[BIILjava/security/ProtectionDomain;Ljava/lang/String;)Ljava/lang/Class; java.base@21.0.8 (0 bytes) @ 0x00007213b8328760 [0x00007213b8328620+0x0000000000000140]
J 5745 c2 java.lang.ClassLoader.defineClass(Ljava/lang/String;[BIILjava/security/ProtectionDomain;)Ljava/lang/Class; java.base@21.0.8 (43 bytes) @ 0x00007213b854e444 [0x00007213b854d680+0x0000000000000dc4]
J 2805 c1 org.eclipse.osgi.internal.loader.ModuleClassLoader.defineClass(Ljava/lang/String;[BLorg/eclipse/osgi/internal/loader/classpath/ClasspathEntry;)Lorg/eclipse/osgi/internal/loader/ModuleClassLoader$DefineClassResult; (67 bytes) @ 0x00007213b0d452bc [0x00007213b0d44fa0+0x000000000000031c]
J 2531 c1 org.eclipse.osgi.internal.loader.classpath.ClasspathManager.defineClass(Ljava/lang/String;[BLorg/eclipse/osgi/internal/loader/classpath/ClasspathEntry;Lorg/eclipse/osgi/storage/bundlefile/BundleEntry;Ljava/util/List;)Ljava/lang/Class; (636 bytes) @ 0x00007213b0cb213c [0x00007213b0cb06a0+0x0000000000001a9c]
J 4036 c2 org.eclipse.osgi.internal.loader.classpath.ClasspathManager.findClassImpl(Ljava/lang/String;Lorg/eclipse/osgi/internal/loader/classpath/ClasspathEntry;Ljava/util/List;)Ljava/lang/Class; (343 bytes) @ 0x00007213b84ab594 [0x00007213b84a92c0+0x00000000000022d4]
J 5482 c2 org.eclipse.osgi.internal.loader.classpath.ClasspathManager.findLocalClass(Ljava/lang/String;)Ljava/lang/Class; (210 bytes) @ 0x00007213b852a2fc [0x00007213b8529200+0x00000000000010fc]
J 2288 c1 org.eclipse.osgi.internal.loader.BundleLoader.findLocalClass(Ljava/lang/String;)Ljava/lang/Class; (166 bytes) @ 0x00007213b0c295c4 [0x00007213b0c28a40+0x0000000000000b84]
J 5372 c2 org.eclipse.osgi.internal.loader.BundleLoader.findClass0(Ljava/lang/String;ZZ)Ljava/lang/Class; (491 bytes) @ 0x00007213b8510938 [0x00007213b850f9c0+0x0000000000000f78]
J 2202 c1 org.eclipse.osgi.internal.loader.BundleLoader.findClass(Ljava/lang/String;)Ljava/lang/Class; (8 bytes) @ 0x00007213b0bdbacc [0x00007213b0bdba40+0x000000000000008c]
J 2204 c1 org.eclipse.osgi.internal.loader.ModuleClassLoader.loadClass(Ljava/lang/String;Z)Ljava/lang/Class; (36 bytes) @ 0x00007213b0be3ec4 [0x00007213b0be3ca0+0x0000000000000224]
J 932 c1 java.lang.ClassLoader.loadClass(Ljava/lang/String;)Ljava/lang/Class; java.base@21.0.8 (7 bytes) @ 0x00007213b095ed4c [0x00007213b095ec40+0x000000000000010c]
v  ~StubRoutines::call_stub 0x00007213b7d37cc6
V  [libjvm.so+0x911e2a]  JavaCalls::call_helper(JavaValue*, methodHandle const&, JavaCallArguments*, JavaThread*)+0x2da
V  [libjvm.so+0x913812]  JavaCalls::call_virtual(JavaValue*, Handle, Klass*, Symbol*, Symbol*, Handle, JavaThread*)+0x1b2
V  [libjvm.so+0xf4d739]  SystemDictionary::load_instance_class_impl(Symbol*, Handle, JavaThread*)+0x189
V  [libjvm.so+0xf4bcc0]  SystemDictionary::load_instance_class(Symbol*, Handle, JavaThread*)+0x20
V  [libjvm.so+0xf4c7fc]  SystemDictionary::resolve_instance_class_or_null(Symbol*, Handle, Handle, JavaThread*)+0x9fc
V  [libjvm.so+0xf4ced9]  SystemDictionary::resolve_super_or_fail(Symbol*, Symbol*, Handle, Handle, bool, JavaThread*)+0x359
V  [libjvm.so+0xf4d107]  SystemDictionary::check_shared_class_super_type(InstanceKlass*, InstanceKlass*, Handle, Handle, bool, JavaThread*)+0xc7
V  [libjvm.so+0xf4d18f]  SystemDictionary::check_shared_class_super_types(InstanceKlass*, Handle, Handle, JavaThread*)+0x3f
V  [libjvm.so+0xf4d387]  SystemDictionary::load_shared_class(InstanceKlass*, Handle, Handle, ClassFileStream const*, PackageEntry*, JavaThread*)+0xe7
V  [libjvm.so+0xf50c42]  SystemDictionaryShared::acquire_class_for_current_thread(InstanceKlass*, Handle, Handle, ClassFileStream const*, JavaThread*)+0xd2
V  [libjvm.so+0xf4b856]  SystemDictionary::resolve_class_from_stream(ClassFileStream*, Symbol*, Handle, ClassLoadInfo const&, JavaThread*)+0xa6
V  [libjvm.so+0x9fc2de]  jvm_define_class_common(char const*, _jobject*, signed char const*, int, _jobject*, char const*, JavaThread*)+0x20e
V  [libjvm.so+0x9fc54a]  JVM_DefineClassWithSource+0x6a
C  [libjava.so+0xf283]  Java_java_lang_ClassLoader_defineClass1+0x133
J 1047  java.lang.ClassLoader.defineClass1(Ljava/lang/ClassLoader;Ljava/lang/String;[BIILjava/security/ProtectionDomain;Ljava/lang/String;)Ljava/lang/Class; java.base@21.0.8 (0 bytes) @ 0x00007213b8328760 [0x00007213b8328620+0x0000000000000140]
J 5745 c2 java.lang.ClassLoader.defineClass(Ljava/lang/String;[BIILjava/security/ProtectionDomain;)Ljava/lang/Class; java.base@21.0.8 (43 bytes) @ 0x00007213b854e444 [0x00007213b854d680+0x0000000000000dc4]
J 2805 c1 org.eclipse.osgi.internal.loader.ModuleClassLoader.defineClass(Ljava/lang/String;[BLorg/eclipse/osgi/internal/loader/classpath/ClasspathEntry;)Lorg/eclipse/osgi/internal/loader/ModuleClassLoader$DefineClassResult; (67 bytes) @ 0x00007213b0d452bc [0x00007213b0d44fa0+0x000000000000031c]
J 2531 c1 org.eclipse.osgi.internal.loader.classpath.ClasspathManager.defineClass(Ljava/lang/String;[BLorg/eclipse/osgi/internal/loader/classpath/ClasspathEntry;Lorg/eclipse/osgi/storage/bundlefile/BundleEntry;Ljava/util/List;)Ljava/lang/Class; (636 bytes) @ 0x00007213b0cb213c [0x00007213b0cb06a0+0x0000000000001a9c]
J 4036 c2 org.eclipse.osgi.internal.loader.classpath.ClasspathManager.findClassImpl(Ljava/lang/String;Lorg/eclipse/osgi/internal/loader/classpath/ClasspathEntry;Ljava/util/List;)Ljava/lang/Class; (343 bytes) @ 0x00007213b84ab594 [0x00007213b84a92c0+0x00000000000022d4]
J 5482 c2 org.eclipse.osgi.internal.loader.classpath.ClasspathManager.findLocalClass(Ljava/lang/String;)Ljava/lang/Class; (210 bytes) @ 0x00007213b852a2fc [0x00007213b8529200+0x00000000000010fc]
J 2288 c1 org.eclipse.osgi.internal.loader.BundleLoader.findLocalClass(Ljava/lang/String;)Ljava/lang/Class; (166 bytes) @ 0x00007213b0c295c4 [0x00007213b0c28a40+0x0000000000000b84]
J 5372 c2 org.eclipse.osgi.internal.loader.BundleLoader.findClass0(Ljava/lang/String;ZZ)Ljava/lang/Class; (491 bytes) @ 0x00007213b8510938 [0x00007213b850f9c0+0x0000000000000f78]
J 2202 c1 org.eclipse.osgi.internal.loader.BundleLoader.findClass(Ljava/lang/String;)Ljava/lang/Class; (8 bytes) @ 0x00007213b0bdbacc [0x00007213b0bdba40+0x000000000000008c]
J 2204 c1 org.eclipse.osgi.internal.loader.ModuleClassLoader.loadClass(Ljava/lang/String;Z)Ljava/lang/Class; (36 bytes) @ 0x00007213b0be3ec4 [0x00007213b0be3ca0+0x0000000000000224]
J 932 c1 java.lang.ClassLoader.loadClass(Ljava/lang/String;)Ljava/lang/Class; java.base@21.0.8 (7 bytes) @ 0x00007213b095ed4c [0x00007213b095ec40+0x000000000000010c]
v  ~StubRoutines::call_stub 0x00007213b7d37cc6
V  [libjvm.so+0x911e2a]  JavaCalls::call_helper(JavaValue*, methodHandle const&, JavaCallArguments*, JavaThread*)+0x2da
V  [libjvm.so+0x913812]  JavaCalls::call_virtual(JavaValue*, Handle, Klass*, Symbol*, Symbol*, Handle, JavaThread*)+0x1b2
V  [libjvm.so+0xf4d739]  SystemDictionary::load_instance_class_impl(Symbol*, Handle, JavaThread*)+0x189
V  [libjvm.so+0xf4bcc0]  SystemDictionary::load_instance_class(Symbol*, Handle, JavaThread*)+0x20
V  [libjvm.so+0xf4c7fc]  SystemDictionary::resolve_instance_class_or_null(Symbol*, Handle, Handle, JavaThread*)+0x9fc
V  [libjvm.so+0xf4dbc2]  SystemDictionary::resolve_or_fail(Symbol*, Handle, Handle, bool, JavaThread*)+0x52
V  [libjvm.so+0xfed716]  VerificationType::resolve_and_check_assignability(InstanceKlass*, Symbol*, Symbol*, bool, bool, bool, JavaThread*)+0x2a6
V  [libjvm.so+0xf57b6e]  SystemDictionaryShared::check_verification_constraints(InstanceKlass*, JavaThread*)+0x16e
V  [libjvm.so+0x8e43f1]  InstanceKlass::link_class_impl(JavaThread*)+0x4b1
V  [libjvm.so+0x8e9873]  InstanceKlass::initialize_impl(JavaThread*)+0x2e3
V  [libjvm.so+0x906e08]  InterpreterRuntime::_new(JavaThread*, ConstantPool*, int)+0x138
j  org.eclipse.jdt.ls.core.internal.text.correction.RefactorProposalUtility.getExtractVariableAllOccurrenceProposal(Lorg/eclipse/lsp4j/CodeActionParams;Lorg/eclipse/jdt/ui/text/java/IInvocationContext;ZLjava/util/Map;ZZ)Lorg/eclipse/jdt/ls/core/internal/corrections/ProposalKindWrapper;+125
j  org.eclipse.jdt.ls.core.internal.text.correction.RefactorProposalUtility.getExtractVariableProposals(Lorg/eclipse/lsp4j/CodeActionParams;Lorg/eclipse/jdt/ui/text/java/IInvocationContext;ZZZ)Ljava/util/List;+25
j  org.eclipse.jdt.ls.core.internal.text.correction.RefactorProposalUtility.getExtractVariableCommandProposals(Lorg/eclipse/lsp4j/CodeActionParams;Lorg/eclipse/jdt/ui/text/java/IInvocationContext;ZZ)Ljava/util/List;+5
j  org.eclipse.jdt.ls.core.internal.corrections.RefactorProcessor.getExtractVariableProposal(Lorg/eclipse/lsp4j/CodeActionParams;Lorg/eclipse/jdt/ui/text/java/IInvocationContext;ZLjava/util/Collection;)Z+36
j  org.eclipse.jdt.ls.core.internal.corrections.RefactorProcessor.getProposals(Lorg/eclipse/lsp4j/CodeActionParams;Lorg/eclipse/jdt/ui/text/java/IInvocationContext;[Lorg/eclipse/jdt/ui/text/java/IProblemLocation;Lorg/eclipse/core/runtime/IProgressMonitor;)Ljava/util/List;+162
j  org.eclipse.jdt.ls.core.internal.handlers.CodeActionHandler.getCodeActionCommands(Lorg/eclipse/lsp4j/CodeActionParams;Lorg/eclipse/core/runtime/IProgressMonitor;)Ljava/util/List;+556
j  org.eclipse.jdt.ls.core.internal.handlers.JDTLanguageServer.lambda$15(Lorg/eclipse/jdt/ls/core/internal/handlers/CodeActionHandler;Lorg/eclipse/lsp4j/CodeActionParams;Lorg/eclipse/core/runtime/IProgressMonitor;)Ljava/util/List;+16
j  org.eclipse.jdt.ls.core.internal.handlers.JDTLanguageServer$$Lambda+0x00007213681fae98.apply(Ljava/lang/Object;)Ljava/lang/Object;+16
j  org.eclipse.jdt.ls.core.internal.BaseJDTLanguageServer.lambda$0(Ljava/util/function/Function;Lorg/eclipse/lsp4j/jsonrpc/CancelChecker;)Ljava/lang/Object;+6
j  org.eclipse.jdt.ls.core.internal.BaseJDTLanguageServer$$Lambda+0x00007213681c3cc0.apply(Ljava/lang/Object;)Ljava/lang/Object;+12
j  java.util.concurrent.CompletableFuture$UniApply.tryFire(I)Ljava/util/concurrent/CompletableFuture;+106 java.base@21.0.8
j  java.util.concurrent.CompletableFuture$Completion.exec()Z+2 java.base@21.0.8
j  java.util.concurrent.ForkJoinTask.doExec()I+10 java.base@21.0.8
j  java.util.concurrent.ForkJoinPool$WorkQueue.topLevelExec(Ljava/util/concurrent/ForkJoinTask;Ljava/util/concurrent/ForkJoinPool$WorkQueue;)V+19 java.base@21.0.8
j  java.util.concurrent.ForkJoinPool.scan(Ljava/util/concurrent/ForkJoinPool$WorkQueue;II)I+211 java.base@21.0.8
j  java.util.concurrent.ForkJoinPool.runWorker(Ljava/util/concurrent/ForkJoinPool$WorkQueue;)V+35 java.base@21.0.8
j  java.util.concurrent.ForkJoinWorkerThread.run()V+31 java.base@21.0.8
v  ~StubRoutines::call_stub 0x00007213b7d37cc6
V  [libjvm.so+0x911e2a]  JavaCalls::call_helper(JavaValue*, methodHandle const&, JavaCallArguments*, JavaThread*)+0x2da
V  [libjvm.so+0x913612]  JavaCalls::call_virtual(JavaValue*, Handle, Klass*, Symbol*, Symbol*, JavaThread*)+0x1a2
V  [libjvm.so+0x9ef2e3]  thread_entry(JavaThread*, JavaThread*)+0x93
V  [libjvm.so+0x929f66]  JavaThread::thread_main_inner()+0x1e6
V  [libjvm.so+0xf8dba7]  Thread::call_run()+0xa7
V  [libjvm.so+0xd044d5]  thread_native_entry(Thread*)+0xd5
C  [libc.so.6+0x9caa4]
Java frames: (J=compiled Java code, j=interpreted, Vv=VM code)
J 1047  java.lang.ClassLoader.defineClass1(Ljava/lang/ClassLoader;Ljava/lang/String;[BIILjava/security/ProtectionDomain;Ljava/lang/String;)Ljava/lang/Class; java.base@21.0.8 (0 bytes) @ 0x00007213b83286e5 [0x00007213b8328620+0x00000000000000c5]
J 5745 c2 java.lang.ClassLoader.defineClass(Ljava/lang/String;[BIILjava/security/ProtectionDomain;)Ljava/lang/Class; java.base@21.0.8 (43 bytes) @ 0x00007213b854e444 [0x00007213b854d680+0x0000000000000dc4]
J 2805 c1 org.eclipse.osgi.internal.loader.ModuleClassLoader.defineClass(Ljava/lang/String;[BLorg/eclipse/osgi/internal/loader/classpath/ClasspathEntry;)Lorg/eclipse/osgi/internal/loader/ModuleClassLoader$DefineClassResult; (67 bytes) @ 0x00007213b0d452bc [0x00007213b0d44fa0+0x000000000000031c]
J 2531 c1 org.eclipse.osgi.internal.loader.classpath.ClasspathManager.defineClass(Ljava/lang/String;[BLorg/eclipse/osgi/internal/loader/classpath/ClasspathEntry;Lorg/eclipse/osgi/storage/bundlefile/BundleEntry;Ljava/util/List;)Ljava/lang/Class; (636 bytes) @ 0x00007213b0cb213c [0x00007213b0cb06a0+0x0000000000001a9c]
J 4036 c2 org.eclipse.osgi.internal.loader.classpath.ClasspathManager.findClassImpl(Ljava/lang/String;Lorg/eclipse/osgi/internal/loader/classpath/ClasspathEntry;Ljava/util/List;)Ljava/lang/Class; (343 bytes) @ 0x00007213b84ab594 [0x00007213b84a92c0+0x00000000000022d4]
J 5482 c2 org.eclipse.osgi.internal.loader.classpath.ClasspathManager.findLocalClass(Ljava/lang/String;)Ljava/lang/Class; (210 bytes) @ 0x00007213b852a2fc [0x00007213b8529200+0x00000000000010fc]
J 2288 c1 org.eclipse.osgi.internal.loader.BundleLoader.findLocalClass(Ljava/lang/String;)Ljava/lang/Class; (166 bytes) @ 0x00007213b0c295c4 [0x00007213b0c28a40+0x0000000000000b84]
J 5372 c2 org.eclipse.osgi.internal.loader.BundleLoader.findClass0(Ljava/lang/String;ZZ)Ljava/lang/Class; (491 bytes) @ 0x00007213b8510938 [0x00007213b850f9c0+0x0000000000000f78]
J 2202 c1 org.eclipse.osgi.internal.loader.BundleLoader.findClass(Ljava/lang/String;)Ljava/lang/Class; (8 bytes) @ 0x00007213b0bdbacc [0x00007213b0bdba40+0x000000000000008c]
J 2204 c1 org.eclipse.osgi.internal.loader.ModuleClassLoader.loadClass(Ljava/lang/String;Z)Ljava/lang/Class; (36 bytes) @ 0x00007213b0be3ec4 [0x00007213b0be3ca0+0x0000000000000224]
J 932 c1 java.lang.ClassLoader.loadClass(Ljava/lang/String;)Ljava/lang/Class; java.base@21.0.8 (7 bytes) @ 0x00007213b095ed4c [0x00007213b095ec40+0x000000000000010c]
v  ~StubRoutines::call_stub 0x00007213b7d37cc6
J 1047  java.lang.ClassLoader.defineClass1(Ljava/lang/ClassLoader;Ljava/lang/String;[BIILjava/security/ProtectionDomain;Ljava/lang/String;)Ljava/lang/Class; java.base@21.0.8 (0 bytes) @ 0x00007213b83286e5 [0x00007213b8328620+0x00000000000000c5]
J 5745 c2 java.lang.ClassLoader.defineClass(Ljava/lang/String;[BIILjava/security/ProtectionDomain;)Ljava/lang/Class; java.base@21.0.8 (43 bytes) @ 0x00007213b854e444 [0x00007213b854d680+0x0000000000000dc4]
J 2805 c1 org.eclipse.osgi.internal.loader.ModuleClassLoader.defineClass(Ljava/lang/String;[BLorg/eclipse/osgi/internal/loader/classpath/ClasspathEntry;)Lorg/eclipse/osgi/internal/loader/ModuleClassLoader$DefineClassResult; (67 bytes) @ 0x00007213b0d452bc [0x00007213b0d44fa0+0x000000000000031c]
J 2531 c1 org.eclipse.osgi.internal.loader.classpath.ClasspathManager.defineClass(Ljava/lang/String;[BLorg/eclipse/osgi/internal/loader/classpath/ClasspathEntry;Lorg/eclipse/osgi/storage/bundlefile/BundleEntry;Ljava/util/List;)Ljava/lang/Class; (636 bytes) @ 0x00007213b0cb213c [0x00007213b0cb06a0+0x0000000000001a9c]
J 4036 c2 org.eclipse.osgi.internal.loader.classpath.ClasspathManager.findClassImpl(Ljava/lang/String;Lorg/eclipse/osgi/internal/loader/classpath/ClasspathEntry;Ljava/util/List;)Ljava/lang/Class; (343 bytes) @ 0x00007213b84ab594 [0x00007213b84a92c0+0x00000000000022d4]
J 5482 c2 org.eclipse.osgi.internal.loader.classpath.ClasspathManager.findLocalClass(Ljava/lang/String;)Ljava/lang/Class; (210 bytes) @ 0x00007213b852a2fc [0x00007213b8529200+0x00000000000010fc]
J 2288 c1 org.eclipse.osgi.internal.loader.BundleLoader.findLocalClass(Ljava/lang/String;)Ljava/lang/Class; (166 bytes) @ 0x00007213b0c295c4 [0x00007213b0c28a40+0x0000000000000b84]
J 5372 c2 org.eclipse.osgi.internal.loader.BundleLoader.findClass0(Ljava/lang/String;ZZ)Ljava/lang/Class; (491 bytes) @ 0x00007213b8510938 [0x00007213b850f9c0+0x0000000000000f78]
J 2202 c1 org.eclipse.osgi.internal.loader.BundleLoader.findClass(Ljava/lang/String;)Ljava/lang/Class; (8 bytes) @ 0x00007213b0bdbacc [0x00007213b0bdba40+0x000000000000008c]
J 2204 c1 org.eclipse.osgi.internal.loader.ModuleClassLoader.loadClass(Ljava/lang/String;Z)Ljava/lang/Class; (36 bytes) @ 0x00007213b0be3ec4 [0x00007213b0be3ca0+0x0000000000000224]
J 932 c1 java.lang.ClassLoader.loadClass(Ljava/lang/String;)Ljava/lang/Class; java.base@21.0.8 (7 bytes) @ 0x00007213b095ed4c [0x00007213b095ec40+0x000000000000010c]
v  ~StubRoutines::call_stub 0x00007213b7d37cc6
j  org.eclipse.jdt.ls.core.internal.text.correction.RefactorProposalUtility.getExtractVariableAllOccurrenceProposal(Lorg/eclipse/lsp4j/CodeActionParams;Lorg/eclipse/jdt/ui/text/java/IInvocationContext;ZLjava/util/Map;ZZ)Lorg/eclipse/jdt/ls/core/internal/corrections/ProposalKindWrapper;+125
j  org.eclipse.jdt.ls.core.internal.text.correction.RefactorProposalUtility.getExtractVariableProposals(Lorg/eclipse/lsp4j/CodeActionParams;Lorg/eclipse/jdt/ui/text/java/IInvocationContext;ZZZ)Ljava/util/List;+25
j  org.eclipse.jdt.ls.core.internal.text.correction.RefactorProposalUtility.getExtractVariableCommandProposals(Lorg/eclipse/lsp4j/CodeActionParams;Lorg/eclipse/jdt/ui/text/java/IInvocationContext;ZZ)Ljava/util/List;+5
j  org.eclipse.jdt.ls.core.internal.corrections.RefactorProcessor.getExtractVariableProposal(Lorg/eclipse/lsp4j/CodeActionParams;Lorg/eclipse/jdt/ui/text/java/IInvocationContext;ZLjava/util/Collection;)Z+36
j  org.eclipse.jdt.ls.core.internal.corrections.RefactorProcessor.getProposals(Lorg/eclipse/lsp4j/CodeActionParams;Lorg/eclipse/jdt/ui/text/java/IInvocationContext;[Lorg/eclipse/jdt/ui/text/java/IProblemLocation;Lorg/eclipse/core/runtime/IProgressMonitor;)Ljava/util/List;+162
j  org.eclipse.jdt.ls.core.internal.handlers.CodeActionHandler.getCodeActionCommands(Lorg/eclipse/lsp4j/CodeActionParams;Lorg/eclipse/core/runtime/IProgressMonitor;)Ljava/util/List;+556
j  org.eclipse.jdt.ls.core.internal.handlers.JDTLanguageServer.lambda$15(Lorg/eclipse/jdt/ls/core/internal/handlers/CodeActionHandler;Lorg/eclipse/lsp4j/CodeActionParams;Lorg/eclipse/core/runtime/IProgressMonitor;)Ljava/util/List;+16
j  org.eclipse.jdt.ls.core.internal.handlers.JDTLanguageServer$$Lambda+0x00007213681fae98.apply(Ljava/lang/Object;)Ljava/lang/Object;+16
j  org.eclipse.jdt.ls.core.internal.BaseJDTLanguageServer.lambda$0(Ljava/util/function/Function;Lorg/eclipse/lsp4j/jsonrpc/CancelChecker;)Ljava/lang/Object;+6
j  org.eclipse.jdt.ls.core.internal.BaseJDTLanguageServer$$Lambda+0x00007213681c3cc0.apply(Ljava/lang/Object;)Ljava/lang/Object;+12
j  java.util.concurrent.CompletableFuture$UniApply.tryFire(I)Ljava/util/concurrent/CompletableFuture;+106 java.base@21.0.8
j  java.util.concurrent.CompletableFuture$Completion.exec()Z+2 java.base@21.0.8
j  java.util.concurrent.ForkJoinTask.doExec()I+10 java.base@21.0.8
j  java.util.concurrent.ForkJoinPool$WorkQueue.topLevelExec(Ljava/util/concurrent/ForkJoinTask;Ljava/util/concurrent/ForkJoinPool$WorkQueue;)V+19 java.base@21.0.8
j  java.util.concurrent.ForkJoinPool.scan(Ljava/util/concurrent/ForkJoinPool$WorkQueue;II)I+211 java.base@21.0.8
j  java.util.concurrent.ForkJoinPool.runWorker(Ljava/util/concurrent/ForkJoinPool$WorkQueue;)V+35 java.base@21.0.8
j  java.util.concurrent.ForkJoinWorkerThread.run()V+31 java.base@21.0.8
v  ~StubRoutines::call_stub 0x00007213b7d37cc6

siginfo: si_signo: 11 (SIGSEGV), si_code: 1 (SEGV_MAPERR), si_addr: 0x0000000000000008

Registers:
RAX=0x0000721362d8bb08, RBX=0x0000000000000000, RCX=0x000072129c001c18, RDX=0x00000000000001d0
RSP=0x00007212a3dfab80, RBP=0x00007212a3dfac50, RSI=0x0000000000000000, RDI=0x000072129c001b10
R8 =0x00007213624899e0, R9 =0x0000721362d8bb08, R10=0x00007212a3dfacb0, R11=0x000000008042f6e0
R12=0x00007212a3dfad10, R13=0x00007213625b58f0, R14=0x000000000000000d, R15=0x0000000000000000
RIP=0x00007213d0b501e0, EFLAGS=0x0000000000010202, CSGSFS=0x002b000000000033, ERR=0x0000000000000004
  TRAPNO=0x000000000000000e

XMM[0]=0x000072129c000fe0 0x0000721362d8d350
XMM[1]=0x0000000000000000 0x0000000000000000
XMM[2]=0x0000000000000000 0x000072129c000fe0
XMM[3]=0x0000000000000000 0x0000000000000000
XMM[4]=0x9c00000000000021 0x000000010000001c
XMM[5]=0xca7c1da2e93e9eb4 0xa0d71e56ccec67a2
XMM[6]=0x967cdfa234660f89 0xbc63bf62b878fe9c
XMM[7]=0x09a1544bb3bd9c89 0xb83e9f01d1a1aabc
XMM[8]=0x8b7029d6d5240c5e 0x6dcdebcc449e3fcd
XMM[9]=0x943d29b2943d29b2 0x943d29b253edc4ff
XMM[10]=0x0000000000000000 0x00000000bfb09b4d
XMM[11]=0xeba17eaeeba17eae 0xeba17eae3f8f43ad
XMM[12]=0x0000000000000000 0x0000000053edc4ff
XMM[13]=0x0000000000000000 0x0000000020074057
XMM[14]=0x0000000000000000 0xdef8cd353d8612b7
XMM[15]=0x0000000000000000 0x0000000000000000
  MXCSR=0x00001fa2


Register to memory mapping:

RAX=0x0000721362d8bb08 is a pointer to class: 
org.eclipse.jdt.core.refactoring.descriptors.JavaRefactoringDescriptor {0x0000721362d8bb08}
 - instance size:     6
 - klass size:        80
 - access:            public synchronized abstract 
 - flags:             has_nonstatic_fields should_verify_class has_localvariable_table 
 - state:             allocated
 - name:              'org/eclipse/jdt/core/refactoring/descriptors/JavaRefactoringDescriptor'
 - super:             'org/eclipse/ltk/core/refactoring/RefactoringDescriptor'
 - sub:               
 - arrays:            null
 - methods:           Array<T>(0x0000721365746588)
 - method ordering:   Array<T>(0x0000721365746610)
 - local interfaces:  Array<T>(0x000072136261bd20)
 - trans. interfaces: Array<T>(0x0000721365746438)
 - secondary supers: Array<T>(0x0000721365746438)
 - hash_slot:         61
 - bitmap:            0x0000000000001000
 - constants:         constant pool [262] {0x0000721362d8bd88} for 'org/eclipse/jdt/core/refactoring/descriptors/JavaRefactoringDescriptor'
 - class loader data:  loader data: 0x0000721308234880 for instance a 'org/eclipse/osgi/internal/loader/EquinoxClassLoader'{0x000000008042f6e0}
 - source file:       'JavaRefactoringDescriptor.java'
 - inner classes:     Array<T>(0x000072136261bca8)
 - nest members:     Array<T>(0x000072136261bca8)
 - permitted subclasses:     Array<T>(0x000072136261bca8)
 - java mirror:       a 'java/lang/Class'{0x00000000d55b3440} = 'org/eclipse/jdt/core/refactoring/descriptors/JavaRefactoringDescriptor'
 - vtable length      16  (start addr: 0x0000721362d8bcd8)
 - itable length      5 (start addr: 0x0000721362d8bd58)
 - ---- static fields (5 words):
 - protected static final 'ATTRIBUTE_ELEMENT' 'Ljava/lang/String;' @112 
 - protected static final 'ATTRIBUTE_INPUT' 'Ljava/lang/String;' @116 
 - protected static final 'ATTRIBUTE_NAME' 'Ljava/lang/String;' @120 
 - protected static final 'ATTRIBUTE_REFERENCES' 'Ljava/lang/String;' @124 
 - protected static final 'ATTRIBUTE_SELECTION' 'Ljava/lang/String;' @128 
 - protected static final 'ATTRIBUTE_VERSION' 'Ljava/lang/String;' @132 
 - public static final 'JAR_MIGRATION' 'I' @140 
 - public static final 'JAR_REFACTORING' 'I' @144 
 - public static final 'JAR_SOURCE_ATTACHMENT' 'I' @148 
 - protected static final 'VALUE_VERSION_1_0' 'Ljava/lang/String;' @136 
 - ---- non-static fields (8 words):
 - private 'fFlags' 'I' @12 
 - private 'fTimeStamp' 'J' @16 
 - private 'fComment' 'Ljava/lang/String;' @24 
 - private 'fDescription' 'Ljava/lang/String;' @28 
 - private 'fProject' 'Ljava/lang/String;' @32 
 - private final 'fRefactoringId' 'Ljava/lang/String;' @36 
 - protected final 'fArguments' 'Ljava/util/Map;' @40 
 - non-static oop maps: 24-40 
RBX=0x0 is null
RCX=0x000072129c001c18 points into unknown readable memory: 0x000000008042f6e0 | e0 f6 42 80 00 00 00 00
RDX=0x00000000000001d0 is an unknown value
RSP=0x00007212a3dfab80 is pointing into the stack for thread: 0x000072129c000fe0
RBP=0x00007212a3dfac50 is pointing into the stack for thread: 0x000072129c000fe0
RSI=0x0 is null
RDI=0x000072129c001b10 points into unknown readable memory: 0x0000000000000002 | 02 00 00 00 00 00 00 00
R8 =0x00007213624899e0 is pointing into metadata
R9 =0x0000721362d8bb08 is a pointer to class: 
org.eclipse.jdt.core.refactoring.descriptors.JavaRefactoringDescriptor {0x0000721362d8bb08}
 - instance size:     6
 - klass size:        80
 - access:            public synchronized abstract 
 - flags:             has_nonstatic_fields should_verify_class has_localvariable_table 
 - state:             allocated
 - name:              'org/eclipse/jdt/core/refactoring/descriptors/JavaRefactoringDescriptor'
 - super:             'org/eclipse/ltk/core/refactoring/RefactoringDescriptor'
 - sub:               
 - arrays:            null
 - methods:           Array<T>(0x0000721365746588)
 - method ordering:   Array<T>(0x0000721365746610)
 - local interfaces:  Array<T>(0x000072136261bd20)
 - trans. interfaces: Array<T>(0x0000721365746438)
 - secondary supers: Array<T>(0x0000721365746438)
 - hash_slot:         61
 - bitmap:            0x0000000000001000
 - constants:         constant pool [262] {0x0000721362d8bd88} for 'org/eclipse/jdt/core/refactoring/descriptors/JavaRefactoringDescriptor'
 - class loader data:  loader data: 0x0000721308234880 for instance a 'org/eclipse/osgi/internal/loader/EquinoxClassLoader'{0x000000008042f6e0}
 - source file:       'JavaRefactoringDescriptor.java'
 - inner classes:     Array<T>(0x000072136261bca8)
 - nest members:     Array<T>(0x000072136261bca8)
 - permitted subclasses:     Array<T>(0x000072136261bca8)
 - java mirror:       a 'java/lang/Class'{0x00000000d55b3440} = 'org/eclipse/jdt/core/refactoring/descriptors/JavaRefactoringDescriptor'
 - vtable length      16  (start addr: 0x0000721362d8bcd8)
 - itable length      5 (start addr: 0x0000721362d8bd58)
 - ---- static fields (5 words):
 - protected static final 'ATTRIBUTE_ELEMENT' 'Ljava/lang/String;' @112 
 - protected static final 'ATTRIBUTE_INPUT' 'Ljava/lang/String;' @116 
 - protected static final 'ATTRIBUTE_NAME' 'Ljava/lang/String;' @120 
 - protected static final 'ATTRIBUTE_REFERENCES' 'Ljava/lang/String;' @124 
 - protected static final 'ATTRIBUTE_SELECTION' 'Ljava/lang/String;' @128 
 - protected static final 'ATTRIBUTE_VERSION' 'Ljava/lang/String;' @132 
 - public static final 'JAR_MIGRATION' 'I' @140 
 - public static final 'JAR_REFACTORING' 'I' @144 
 - public static final 'JAR_SOURCE_ATTACHMENT' 'I' @148 
 - protected static final 'VALUE_VERSION_1_0' 'Ljava/lang/String;' @136 
 - ---- non-static fields (8 words):
 - private 'fFlags' 'I' @12 
 - private 'fTimeStamp' 'J' @16 
 - private 'fComment' 'Ljava/lang/String;' @24 
 - private 'fDescription' 'Ljava/lang/String;' @28 
 - private 'fProject' 'Ljava/lang/String;' @32 
 - private final 'fRefactoringId' 'Ljava/lang/String;' @36 
 - protected final 'fArguments' 'Ljava/util/Map;' @40 
 - non-static oop maps: 24-40 
R10=0x00007212a3dfacb0 is pointing into the stack for thread: 0x000072129c000fe0
R11=0x000000008042f6e0 is an oop: org.eclipse.osgi.internal.loader.EquinoxClassLoader 
{0x000000008042f6e0} - klass: 'org/eclipse/osgi/internal/loader/EquinoxClassLoader'
 - ---- fields (total size 14 words):
 - private 'defaultAssertionStatus' 'Z' @12  false (0x00)
 - injected 'loader_data' 'J' @16  125426066475136 (0x0000721308234880)
 - private final 'parent' 'Ljava/lang/ClassLoader;' @24  a 'jdk/internal/loader/ClassLoaders$PlatformClassLoader'{0x00000000807980b0} (0x807980b0)
 - private final 'name' 'Ljava/lang/String;' @28  null (0x00000000)
 - private final 'unnamedModule' 'Ljava/lang/Module;' @32  a 'java/lang/Module'{0x000000008042f750} (0x8042f750)
 - private final 'nameAndId' 'Ljava/lang/String;' @36  "org.eclipse.osgi.internal.loader.EquinoxClassLoader @5f0c250e"{0x000000008042f788} (0x8042f788)
 - private final 'parallelLockMap' 'Ljava/util/concurrent/ConcurrentHashMap;' @40  a 'java/util/concurrent/ConcurrentHashMap'{0x000000008042f7f0} (0x8042f7f0)
 - private final 'package2certs' 'Ljava/util/concurrent/ConcurrentHashMap;' @44  a 'java/util/concurrent/ConcurrentHashMap'{0x000000008042f830} (0x8042f830)
 - private final 'classes' 'Ljava/util/ArrayList;' @48  a 'java/util/ArrayList'{0x000000008042f870} (0x8042f870)
 - private final 'defaultDomain' 'Ljava/security/ProtectionDomain;' @52  a 'java/security/ProtectionDomain'{0x000000008042f888} (0x8042f888)
 - private final 'packages' 'Ljava/util/concurrent/ConcurrentHashMap;' @56  a 'java/util/concurrent/ConcurrentHashMap'{0x000000008042f8f8} (0x8042f8f8)
 - private final 'libraries' 'Ljdk/internal/loader/NativeLibraries;' @60  a 'jdk/internal/loader/NativeLibraries'{0x000000008042f938} (0x8042f938)
 - final 'assertionLock' 'Ljava/lang/Object;' @64  a 'java/lang/Object'{0x000000008042f998} (0x8042f998)
 - private 'packageAssertionStatus' 'Ljava/util/Map;' @68  null (0x00000000)
 - 'classAssertionStatus' 'Ljava/util/Map;' @72  null (0x00000000)
 - private volatile 'classLoaderValueMap' 'Ljava/util/concurrent/ConcurrentHashMap;' @76  null (0x00000000)
 - private final 'classNameLocks' 'Lorg/eclipse/osgi/internal/container/KeyBasedLockStore;' @80  a 'org/eclipse/osgi/internal/container/KeyBasedLockStore'{0x000000008042f9a8} (0x8042f9a8)
 - private final 'pkgLock' 'Ljava/lang/Object;' @84  a 'java/lang/Object'{0x000000008042fa68} (0x8042fa68)
 - public volatile 'lombok$shadowLoader' 'Ljava/lang/ClassLoader;' @88  null (0x00000000)
 - private final 'configuration' 'Lorg/eclipse/osgi/internal/framework/EquinoxConfiguration;' @92  a 'org/eclipse/osgi/internal/framework/EquinoxConfiguration'{0x0000000080234cb0} (0x80234cb0)
 - private final 'debug' 'Lorg/eclipse/osgi/internal/debug/Debug;' @96  a 'org/eclipse/osgi/internal/debug/Debug'{0x000000008023ee88} (0x8023ee88)
 - private final 'delegate' 'Lorg/eclipse/osgi/internal/loader/BundleLoader;' @100  a 'org/eclipse/osgi/internal/loader/BundleLoader'{0x0000000080422ca8} (0x80422ca8)
 - private final 'generation' 'Lorg/eclipse/osgi/storage/BundleInfo$Generation;' @104  a 'org/eclipse/osgi/storage/BundleInfo$Generation'{0x00000000802da3e0} (0x802da3e0)
 - private final 'manager' 'Lorg/eclipse/osgi/internal/loader/classpath/ClasspathManager;' @108  a 'org/eclipse/osgi/internal/loader/classpath/ClasspathManager'{0x000000008042fa78} (0x8042fa78)
R12=0x00007212a3dfad10 is pointing into the stack for thread: 0x000072129c000fe0
R13=0x00007213625b58f0 is pointing into metadata
R14=0x000000000000000d is an unknown value
R15=0x0 is null

Top of Stack: (sp=0x00007212a3dfab80)
0x00007212a3dfab80:   00007212a3dfaba0 00007213d0cb771a
0x00007212a3dfab90:   0000721308234880 000072129c001be0
0x00007212a3dfaba0:   00007213624899e0 00007213625b58f0
0x00007212a3dfabb0:   0000721364d0a968 00007212a3dfabe0
0x00007212a3dfabc0:   0000721362d8a178 0000000000000000
0x00007212a3dfabd0:   0000000000000000 01000000ffffffff
0x00007212a3dfabe0:   000072129c000fe0 000072129c001b10
0x00007212a3dfabf0:   000072129c001b50 000072129c001c18
0x00007212a3dfac00:   000072129c001c38 00000000000000d8
0x00007212a3dfac10:   00007212a3dfada0 00007213d09263ec
0x00007212a3dfac20:   00007213d1526810 00007212a3dfad10
0x00007212a3dfac30:   000000000000000d 00007212a3dfacb0
0x00007212a3dfac40:   000000000000000d 0000721365746598
0x00007212a3dfac50:   00007212a3dfacf0 00007213d0b52d83
0x00007212a3dfac60:   000072129c001bd8 000072129c0016e0
0x00007212a3dfac70:   00007212a3dfacf0 00007213d0b4e440
0x00007212a3dfac80:   000072129c001720 000072129c001730
0x00007212a3dfac90:   0000721365746608 000072129c001730
0x00007212a3dfaca0:   0000000000000000 000072129c000fe0
0x00007212a3dfacb0:   0000721362d8d350 000072129c000fe0
0x00007212a3dfacc0:   00000000d6972f88 000072129c000fe0
0x00007212a3dfacd0:   00007212a3dfad10 0000721362d8bb08
0x00007212a3dface0:   0000721365746608 0000000000000000
0x00007212a3dfacf0:   00007212a3dfad50 00007213d08e35f7
0x00007212a3dfad00:   00007212a3dfae10 00007213d061cdba
0x00007212a3dfad10:   0000721362d8bb08 00000010000001d0
0x00007212a3dfad20:   000072129c000fe0 0000721362d8bb08
0x00007212a3dfad30:   0000721362d8bb08 000072129c000fe0
0x00007212a3dfad40:   000072129c001bc8 000072129c001bc0
0x00007212a3dfad50:   00007212a3dfae10 00007213d0f4d41d
0x00007212a3dfad60:   00007212a3dfada0 00007212a3dfad80
0x00007212a3dfad70:   0000721308234880 0000000000000000 

Instructions: (pc=0x00007213d0b501e0)
0x00007213d0b500e0:   ff 4d 85 c9 0f 84 a6 02 00 00 48 8d 45 90 4c 89
0x00007213d0b500f0:   fe 4c 89 85 58 ff ff ff 48 89 c7 4c 89 8d 60 ff
0x00007213d0b50100:   ff ff 48 89 85 68 ff ff ff e8 f2 dc d4 ff 4c 8b
0x00007213d0b50110:   8d 60 ff ff ff 4c 8b 85 58 ff ff ff 49 8b 81 98
0x00007213d0b50120:   00 00 00 48 8b 78 08 48 85 ff 0f 84 58 02 00 00
0x00007213d0b50130:   4c 89 85 58 ff ff ff 4c 89 8d 60 ff ff ff ff 15
0x00007213d0b50140:   cc 4e 97 00 4c 8b 8d 60 ff ff ff 4c 8b 85 58 ff
0x00007213d0b50150:   ff ff 48 85 c0 49 89 c3 0f 84 2a 02 00 00 49 8b
0x00007213d0b50160:   bf 20 03 00 00 48 8b 4f 18 48 8b 47 20 48 29 c8
0x00007213d0b50170:   48 83 f8 07 0f 86 8e 02 00 00 48 8d 41 08 48 89
0x00007213d0b50180:   47 18 4c 89 19 49 8b 41 18 48 89 85 60 ff ff ff
0x00007213d0b50190:   85 db 0f 8e d8 01 00 00 4c 63 cb 4d 89 f2 31 db
0x00007213d0b501a0:   4d 89 ce 4d 89 e9 4d 89 c5 4c 8b 85 50 ff ff ff
0x00007213d0b501b0:   eb 52 66 0f 1f 44 00 00 48 8d 35 d9 5c 9d 00 80
0x00007213d0b501c0:   3e 00 75 58 83 e2 08 74 53 48 8b 85 70 ff ff ff
0x00007213d0b501d0:   48 8b b4 d8 d0 01 00 00 0f 1f 84 00 00 00 00 00
0x00007213d0b501e0:   48 8b 46 08 48 8b 50 08 0f b7 78 24 4c 3b 6c fa
0x00007213d0b501f0:   48 0f 84 91 00 00 00 48 83 c3 01 4c 39 f3 0f 84
0x00007213d0b50200:   6c 01 00 00 49 8b 04 24 4c 8d 3c dd 00 00 00 00
0x00007213d0b50210:   0f b7 90 c2 00 00 00 f6 c2 01 75 9c 49 63 54 24
0x00007213d0b50220:   08 4c 01 f8 48 8b 34 10 eb b6 66 0f 1f 44 00 00
0x00007213d0b50230:   48 8b 3a be fe ff ff ff e8 73 51 13 00 c6 45 8e
0x00007213d0b50240:   00 48 c7 45 80 00 00 00 00 e9 fb fd ff ff 66 90
0x00007213d0b50250:   c6 45 8f 01 41 f6 85 b1 00 00 00 02 0f 84 47 fe
0x00007213d0b50260:   ff ff 80 7d 8e 00 49 8b 3e 74 0a 83 7f 2c f7 0f
0x00007213d0b50270:   8c 30 fe ff ff be f7 ff ff ff e8 31 51 13 00 e9
0x00007213d0b50280:   21 fe ff ff 0f 1f 40 00 0f b7 40 26 4c 3b 44 c2
0x00007213d0b50290:   48 0f 85 60 ff ff ff 41 f6 81 b1 00 00 00 02 0f
0x00007213d0b502a0:   85 fb 00 00 00 8b 46 28 a8 02 0f 85 47 ff ff ff
0x00007213d0b502b0:   80 7d 8e 00 4c 8b 5a 18 0f 84 aa 01 00 00 49 8b
0x00007213d0b502c0:   12 8b 42 28 89 c6 83 e6 01 0f 84 81 01 00 00 c6
0x00007213d0b502d0:   45 8f 00 49 8b 04 24 0f b7 b0 c2 00 00 00 40 f6 


Stack slot to memory mapping:

stack at sp + 0 slots: 0x00007212a3dfaba0 is pointing into the stack for thread: 0x000072129c000fe0
stack at sp + 1 slots: 0x00007213d0cb771a: <offset 0x0000000000cb771a> in /usr/lib/jvm/java-21-openjdk-amd64/lib/server/libjvm.so at 0x00007213d0000000
stack at sp + 2 slots: 0x0000721308234880 points into unknown readable memory: 0x00007213081d4420 | 20 44 1d 08 13 72 00 00
stack at sp + 3 slots: 0x000072129c001be0 points into unknown readable memory: 0x00000000d55b3440 | 40 34 5b d5 00 00 00 00
stack at sp + 4 slots: 0x00007213624899e0 is pointing into metadata
stack at sp + 5 slots: 0x00007213625b58f0 is pointing into metadata
stack at sp + 6 slots: 0x0000721364d0a968 is pointing into metadata
stack at sp + 7 slots: 0x00007212a3dfabe0 is pointing into the stack for thread: 0x000072129c000fe0


Compiled method (n/a) 3298 1047     n 0       java.lang.ClassLoader::defineClass1 (native)
 total in heap  [0x00007213b8328490,0x00007213b83288a0] = 1040
 relocation     [0x00007213b83285e8,0x00007213b8328620] = 56
 main code      [0x00007213b8328620,0x00007213b832889f] = 639
 stub code      [0x00007213b832889f,0x00007213b83288a0] = 1

[Constant Pool (empty)]

[MachCode]
[Entry Point]
  # {method} {0x0000721362436c30} 'defineClass1' '(Ljava/lang/ClassLoader;Ljava/lang/String;[BIILjava/security/ProtectionDomain;Ljava/lang/String;)Ljava/lang/Class;' in 'java/lang/ClassLoader'
  # parm0:    rsi:rsi   = 'java/lang/ClassLoader'
  # parm1:    rdx:rdx   = 'java/lang/String'
  # parm2:    rcx:rcx   = '[B'
  # parm3:    r8        = int
  # parm4:    r9        = int
  # parm5:    rdi:rdi   = 'java/security/ProtectionDomain'
  # parm6:    [sp+0x70]   = 'java/lang/String'  (sp of caller)
  0x00007213b8328620: 448b 5608 | 49bb 0000 | 0062 1372 | 0000 4d03 | d349 3bc2 | 0f84 0600 

  0x00007213b8328638: ;   {runtime_call ic_miss_stub}
  0x00007213b8328638: 0000 e941 | c7a5 ff90 
[Verified Entry Point]
  0x00007213b8328640: 8984 2400 | c0fe ff55 | 488b ec48 | 83ec 6090 | 4181 7f20 | 0200 0000 

  0x00007213b8328658: ;   {runtime_call StubRoutines (final stubs)}
  0x00007213b8328658: 7405 e881 | 69a4 ff48 | 837d 1000 | 488d 4510 | 480f 4445 | 1048 8944 | 2410 4889 | 7c24 4048 
  0x00007213b8328678: 83ff 0048 | 8d44 2440 | 480f 4444 | 2440 4889 | 4424 084c | 890c 244d | 8bc8 4889 | 4c24 2848 
  0x00007213b8328698: 83f9 004c | 8d44 2428 | 4c0f 4444 | 2428 4889 | 5424 2048 | 83fa 0048 | 8d4c 2420 | 480f 444c 
  0x00007213b83286b8: 2420 4889 | 7424 1848 | 83fe 0048 | 8d54 2418 | 480f 4454 

  0x00007213b83286cc: ;   {oop(a 'java/lang/Class'{0x0000000080080dd8} = 'java/lang/ClassLoader')}
  0x00007213b83286cc: 2418 49be | d80d 0880 | 0000 0000 | 4c89 7424 | 484c 8d74 | 2448 498b | f6c5 f877 

  0x00007213b83286e8: ;   {internal_word}
  0x00007213b83286e8: 49ba e586 | 32b8 1372 | 0000 4d89 | 97a0 0300 | 0049 89a7 | 9803 0000 

  0x00007213b8328700: ;   {external_word}
  0x00007213b8328700: 803d 2e29 | 1e19 000f | 843c 0000 | 0056 5251 | 4150 4151 

  0x00007213b8328714: ;   {metadata({method} {0x0000721362436c30} 'defineClass1' '(Ljava/lang/ClassLoader;Ljava/lang/String;[BIILjava/security/ProtectionDomain;Ljava/lang/String;)Ljava/lang/Class;' in 'java/lang/ClassLoader')}
  0x00007213b8328714: 48be 306c | 4362 1372 | 0000 498b | ff40 f6c4 | 0f0f 8412 | 0000 0048 

  0x00007213b832872c: ;   {runtime_call SharedRuntime::dtrace_method_entry(JavaThread*, Method*)}
  0x00007213b832872c: 83ec 08e8 | 7c99 a918 | 4883 c408 | e905 0000 

  0x00007213b832873c: ;   {runtime_call SharedRuntime::dtrace_method_entry(JavaThread*, Method*)}
  0x00007213b832873c: 00e8 6e99 | a918 4159 | 4158 595a | 5e49 8dbf | b803 0000 | 41c7 8744 | 0400 0004 

  0x00007213b8328758: ;   {runtime_call Java_java_lang_ClassLoader_defineClass1}
  0x00007213b8328758: 0000 00e8 | f049 2919 | c5f8 7741 | c787 4404 | 0000 0500 | 0000 f083 | 4424 c000 | 493b af48 
  0x00007213b8328778: 0400 000f | 870e 0000 | 0041 83bf | 4004 0000 | 000f 8424 | 0000 00c5 | f877 4889 | 45f8 498b 
  0x00007213b8328798: ff4c 8be4 | 4883 ec00 | 4883 e4f0 

  0x00007213b83287a4: ;   {runtime_call JavaThread::check_special_condition_for_native_trans(JavaThread*)}
  0x00007213b83287a4: e867 2260 | 1849 8be4 | 4d33 e448 | 8b45 f841 | c787 4404 | 0000 0800 | 0000 4183 | bfc0 0400 
  0x00007213b83287c4: 0002 0f84 | ad00 0000 

  0x00007213b83287cc: ;   {external_word}
  0x00007213b83287cc: 803d 6228 | 1e19 000f | 8436 0000 | 0048 8945 

  0x00007213b83287dc: ;   {metadata({method} {0x0000721362436c30} 'defineClass1' '(Ljava/lang/ClassLoader;Ljava/lang/String;[BIILjava/security/ProtectionDomain;Ljava/lang/String;)Ljava/lang/Class;' in 'java/lang/ClassLoader')}
  0x00007213b83287dc: f848 be30 | 6c43 6213 | 7200 0049 | 8bff 40f6 | c40f 0f84 | 1200 0000 | 4883 ec08 

  0x00007213b83287f8: ;   {runtime_call SharedRuntime::dtrace_method_exit(JavaThread*, Method*)}
  0x00007213b83287f8: e8a3 99a9 | 1848 83c4 | 08e9 0500 

  0x00007213b8328804: ;   {runtime_call SharedRuntime::dtrace_method_exit(JavaThread*, Method*)}
  0x00007213b8328804: 0000 e895 | 99a9 1848 | 8b45 f849 | c787 9803 | 0000 0000 | 0000 49c7 | 87a0 0300 | 0000 0000 
  0x00007213b8328824: 00c5 f877 | 4885 c00f | 8425 0000 | 00a8 030f | 8508 0000 | 0048 8b00 | e915 0000 | 00a8 010f 
  0x00007213b8328844: 8509 0000 | 0048 8b40 | fee9 0400 | 0000 488b | 40ff 498b | 8f28 0400 | 00c7 8100 | 0100 0000 
  0x00007213b8328864: 0000 00c9 | 4983 7f08 | 000f 8501 | 0000 00c3 

  0x00007213b8328874: ;   {runtime_call StubRoutines (initial stubs)}
  0x00007213b8328874: e987 f3a0 | ffc5 f877 | 4889 45f8 | 4c8b e448 | 83ec 0048 

  0x00007213b8328888: ;   {runtime_call SharedRuntime::reguard_yellow_pages()}
  0x00007213b8328888: 83e4 f0e8 | 80a8 a918 | 498b e44d | 33e4 488b | 45f8 e92d | ffff fff4 
[/MachCode]


Compiled method (c2) 3302 5745       4       java.lang.ClassLoader::defineClass (43 bytes)
 total in heap  [0x00007213b854cf90,0x00007213b8555d20] = 36240
 relocation     [0x00007213b854d0e8,0x00007213b854d670] = 1416
 main code      [0x00007213b854d680,0x00007213b8552640] = 20416
 stub code      [0x00007213b8552640,0x00007213b8552808] = 456
 oops           [0x00007213b8552808,0x00007213b8552830] = 40
 metadata       [0x00007213b8552830,0x00007213b8552b80] = 848
 scopes data    [0x00007213b8552b80,0x00007213b8554810] = 7312
 scopes pcs     [0x00007213b8554810,0x00007213b8555490] = 3200
 dependencies   [0x00007213b8555490,0x00007213b8555568] = 216
 handler table  [0x00007213b8555568,0x00007213b8555b80] = 1560
 nul chk table  [0x00007213b8555b80,0x00007213b8555d20] = 416

[Constant Pool (empty)]

[MachCode]
[Entry Point]
  # {method} {0x0000721362436fb0} 'defineClass' '(Ljava/lang/String;[BIILjava/security/ProtectionDomain;)Ljava/lang/Class;' in 'java/lang/ClassLoader'
  # this:     rsi:rsi   = 'java/lang/ClassLoader'
  # parm0:    rdx:rdx   = 'java/lang/String'
  # parm1:    rcx:rcx   = '[B'
  # parm2:    r8        = int
  # parm3:    r9        = int
  # parm4:    rdi:rdi   = 'java/security/ProtectionDomain'
  #           [sp+0xb0]  (sp of caller)
  0x00007213b854d680: 448b 5608 | 49bb 0000 | 0062 1372 | 0000 4d03 | d349 3bc2 

  0x00007213b854d694: ;   {runtime_call ic_miss_stub}
  0x00007213b854d694: 0f85 e676 | 83ff 6690 | 0f1f 4000 
[Verified Entry Point]
  0x00007213b854d6a0: 8984 2400 | c0fe ff55 | 4881 eca0 | 0000 0090 | 4181 7f20 | 0200 0000 | 0f85 764f | 0000 4889 
  0x00007213b854d6c0: 7c24 0844 | 894c 2424 | 4489 4424 | 2048 894c | 2418 4889 | 7424 1048 | 8954 2428 | 4885 d20f 
  0x00007213b854d6e0: 84eb 1e00 | 008b 6a14 

  0x00007213b854d6e8: ; implicit exception: dispatches to 0x00007213b8551e28
  0x00007213b854d6e8: 448b 550c | 4585 d20f | 866f 3300 | 0044 0fbe | 5a10 4585 | db0f 85fc | 2500 00c4 | c222 f7d2 
  0x00007213b854d708: 413b d241 | 0f4f d285 | d20f 8ece | 1e00 0044 | 3bd2 0f82 | c033 0000 | 4c8b d548 | 8d7d 10b8 
  0x00007213b854d728: 2f00 0000 | 488b df83 | fa10 0f8c | 7900 0000 | 83fa 200f | 8c36 0000 | 00c5 f96e | c8c4 e27d 
  0x00007213b854d748: 78c9 c5ed | efd2 8bca | 83e1 e083 | e21f c5fe | 6f03 c5fd | 74c1 c4e2 | 7d17 d00f | 8369 0000 
  0x00007213b854d768: 0048 83c3 | 2083 e920 | 75e4 e90d | 0000 00c5 | f96e c8c5 | e9ef d2c4 | e271 00ca | 83fa 100f 
  0x00007213b854d788: 8c24 0000 | 008b ca83 

  0x00007213b854d790: ;   {no_reloc}
  0x00007213b854d790: e1f0 83e2 | 0fc5 fa6f | 03c5 f974 | c1c4 e279 | 17d0 0f83 | 2a00 0000 | 4883 c310 | 83e9 1075 
  0x00007213b854d7b0: e485 d20f | 8412 0000 | 000f b60b | 3bc1 741c | 4883 c301 | 83ea 0174 | 02eb eebb | ffff ffff 
  0x00007213b854d7d0: eb0d c5fd | d7c8 0fbc | c148 03d8 | 482b df83 | fbff 0f85 | 7436 0000 | 4c8b 5424 | 2845 8b52 
  0x00007213b854d7f0: 144c 8b5c | 2428 4180 | 7b10 000f | 857f 3200 | 0041 8b6a | 0c85 ed0f | 8697 3200 | 0045 0fb6 
  0x00007213b854d810: 5a10 4183 | fb5b 0f84 | e436 0000 | 4c8b 5424 | 2841 8b6a | 1444 8b5d | 0c45 0fbe | 5210 c442 
  0x00007213b854d830: 2af7 cb41 | 83c1 fb45 | 85c9 7c50 | 4585 d20f | 856a 2400 | 0041 83fb | 040f 8651 | 3400 0080 
  0x00007213b854d850: 7d10 6a75 | 3780 7d11 | 6175 3180 | 7d12 7675 | 2b80 7d13 | 6175 2544 | 0fbe 5514 | 4183 fa2e 
  0x00007213b854d870: 751a be45 | ffff ff48 | 8b6c 2410 

  0x00007213b854d87c: ;   {runtime_call UncommonTrapBlob}
  0x00007213b854d87c: c5f8 77e8 

  0x00007213b854d880: ; ImmutableOopMap {rbp=Oop [8]=Oop [24]=Oop [40]=Oop }
                      ;*ifeq {reexecute=1 rethrow=0 return_oop=0}
                      ; - (reexecute) java.lang.ClassLoader::preDefineClass@46 (line 906)
                      ; - java.lang.ClassLoader::defineClass@4 (line 1025)
  0x00007213b854d880: 7cca 83ff 

  0x00007213b854d884: ;   {other}
  0x00007213b854d884: 0f1f 8400 | f408 0000 | 4c8b 6c24 | 284c 8b54 | 2408 4d85 | d20f 84e1 | 1b00 004c | 8954 2430 
  0x00007213b854d8a4: 4d85 ed0f | 8417 1c00 | 004c 8b54 | 2430 458b | 5a10 4489 | 5c24 3845 | 8b4d 1441 | 8b71 0c45 
  0x00007213b854d8c4: 0fbe 5510 | c462 2af7 | de41 8d6b | ff45 85d2 | 0f85 a235 | 0000 448d | 56ff 443b | d544 0f4f 
  0x00007213b854d8e4: d549 8be9 | 4585 d20f | 8ce7 1c00 | 0033 c989 | 4c24 7066 | 0f1f 8400 | 0000 0000 | 443b d60f 
  0x00007213b854d904: 839b 2c00 | 0043 807c | 1110 2e74 | 184d 8b87 | 5004 0000 

  0x00007213b854d918: ; ImmutableOopMap {r9=NarrowOop rbp=Oop r13=Oop [16]=Oop [24]=Oop [40]=Oop [48]=Oop [56]=NarrowOop }
                      ;*goto {reexecute=1 rethrow=0 return_oop=0}
                      ; - (reexecute) java.lang.StringLatin1::lastIndexOf@35 (line 285)
                      ; - java.lang.String::lastIndexOf@13 (line 2573)
                      ; - java.lang.String::lastIndexOf@8 (line 2535)
                      ; - java.lang.ClassLoader::checkCerts@3 (line 1163)
                      ; - java.lang.ClassLoader::preDefineClass@113 (line 917)
                      ; - java.lang.ClassLoader::defineClass@4 (line 1025)
                      ;   {poll}
  0x00007213b854d918: 41ff ca41 | 8500 4585 | d27d dd41 | baff ffff | ff41 83fa | ff0f 84ed | 3500 0045 | 85d2 0f8c 
  0x00007213b854d938: 6c35 0000 | 453b d30f | 8ffb 3500 | 0045 3bd3 | 0f84 7a1c | 0000 4585 | d20f 8404 | 1f00 0049 
  0x00007213b854d958: 8b9f b801 | 0000 4c8b | db49 83c3 | 184d 3b9f | c801 0000 | 0f83 bb26 | 0000 4d89 | 9fb8 0100 
  0x00007213b854d978: 0041 0f0d | 8bc0 0000 | 0048 c703 | 0100 0000 

  0x00007213b854d988: ;   {metadata('java/lang/String')}
  0x00007213b854d988: c743 0870 | ea00 0044 | 8963 0c4c | 8963 104d | 8d59 1044 | 3bd6 0f84 | be11 0000 | 4181 fa00 
  0x00007213b854d9a8: 0010 000f | 8707 3300 | 004d 63c2 | 4889 ac24 | 8000 0000 | 413b f28b | ee41 0f4f | ea3b f50f 
  0x00007213b854d9c8: 825f 3300 | 0044 3bd5 | 0f82 5633 | 0000 4983 | c017 498b | d048 83e2 | f841 81fa | 0000 1000 
  0x00007213b854d9e8: 0f87 d227 | 0000 4d8b | b7b8 0100 | 004d 8bce | 4c03 ca4d | 3b8f c801 | 0000 0f83 | b827 0000 
  0x00007213b854da08: 4d89 8fb8 | 0100 0041 | 0f0d 89c0 | 0000 0049 | c706 0100 | 0000 410f | 0d89 0001 

  0x00007213b854da24: ;   {metadata({type array byte})}
  0x00007213b854da24: 0000 41c7 | 4608 1823 | 0000 4589 | 560c 410f | 0d89 4001 | 0000 410f | 0d89 8001 | 0000 4d8b 
  0x00007213b854da44: ce49 83c1 | 1049 c1e8 | 0385 ed0f | 846b 3200 | 0041 3bea | 0f8c c11c | 0000 4883 | c2f0 48c1 
  0x00007213b854da64: ea03 498b | fb49 8bf1 | c5f8 7749 | ba00 e3d6 | b713 7200 | 0041 ffd2 

  0x00007213b854da7c: ;   {other}
  0x00007213b854da7c: 0f1f 8400 | 0000 0000 | 4488 6310 | 4d8b de44 | 895b 144c | 8bd3 49c1 | ea09 49bb | 0040 91ce 
  0x00007213b854da9c: 1372 0000 | 4788 2413 | 448b 5c24 | 3845 8b53 | 1445 85d2 | 0f85 4512 | 0000 458b | 4310 4585 
  0x00007213b854dabc: c00f 857c 

  0x00007213b854dac0: ;   {oop(a 'java/security/cert/Certificate'[0] {0x00000000807e3da8})}
  0x00007213b854dac0: 2200 0049 | bea8 3d7e | 8000 0000 | 004c 8b54 | 2410 458b | 522c 4585 | d20f 84e1 | 2f00 004c 
  0x00007213b854dae0: 8974 2438 | 4c89 6c24 | 0849 8bf2 | 488b d349 | 8bce 41b8 | 0100 0000 

  0x00007213b854daf8: ;   {optimized virtual_call}
  0x00007213b854daf8: c5f8 77e8 

  0x00007213b854dafc: ; ImmutableOopMap {[8]=Oop [16]=Oop [24]=Oop [40]=Oop [48]=Oop [56]=Oop }
                      ;*invokevirtual putVal {reexecute=0 rethrow=0 return_oop=1}
                      ; - java.util.concurrent.ConcurrentHashMap::putIfAbsent@4 (line 1541)
                      ; - java.lang.ClassLoader::checkCerts@62 (line 1171)
                      ; - java.lang.ClassLoader::preDefineClass@113 (line 917)
                      ; - java.lang.ClassLoader::defineClass@4 (line 1025)
  0x00007213b854dafc: 20a9 1600 

  0x00007213b854db00: ;   {other}
  0x00007213b854db00: 0f1f 8400 | 700b 0002 | 4c8b e848 | 85c0 742f | 448b 5008 

  0x00007213b854db14: ;   {metadata('java/security/cert/Certificate'[])}
  0x00007213b854db14: 4181 fac8 | 5210 000f | 85cb 4000 | 004c 8b74 | 2438 458b | 560c 418b | 550c 4585 | d20f 87d4 
  0x00007213b854db34: 1300 0085 | d20f 8789 | 3800 004c | 8b54 2430 

  0x00007213b854db44: ; implicit exception: dispatches to 0x00007213b8551de0
  0x00007213b854db44: 458b 5210 

  0x00007213b854db48: ; implicit exception: dispatches to 0x00007213b8552098
  0x00007213b854db48: 458b 6a0c | 4585 ed0f | 8441 1900 | 0045 8b55 | 3845 8b42 | 0849 8bd5 

  0x00007213b854db60: ;   {metadata('sun/net/www/protocol/file/Handler')}
  0x00007213b854db60: 4181 f840 | 7e21 000f | 8530 1900 | 0049 8b87 | b801 0000 | 4c8b d049 | 83c2 184d | 3b97 c801 
  0x00007213b854db80: 0000 0f83 | 2925 0000 | 4d89 97b8 | 0100 0041 | 0f0d 8ac0 | 0000 0048 | c700 0100 

  0x00007213b854db9c: ;   {metadata('java/lang/StringBuilder')}
  0x00007213b854db9c: 0000 c740 | 0838 8200 | 0044 8960 | 0c4c 8960 | 1048 8944 | 2440 498b | 87b8 0100 | 004c 8bd0 
  0x00007213b854dbbc: 4983 c220 | 4d3b 97c8 | 0100 000f | 834e 2500 | 004d 8997 | b801 0000 | 410f 0d8a | c000 0000 
  0x00007213b854dbdc: 48c7 0001 | 0000 0041 | 0f0d 8a00 

  0x00007213b854dbe8: ;   {metadata({type array byte})}
  0x00007213b854dbe8: 0100 00c7 | 4008 1823 | 0000 410f | 0d8a 4001 | 0000 c740 | 0c10 0000 | 0041 0f0d | 8a80 0100 
  0x00007213b854dc08: 004c 8960 | 104c 8960 | 1841 8b4d | 144c 8bd0 | 4c8b 5c24 | 4045 8953 | 144d 8bd3 | 49c1 ea09 
  0x00007213b854dc28: 49bb 0040 | 91ce 1372 | 0000 4788 | 2413 85c9 | 0f84 651a | 0000 448b | 5114 458b | 5a0c 440f 
  0x00007213b854dc48: be51 10c4 | c22a f7db | 448d 5bf0 | 4585 db0f | 8e87 0000 | 0089 5c24 | 5048 8944 | 2448 4889 
  0x00007213b854dc68: 5424 3844 | 896c 2408 | 488b e989 | 4c24 0c48 | 8b74 2440 | 8bd3 6690 

  0x00007213b854dc80: ;   {optimized virtual_call}
  0x00007213b854dc80: c5f8 77e8 

  0x00007213b854dc84: ; ImmutableOopMap {rbp=Oop [8]=NarrowOop [12]=NarrowOop [16]=Oop [24]=Oop [40]=Oop [48]=Oop [56]=Oop [64]=Oop [72]=Oop }
                      ;*invokevirtual newCapacity {reexecute=0 rethrow=0 return_oop=0}
                      ; - java.lang.AbstractStringBuilder::ensureCapacityInternal@24 (line 243)
                      ; - java.lang.AbstractStringBuilder::append@21 (line 587)
                      ; - java.lang.StringBuilder::append@2 (line 179)
                      ; - java.net.URLStreamHandler::toExternalForm@11 (line 480)
                      ; - java.net.URL::toExternalForm@5 (line 1203)
                      ; - java.net.URL::toString@1 (line 1189)
                      ; - java.lang.ClassLoader::defineClassSourceLocation@22 (line 927)
                      ; - java.lang.ClassLoader::defineClass@12 (line 1026)
  0x00007213b854dc84: f873 83ff 

  0x00007213b854dc88: ;   {other}
  0x00007213b854dc88: 0f1f 8400 | f80c 0003 | 4c8b 5424 | 4045 0fbe | 5210 c4e2 | 29f7 d048 | 8b74 2448 

  0x00007213b854dca4: ;   {static_call}
  0x00007213b854dca4: c5f8 77e8 

  0x00007213b854dca8: ; ImmutableOopMap {rbp=Oop [8]=NarrowOop [12]=NarrowOop [16]=Oop [24]=Oop [40]=Oop [48]=Oop [56]=Oop [64]=Oop }
                      ;*invokestatic copyOf {reexecute=0 rethrow=0 return_oop=1}
                      ; - java.lang.AbstractStringBuilder::ensureCapacityInternal@32 (line 242)
                      ; - java.lang.AbstractStringBuilder::append@21 (line 587)
                      ; - java.lang.StringBuilder::append@2 (line 179)
                      ; - java.net.URLStreamHandler::toExternalForm@11 (line 480)
                      ; - java.net.URL::toExternalForm@5 (line 1203)
                      ; - java.net.URL::toString@1 (line 1189)
                      ; - java.lang.ClassLoader::defineClassSourceLocation@22 (line 927)
                      ; - java.lang.ClassLoader::defineClass@12 (line 1026)
  0x00007213b854dca8: d479 83ff 

  0x00007213b854dcac: ;   {other}
  0x00007213b854dcac: 0f1f 8400 | 1c0d 0004 | 4c8b d84c | 8b54 2440 | 4589 5a14 | 49c1 ea09 | 49bb 0040 | 91ce 1372 
  0x00007213b854dccc: 0000 4788 | 2413 448b | 6c24 088b | 4c24 0c8b | 5c24 5048 | 8b54 2438 | 4c8b 5424 | 4045 0fbe 
  0x00007213b854dcec: 5210 0fbe | 7910 4c8b | 5c24 4045 | 8b5b 0c44 | 3bd7 0f85 | 5c36 0000 | 4c8b 4424 | 4045 8b48 
  0x00007213b854dd0c: 1441 3bfa | 0f85 d633 | 0000 8b79 | 1444 8b47 | 0cc4 c229 | f7eb 458b | 510c 85ed | 0f8c 262f 
  0x00007213b854dd2c: 0000 4889 | 5424 3845 | 8d1c 2845 | 3bd3 0f82 | 142f 0000 | 4585 c076 | 2a4c 8bd7 | 488d 7f10 
  0x00007213b854dd4c: 4963 d04d | 8bd1 498d | 7429 10c5 | f877 49ba | 80df d6b7 | 1372 0000 

  0x00007213b854dd64: ;   {other}
  0x00007213b854dd64: 41ff d20f | 1f84 0000 | 0000 004c | 8b54 2440 | 4101 5a0c | 4c8b 5424 | 4041 8b4a | 1444 8b59 
  0x00007213b854dd84: 0c41 8b52 | 0c45 0fbe | 4210 c442 | 3af7 d344 | 8bc2 452b | c241 ffc0 | 4585 c07e | 6e89 4c24 
  0x00007213b854dda4: 0c44 896c | 2408 ffc2 | 488b 7424 | 4066 6690 

  0x00007213b854ddb4: ;   {optimized virtual_call}
  0x00007213b854ddb4: c5f8 77e8 

  0x00007213b854ddb8: ; ImmutableOopMap {[8]=NarrowOop [12]=NarrowOop [16]=Oop [24]=Oop [40]=Oop [48]=Oop [56]=Oop [64]=Oop }
                      ;*invokevirtual newCapacity {reexecute=0 rethrow=0 return_oop=0}
                      ; - java.lang.AbstractStringBuilder::ensureCapacityInternal@24 (line 243)
                      ; - java.lang.AbstractStringBuilder::append@7 (line 806)
                      ; - java.lang.StringBuilder::append@2 (line 246)
                      ; - java.net.URLStreamHandler::toExternalForm@16 (line 480)
                      ; - java.net.URL::toExternalForm@5 (line 1203)
                      ; - java.net.URL::toString@1 (line 1189)
                      ; - java.lang.ClassLoader::defineClassSourceLocation@22 (line 927)
                      ; - java.lang.ClassLoader::defineClass@12 (line 1026)
  0x00007213b854ddb8: c472 83ff 

  0x00007213b854ddbc: ;   {other}
  0x00007213b854ddbc: 0f1f 8400 | 2c0e 0005 | 4c8b 5424 | 4045 0fbe | 5a10 c4e2 | 21f7 d044 | 8b5c 240c | 498b f390 
  0x00007213b854dddc: ;   {static_call}
  0x00007213b854dddc: c5f8 77e8 

  0x00007213b854dde0: ; ImmutableOopMap {[8]=NarrowOop [16]=Oop [24]=Oop [40]=Oop [48]=Oop [56]=Oop [64]=Oop }
                      ;*invokestatic copyOf {reexecute=0 rethrow=0 return_oop=1}
                      ; - java.lang.AbstractStringBuilder::ensureCapacityInternal@32 (line 242)
                      ; - java.lang.AbstractStringBuilder::append@7 (line 806)
                      ; - java.lang.StringBuilder::append@2 (line 246)
                      ; - java.net.URLStreamHandler::toExternalForm@16 (line 480)
                      ; - java.net.URL::toExternalForm@5 (line 1203)
                      ; - java.net.URL::toString@1 (line 1189)
                      ; - java.lang.ClassLoader::defineClassSourceLocation@22 (line 927)
                      ; - java.lang.ClassLoader::defineClass@12 (line 1026)
  0x00007213b854dde0: 9c78 83ff 

  0x00007213b854dde4: ;   {other}
  0x00007213b854dde4: 0f1f 8400 | 540e 0006 | 488b c84c | 8b54 2440 | 4189 4a14 | 49c1 ea09 | 49bb 0040 | 91ce 1372 
  0x00007213b854de04: 0000 4788 | 2413 448b | 6c24 084c | 8b54 2440 | 4180 7a10 | 000f 85d0 | 1700 0041 | 8b6a 0c44 
  0x00007213b854de24: 8d55 014c | 8b5c 2440 | 4589 530c 

  0x00007213b854de30: ; implicit exception: dispatches to 0x00007213b8552068
  0x00007213b854de30: 448b 510c | 413b ea0f | 83bf 2c00 | 00c6 4429 | 103a 418b | 5d24 85db | 7411 448b | 5314 458b 
  0x00007213b854de50: 5a0c 4585 | db0f 87dd 

  0x00007213b854de58: ;   {oop(""{0x0000000080000000})}
  0x00007213b854de58: 1a00 0048 | b900 0000 | 8000 0000 | 0044 8b51 | 1445 8b4a | 0c4c 8b54 | 2440 418b | 7214 448b 
  0x00007213b854de78: 560c 4c8b | 5c24 4045 | 0fbe 5b10 | 440f be41 | 10c4 c222 | f7fa c4c2 | 3af7 d94c | 8b54 2440 
  0x00007213b854de98: 458b 4a0c | 428d 140b | 448b d244 | 2bd7 4585 | d20f 8e93 | 0000 0089 | 5c24 5089 | 7424 0c48 
  0x00007213b854deb8: 894c 2448 | 4489 6c24 | 0848 8b74 | 2440 6690 

  0x00007213b854dec8: ;   {optimized virtual_call}
  0x00007213b854dec8: c5f8 77e8 

  0x00007213b854decc: ; ImmutableOopMap {[8]=NarrowOop [12]=NarrowOop [16]=Oop [24]=Oop [40]=Oop [48]=Oop [56]=Oop [64]=Oop [72]=Oop }
                      ;*invokevirtual newCapacity {reexecute=0 rethrow=0 return_oop=0}
                      ; - java.lang.AbstractStringBuilder::ensureCapacityInternal@24 (line 243)
                      ; - java.lang.AbstractStringBuilder::append@21 (line 587)
                      ; - java.lang.StringBuilder::append@2 (line 179)
                      ; - java.net.URLStreamHandler::toExternalForm@59 (line 483)
                      ; - java.net.URL::toExternalForm@5 (line 1203)
                      ; - java.net.URL::toString@1 (line 1189)
                      ; - java.lang.ClassLoader::defineClassSourceLocation@22 (line 927)
                      ; - java.lang.ClassLoader::defineClass@12 (line 1026)
  0x00007213b854decc: b071 83ff 

  0x00007213b854ded0: ;   {other}
  0x00007213b854ded0: 0f1f 8400 | 400f 0007 | 4c8b 5424 | 4045 0fbe | 5210 c4e2 | 29f7 d044 | 8b5c 240c | 498b f390 
  0x00007213b854def0: ;   {static_call}
  0x00007213b854def0: c5f8 77e8 

  0x00007213b854def4: ; ImmutableOopMap {[8]=NarrowOop [16]=Oop [24]=Oop [40]=Oop [48]=Oop [56]=Oop [64]=Oop [72]=Oop }
                      ;*invokestatic copyOf {reexecute=0 rethrow=0 return_oop=1}
                      ; - java.lang.AbstractStringBuilder::ensureCapacityInternal@32 (line 242)
                      ; - java.lang.AbstractStringBuilder::append@21 (line 587)
                      ; - java.lang.StringBuilder::append@2 (line 179)
                      ; - java.net.URLStreamHandler::toExternalForm@59 (line 483)
                      ; - java.net.URL::toExternalForm@5 (line 1203)
                      ; - java.net.URL::toString@1 (line 1189)
                      ; - java.lang.ClassLoader::defineClassSourceLocation@22 (line 927)
                      ; - java.lang.ClassLoader::defineClass@12 (line 1026)
  0x00007213b854def4: 8877 83ff 

  0x00007213b854def8: ;   {other}
  0x00007213b854def8: 0f1f 8400 | 680f 0008 | 4c8b 5424 | 4045 0fbe | 5a10 458b | 4a0c 488b | 4c24 4844 | 0fbe 4110 
  0x00007213b854df18: 4c8b d048 | 8b5c 2440 | 4489 5314 | 4c8b d349 | c1ea 0948 | bb00 4091 | ce13 7200 | 0046 8824 
  0x00007213b854df38: 1344 8b6c | 2408 8b5c | 2450 453b | d80f 8531 | 3200 004c | 8b54 2440 | 418b 4214 | 453b c30f 
  0x00007213b854df58: 8513 3000 | 0044 8b51 | 1441 8b4a | 0cc4 c221 | f7e9 448b | 580c 85ed | 0f8c c22b | 0000 448d 
  0x00007213b854df78: 0429 453b | d80f 82b5 | 2b00 0085 | c976 2a48 | 63d1 4d8b | da49 8d7a | 104c 8bd0 | 488d 7428 
  0x00007213b854df98: 10c5 f877 | 49ba 80df | d6b7 1372 | 0000 41ff 

  0x00007213b854dfa8: ;   {other}
  0x00007213b854dfa8: d20f 1f84 | 0000 0000 | 004c 8b54 | 2440 4103 | 5a0c 4189 | 5a0c 458b | 4528 458b | 5814 458b 
  0x00007213b854dfc8: 530c 4c8b | 5c24 4041 | 8b73 1444 | 8b4e 0c45 | 0fbe 5810 | 488b 4c24 | 400f be79 | 10c4 4222 
  0x00007213b854dfe8: f7f2 c442 | 42f7 d141 | 8d14 1e44 | 8bda 452b | da45 85db | 0f8e 8300 | 0000 4489 | 7424 4c89 
  0x00007213b854e008: 7424 4844 | 896c 2408 | 498b e844 | 8944 240c | 488b 7424 | 4066 6690 

  0x00007213b854e020: ;   {optimized virtual_call}
  0x00007213b854e020: c5f8 77e8 

  0x00007213b854e024: ; ImmutableOopMap {rbp=Oop [8]=NarrowOop [12]=NarrowOop [16]=Oop [24]=Oop [40]=Oop [48]=Oop [56]=Oop [64]=Oop [72]=NarrowOop }
                      ;*invokevirtual newCapacity {reexecute=0 rethrow=0 return_oop=0}
                      ; - java.lang.AbstractStringBuilder::ensureCapacityInternal@24 (line 243)
                      ; - java.lang.AbstractStringBuilder::append@21 (line 587)
                      ; - java.lang.StringBuilder::append@2 (line 179)
                      ; - java.net.URLStreamHandler::toExternalForm@77 (line 484)
                      ; - java.net.URL::toExternalForm@5 (line 1203)
                      ; - java.net.URL::toString@1 (line 1189)
                      ; - java.lang.ClassLoader::defineClassSourceLocation@22 (line 927)
                      ; - java.lang.ClassLoader::defineClass@12 (line 1026)
  0x00007213b854e024: 18d3 e1ff 

  0x00007213b854e028: ;   {other}
  0x00007213b854e028: 0f1f 8400 | 9810 0009 | 4c8b 5424 | 4045 0fbe | 5a10 c4e2 | 21f7 d044 | 8b5c 2448 | 498b f390 
  0x00007213b854e048: ;   {static_call}
  0x00007213b854e048: c5f8 77e8 

  0x00007213b854e04c: ; ImmutableOopMap {rbp=Oop [8]=NarrowOop [12]=NarrowOop [16]=Oop [24]=Oop [40]=Oop [48]=Oop [56]=Oop [64]=Oop }
                      ;*invokestatic copyOf {reexecute=0 rethrow=0 return_oop=1}
                      ; - java.lang.AbstractStringBuilder::ensureCapacityInternal@32 (line 242)
                      ; - java.lang.AbstractStringBuilder::append@21 (line 587)
                      ; - java.lang.StringBuilder::append@2 (line 179)
                      ; - java.net.URLStreamHandler::toExternalForm@77 (line 484)
                      ; - java.net.URL::toExternalForm@5 (line 1203)
                      ; - java.net.URL::toString@1 (line 1189)
                      ; - java.lang.ClassLoader::defineClassSourceLocation@22 (line 927)
                      ; - java.lang.ClassLoader::defineClass@12 (line 1026)
  0x00007213b854e04c: d019 e2ff 

  0x00007213b854e050: ;   {other}
  0x00007213b854e050: 0f1f 8400 | c010 000a | 4c8b d84c | 8b54 2440 | 4589 5a14 | 49c1 ea09 | 49bb 0040 | 91ce 1372 
  0x00007213b854e070: 0000 4788 | 2413 448b | 6c24 0844 | 8b44 240c | 448b 7424 | 4c4c 8b54 | 2440 410f | be4a 1045 
  0x00007213b854e090: 0fbe 5810 | 418b 5a0c | 413b cb0f | 8557 3100 | 0045 8b4a | 1444 3bd9 | 0f85 4e2f | 0000 458b 
  0x00007213b854e0b0: 4014 458b | 580c c4e2 | 71f7 eb41 | 8b59 0c85 | ed0f 8cbd | 2a00 0041 | 8d3c 2b3b | df0f 82b1 
  0x00007213b854e0d0: 2a00 0045 | 85db 762a | 4d8b d049 | 8d78 1049 | 63d3 4d8b | d149 8d74 | 2910 c5f8 | 7749 ba80 
  0x00007213b854e0f0: dfd6 b713 | 7200 0041 

  0x00007213b854e0f8: ;   {other}
  0x00007213b854e0f8: ffd2 0f1f | 8400 0000 | 0000 418b | d64c 8b54 | 2440 4103 | 520c 4189 | 520c 418b | 6d20 85ed 
  0x00007213b854e118: 0f85 4231 | 0000 418b | 6a14 448b | 550c 4c8b | 5c24 4045 | 0fbe 4310 | c442 3af7 | d244 8bc2 
  0x00007213b854e138: 452b c245 | 85c0 7e66 | 4489 6c24 | 0848 8b74 | 2440 6690 

  0x00007213b854e14c: ;   {optimized virtual_call}
  0x00007213b854e14c: c5f8 77e8 

  0x00007213b854e150: ; ImmutableOopMap {rbp=NarrowOop [8]=NarrowOop [16]=Oop [24]=Oop [40]=Oop [48]=Oop [56]=Oop [64]=Oop }
                      ;*invokevirtual newCapacity {reexecute=0 rethrow=0 return_oop=0}
                      ; - java.lang.AbstractStringBuilder::ensureCapacityInternal@24 (line 243)
                      ; - java.lang.AbstractStringBuilder::append@21 (line 587)
                      ; - java.lang.StringBuilder::append@2 (line 179)
                      ; - java.net.URLStreamHandler::toExternalForm@113 (line 485)
                      ; - java.net.URL::toExternalForm@5 (line 1203)
                      ; - java.net.URL::toString@1 (line 1189)
                      ; - java.lang.ClassLoader::defineClassSourceLocation@22 (line 927)
                      ; - java.lang.ClassLoader::defineClass@12 (line 1026)
  0x00007213b854e150: 2c6f 83ff 

  0x00007213b854e154: ;   {other}
  0x00007213b854e154: 0f1f 8400 | c411 000b | 4c8b 5424 | 4045 0fbe | 5a10 c4e2 | 21f7 d048 | 8bf5 6690 

  0x00007213b854e170: ;   {static_call}
  0x00007213b854e170: c5f8 77e8 

  0x00007213b854e174: ; ImmutableOopMap {[8]=NarrowOop [16]=Oop [24]=Oop [40]=Oop [48]=Oop [56]=Oop [64]=Oop }
                      ;*invokestatic copyOf {reexecute=0 rethrow=0 return_oop=1}
                      ; - java.lang.AbstractStringBuilder::ensureCapacityInternal@32 (line 242)
                      ; - java.lang.AbstractStringBuilder::append@21 (line 587)
                      ; - java.lang.StringBuilder::append@2 (line 179)
                      ; - java.net.URLStreamHandler::toExternalForm@113 (line 485)
                      ; - java.net.URL::toExternalForm@5 (line 1203)
                      ; - java.net.URL::toString@1 (line 1189)
                      ; - java.lang.ClassLoader::defineClassSourceLocation@22 (line 927)
                      ; - java.lang.ClassLoader::defineClass@12 (line 1026)
  0x00007213b854e174: 0875 83ff 

  0x00007213b854e178: ;   {other}
  0x00007213b854e178: 0f1f 8400 | e811 000c | 4c8b d04c | 8b5c 2440 | 4589 5314 | 4d8b d349 | c1ea 0949 | bb00 4091 
  0x00007213b854e198: ce13 7200 | 0047 8824 | 1344 8b6c | 2408 4c8b | 5424 4045 | 0fbe 5a10 | 458b 520c | 4585 db0f 
  0x00007213b854e1b8: 85db 3000 | 004c 8b5c | 2440 418b | 6b14 448b | 5d0c 4585 | d20f 8cfd | 2900 0045 | 3bda 0f82 
  0x00007213b854e1d8: f429 0000 | 418b 6d30 | 85ed 0f85 | 0c31 0000 | 4c8b 5424 | 4041 8b4a | 1444 8b59 | 0c41 0fbe 
  0x00007213b854e1f8: 6a10 458b | 520c c442 | 52f7 c345 | 8bda 452b | d845 85db | 7e75 894c | 2408 488b | 7424 4041 
  0x00007213b854e218: 8bd2 6690 

  0x00007213b854e21c: ;   {optimized virtual_call}
  0x00007213b854e21c: c5f8 77e8 

  0x00007213b854e220: ; ImmutableOopMap {[8]=NarrowOop [16]=Oop [24]=Oop [40]=Oop [48]=Oop [64]=Oop }
                      ;*invokevirtual newCapacity {reexecute=0 rethrow=0 return_oop=0}
                      ; - java.lang.AbstractStringBuilder::ensureCapacityInternal@24 (line 243)
                      ; - java.lang.AbstractStringBuilder::append@21 (line 587)
                      ; - java.lang.StringBuilder::append@2 (line 179)
                      ; - java.net.URLStreamHandler::toExternalForm@149 (line 486)
                      ; - java.net.URL::toExternalForm@5 (line 1203)
                      ; - java.net.URL::toString@1 (line 1189)
                      ; - java.lang.ClassLoader::defineClassSourceLocation@22 (line 927)
                      ; - java.lang.ClassLoader::defineClass@12 (line 1026)
  0x00007213b854e220: 5c6e 83ff 

  0x00007213b854e224: ;   {other}
  0x00007213b854e224: 0f1f 8400 | 9412 000d | 4c8b 5424 | 4045 0fbe | 5210 c4e2 | 29f7 d044 | 8b5c 2408 | 498b f390 
  0x00007213b854e244: ;   {static_call}
  0x00007213b854e244: c5f8 77e8 

  0x00007213b854e248: ; ImmutableOopMap {[16]=Oop [24]=Oop [40]=Oop [48]=Oop [64]=Oop }
                      ;*invokestatic copyOf {reexecute=0 rethrow=0 return_oop=1}
                      ; - java.lang.AbstractStringBuilder::ensureCapacityInternal@32 (line 242)
                      ; - java.lang.AbstractStringBuilder::append@21 (line 587)
                      ; - java.lang.StringBuilder::append@2 (line 179)
                      ; - java.net.URLStreamHandler::toExternalForm@149 (line 486)
                      ; - java.net.URL::toExternalForm@5 (line 1203)
                      ; - java.net.URL::toString@1 (line 1189)
                      ; - java.lang.ClassLoader::defineClassSourceLocation@22 (line 927)
                      ; - java.lang.ClassLoader::defineClass@12 (line 1026)
  0x00007213b854e248: 3474 83ff 

  0x00007213b854e24c: ;   {other}
  0x00007213b854e24c: 0f1f 8400 | bc12 000e | 4c8b 5424 | 4041 0fbe | 6a10 458b | 520c 4c8b | d84c 8b44 | 2440 4589 
  0x00007213b854e26c: 5814 4d8b | d849 c1eb | 0949 b800 | 4091 ce13 | 7200 0047 | 8824 1885 | ed0f 859d | 3000 004c 
  0x00007213b854e28c: 8b5c 2440 | 418b 6b14 

  0x00007213b854e294: ; implicit exception: dispatches to 0x00007213b8551fe8
  0x00007213b854e294: 448b 5d0c | 4585 d20f | 8c6f 2900 | 0045 3bda | 0f82 6629 | 0000 498b | 9fb8 0100 | 004c 8bd3 
  0x00007213b854e2b4: 4983 c218 | 4d3b 97c8 | 0100 000f | 83d8 1e00 | 004d 8997 | b801 0000 | 410f 0d8a | c000 0000 
  0x00007213b854e2d4: 48c7 0301 

  0x00007213b854e2d8: ;   {metadata('java/lang/String')}
  0x00007213b854e2d8: 0000 00c7 | 4308 70ea | 0000 4489 | 630c 4c89 | 6310 4c8b | 5424 4045 | 0fbe 4210 | 458b 5a14 
  0x00007213b854e2f8: 418b 4a0c | 4585 c00f | 856f 2d00 | 0045 8b4b | 0c4d 8bd3 | 4c89 5424 | 784d 8d43 | 1041 3bc9 
  0x00007213b854e318: 0f84 df08 | 0000 85c9 | 0f8c 7a31 | 0000 81f9 | 0000 1000 | 0f87 422a | 0000 4863 | f144 3bc9 
  0x00007213b854e338: 418b e90f | 4fe9 443b | cd0f 82a1 | 2a00 003b | cd0f 8299 | 2a00 0048 | 83c6 1748 | 8bd6 4883 
  0x00007213b854e358: e2f8 81f9 | 0000 1000 | 0f87 0c1f | 0000 4d8b | afb8 0100 | 004d 8bd5 | 4c03 d24d | 3b97 c801 
  0x00007213b854e378: 0000 0f83 | f21e 0000 | 4d89 97b8 | 0100 0041 | 0f0d 8ac0 | 0000 0049 | c745 0001 | 0000 0041 
  0x00007213b854e398: 0f0d 8a00 

  0x00007213b854e39c: ;   {metadata({type array byte})}
  0x00007213b854e39c: 0100 0041 | c745 0818 | 2300 0041 | 894d 0c41 | 0f0d 8a40 | 0100 0041 | 0f0d 8a80 | 0100 004d 
  0x00007213b854e3bc: 8bd5 4983 | c210 48c1 | ee03 85ed | 0f84 ae29 | 0000 3be9 | 0f8c e713 | 0000 4883 | c2f0 48c1 
  0x00007213b854e3dc: ea03 498b | f849 8bf2 | c5f8 7749 | ba00 e3d6 | b713 7200 | 0041 ffd2 

  0x00007213b854e3f4: ;   {other}
  0x00007213b854e3f4: 0f1f 8400 | 0000 0000 | 4c8b d34d | 8bc5 4489 | 4314 49c1 | ea09 49bb | 0040 91ce | 1372 0000 
  0x00007213b854e414: 4788 2413 | 488b 7424 | 1048 8b54 | 2428 488b | 4c24 1844 | 8b44 2420 | 448b 4c24 | 2448 8b7c 
  0x00007213b854e434: 2430 4889 | 1c24 6690 

  0x00007213b854e43c: ;   {static_call}
  0x00007213b854e43c: c5f8 77e8 

  0x00007213b854e440: ; ImmutableOopMap {[16]=Oop [48]=Oop }
                      ;*invokestatic defineClass1 {reexecute=0 rethrow=0 return_oop=1}
                      ; - java.lang.ClassLoader::defineClass@27 (line 1027)
  0x00007213b854e440: fca1 ddff 

  0x00007213b854e444: ;   {other}
  0x00007213b854e444: 0f1f 8400 | b414 000f | 4889 4424 | 0844 8b58 | 3c45 85db | 0f85 2e02 | 0000 4c8b | 5010 458b 
  0x00007213b854e464: 4208 4585 | c00f 8cf1 | 2c00 0044 | 8b58 2c45 | 85db 0f84 | 1011 0000 | 498b db44 | 8b4b 1445 
  0x00007213b854e484: 8b59 0c0f | be7b 10c4 | 4242 f7c3 | 458d 50ff | 85ff 0f85 | ac30 0000 | 498b c948 | 894c 2478 
  0x00007213b854e4a4: 418d 4bff | 413b ca41 | 0f4f ca85 | c97c 3266 | 0f1f 8400 | 0000 0000 | 6666 6690 | 413b cb0f 
  0x00007213b854e4c4: 83ac 2200 | 0041 807c | 0910 2e74 | 1949 8bbf | 5004 0000 | ffc9 4c8b 

  0x00007213b854e4dc: ; ImmutableOopMap {r10=Oop r9=NarrowOop rbx=Oop [8]=Oop [16]=Oop [48]=Oop [120]=Oop }
                      ;*goto {reexecute=1 rethrow=0 return_oop=0}
                      ; - (reexecute) java.lang.StringLatin1::lastIndexOf@35 (line 285)
                      ; - java.lang.String::lastIndexOf@13 (line 2573)
                      ; - java.lang.String::lastIndexOf@8 (line 2535)
                      ; - java.lang.Class::getPackageName@47 (line 1168)
                      ; - java.lang.ClassLoader::postDefineClass@2 (line 934)
                      ; - java.lang.ClassLoader::defineClass@37 (line 1028)
                      ;   {poll}
  0x00007213b854e4dc: 5424 0885 | 0785 c97d | dbb9 ffff | ffff 83f9 | ff0f 84cd | 3000 0085 | c90f 8c8d | 3000 0041 
  0x00007213b854e4fc: 3bc8 0f8f | e430 0000 | 413b c80f | 844b 0100 | 0085 c90f | 84fa 1300 | 0049 8b9f | b801 0000 
  0x00007213b854e51c: 4c8b d349 | 83c2 184d | 3b97 c801 | 0000 0f83 | b820 0000 | 4d89 97b8 | 0100 0041 | 0f0d 8ac0 
  0x00007213b854e53c: 0000 0048 | c703 0100 

  0x00007213b854e544: ;   {metadata('java/lang/String')}
  0x00007213b854e544: 0000 c743 | 0870 ea00 | 0044 8963 | 0c4c 8963 | 104d 8d51 | 1041 3bcb | 0f84 ff08 | 0000 81f9 
  0x00007213b854e564: 0000 1000 | 0f87 8e2e | 0000 4c63 | c144 3bd9 | 418b eb0f | 4fe9 443b | dd0f 82ed | 2e00 003b 
  0x00007213b854e584: cd0f 82e5 | 2e00 0049 | 83c0 1749 | 8bd0 4883 | e2f8 81f9 | 0000 1000 | 0f87 b920 | 0000 4d8b 
  0x00007213b854e5a4: afb8 0100 | 004d 8bdd | 4c03 da4d | 3b9f c801 | 0000 0f83 | 9f20 0000 | 4d89 9fb8 | 0100 0041 
  0x00007213b854e5c4: 0f0d 8bc0 | 0000 0049 | c745 0001 | 0000 0041 | 0f0d 8b00 

  0x00007213b854e5d8: ;   {metadata({type array byte})}
  0x00007213b854e5d8: 0100 0041 | c745 0818 | 2300 0041 | 894d 0c41 | 0f0d 8b40 | 0100 0041 | 0f0d 8b80 | 0100 004d 
  0x00007213b854e5f8: 8bdd 4983 | c310 49c1 | e803 85ed | 0f84 fa2d | 0000 3be9 | 0f8c 5f12 | 0000 4883 | c2f0 48c1 
  0x00007213b854e618: ea03 498b | fa49 8bf3 | c5f8 7749 | ba00 e3d6 | b713 7200 | 0041 ffd2 

  0x00007213b854e630: ;   {other}
  0x00007213b854e630: 0f1f 8400 | 0000 0000 | 4488 6310 | 4d8b d544 | 8953 144c | 8bd3 49c1 | ea09 49bb | 0040 91ce 
  0x00007213b854e650: 1372 0000 | 4788 2413 | 488b f390 

  0x00007213b854e65c: ;   {optimized virtual_call}
  0x00007213b854e65c: c5f8 77e8 

  0x00007213b854e660: ; ImmutableOopMap {[8]=Oop [16]=Oop [48]=Oop }
                      ;*invokevirtual intern {reexecute=0 rethrow=0 return_oop=1}
                      ; - java.lang.Class::getPackageName@65 (line 1169)
                      ; - java.lang.ClassLoader::postDefineClass@2 (line 934)
                      ; - java.lang.ClassLoader::defineClass@37 (line 1028)
  0x00007213b854e660: dc04 daff 

  0x00007213b854e664: ;   {other}
  0x00007213b854e664: 0f1f 8400 | d416 0011 | 4c8b d84c | 8b54 2408 | 4589 5a3c | 49c1 ea09 | 49bb 0040 | 91ce 1372 
  0x00007213b854e684: 0000 4788 | 2413 eb03 | 498b c34c | 8b54 2410 | 418b 4a38 | 85c9 0f84 | ac23 0000 | 4c8b c88b 
  0x00007213b854e6a4: 400c 4c8b | 5424 0845 | 8b42 3085 | c00f 84e0 | 0500 008b | 4928 85c9 | 0f84 2301 | 0000 8b69 
  0x00007213b854e6c4: 0c85 ed0f | 8607 2800 | 008b d0c1 | ea10 33d0 | ffcd 81e2 | ffff ff7f | 23ea 4c63 | d546 8b74 
  0x00007213b854e6e4: 9110 4585 | f60f 84f6 | 0000 0045 | 8b56 0c4d | 8bee 443b | d20f 84ca | 0200 0045 | 85d2 0f8c 
  0x00007213b854e704: 1915 0000 | 458b 5d18 | 4585 db0f | 84d0 0000 | 0049 8bdb | 498b bf50 | 0400 008b 

  0x00007213b854e720: ; ImmutableOopMap {r8=NarrowOop r9=Oop rbx=Oop [8]=Oop [16]=Oop [48]=Oop }
                      ;*if_icmpne {reexecute=1 rethrow=0 return_oop=0}
                      ; - (reexecute) java.util.concurrent.ConcurrentHashMap::get@127 (line 946)
                      ; - java.lang.ClassLoader::getNamedPackage@5 (line 341)
                      ; - java.lang.ClassLoader::postDefineClass@9 (line 934)
                      ; - java.lang.ClassLoader::defineClass@37 (line 1028)
                      ;   {poll}
  0x00007213b854e720: 4b0c 8507 | 3bca 7412 | 448b 5318 | 4585 d20f | 84b0 0000 | 0049 8bda | ebde 8b6b | 104c 8bd5 
  0x00007213b854e740: 4d3b d10f | 8491 0000 | 0085 ed0f | 847b 3000 | 0048 895c | 2448 8954 | 2440 4489 | 4424 1c4c 
  0x00007213b854e760: 894c 2438 | 4c8b 5424 | 084c 8954 | 2428 4c8b | 5424 304c | 8954 2420 | 4c8b 5424 | 104c 8954 
  0x00007213b854e780: 2408 488b | d549 8bf1 | 488b 6c24 | 2866 6690 

  0x00007213b854e790: ;   {optimized virtual_call}
  0x00007213b854e790: c5f8 77e8 

  0x00007213b854e794: ; ImmutableOopMap {rbp=Oop [8]=Oop [28]=NarrowOop [32]=Oop [56]=Oop [72]=Oop }
                      ;*invokevirtual equals {reexecute=0 rethrow=0 return_oop=0}
                      ; - java.util.concurrent.ConcurrentHashMap::get@149 (line 947)
                      ; - java.lang.ClassLoader::getNamedPackage@5 (line 341)
                      ; - java.lang.ClassLoader::postDefineClass@9 (line 934)
                      ; - java.lang.ClassLoader::defineClass@37 (line 1028)
  0x00007213b854e794: a8ec d8ff 

  0x00007213b854e798: ;   {other}
  0x00007213b854e798: 0f1f 8400 | 0818 0013 | 4d8b 9750 

  0x00007213b854e7a4: ; ImmutableOopMap {rbp=Oop [8]=Oop [28]=NarrowOop [32]=Oop [56]=Oop [72]=Oop }
                      ;*ifeq {reexecute=1 rethrow=0 return_oop=0}
                      ; - (reexecute) java.util.concurrent.ConcurrentHashMap::get@152 (line 947)
                      ; - java.lang.ClassLoader::getNamedPackage@5 (line 341)
                      ; - java.lang.ClassLoader::postDefineClass@9 (line 934)
                      ; - java.lang.ClassLoader::defineClass@37 (line 1028)
                      ;   {poll}
  0x00007213b854e7a4: 0400 0041 | 8502 85c0 | 0f84 c11d | 0000 4c8b | 5424 084c | 8954 2410 | 4c8b 5424 | 204c 8954 
  0x00007213b854e7c4: 2430 4889 | 6c24 084c | 8b4c 2438 | 448b 4424 | 1c48 8b5c | 2448 8b6b | 1485 ed0f | 8514 0300 
  0x00007213b854e7e4: 0049 8b87 | b801 0000 | 4c8b d049 | 83c2 184d | 3b97 c801 | 0000 0f83 | 0c1f 0000 | 4d89 97b8 
  0x00007213b854e804: 0100 0041 | 0f0d 8ac0 | 0000 0048 | c700 0100 

  0x00007213b854e814: ;   {metadata('java/lang/NamedPackage')}
  0x00007213b854e814: 0000 c740 | 08e0 c201 | 0044 8960 | 0c4c 8960 | 104c 894c | 2418 4489 | 4424 2048 | 8944 2428 
  0x00007213b854e834: 488b 7424 | 1866 6690 

  0x00007213b854e83c: ;   {optimized virtual_call}
  0x00007213b854e83c: c5f8 77e8 

  0x00007213b854e840: ; ImmutableOopMap {[8]=Oop [16]=Oop [24]=Oop [32]=NarrowOop [40]=Oop [48]=Oop }
                      ;*invokevirtual isEmpty {reexecute=0 rethrow=0 return_oop=0}
                      ; - java.lang.NamedPackage::<init>@5 (line 48)
                      ; - java.lang.ClassLoader::getNamedPackage@22 (line 343)
                      ; - java.lang.ClassLoader::postDefineClass@9 (line 934)
                      ; - java.lang.ClassLoader::defineClass@37 (line 1028)
  0x00007213b854e840: dcab deff 

  0x00007213b854e844: ;   {other}
  0x00007213b854e844: 0f1f 8400 | b418 0015 | 85c0 0f84 | 7d0c 0000 | 448b 5c24 | 2045 85db | 0f84 9e2c | 0000 4d8b 
  0x00007213b854e864: d34c 8954 | 2438 498b | f266 6690 

  0x00007213b854e870: ;   {optimized virtual_call}
  0x00007213b854e870: c5f8 77e8 

  0x00007213b854e874: ; ImmutableOopMap {[8]=Oop [16]=Oop [24]=Oop [32]=NarrowOop [40]=Oop [48]=Oop [56]=Oop }
                      ;*invokevirtual isNamed {reexecute=0 rethrow=0 return_oop=0}
                      ; - java.lang.NamedPackage::<init>@12 (line 48)
                      ; - java.lang.ClassLoader::getNamedPackage@22 (line 343)
                      ; - java.lang.ClassLoader::postDefineClass@9 (line 934)
                      ; - java.lang.ClassLoader::defineClass@37 (line 1028)
  0x00007213b854e874: 0868 83ff 

  0x00007213b854e878: ;   {other}
  0x00007213b854e878: 0f1f 8400 | e818 0016 | 85c0 0f84 | 490c 0000 | 498b 87b8 | 0100 004c | 8bd0 4983 | c228 4d3b 
  0x00007213b854e898: 97c8 0100 | 000f 8392 | 1e00 004d | 8997 b801 | 0000 410f | 0d8a c000 | 0000 48c7 | 0001 0000 
  0x00007213b854e8b8: ;   {metadata('java/lang/InternalError')}
  0x00007213b854e8b8: 00c7 4008 | 3009 0100 | 4489 600c | 4c89 6010 | 4c89 6018 | 4c89 6020 | 4889 4424 | 5049 8b87 
  0x00007213b854e8d8: b801 0000 | 4c8b d049 | 83c2 184d | 3b97 c801 | 0000 0f83 | 651e 0000 | 4d89 97b8 | 0100 0041 
  0x00007213b854e8f8: 0f0d 8ac0 | 0000 0048 | c700 0100 

  0x00007213b854e904: ;   {metadata('java/lang/StringBuilder')}
  0x00007213b854e904: 0000 c740 | 0838 8200 | 0044 8960 | 0c4c 8960 | 1048 8be8 | 488b f590 

  0x00007213b854e91c: ;   {optimized virtual_call}
  0x00007213b854e91c: c5f8 77e8 

  0x00007213b854e920: ; ImmutableOopMap {rbp=Oop [8]=Oop [16]=Oop [24]=Oop [32]=NarrowOop [40]=Oop [48]=Oop [56]=Oop [80]=Oop }
                      ;*invokespecial <init> {reexecute=0 rethrow=0 return_oop=0}
                      ; - java.lang.NamedPackage::<init>@26 (line 49)
                      ; - java.lang.ClassLoader::getNamedPackage@22 (line 343)
                      ; - java.lang.ClassLoader::postDefineClass@9 (line 934)
                      ; - java.lang.ClassLoader::defineClass@37 (line 1028)
  0x00007213b854e920: 5c67 83ff 

  0x00007213b854e924: ;   {other}
  0x00007213b854e924: 0f1f 8400 | 9419 0017 

  0x00007213b854e92c: ;   {oop("unnamed package in  "{0x000000008006cac0})}
  0x00007213b854e92c: 48ba c0ca | 0680 0000 | 0000 488b | f54c 8b54 | 2450 4c89 | 5424 4890 

  0x00007213b854e944: ;   {optimized virtual_call}
  0x00007213b854e944: c5f8 77e8 

  0x00007213b854e948: ; ImmutableOopMap {[8]=Oop [16]=Oop [24]=Oop [32]=NarrowOop [40]=Oop [48]=Oop [56]=Oop [72]=Oop [80]=Oop }
                      ;*invokevirtual append {reexecute=0 rethrow=0 return_oop=1}
                      ; - java.lang.NamedPackage::<init>@31 (line 49)
                      ; - java.lang.ClassLoader::getNamedPackage@22 (line 343)
                      ; - java.lang.ClassLoader::postDefineClass@9 (line 934)
                      ; - java.lang.ClassLoader::defineClass@37 (line 1028)
  0x00007213b854e948: 3467 83ff 

  0x00007213b854e94c: ;   {other}
  0x00007213b854e94c: 0f1f 8400 | bc19 0018 | 4885 c00f | 84bb 2b00 | 0048 8bf0 | 488b 5424 | 384c 8b54 | 2448 4c89 
  0x00007213b854e96c: 5424 3890 

  0x00007213b854e970: ;   {optimized virtual_call}
  0x00007213b854e970: c5f8 77e8 

  0x00007213b854e974: ; ImmutableOopMap {[8]=Oop [16]=Oop [24]=Oop [32]=NarrowOop [40]=Oop [48]=Oop [56]=Oop [72]=Oop }
                      ;*invokevirtual append {reexecute=0 rethrow=0 return_oop=1}
                      ; - java.lang.NamedPackage::<init>@35 (line 49)
                      ; - java.lang.ClassLoader::getNamedPackage@22 (line 343)
                      ; - java.lang.ClassLoader::postDefineClass@9 (line 934)
                      ; - java.lang.ClassLoader::defineClass@37 (line 1028)
  0x00007213b854e974: 0867 83ff 

  0x00007213b854e978: ;   {other}
  0x00007213b854e978: 0f1f 8400 | e819 0019 | 4885 c00f | 84a7 2b00 | 0048 8bf0 

  0x00007213b854e98c: ;   {optimized virtual_call}
  0x00007213b854e98c: c5f8 77e8 

  0x00007213b854e990: ; ImmutableOopMap {[8]=Oop [16]=Oop [24]=Oop [32]=NarrowOop [40]=Oop [48]=Oop [56]=Oop }
                      ;*invokevirtual toString {reexecute=0 rethrow=0 return_oop=1}
                      ; - java.lang.NamedPackage::<init>@38 (line 49)
                      ; - java.lang.ClassLoader::getNamedPackage@22 (line 343)
                      ; - java.lang.ClassLoader::postDefineClass@9 (line 934)
                      ; - java.lang.ClassLoader::defineClass@37 (line 1028)
  0x00007213b854e990: ec66 83ff 

  0x00007213b854e994: ;   {other}
  0x00007213b854e994: 0f1f 8400 | 041a 001a | 488b 7424 | 3848 8bd0 

  0x00007213b854e9a4: ;   {optimized virtual_call}
  0x00007213b854e9a4: c5f8 77e8 

  0x00007213b854e9a8: ; ImmutableOopMap {[8]=Oop [16]=Oop [24]=Oop [32]=NarrowOop [40]=Oop [48]=Oop [56]=Oop }
                      ;*invokespecial <init> {reexecute=0 rethrow=0 return_oop=0}
                      ; - java.lang.NamedPackage::<init>@41 (line 49)
                      ; - java.lang.ClassLoader::getNamedPackage@22 (line 343)
                      ; - java.lang.ClassLoader::postDefineClass@9 (line 934)
                      ; - java.lang.ClassLoader::defineClass@37 (line 1028)
  0x00007213b854e9a8: d466 83ff 

  0x00007213b854e9ac: ;   {other}
  0x00007213b854e9ac: 0f1f 8400 | 1c1a 001b | 488b 7424 | 38c5 f877 | 4881 c4a0 | 0000 005d 

  0x00007213b854e9c4: ;   {runtime_call _rethrow_Java}
  0x00007213b854e9c4: e937 458f | ff41 8b6e | 104c 8bd5 | 4d3b d10f | 8414 0100 | 0044 8b5d | 084c 8bd5 | 4d3b ca0f 
  0x00007213b854e9e4: 8404 0100 

  0x00007213b854e9e8: ;   {metadata('java/lang/String')}
  0x00007213b854e9e8: 0041 81fb | 70ea 0000 | 0f85 b233 | 0000 450f | be59 1041 | 0fbe 6a10 | 443b dd0f | 851b 2c00 
  0x00007213b854ea08: 0045 8b5a | 1445 8b51 | 1441 8b7b | 0c41 8b4a | 0c3b cf0f | 85e7 fcff | ff49 8bdb | 498d 7310 
  0x00007213b854ea28: 4d8b da49 | 8d7a 1085 | c90f 849d | 0000 008b | c183 e01f | 83e1 e00f | 844b 0000 | 0048 8d3c 
  0x00007213b854ea48: 0f48 8d34 | 0e48 f7d9 | c5fe 6f04 | 0fc5 fe6f | 0c0e c5fd | efc1 c4e2 | 7d17 c00f | 8572 0000 
  0x00007213b854ea68: 0048 83c1 | 2075 e185 | c00f 845d | 0000 00c5 | fe6f 4407 | e0c5 fe6f | 4c06 e0c5 | fdef c1c4 
  0x00007213b854ea88: e27d 17c0 | 754d eb44 | 8bc8 83e1 | fc74 1948 | 8d3c 0f48 | 8d34 0e48 | f7d9 8b1c | 0f3b 1c0e 
  0x00007213b854eaa8: 7531 4883 | c104 75f2 | a802 7412 | 0fb7 1f0f | b70e 3bd9 | 751d 488d | 7f02 488d | 7602 a801 
  0x00007213b854eac8: 740a 0fb6 | 1f0f b60e | 3bd9 7507 | b801 0000 | 00eb 0233 | c0c5 fdef | c0c5 f5ef | c985 c00f 
  0x00007213b854eae8: ;   {no_reloc}
  0x00007213b854eae8: 841b fcff | ff41 8b6e | 1485 ed0f | 84ec fcff | ff44 8b55 | 0849 bb00 | 0000 6213 | 7200 004d 
  0x00007213b854eb08: 03da 4d8b 

  0x00007213b854eb0c: ;   {metadata('java/lang/NamedPackage')}
  0x00007213b854eb0c: 5338 49bb | e0c2 0162 | 1372 0000 | 4d3b d30f | 8523 2300 | 004c 8b54 | 2430 458b | 5210 458b 
  0x00007213b854eb2c: 4214 4585 | c00f 8567 | 0200 0045 | 8b5a 1045 | 85db 0f85 | be17 0000 | 488b 4424 | 08c5 f877 
  0x00007213b854eb4c: 4881 c4a0 | 0000 005d 

  0x00007213b854eb54: ;   {poll_return}
  0x00007213b854eb54: 493b a748 | 0400 000f | 87bd 3a00 | 00c3 4863 | d681 fe00 | 0010 000f | 873a 1c00 | 004c 8bd5 
  0x00007213b854eb74: 498b afb8 | 0100 004c | 8d42 1749 | 83e0 f848 | 8bcd 4903 | c849 3b8f | c801 0000 | 0f83 121c 
  0x00007213b854eb94: 0000 4989 | 8fb8 0100 | 000f 0d89 | c000 0000 | 48c7 4500 | 0100 0000 | 0f0d 8900 

  0x00007213b854ebb0: ;   {metadata({type array byte})}
  0x00007213b854ebb0: 0100 00c7 | 4508 1823 | 0000 8975 | 0c0f 0d89 | 4001 0000 | 0f0d 8980 | 0100 0048 | 8bf5 4883 
  0x00007213b854ebd0: c610 4883 | c207 48c1 | ea03 498b | fbc5 f877 | 49ba 00e3 | d6b7 1372 | 0000 41ff 

  0x00007213b854ebec: ;   {other}
  0x00007213b854ebec: d20f 1f84 | 0000 0000 | 004c 8bf5 | e987 eeff | ff49 63d1 | 4181 f900 | 0010 000f | 8743 1c00 
  0x00007213b854ec0c: 0049 8baf | b801 0000 | 4c8d 5217 | 4983 e2f8 | 488b cd49 | 03ca 493b | 8fc8 0100 | 000f 8321 
  0x00007213b854ec2c: 1c00 0049 | 898f b801 | 0000 0f0d | 89c0 0000 | 0048 c745 | 0001 0000 | 000f 0d89 | 0001 0000 
  0x00007213b854ec4c: ;   {metadata({type array byte})}
  0x00007213b854ec4c: c745 0818 | 2300 0044 | 894d 0c0f | 0d89 4001 | 0000 0f0d | 8980 0100 | 0048 8bf5 | 4883 c610 
  0x00007213b854ec6c: 4883 c207 | 48c1 ea03 | 498b f8c5 | f877 49ba | 00e3 d6b7 | 1372 0000 

  0x00007213b854ec84: ;   {other}
  0x00007213b854ec84: 41ff d20f | 1f84 0000 | 0000 004c | 8bed e965 | f7ff ff45 | 0fb6 5111 | 4585 d20f | 85c5 0b00 
  0x00007213b854eca4: 0045 0fbe | 5110 4585 | d20f 85a9 | 2900 0044 | 8944 2424 | 4c89 4c24 | 1845 8b51 | 1448 8be9 
  0x00007213b854ecc4: 894c 2420 | 498b f290 

  0x00007213b854eccc: ;   {static_call}
  0x00007213b854eccc: c5f8 77e8 

  0x00007213b854ecd0: ; ImmutableOopMap {rbp=Oop [8]=Oop [16]=Oop [24]=Oop [32]=NarrowOop [36]=NarrowOop [48]=Oop }
                      ;*invokestatic hashCode {reexecute=0 rethrow=0 return_oop=0}
                      ; - java.lang.String::hashCode@27 (line 2369)
                      ; - java.util.concurrent.ConcurrentHashMap::get@1 (line 936)
                      ; - java.lang.ClassLoader::getNamedPackage@5 (line 341)
                      ; - java.lang.ClassLoader::postDefineClass@9 (line 934)
                      ; - java.lang.ClassLoader::defineClass@37 (line 1028)
  0x00007213b854ecd0: ece5 e1ff 

  0x00007213b854ecd4: ;   {other}
  0x00007213b854ecd4: 0f1f 8400 | 441d 001c | 85c0 0f84 | 3a0c 0000 | 4c8b 4c24 | 1841 8941 | 0c8b 4c24 | 2044 8b44 
  0x00007213b854ecf4: 2424 e9bc | f9ff ff45 | 8b5a 0c45 | 8b42 0849 | 63d3 498b | ea48 c1e2 | 0241 81fb | 0000 0400 
  0x00007213b854ed14: 0f87 b21b | 0000 4d8b | b7b8 0100 | 004c 8d4a | 1749 83e1 | f849 8bce | 4903 c949 | 3b8f c801 
  0x00007213b854ed34: 0000 0f83 | 901b 0000 | 4989 8fb8 | 0100 000f | 0d89 c000 | 0000 49c7 | 0601 0000 | 0045 8946 
  0x00007213b854ed54: 0845 895e | 0c0f 0d89 | 0001 0000 | 0f0d 8940 | 0100 000f | 0d89 8001 | 0000 498d | 7a10 498b 
  0x00007213b854ed74: f648 83c6 | 1048 83c2 | 0748 c1ea | 03c5 f877 | 49ba 00e3 | d6b7 1372 | 0000 41ff 

  0x00007213b854ed90: ;   {other}
  0x00007213b854ed90: d20f 1f84 | 0000 0000 | 00e9 2fed | ffff 458b | 480c 418b | 7808 498b | e849 63c9 | 48c1 e102 
  0x00007213b854edb0: 4181 f900 | 0004 000f | 87b8 1b00 | 0049 8b9f | b801 0000 | 4c8d 5117 | 4983 e2f8 | 4c8b db4d 
  0x00007213b854edd0: 03da 4d3b | 9fc8 0100 | 000f 8396 | 1b00 004d | 899f b801 | 0000 410f | 0d8b c000 | 0000 48c7 
  0x00007213b854edf0: 0301 0000 | 0089 7b08 | 4489 4b0c | 410f 0d8b | 0001 0000 | 410f 0d8b | 4001 0000 | 410f 0d8b 
  0x00007213b854ee10: 8001 0000 | 498d 7810 | 488b f348 | 83c6 1048 | 83c1 0748 | c1e9 0348 | 8bd1 c5f8 | 7749 ba00 
  0x00007213b854ee30: e3d6 b713 | 7200 0041 

  0x00007213b854ee38: ;   {other}
  0x00007213b854ee38: ffd2 0f1f | 8400 0000 | 0000 488b | 7424 0848 | 8bd3 6690 

  0x00007213b854ee4c: ;   {optimized virtual_call}
  0x00007213b854ee4c: c5f8 77e8 

  0x00007213b854ee50: ; ImmutableOopMap {[8]=Oop }
                      ;*invokevirtual setSigners {reexecute=0 rethrow=0 return_oop=0}
                      ; - java.lang.ClassLoader::setSigners@2 (line 1318)
                      ; - java.lang.ClassLoader::postDefineClass@35 (line 939)
                      ; - java.lang.ClassLoader::defineClass@37 (line 1028)
  0x00007213b854ee50: 6c72 deff 

  0x00007213b854ee54: ;   {other}
  0x00007213b854ee54: 0f1f 8400 | c41e 001d | e9e3 fcff | ff49 63d3 | 4181 fb00 | 0010 000f | 875f 1b00 | 0049 8baf 
  0x00007213b854ee74: b801 0000 | 4c8d 4217 | 4983 e0f8 | 488b cd49 | 03c8 493b | 8fc8 0100 | 000f 833d | 1b00 0049 
  0x00007213b854ee94: 898f b801 | 0000 0f0d | 89c0 0000 | 0048 c745 | 0001 0000 | 000f 0d89 | 0001 0000 

  0x00007213b854eeb0: ;   {metadata({type array byte})}
  0x00007213b854eeb0: c745 0818 | 2300 0044 | 895d 0c0f | 0d89 4001 | 0000 0f0d | 8980 0100 | 0048 8bf5 | 4883 c610 
  0x00007213b854eed0: 4883 c207 | 48c1 ea03 | 498b fac5 | f877 49ba | 00e3 d6b7 | 1372 0000 

  0x00007213b854eee8: ;   {other}
  0x00007213b854eee8: 41ff d20f | 1f84 0000 | 0000 004c | 8bed e93d | f7ff ff41 | ffc0 453b | c27c 3645 | 33c0 e9ba 
  0x00007213b854ef08: 0200 0044 | 3bd2 0f85 | 2c28 0000 | 458d 4aff | 453b ca0f | 83af 2700 | 0085 d20f | 86a7 2700 
  0x00007213b854ef28: 0044 8d4a | ff44 3bca | 0f83 d227 | 0000 4533 | c047 8b5c | 8610 458b | 4b08 418b | 4d10 443b 
  0x00007213b854ef48: d974 b08b 

  0x00007213b854ef4c: ;   {metadata('sun/security/x509/X509CertImpl')}
  0x00007213b854ef4c: 7908 4181 | f910 08ed | 000f 85ad | 2c00 004d | 8bcb 458b | 4920 c4c1 | 796e c948 

  0x00007213b854ef68: ;   {metadata('sun/security/x509/X509CertImpl')}
  0x00007213b854ef68: 8be9 81ff | 1008 ed00 | 0f85 1e2d | 0000 8b5d | 20c4 c1f9 | 6ec1 488b | f349 8bf9 | 483b fe0f 
  0x00007213b854ef88: 84cb 0000 | 0048 85ff | 0f84 c900 | 0000 4885 | f60f 84c0 | 0000 008b | 4f0c 3b4e | 0c0f 85b4 
  0x00007213b854efa8: 0000 0085 | c90f 84a5 | 0000 0048 | 8d7f 1048 | 8d76 108b | c183 e01f | 83e1 e00f | 844b 0000 
  0x00007213b854efc8: 0048 8d3c | 0f48 8d34 | 0e48 f7d9 | c5fe 6f1c | 0fc5 fe6f | 140e c5e5 | efda c4e2 | 7d17 db0f 
  0x00007213b854efe8: 8572 0000 | 0048 83c1 | 2075 e185 | c00f 845d | 0000 00c5 | fe6f 5c07 | e0c5 fe6f | 5406 e0c5 
  0x00007213b854f008: e5ef dac4 | e27d 17db | 754d eb44 | 8bc8 83e1 | fc74 1948 | 8d3c 0f48 | 8d34 0e48 | f7d9 8b1c 
  0x00007213b854f028: 0f3b 1c0e | 7531 4883 | c104 75f2 | a802 7412 | 0fb7 1f0f | b70e 3bd9 | 751d 488d | 7f02 488d 
  0x00007213b854f048: 7602 a801 | 740a 0fb6 | 1f0f b60e | 3bd9 7507 | b801 0000 | 00eb 0233 | c0c5 e5ef | dbc5 edef 
  0x00007213b854f068: ;   {no_reloc}
  0x00007213b854f068: d285 c00f | 858a feff | ffb9 0100 | 0000 3bca | 0f8d fa26 | 0000 41b9 | 0100 0000 | 0f1f 8400 
  0x00007213b854f088: 0000 0000 | 6666 6690 | 438b 5c8d | 1044 3bdb | 0f84 5dfe | ffff 8b4b | 0848 8beb 

  0x00007213b854f0a4: ;   {metadata('sun/security/x509/X509CertImpl')}
  0x00007213b854f0a4: 81f9 1008 | ed00 0f85 | e72b 0000 | 8b4d 2048 | 8bf1 c4e1 | f97e c748 | 3bfe 0f84 | cb00 0000 
  0x00007213b854f0c4: 4885 ff0f | 84c9 0000 | 0048 85f6 | 0f84 c000 | 0000 8b4f | 0c3b 4e0c | 0f85 b400 | 0000 85c9 
  0x00007213b854f0e4: 0f84 a500 | 0000 488d | 7f10 488d | 7610 8bc1 | 83e0 1f83 | e1e0 0f84 | 4b00 0000 | 488d 3c0f 
  0x00007213b854f104: 488d 340e | 48f7 d9c5 | fe6f 1c0f | c5fe 6f14 | 0ec5 e5ef | dac4 e27d | 17db 0f85 | 7200 0000 
  0x00007213b854f124: 4883 c120 | 75e1 85c0 | 0f84 5d00 | 0000 c5fe | 6f5c 07e0 | c5fe 6f54 | 06e0 c5e5 | efda c4e2 
  0x00007213b854f144: 7d17 db75 | 4deb 448b | c883 e1fc | 7419 488d | 3c0f 488d | 340e 48f7 | d98b 1c0f | 3b1c 0e75 
  0x00007213b854f164: 3148 83c1 | 0475 f2a8 | 0274 120f | b71f 0fb7 | 0e3b d975 | 1d48 8d7f | 0248 8d76 | 02a8 0174 
  0x00007213b854f184: 0a0f b61f | 0fb6 0e3b | d975 07b8 | 0100 0000 | eb02 33c0 | c5e5 efdb | c5ed efd2 

  0x00007213b854f1a0: ;   {no_reloc}
  0x00007213b854f1a0: 85c0 0f85 | 53fd ffff | 41ff c144 | 3bca 0f8c | dcfe ffff | e9c5 2500 | 0041 ffc0 | 443b c20f 
  0x00007213b854f1c0: 8d7a e9ff | ff47 8b4c | 8510 458b | 5908 418b | 6e10 443b | cd74 e28b 

  0x00007213b854f1d8: ;   {metadata('sun/security/x509/X509CertImpl')}
  0x00007213b854f1d8: 4d08 4181 | fb10 08ed | 000f 8575 | 2a00 0048 | 8bdd 4d8b | d945 8b5b | 20c4 c179 

  0x00007213b854f1f4: ;   {metadata('sun/security/x509/X509CertImpl')}
  0x00007213b854f1f4: 6ec3 81f9 | 1008 ed00 | 0f85 d22a | 0000 448b | 5b20 c5f9 | 7ec1 488b | e949 8bf3 | 488b fd48 
  0x00007213b854f214: 3bfe 0f84 | cb00 0000 | 4885 ff0f | 84c9 0000 | 0048 85f6 | 0f84 c000 | 0000 8b4f | 0c3b 4e0c 
  0x00007213b854f234: 0f85 b400 | 0000 85c9 | 0f84 a500 | 0000 488d | 7f10 488d | 7610 8bc1 | 83e0 1f83 | e1e0 0f84 
  0x00007213b854f254: 4b00 0000 | 488d 3c0f | 488d 340e | 48f7 d9c5 | fe6f 0c0f | c5fe 6f14 | 0ec5 f5ef | cac4 e27d 
  0x00007213b854f274: 17c9 0f85 | 7200 0000 | 4883 c120 | 75e1 85c0 | 0f84 5d00 | 0000 c5fe | 6f4c 07e0 | c5fe 6f54 
  0x00007213b854f294: 06e0 c5f5 | efca c4e2 | 7d17 c975 | 4deb 448b | c883 e1fc | 7419 488d | 3c0f 488d | 340e 48f7 
  0x00007213b854f2b4: d98b 1c0f | 3b1c 0e75 | 3148 83c1 | 0475 f2a8 | 0274 120f | b71f 0fb7 | 0e3b d975 | 1d48 8d7f 
  0x00007213b854f2d4: 0248 8d76 | 02a8 0174 | 0a0f b61f | 0fb6 0e3b | d975 07b8 | 0100 0000 | eb02 33c0 | c5f5 efc9 
  0x00007213b854f2f4: ;   {no_reloc}
  0x00007213b854f2f4: c5ed efd2 | 85c0 0f85 | b9fe ffff | 41bb 0100 | 0000 453b | da0f 8d23 | 0100 0090 | 438b 7c9e 
  0x00007213b854f314: 1044 3bcf | 0f84 9bfe | ffff 8b4f | 0848 8bdf 

  0x00007213b854f324: ;   {metadata('sun/security/x509/X509CertImpl')}
  0x00007213b854f324: 81f9 1008 | ed00 0f85 | a729 0000 | 8b4b 2048 | 8bf1 488b | fd48 3bfe | 0f84 cb00 | 0000 4885 
  0x00007213b854f344: ff0f 84c9 | 0000 0048 | 85f6 0f84 | c000 0000 | 8b4f 0c3b | 4e0c 0f85 | b400 0000 | 85c9 0f84 
  0x00007213b854f364: a500 0000 | 488d 7f10 | 488d 7610 | 8bc1 83e0 | 1f83 e1e0 | 0f84 4b00 | 0000 488d | 3c0f 488d 
  0x00007213b854f384: 340e 48f7 | d9c5 fe6f | 140f c5fe | 6f0c 0ec5 | edef d1c4 | e27d 17d2 | 0f85 7200 | 0000 4883 
  0x00007213b854f3a4: c120 75e1 | 85c0 0f84 | 5d00 0000 | c5fe 6f54 | 07e0 c5fe | 6f4c 06e0 | c5ed efd1 | c4e2 7d17 
  0x00007213b854f3c4: d275 4deb | 448b c883 | e1fc 7419 | 488d 3c0f | 488d 340e | 48f7 d98b | 1c0f 3b1c | 0e75 3148 
  0x00007213b854f3e4: 83c1 0475 | f2a8 0274 | 120f b71f | 0fb7 0e3b | d975 1d48 | 8d7f 0248 | 8d76 02a8 | 0174 0a0f 
  0x00007213b854f404: b61f 0fb6 | 0e3b d975 | 07b8 0100 | 0000 eb02 | 33c0 c5ed | efd2 c5f5 | efc9 85c0 

  0x00007213b854f420: ;   {no_reloc}
  0x00007213b854f420: 0f85 93fd | ffff 41ff | c345 3bda | 0f8c defe | ffff be45 | ffff ff48 | 8b6c 2410 | 4c8b 4c24 
  0x00007213b854f440: 284c 894c | 2410 4c8b | 4c24 304c | 894c 2428 | 4c89 7424 | 304c 896c | 2438 8954 | 2440 4489 
  0x00007213b854f460: 4424 4444 | 895c 2448 | 4489 5424 | 4c66 6690 

  0x00007213b854f470: ;   {runtime_call UncommonTrapBlob}
  0x00007213b854f470: c5f8 77e8 

  0x00007213b854f474: ; ImmutableOopMap {rbp=Oop [8]=Oop [16]=Oop [24]=Oop [40]=Oop [48]=Oop [56]=Oop }
                      ;*if_icmpge {reexecute=1 rethrow=0 return_oop=0}
                      ; - (reexecute) java.lang.ClassLoader::compareCerts@152 (line 1209)
                      ; - java.lang.ClassLoader::checkCerts@80 (line 1172)
                      ; - java.lang.ClassLoader::preDefineClass@113 (line 917)
                      ; - java.lang.ClassLoader::defineClass@4 (line 1025)
  0x00007213b854f474: 88ae 83ff 

  0x00007213b854f478: ;   {other}
  0x00007213b854f478: 0f1f 8400 | e824 001e | 4c8b 5424 | 1045 8b5a | 344d 8bd3 | 4c89 5424 | 30e9 0ee4 | ffff 33db 
  0x00007213b854f498: e97b efff | ff49 8bf2 | 6690 c5f8 | 7748 b8ff | ffff ffff 

  0x00007213b854f4ac: ;   {virtual_call}
  0x00007213b854f4ac: ffff ffe8 

  0x00007213b854f4b0: ; ImmutableOopMap {[16]=Oop [24]=Oop [40]=Oop [48]=Oop }
                      ;*invokevirtual toExternalForm {reexecute=0 rethrow=0 return_oop=1}
                      ; - java.net.URL::toExternalForm@5 (line 1203)
                      ; - java.net.URL::toString@1 (line 1189)
                      ; - java.lang.ClassLoader::defineClassSourceLocation@22 (line 927)
                      ; - java.lang.ClassLoader::defineClass@12 (line 1026)
  0x00007213b854f4b0: cc5e 83ff 

  0x00007213b854f4b4: ;   {other}
  0x00007213b854f4b4: 0f1f 8400 | 2425 001f | 488b d8e9 | 54ef ffff | 4533 db44 | 895c 2470 | e96e e6ff | ff48 8b74 
  0x00007213b854f4d4: 2418 6690 

  0x00007213b854f4d8: ;   {optimized virtual_call}
  0x00007213b854f4d8: c5f8 77e8 

  0x00007213b854f4dc: ; ImmutableOopMap {[8]=Oop [16]=Oop [24]=Oop [32]=NarrowOop [40]=Oop [48]=Oop }
                      ;*invokevirtual intern {reexecute=0 rethrow=0 return_oop=1}
                      ; - java.lang.NamedPackage::<init>@47 (line 51)
                      ; - java.lang.ClassLoader::getNamedPackage@22 (line 343)
                      ; - java.lang.ClassLoader::postDefineClass@9 (line 934)
                      ; - java.lang.ClassLoader::defineClass@37 (line 1028)
  0x00007213b854f4dc: 60f6 d9ff 

  0x00007213b854f4e0: ;   {other}
  0x00007213b854f4e0: 0f1f 8400 | 5025 0020 | 4c8b 4424 | 2844 8b4c | 2420 4589 | 4810 4c8b | d845 8958 | 0c4d 8bd0 
  0x00007213b854f500: 49c1 ea09 | 49bb 0040 | 91ce 1372 | 0000 4788 | 2413 4c8b | 5c24 1045 | 8b53 3845 | 85d2 0f84 
  0x00007213b854f520: 7c21 0000 | 498b f248 | 8b54 2418 | 498b c890 

  0x00007213b854f530: ;   {optimized virtual_call}
  0x00007213b854f530: c5f8 77e8 

  0x00007213b854f534: ; ImmutableOopMap {[8]=Oop [16]=Oop [32]=NarrowOop [40]=Oop [48]=Oop }
                      ;*invokevirtual putIfAbsent {reexecute=0 rethrow=0 return_oop=1}
                      ; - java.lang.ClassLoader::getNamedPackage@32 (line 345)
                      ; - java.lang.ClassLoader::postDefineClass@9 (line 934)
                      ; - java.lang.ClassLoader::defineClass@37 (line 1028)
  0x00007213b854f534: 0814 eaff 

  0x00007213b854f538: ;   {other}
  0x00007213b854f538: 0f1f 8400 | a825 0021 | 4885 c00f | 84d8 f5ff | ff44 8b50 | 0849 bb00 | 0000 6213 | 7200 004d 
  0x00007213b854f558: 03da 4d8b 

  0x00007213b854f55c: ;   {metadata('java/lang/NamedPackage')}
  0x00007213b854f55c: 5338 49bb | e0c2 0162 | 1372 0000 | 4d3b d30f | 8447 2100 | 00be deff | ffff 488b | e866 6690 
  0x00007213b854f57c: ;   {runtime_call UncommonTrapBlob}
  0x00007213b854f57c: c5f8 77e8 

  0x00007213b854f580: ; ImmutableOopMap {rbp=Oop }
                      ;*checkcast {reexecute=0 rethrow=0 return_oop=0}
                      ; - java.lang.ClassLoader::getNamedPackage@35 (line 345)
                      ; - java.lang.ClassLoader::postDefineClass@9 (line 934)
                      ; - java.lang.ClassLoader::defineClass@37 (line 1028)
  0x00007213b854f580: 7cad 83ff 

  0x00007213b854f584: ;   {other}
  0x00007213b854f584: 0f1f 8400 | f425 0022 | 488b f048 | 8be8 6690 

  0x00007213b854f594: ;   {optimized virtual_call}
  0x00007213b854f594: c5f8 77e8 

  0x00007213b854f598: ; ImmutableOopMap {rbp=Oop [8]=Oop [16]=Oop [48]=Oop }
                      ;*invokevirtual initClassName {reexecute=0 rethrow=0 return_oop=1}
                      ; - java.lang.Class::getName@14 (line 948)
                      ; - java.lang.Class::getPackageName@40 (line 1167)
                      ; - java.lang.ClassLoader::postDefineClass@2 (line 934)
                      ; - java.lang.ClassLoader::defineClass@37 (line 1028)
  0x00007213b854f598: a42a daff 

  0x00007213b854f59c: ;   {other}
  0x00007213b854f59c: 0f1f 8400 | 0c26 0023 | 488b d848 | 85c0 0f85 | cfee ffff | bef6 ffff | ff66 6690 

  0x00007213b854f5b8: ;   {runtime_call UncommonTrapBlob}
  0x00007213b854f5b8: c5f8 77e8 

  0x00007213b854f5bc: ; ImmutableOopMap {}
                      ;*invokevirtual lastIndexOf {reexecute=0 rethrow=0 return_oop=0}
                      ; - java.lang.Class::getPackageName@47 (line 1168)
                      ; - java.lang.ClassLoader::postDefineClass@2 (line 934)
                      ; - java.lang.ClassLoader::defineClass@37 (line 1028)
  0x00007213b854f5bc: 40ad 83ff 

  0x00007213b854f5c0: ;   {other}
  0x00007213b854f5c0: 0f1f 8400 | 3026 0024 | 498b dde9 | d4e4 ffff | 4533 ede9 | b9e2 ffff | 4533 c044 | 8944 2470 
  0x00007213b854f5e0: e93e e3ff | ffbb ffff | ffff e9f0 | e1ff ff4c | 8954 2450 | 4c8b 5424 | 384c 8954 | 2448 4489 
  0x00007213b854f600: 6c24 404c | 8b54 2430 | 4c89 5424 | 384c 8b54 | 2410 4c89 | 5424 0848 | 8b6c 2428 | 488b 7424 
  0x00007213b854f620: 5066 6690 

  0x00007213b854f624: ;   {optimized virtual_call}
  0x00007213b854f624: c5f8 77e8 

  0x00007213b854f628: ; ImmutableOopMap {rbp=Oop [8]=Oop [24]=Oop [56]=Oop [64]=NarrowOop [72]=Oop [80]=Oop }
                      ;*invokevirtual isLatin1 {reexecute=0 rethrow=0 return_oop=0}
                      ; - java.lang.AbstractStringBuilder::append@46 (line 810)
                      ; - java.lang.StringBuilder::append@2 (line 246)
                      ; - java.net.URLStreamHandler::toExternalForm@16 (line 480)
                      ; - java.net.URL::toExternalForm@5 (line 1203)
                      ; - java.net.URL::toString@1 (line 1189)
                      ; - java.lang.ClassLoader::defineClassSourceLocation@22 (line 927)
                      ; - java.lang.ClassLoader::defineClass@12 (line 1026)
  0x00007213b854f628: 545a 83ff 

  0x00007213b854f62c: ;   {other}
  0x00007213b854f62c: 0f1f 8400 | 9c26 0025 | 85c0 0f85 | ca05 0000 | 4c8b 5424 | 5045 8b5a | 1441 8b52 | 0c49 8bf3 
  0x00007213b854f64c: 448d 5a01 | 4589 5a0c | b93a 0000 | 0066 6690 

  0x00007213b854f65c: ;   {static_call}
  0x00007213b854f65c: c5f8 77e8 

  0x00007213b854f660: ; ImmutableOopMap {rbp=Oop [8]=Oop [24]=Oop [56]=Oop [64]=NarrowOop [72]=Oop [80]=Oop }
                      ;*invokestatic putCharSB {reexecute=0 rethrow=0 return_oop=0}
                      ; - java.lang.AbstractStringBuilder::append@72 (line 813)
                      ; - java.lang.StringBuilder::append@2 (line 246)
                      ; - java.net.URLStreamHandler::toExternalForm@16 (line 480)
                      ; - java.net.URL::toExternalForm@5 (line 1203)
                      ; - java.net.URL::toString@1 (line 1189)
                      ; - java.lang.ClassLoader::defineClassSourceLocation@22 (line 927)
                      ; - java.lang.ClassLoader::defineClass@12 (line 1026)
  0x00007213b854f660: 1c60 83ff 

  0x00007213b854f664: ;   {other}
  0x00007213b854f664: 0f1f 8400 | d426 0026 | 4889 6c24 | 284c 8b54 | 2408 4c89 | 5424 104c | 8b54 2438 | 4c89 5424 
  0x00007213b854f684: 3044 8b6c | 2440 4c8b | 5424 484c | 8954 2438 | 4c8b 5424 | 504c 8954 | 2440 e99f | e7ff ff4c 
  0x00007213b854f6a4: 8b54 2440 | 4c89 5424 | 5048 8954 | 2448 4489 | 6c24 404c | 8b54 2430 | 4c89 5424 | 384c 8b54 
  0x00007213b854f6c4: 2410 4c89 | 5424 0848 | 8b6c 2428 | 488b 7424 | 5066 6690 

  0x00007213b854f6d8: ;   {optimized virtual_call}
  0x00007213b854f6d8: c5f8 77e8 

  0x00007213b854f6dc: ; ImmutableOopMap {rbp=Oop [8]=Oop [24]=Oop [56]=Oop [64]=NarrowOop [72]=Oop [80]=Oop }
                      ;*invokevirtual appendNull {reexecute=0 rethrow=0 return_oop=1}
                      ; - java.lang.AbstractStringBuilder::append@5 (line 584)
                      ; - java.lang.StringBuilder::append@2 (line 179)
                      ; - java.net.URLStreamHandler::toExternalForm@11 (line 480)
                      ; - java.net.URL::toExternalForm@5 (line 1203)
                      ; - java.net.URL::toString@1 (line 1189)
                      ; - java.lang.ClassLoader::defineClassSourceLocation@22 (line 927)
                      ; - java.lang.ClassLoader::defineClass@12 (line 1026)
  0x00007213b854f6dc: a059 83ff 

  0x00007213b854f6e0: ;   {other}
  0x00007213b854f6e0: 0f1f 8400 | 5027 0027 | 4889 6c24 | 284c 8b54 | 2408 4c89 | 5424 104c | 8b54 2438 | 4c89 5424 
  0x00007213b854f700: 3044 8b6c | 2440 4c8b | 5424 484c | 8954 2438 | 4c8b 5424 | 504c 8954 | 2440 e959 | e6ff ff48 
  0x00007213b854f720: 63d5 4c8d | 5210 498b | ca48 83e1 | f849 8bfe | 4803 f949 | c1ea 034d | 2bc2 498b | c848 33c0 
  0x00007213b854f740: 4883 f908 | 7f10 48ff | c978 4f48 | 8904 cf48 | ffc9 7df7 | eb44 c5fd | efc0 e90d | 0000 00c5 
  0x00007213b854f760: fe7f 07c5 | fe7f 4720 | 4883 c740 | 4883 e908 | 7ded 4883 | c104 7c0c | c5fe 7f07 | 4883 c720 
  0x00007213b854f780: 4883 e904 | 4883 c104 | 7e10 48ff | c9c5 f9d6 | 0748 83c7 | 0848 ffc9 | 7df3 498b | fb49 8bf1 
  0x00007213b854f7a0: c5f8 7749 | bac0 ded6 | b713 7200 | 0041 ffd2 

  0x00007213b854f7b0: ;   {other}
  0x00007213b854f7b0: 0f1f 8400 | 0000 0000 | e9c7 e2ff | ff48 63d5 | 4c8d 5a10 | 4d8b cb49 | 83e1 f849 | 8bfd 4903 
  0x00007213b854f7d0: f949 c1eb | 0349 2bf3 | 488b ce48 | 33c0 4883 | f908 7f10 | 48ff c978 | 4f48 8904 | cf48 ffc9 
  0x00007213b854f7f0: 7df7 eb44 | c5fd efc0 | e90d 0000 | 00c5 fe7f | 07c5 fe7f | 4720 4883 | c740 4883 | e908 7ded 
  0x00007213b854f810: 4883 c104 | 7c0c c5fe | 7f07 4883 | c720 4883 | e904 4883 | c104 7e10 | 48ff c9c5 | f9d6 0748 
  0x00007213b854f830: 83c7 0848 | ffc9 7df3 | 498b f849 | 8bf2 c5f8 | 7749 bac0 | ded6 b713 | 7200 0041 

  0x00007213b854f84c: ;   {other}
  0x00007213b854f84c: ffd2 0f1f | 8400 0000 | 0000 e9a1 

  0x00007213b854f858: ;   {oop(""{0x0000000080000000})}
  0x00007213b854f858: ebff ff48 | bb00 0000 | 8000 0000 | 00e9 3ae2 | ffff 33c0 | e946 eeff | ff48 63d5 | 4c8d 4a10 
  0x00007213b854f878: 498b c948 | 83e1 f849 | 8bfd 4803 | f949 c1e9 | 034d 2bc1 | 498b c848 | 33c0 4883 | f908 7f10 
  0x00007213b854f898: 48ff c978 | 4f48 8904 | cf48 ffc9 | 7df7 eb44 | c5fd efc0 | e90d 0000 | 00c5 fe7f | 07c5 fe7f 
  0x00007213b854f8b8: 4720 4883 | c740 4883 | e908 7ded | 4883 c104 | 7c0c c5fe | 7f07 4883 | c720 4883 | e904 4883 
  0x00007213b854f8d8: c104 7e10 | 48ff c9c5 | f9d6 0748 | 83c7 0848 | ffc9 7df3 | 498b fa49 | 8bf3 c5f8 | 7749 bac0 
  0x00007213b854f8f8: ded6 b713 | 7200 0041 

  0x00007213b854f900: ;   {other}
  0x00007213b854f900: ffd2 0f1f | 8400 0000 | 0000 e929 

  0x00007213b854f90c: ;   {oop(""{0x0000000080000000})}
  0x00007213b854f90c: edff ff48 | bb00 0000 | 8000 0000 | 00e9 3aed | ffff 4c8b | 4c24 1841 | c641 1101 | 33c0 8b4c 
  0x00007213b854f92c: 2420 448b | 4424 24e9 | 7fed ffff | 440f be5b | 1044 8b43 | 1445 8b50 | 0cc4 4222 | f7c2 4183 
  0x00007213b854f94c: c002 4585 | c00f 8c09 | 2200 00c4 | c221 f7d0 | 81fa 0000 | 1000 0f87 | f021 0000 | 4c63 d248 
  0x00007213b854f96c: 8beb 81fa | 0000 1000 | 0f87 161f | 0000 4d8b | 8fb8 0100 | 0049 83c2 | 1749 83e2 | f84d 8bc1 
  0x00007213b854f98c: 4d03 c24d | 3b87 c801 | 0000 0f83 | f41e 0000 | 4d89 87b8 | 0100 0041 | 0f0d 88c0 | 0000 0049 
  0x00007213b854f9ac: c701 0100 | 0000 410f | 0d88 0001 

  0x00007213b854f9b8: ;   {metadata({type array byte})}
  0x00007213b854f9b8: 0000 41c7 | 4108 1823 | 0000 4189 | 510c 410f | 0d88 4001 | 0000 410f | 0d88 8001 | 0000 4585 
  0x00007213b854f9d8: db0f 8412 | 0200 0041 | ba2f 0000 | 0066 4589 | 5110 41b8 | 2f00 0000 | 6645 8941 | 1241 ba04 
  0x00007213b854f9f8: 0000 004b | 8d7c 1110 | 448b 4314 | 418b 500c | 4d8b d04d | 8d50 1080 | 7b10 000f | 845d 0100 
  0x00007213b854fa18: 004d 8bc2 | 4c8b d74c | 894c 2458 | 4489 5c24 | 504c 8b5c | 2440 4c89 | 5c24 484c | 8b5c 2438 
  0x00007213b854fa38: 4c89 5c24 | 4044 896c | 2438 d1fa | 4863 d249 | 8bf8 498b | f2c5 f877 | 49ba 60e0 | d6b7 1372 
  0x00007213b854fa58: 0000 41ff 

  0x00007213b854fa5c: ;   {other}
  0x00007213b854fa5c: d20f 1f84 | 0000 0000 | 0044 8b6c | 2438 4c8b | 5424 404c | 8954 2438 | 4c8b 5424 | 484c 8954 
  0x00007213b854fa7c: 2440 448b | 5c24 504c | 8b4c 2458 | e996 0000 | 0049 8bf2 | 8bca 83e1 | 0f83 e2f0 | 741c 488d 
  0x00007213b854fa9c: 3416 488d | 3c57 48f7 | dac4 e27d | 3004 16c5 | fe7f 0457 | 4883 c210 | 75ef 8bd1 | 83e1 0783 
  0x00007213b854fabc: e2f8 7427 | c4e2 7930 | 06c5 fa7f | 0748 83c6 | 0848 83c7 | 10e9 1100 | 0000 c4e2 | 7930 0416 
  0x00007213b854fadc: c5fa 7f04 | 5748 83c2 | 0875 ef8b | d183 fa04 | 7c19 c5f9 | 6e06 c4e2 | 7930 c0c5 | f9d6 0748 
  0x00007213b854fafc: 83ea 0448 | 83c6 0448 | 83c7 0885 | d274 1848 | 8d34 1648 | 8d3c 5748 | f7da 0fb6 | 0c16 6689 
  0x00007213b854fb1c: 0c57 48ff | c275 f349 | 8b87 b801 | 0000 4c8b | d049 83c2 | 184d 3b97 | c801 0000 | 0f83 c21c 
  0x00007213b854fb3c: 0000 4d89 | 97b8 0100 | 0041 0f0d | 8ac0 0000 | 0048 c700 | 0100 0000 

  0x00007213b854fb54: ;   {metadata('java/lang/String')}
  0x00007213b854fb54: c740 0870 | ea00 0044 | 8960 0c4c | 8960 1048 | 8bc8 4488 | 5910 4d8b | d944 8959 | 14e9 efe2 
  0x00007213b854fb74: ffff 4585 | db0f 850e | ffff ff4d | 8bc2 4c8b | d74c 894c | 2458 4489 | 5c24 504c | 8b5c 2440 
  0x00007213b854fb94: 4c89 5c24 | 484c 8b5c | 2438 4c89 | 5c24 4044 | 896c 2438 | 4863 d249 | 8bf8 498b | f2c5 f877 
  0x00007213b854fbb4: 49ba c0de | d6b7 1372 | 0000 41ff 

  0x00007213b854fbc0: ;   {other}
  0x00007213b854fbc0: d20f 1f84 | 0000 0000 | 0044 8b6c | 2438 4c8b | 5424 404c | 8954 2438 | 4c8b 5424 | 484c 8954 
  0x00007213b854fbe0: 2440 448b | 5c24 504c | 8b4c 2458 | e932 ffff | ff41 c641 | 102f 41c6 | 4111 2f41 | ba02 0000 
  0x00007213b854fc00: 00e9 f5fd | ffff 488b | 7424 5090 

  0x00007213b854fc0c: ;   {optimized virtual_call}
  0x00007213b854fc0c: c5f8 77e8 

  0x00007213b854fc10: ; ImmutableOopMap {rbp=Oop [8]=Oop [24]=Oop [56]=Oop [64]=NarrowOop [72]=Oop [80]=Oop }
                      ;*invokevirtual inflate {reexecute=0 rethrow=0 return_oop=0}
                      ; - java.lang.AbstractStringBuilder::append@53 (line 811)
                      ; - java.lang.StringBuilder::append@2 (line 246)
                      ; - java.net.URLStreamHandler::toExternalForm@16 (line 480)
                      ; - java.net.URL::toExternalForm@5 (line 1203)
                      ; - java.net.URL::toString@1 (line 1189)
                      ; - java.lang.ClassLoader::defineClassSourceLocation@22 (line 927)
                      ; - java.lang.ClassLoader::defineClass@12 (line 1026)
  0x00007213b854fc10: 6c54 83ff 

  0x00007213b854fc14: ;   {other}
  0x00007213b854fc14: 0f1f 8400 | 842c 0028 | e91b faff | ff45 8b5e 

  0x00007213b854fc24: ;   {metadata('java/util/concurrent/ConcurrentHashMap$ForwardingNode')}
  0x00007213b854fc24: 0841 81fb | c8b6 1800 | 0f85 861f | 0000 4489 | 4424 1c4c | 894c 2438 | 4c8b 5424 | 084c 8954 
  0x00007213b854fc44: 2428 4c8b | 5424 304c | 8954 2420 | 4c8b 5424 | 104c 8954 | 2408 498b | f549 8bc9 | 488b 6c24 
  0x00007213b854fc64: 2866 6690 

  0x00007213b854fc68: ;   {optimized virtual_call}
  0x00007213b854fc68: c5f8 77e8 

  0x00007213b854fc6c: ; ImmutableOopMap {rbp=Oop [8]=Oop [28]=NarrowOop [32]=Oop [40]=Oop [56]=Oop }
                      ;*invokevirtual find {reexecute=0 rethrow=0 return_oop=1}
                      ; - java.util.concurrent.ConcurrentHashMap::get@93 (line 944)
                      ; - java.lang.ClassLoader::getNamedPackage@5 (line 341)
                      ; - java.lang.ClassLoader::postDefineClass@9 (line 934)
                      ; - java.lang.ClassLoader::defineClass@37 (line 1028)
  0x00007213b854fc6c: 1054 83ff 

  0x00007213b854fc70: ;   {other}
  0x00007213b854fc70: 0f1f 8400 | e02c 0029 | 4885 c00f | 84c7 0c00 | 008b 6814 | 85ed 0f84 | bc0c 0000 | 4c8b 5424 
  0x00007213b854fc90: 084c 8954 | 2410 4c8b | 5424 204c | 8954 2430 | 4c8b 5424 | 284c 8954 | 2408 e94a | eeff ff44 
  0x00007213b854fcb0: 0fb7 5510 | 4183 fa6a | 0f85 cedb | ffff 440f | b755 1241 | 83fa 610f | 85bf dbff | ff44 0fb7 
  0x00007213b854fcd0: 5514 4183 | fa76 0f85 | b0db ffff | 440f b755 | 1641 83fa | 610f 85a1 | dbff ff44 | 0fb7 5518 
  0x00007213b854fcf0: 4183 fa2e | 0f85 92db | ffff e973 | dbff ff48 | 8bf2 6690 

  0x00007213b854fd04: ;   {optimized virtual_call}
  0x00007213b854fd04: c5f8 77e8 

  0x00007213b854fd08: ; ImmutableOopMap {rbp=NarrowOop [8]=Oop [16]=Oop [24]=Oop [40]=Oop }
                      ;*invokevirtual length {reexecute=0 rethrow=0 return_oop=0}
                      ; - java.lang.String::indexOf@30 (line 2462)
                      ; - java.lang.String::indexOf@3 (line 2405)
                      ; - java.lang.ClassLoader::checkName@16 (line 1157)
                      ; - java.lang.ClassLoader::preDefineClass@1 (line 900)
                      ; - java.lang.ClassLoader::defineClass@4 (line 1025)
  0x00007213b854fd08: 7453 83ff 

  0x00007213b854fd0c: ;   {other}
  0x00007213b854fd0c: 0f1f 8400 | 7c2d 002a | 488b f5ba | 2f00 0000 | 33c9 448b | c048 8b6c | 2410 6690 

  0x00007213b854fd28: ;   {static_call}
  0x00007213b854fd28: c5f8 77e8 

  0x00007213b854fd2c: ; ImmutableOopMap {rbp=Oop [8]=Oop [16]=Oop [24]=Oop [40]=Oop }
                      ;*invokestatic indexOf {reexecute=0 rethrow=0 return_oop=0}
                      ; - java.lang.String::indexOf@33 (line 2462)
                      ; - java.lang.String::indexOf@3 (line 2405)
                      ; - java.lang.ClassLoader::checkName@16 (line 1157)
                      ; - java.lang.ClassLoader::preDefineClass@1 (line 900)
                      ; - java.lang.ClassLoader::defineClass@4 (line 1025)
  0x00007213b854fd2c: 5059 83ff 

  0x00007213b854fd30: ;   {other}
  0x00007213b854fd30: 0f1f 8400 | a02d 002b | 8bd8 e9a0 | daff ff49 | 8b87 b801 | 0000 4c8b | d049 83c2 | 1849 8bcb 
  0x00007213b854fd50: 4d3b 97c8 | 0100 000f | 83c1 1b00 | 004d 8997 | b801 0000 | 410f 0d8a | c000 0000 | 48c7 0001 
  0x00007213b854fd70: ;   {metadata('java/util/ArrayList')}
  0x00007213b854fd70: 0000 00c7 | 4008 b0b2 | 0b00 4489 | 600c 4489 

  0x00007213b854fd80: ;   {oop(a 'java/lang/Object'[0] {0x00000000807bf328})}
  0x00007213b854fd80: 6010 c740 | 1428 f37b | 804c 8bd8 | 458b 480c | 4585 c90f | 86f0 0000 | 0045 33c9 | eb2f 6690 
  0x00007213b854fda0: 4889 6c24 | 284c 8b54 | 2408 4c89 | 5424 104c | 8b6c 2440 | 4c8b 5424 | 484c 8954 | 2430 488b 
  0x00007213b854fdc0: 5c24 5048 | 8b4c 2458 | 4c8b 5c24 | 6041 8b78 | 0c44 3bcf | 0f83 0e1d | 0000 478b | 4488 1045 
  0x00007213b854fde0: 8b50 1045 | 8b52 1044 | 894c 243c | 4c89 5c24 | 6048 894c | 2458 4889 | 5c24 504c | 8b5c 2430 
  0x00007213b854fe00: 4c89 5c24 | 484c 896c | 2440 4c8b | 5c24 104c | 895c 2408 | 488b 6c24 | 2849 8bd2 | 488b 7424 
  0x00007213b854fe20: 6066 6690 

  0x00007213b854fe24: ;   {optimized virtual_call}
  0x00007213b854fe24: c5f8 77e8 

  0x00007213b854fe28: ; ImmutableOopMap {rbp=Oop [8]=Oop [24]=Oop [56]=NarrowOop [64]=Oop [72]=Oop [80]=Oop [88]=Oop [96]=Oop }
                      ;*invokevirtual addAll {reexecute=0 rethrow=0 return_oop=0}
                      ; - java.security.CodeSource::getCertificates@57 (line 212)
                      ; - java.lang.ClassLoader::checkCerts@34 (line 1168)
                      ; - java.lang.ClassLoader::preDefineClass@113 (line 917)
                      ; - java.lang.ClassLoader::defineClass@4 (line 1025)
  0x00007213b854fe28: 5452 83ff 

  0x00007213b854fe2c: ;   {other}
  0x00007213b854fe2c: 0f1f 8400 | 9c2e 002c | 4d8b 9f50 | 0400 0044 | 8b54 2438 | 458b 4210 | 448b 4c24 

  0x00007213b854fe48: ; ImmutableOopMap {r8=NarrowOop rbp=Oop [8]=Oop [24]=Oop [56]=NarrowOop [64]=Oop [72]=Oop [80]=Oop [88]=Oop [96]=Oop }
                      ;*goto {reexecute=1 rethrow=0 return_oop=0}
                      ; - (reexecute) java.security.CodeSource::getCertificates@64 (line 211)
                      ; - java.lang.ClassLoader::checkCerts@34 (line 1168)
                      ; - java.lang.ClassLoader::preDefineClass@113 (line 917)
                      ; - java.lang.ClassLoader::defineClass@4 (line 1025)
  0x00007213b854fe48: 3c41 ffc1 

  0x00007213b854fe4c: ;   {poll}
  0x00007213b854fe4c: 4185 0345 | 8b58 0c45 | 3bcb 0f8c | 44ff ffff | 4889 6c24 | 284c 8b54 | 2408 4c89 | 5424 104c 
  0x00007213b854fe6c: 8b6c 2440 | 4c8b 5424 | 484c 8954 | 2430 488b | 5c24 5048 | 8b4c 2458 | 4c8b 5c24 | 6049 8b87 
  0x00007213b854fe8c: b801 0000 | 4c8b d049 | 83c2 104d | 3b97 c801 | 0000 0f83 | 041b 0000 | 4d89 97b8 | 0100 0041 
  0x00007213b854feac: 0f0d 8ac0 | 0000 0048 | c700 0100 | 0000 410f | 0d8a 0001 

  0x00007213b854fec0: ;   {metadata('java/security/cert/Certificate'[])}
  0x00007213b854fec0: 0000 c740 | 08c8 5210 | 0041 0f0d | 8a40 0100 | 0044 8960 | 0c41 0f0d | 8a80 0100 | 0048 8b6c 
  0x00007213b854fee0: 2428 4c8b | 5424 104c | 8954 2408 | 448b 5424 | 7044 8954 | 243c 4c89 | 6c24 4048 | 895c 2448 
  0x00007213b854ff00: 4889 4c24 | 504c 895c | 2458 488b | d048 8b74 | 2458 6690 

  0x00007213b854ff14: ;   {optimized virtual_call}
  0x00007213b854ff14: c5f8 77e8 

  0x00007213b854ff18: ; ImmutableOopMap {rbp=Oop [8]=Oop [24]=Oop [48]=Oop [56]=NarrowOop [64]=Oop [72]=Oop [80]=Oop }
                      ;*invokevirtual toArray {reexecute=0 rethrow=0 return_oop=1}
                      ; - java.security.CodeSource::getCertificates@73 (line 215)
                      ; - java.lang.ClassLoader::checkCerts@34 (line 1168)
                      ; - java.lang.ClassLoader::preDefineClass@113 (line 917)
                      ; - java.lang.ClassLoader::defineClass@4 (line 1025)
  0x00007213b854ff18: 6451 83ff 

  0x00007213b854ff1c: ;   {other}
  0x00007213b854ff1c: 0f1f 8400 | 8c2f 002e | 488b c844 

  0x00007213b854ff28: ;   {metadata('java/security/cert/Certificate'[])}
  0x00007213b854ff28: 8b58 0841 | 81fb c852 | 1000 0f85 | fc1d 0000 | 448b 490c | 4c8b 5424 | 504d 63d9 | 49c1 ea09 
  0x00007213b854ff48: 49b8 0040 | 91ce 1372 | 0000 4788 | 2410 49c1 | e302 4c8b | d144 8b44 | 2438 4589 | 5014 4181 
  0x00007213b854ff68: f900 0004 | 000f 8786 | 1a00 0049 | 8b9f b801 | 0000 4d8d | 5317 4983 | e2f8 4c8b | c34d 03c2 
  0x00007213b854ff88: 4d3b 87c8 | 0100 000f | 8364 1a00 | 004d 8987 | b801 0000 | 410f 0d88 | c000 0000 | 48c7 0301 
  0x00007213b854ffa8: 0000 0041 | 0f0d 8800 

  0x00007213b854ffb0: ;   {metadata('java/security/cert/Certificate'[])}
  0x00007213b854ffb0: 0100 00c7 | 4308 c852 | 1000 4489 | 4b0c 410f | 0d88 4001 | 0000 410f | 0d88 8001 | 0000 488b 
  0x00007213b854ffd0: f948 83c7 | 1048 8bf3 | 4883 c610 | 4983 c307 | 49c1 eb03 | 498b d3c5 | f877 49ba | 00e3 d6b7 
  0x00007213b854fff0: 1372 0000 

  0x00007213b854fff4: ;   {other}
  0x00007213b854fff4: 41ff d20f | 1f84 0000 | 0000 004c | 8bd3 4889 | 6c24 284c | 8b5c 2408 | 4c89 5c24 | 1044 8b5c 
  0x00007213b8550014: 243c 4489 | 5c24 704c | 8b6c 2440 | 488b 5c24 | 484d 8bf2 | e9a0 daff | ff44 8954 | 2454 8974 
  0x00007213b8550034: 2450 4489 | 4c24 4c44 | 8b5c 2438 | 4489 5c24 | 484c 8b54 | 2430 4c89 | 5424 404c | 896c 2438 
  0x00007213b8550054: 4c8b 5424 | 284c 8954 

  0x00007213b855005c: ;   {metadata('java/lang/String')}
  0x00007213b855005c: 2408 48be | 70ea 0062 | 1372 0000 

  0x00007213b8550068: ;   {runtime_call _new_instance_Java}
  0x00007213b8550068: c5f8 77e8 

  0x00007213b855006c: ; ImmutableOopMap {rbp=Oop [8]=Oop [16]=Oop [24]=Oop [56]=Oop [64]=Oop [72]=NarrowOop [76]=NarrowOop }
                      ;*new {reexecute=0 rethrow=0 return_oop=1}
                      ; - java.lang.StringLatin1::newString@7 (line 752)
                      ; - java.lang.String::substring@41 (line 2839)
                      ; - java.lang.ClassLoader::checkCerts@21 (line 1164)
                      ; - java.lang.ClassLoader::preDefineClass@113 (line 917)
                      ; - java.lang.ClassLoader::defineClass@4 (line 1025)
  0x00007213b855006c: 90dc 8eff 

  0x00007213b8550070: ;   {other}
  0x00007213b8550070: 0f1f 8400 | e030 002f | 4c8b 5424 | 084c 8954 | 2428 4c8b | 6c24 384c | 8b54 2440 | 4c89 5424 
  0x00007213b8550090: 3044 8b54 | 2448 4489 | 5424 3844 | 8b4c 244c | 8b74 2450 | 448b 5424 | 5448 8bd8 | e9e6 d8ff 
  0x00007213b85500b0: ff48 8954 | 2448 4489 | 6c24 404c | 8b54 2430 | 4c89 5424 | 384c 8b54 | 2410 4c89 | 5424 0848 
  0x00007213b85500d0: 8b6c 2428 

  0x00007213b85500d4: ;   {metadata('java/lang/StringBuilder')}
  0x00007213b85500d4: 48be 3882 | 0062 1372 | 0000 6690 

  0x00007213b85500e0: ;   {runtime_call _new_instance_Java}
  0x00007213b85500e0: c5f8 77e8 

  0x00007213b85500e4: ; ImmutableOopMap {rbp=Oop [8]=Oop [24]=Oop [56]=Oop [64]=NarrowOop [72]=Oop }
                      ;*new {reexecute=0 rethrow=0 return_oop=1}
                      ; - java.net.URLStreamHandler::toExternalForm@0 (line 480)
                      ; - java.net.URL::toExternalForm@5 (line 1203)
                      ; - java.net.URL::toString@1 (line 1189)
                      ; - java.lang.ClassLoader::defineClassSourceLocation@22 (line 927)
                      ; - java.lang.ClassLoader::defineClass@12 (line 1026)
  0x00007213b85500e4: 18dc 8eff 

  0x00007213b85500e8: ;   {other}
  0x00007213b85500e8: 0f1f 8400 | 5831 0030 | 4889 6c24 | 284c 8b54 | 2408 4c89 | 5424 104c | 8b54 2438 | 4c89 5424 
  0x00007213b8550108: 3044 8b6c | 2440 4c8b | 5424 4849 | 8bd2 e992 | daff ff4c | 8b54 2440 | 4c89 5424 | 5048 8954 
  0x00007213b8550128: 2448 4489 | 6c24 404c | 8b54 2430 | 4c89 5424 | 384c 8b54 | 2410 4c89 | 5424 0848 | 8b6c 2428 
  0x00007213b8550148: ;   {metadata({type array byte})}
  0x00007213b8550148: 48be 1823 | 0062 1372 | 0000 ba10 | 0000 0090 

  0x00007213b8550158: ;   {runtime_call _new_array_Java}
  0x00007213b8550158: c5f8 77e8 

  0x00007213b855015c: ; ImmutableOopMap {rbp=Oop [8]=Oop [24]=Oop [56]=Oop [64]=NarrowOop [72]=Oop [80]=Oop }
                      ;*newarray {reexecute=0 rethrow=0 return_oop=1}
                      ; - java.lang.AbstractStringBuilder::<init>@12 (line 101)
                      ; - java.lang.StringBuilder::<init>@3 (line 106)
                      ; - java.net.URLStreamHandler::toExternalForm@4 (line 480)
                      ; - java.net.URL::toExternalForm@5 (line 1203)
                      ; - java.net.URL::toString@1 (line 1189)
                      ; - java.lang.ClassLoader::defineClassSourceLocation@22 (line 927)
                      ; - java.lang.ClassLoader::defineClass@12 (line 1026)
  0x00007213b855015c: 20b8 8eff 

  0x00007213b8550160: ;   {other}
  0x00007213b8550160: 0f1f 8400 | d031 0031 | 4889 6c24 | 284c 8b54 | 2408 4c89 | 5424 104c | 8b54 2438 | 4c89 5424 
  0x00007213b8550180: 3044 8b6c | 2440 4c8b | 5424 484c | 8b5c 2450 | 4c89 5c24 | 4049 8bd2 | e974 daff 

  0x00007213b855019c: ;   {metadata('java/lang/String')}
  0x00007213b855019c: ff48 be70 | ea00 6213 | 7200 0090 

  0x00007213b85501a8: ;   {runtime_call _new_instance_Java}
  0x00007213b85501a8: c5f8 77e8 

  0x00007213b85501ac: ; ImmutableOopMap {[16]=Oop [24]=Oop [40]=Oop [48]=Oop [64]=Oop }
                      ;*new {reexecute=0 rethrow=0 return_oop=1}
                      ; - java.lang.StringBuilder::toString@0 (line 475)
                      ; - java.net.URLStreamHandler::toExternalForm@152 (line 486)
                      ; - java.net.URL::toExternalForm@5 (line 1203)
                      ; - java.net.URL::toString@1 (line 1189)
                      ; - java.lang.ClassLoader::defineClassSourceLocation@22 (line 927)
                      ; - java.lang.ClassLoader::defineClass@12 (line 1026)
  0x00007213b85501ac: 50db 8eff 

  0x00007213b85501b0: ;   {other}
  0x00007213b85501b0: 0f1f 8400 | 2032 0032 | 488b d8e9 | 2ae1 ffff | 4889 5424 | 684c 8944 | 2460 4c89 | 5c24 5848 
  0x00007213b85501d0: 895c 2450 | 4489 5424 | 4c44 8b5c | 2438 4489 | 5c24 484c | 8b54 2430 | 4c89 5424 | 404c 896c 
  0x00007213b85501f0: 2438 448b | 5424 7044 | 8954 2430 | 4c8b 5424 | 284c 8954 

  0x00007213b8550204: ;   {metadata({type array byte})}
  0x00007213b8550204: 2408 48be | 1823 0062 | 1372 0000 | 8b54 244c 

  0x00007213b8550214: ;   {runtime_call _new_array_nozero_Java}
  0x00007213b8550214: c5f8 77e8 

  0x00007213b8550218: ; ImmutableOopMap {[8]=Oop [16]=Oop [24]=Oop [56]=Oop [64]=Oop [72]=NarrowOop [80]=Oop [128]=Oop [88]=Derived_oop_[128] }
                      ;*newarray {reexecute=0 rethrow=0 return_oop=1}
                      ; - java.util.Arrays::copyOfRangeByte@10 (line 3863)
                      ; - java.util.Arrays::copyOfRange@13 (line 3854)
                      ; - java.lang.StringLatin1::newString@16 (line 752)
                      ; - java.lang.String::substring@41 (line 2839)
                      ; - java.lang.ClassLoader::checkCerts@21 (line 1164)
                      ; - java.lang.ClassLoader::preDefineClass@113 (line 917)
                      ; - java.lang.ClassLoader::defineClass@4 (line 1025)
  0x00007213b8550218: 64a8 8eff 

  0x00007213b855021c: ;   {other}
  0x00007213b855021c: 0f1f 8400 | 8c32 0033 | 4c8b 5424 | 084c 8954 | 2428 448b | 5c24 3044 | 895c 2470 | 4c8b 6c24 
  0x00007213b855023c: 384c 8b54 | 2440 4c89 | 5424 3044 | 8b54 2448 | 4489 5424 | 3844 8b54 | 244c 488b | 5c24 504c 
  0x00007213b855025c: 8b5c 2458 | 4c8b 4424 | 6048 8b54 | 2468 4c8b | f0e9 d0d7 | ffff 4889 | 5424 6048 | 8974 2458 
  0x00007213b855027c: 4c89 4424 | 5089 4c24 | 4848 895c | 2440 4c8b | 5424 304c | 8954 2438 | 448b 5c24 | 7044 895c 
  0x00007213b855029c: 2430 4c8b | 5424 284c | 8954 2408 

  0x00007213b85502a8: ;   {metadata({type array byte})}
  0x00007213b85502a8: 48be 1823 | 0062 1372 | 0000 8bd1 

  0x00007213b85502b4: ;   {runtime_call _new_array_nozero_Java}
  0x00007213b85502b4: c5f8 77e8 

  0x00007213b85502b8: ; ImmutableOopMap {[8]=Oop [16]=Oop [24]=Oop [56]=Oop [64]=Oop [120]=Oop [80]=Derived_oop_[120] }
                      ;*newarray {reexecute=0 rethrow=0 return_oop=1}
                      ; - java.util.Arrays::copyOfRangeByte@10 (line 3863)
                      ; - java.util.Arrays::copyOfRange@13 (line 3854)
                      ; - java.lang.String::<init>@32 (line 4788)
                      ; - java.lang.String::<init>@3 (line 1507)
                      ; - java.lang.StringBuilder::toString@5 (line 475)
                      ; - java.net.URLStreamHandler::toExternalForm@152 (line 486)
                      ; - java.net.URL::toExternalForm@5 (line 1203)
                      ; - java.net.URL::toString@1 (line 1189)
                      ; - java.lang.ClassLoader::defineClassSourceLocation@22 (line 927)
                      ; - java.lang.ClassLoader::defineClass@12 (line 1026)
  0x00007213b85502b8: c4a7 8eff 

  0x00007213b85502bc: ;   {other}
  0x00007213b85502bc: 0f1f 8400 | 2c33 0034 | 4c8b 5424 | 084c 8954 | 2428 448b | 5424 3044 | 8954 2470 | 4c8b 5424 
  0x00007213b85502dc: 384c 8954 | 2430 488b | 5c24 408b | 4c24 484c | 8b44 2450 | 488b 7424 | 5848 8b54 | 2460 4c8b 
  0x00007213b85502fc: e8e9 b9e0 | ffff 498b | 87b8 0100 | 004c 8bc0 | 4983 c018 | 498b da4d | 3b87 c801 | 0000 0f83 
  0x00007213b855031c: 1217 0000 | 4d89 87b8 | 0100 0041 | 0f0d 88c0 | 0000 0048 | c700 0100 

  0x00007213b8550334: ;   {metadata('java/util/ArrayList')}
  0x00007213b8550334: 0000 c740 | 08b0 b20b | 0044 8960 | 0c44 8960 | 1045 8b4b 

  0x00007213b8550348: ;   {oop(a 'java/lang/Object'[0] {0x00000000807bf328})}
  0x00007213b8550348: 0cc7 4014 | 28f3 7b80 | 488b c845 | 85c9 0f86 | b500 0000 | 4533 c0eb | 1948 896c | 2410 48ff 
  0x00007213b8550368: 7424 1848 | 8f44 2408 | 488b 5c24 | 2848 8b4c | 2430 458b | 4b0c 453b | c10f 83a5 | 1700 0047 
  0x00007213b8550388: 8b5c 8310 

  0x00007213b855038c: ; implicit exception: dispatches to 0x00007213b85523cc
  0x00007213b855038c: 458b 4b10 

  0x00007213b8550390: ; implicit exception: dispatches to 0x00007213b85523e4
  0x00007213b8550390: 458b 4910 | 4489 4424 | 2448 894c | 2430 4889 | 5c24 2844 | 8954 2420 | 48ff 7424 | 0848 8f44 
  0x00007213b85503b0: 2418 488b | 6c24 1049 | 8bd1 488b | f166 6690 

  0x00007213b85503c0: ;   {optimized virtual_call}
  0x00007213b85503c0: c5f8 77e8 

  0x00007213b85503c4: ; ImmutableOopMap {rbp=Oop [24]=Oop [32]=NarrowOop [40]=Oop [48]=Oop }
                      ;*invokevirtual addAll {reexecute=0 rethrow=0 return_oop=0}
                      ; - java.security.CodeSource::getCertificates@57 (line 212)
                      ; - java.lang.ClassLoader::postDefineClass@24 (line 937)
                      ; - java.lang.ClassLoader::defineClass@37 (line 1028)
  0x00007213b85503c4: b84c 83ff 

  0x00007213b85503c8: ;   {other}
  0x00007213b85503c8: 0f1f 8400 | 3834 0035 | 4d8b 8f50 | 0400 0044 | 8b54 2420 | 458b 5a10 | 448b 4424 

  0x00007213b85503e4: ; ImmutableOopMap {r10=NarrowOop r11=NarrowOop rbp=Oop [24]=Oop [40]=Oop [48]=Oop }
                      ;*goto {reexecute=1 rethrow=0 return_oop=0}
                      ; - (reexecute) java.security.CodeSource::getCertificates@64 (line 211)
                      ; - java.lang.ClassLoader::postDefineClass@24 (line 937)
                      ; - java.lang.ClassLoader::defineClass@37 (line 1028)
  0x00007213b85503e4: 2441 ffc0 

  0x00007213b85503e8: ;   {poll}
  0x00007213b85503e8: 4185 0141 | 8b4b 0c44 | 3bc1 0f8c | 69ff ffff | 4889 6c24 | 1048 ff74 | 2418 488f | 4424 0848 
  0x00007213b8550408: 8b5c 2428 | 488b 4c24 | 3049 8b87 | b801 0000 | 4c8b d849 | 83c3 104d | 3b9f c801 | 0000 0f83 
  0x00007213b8550428: 6316 0000 | 4d89 9fb8 | 0100 0041 | 0f0d 8bc0 | 0000 0048 | c700 0100 | 0000 410f | 0d8b 0001 
  0x00007213b8550448: ;   {metadata('java/security/cert/Certificate'[])}
  0x00007213b8550448: 0000 c740 | 08c8 5210 | 0041 0f0d | 8b40 0100 | 0044 8960 | 0c41 0f0d | 8b80 0100 | 0044 8954 
  0x00007213b8550468: 2418 488b | eb48 894c | 2420 488b | d048 8b74 | 2420 6690 

  0x00007213b855047c: ;   {optimized virtual_call}
  0x00007213b855047c: c5f8 77e8 

  0x00007213b8550480: ; ImmutableOopMap {rbp=Oop [8]=Oop [16]=Oop [24]=NarrowOop }
                      ;*invokevirtual toArray {reexecute=0 rethrow=0 return_oop=1}
                      ; - java.security.CodeSource::getCertificates@73 (line 215)
                      ; - java.lang.ClassLoader::postDefineClass@24 (line 937)
                      ; - java.lang.ClassLoader::defineClass@37 (line 1028)
  0x00007213b8550480: fc4b 83ff 

  0x00007213b8550484: ;   {other}
  0x00007213b8550484: 0f1f 8400 | f434 0037 | 4c8b d044 

  0x00007213b8550490: ;   {metadata('java/security/cert/Certificate'[])}
  0x00007213b8550490: 8b58 0841 | 81fb c852 | 1000 0f85 | ec18 0000 | 4c89 5424 | 2845 8b5a | 0c4c 8bc5 | 4963 eb49 
  0x00007213b85504b0: c1e8 0949 | ba00 4091 | ce13 7200 | 0047 8824 | 0248 c1e5 | 024c 8b54 | 2428 448b | 4424 1845 
  0x00007213b85504d0: 8950 1441 | 81fb 0000 | 0400 0f87 | e115 0000 | 498b 9fb8 | 0100 004c | 8d55 1749 | 83e2 f84c 
  0x00007213b85504f0: 8bc3 4d03 | c24d 3b87 | c801 0000 | 0f83 bf15 | 0000 4d89 | 87b8 0100 | 0041 0f0d | 88c0 0000 
  0x00007213b8550510: 0048 c703 | 0100 0000 | 410f 0d88 | 0001 0000 

  0x00007213b8550520: ;   {metadata('java/security/cert/Certificate'[])}
  0x00007213b8550520: c743 08c8 | 5210 0044 | 895b 0c41 | 0f0d 8840 | 0100 0041 | 0f0d 8880 | 0100 0048 | 8b7c 2428 
  0x00007213b8550540: 4883 c710 | 488b f348 | 83c6 1048 | 83c5 0748 | c1ed 0348 | 8bd5 c5f8 | 7749 ba00 | e3d6 b713 
  0x00007213b8550560: 7200 0041 

  0x00007213b8550564: ;   {other}
  0x00007213b8550564: ffd2 0f1f | 8400 0000 | 0000 e9cf | e8ff ff4c | 8b54 2408 | 4c89 5424 | 104c 8b54 | 2420 4c89 
  0x00007213b8550584: 5424 3048 | 896c 2408 | 4c8b 4c24 | 3844 8b44 | 241c 8b54 | 2440 4c8b | 6c24 48e9 | 64e1 ffff 
  0x00007213b85505a4: bee4 ffff | ff44 8954 | 2408 448b | 5424 2044 | 8954 240c | 448b 5c24 | 2444 895c | 2420 4c89 
  0x00007213b85505c4: 6c24 4844 | 8b54 2438 | 4489 5424 | 2444 894c | 243c 6690 

  0x00007213b85505d8: ;   {runtime_call UncommonTrapBlob}
  0x00007213b85505d8: c5f8 77e8 

  0x00007213b85505dc: ; ImmutableOopMap {[16]=Oop [24]=Oop [36]=NarrowOop [40]=Oop [48]=Oop [60]=NarrowOop [72]=Oop }
                      ;*baload {reexecute=0 rethrow=0 return_oop=0}
                      ; - java.lang.StringLatin1::lastIndexOf@24 (line 286)
                      ; - java.lang.String::lastIndexOf@13 (line 2573)
                      ; - java.lang.String::lastIndexOf@8 (line 2535)
                      ; - java.lang.ClassLoader::checkCerts@3 (line 1163)
                      ; - java.lang.ClassLoader::preDefineClass@113 (line 917)
                      ; - java.lang.ClassLoader::defineClass@4 (line 1025)
  0x00007213b85505dc: 209d 83ff 

  0x00007213b85505e0: ;   {other}
  0x00007213b85505e0: 0f1f 8400 | 5036 0038 | 894c 2438 | 4489 5c24 | 2c44 894c | 2428 4c8b | 5424 084c | 8954 2420 
  0x00007213b8550600: 4c8b 5424 | 304c 8954 | 2418 488b 

  0x00007213b855060c: ;   {metadata('java/lang/String')}
  0x00007213b855060c: 6c24 1048 | be70 ea00 | 6213 7200 | 0066 6690 

  0x00007213b855061c: ;   {runtime_call _new_instance_Java}
  0x00007213b855061c: c5f8 77e8 

  0x00007213b8550620: ; ImmutableOopMap {rbp=Oop [24]=Oop [32]=Oop [40]=NarrowOop [120]=Oop }
                      ;*new {reexecute=0 rethrow=0 return_oop=1}
                      ; - java.lang.StringLatin1::newString@7 (line 752)
                      ; - java.lang.String::substring@41 (line 2839)
                      ; - java.lang.Class::getPackageName@62 (line 1169)
                      ; - java.lang.ClassLoader::postDefineClass@2 (line 934)
                      ; - java.lang.ClassLoader::defineClass@37 (line 1028)
  0x00007213b8550620: dcd6 8eff 

  0x00007213b8550624: ;   {other}
  0x00007213b8550624: 0f1f 8400 | 9436 0039 | 4889 6c24 | 104c 8b5c | 2418 4c89 | 5c24 304c | 8b5c 2420 | 4c89 5c24 
  0x00007213b8550644: 0844 8b4c | 2428 448b | 5c24 2c8b | 4c24 3848 | 8bd8 e9fa | deff ff48 | 8954 2450 | 4c89 4424 
  0x00007213b8550664: 484c 8954 | 2440 4889 | 5c24 3889 | 4c24 1c4c | 8b54 2408 | 4c89 5424 | 284c 8b54 | 2430 4c89 
  0x00007213b8550684: 5424 2044 | 8b5c 2470 | 4489 5c24 | 184c 8b54 | 2410 4c89 

  0x00007213b8550698: ;   {metadata({type array byte})}
  0x00007213b8550698: 5424 0848 | be18 2300 | 6213 7200 | 008b d14c | 8b54 2428 | 4c89 5424 | 1066 6690 

  0x00007213b85506b4: ;   {runtime_call _new_array_nozero_Java}
  0x00007213b85506b4: c5f8 77e8 

  0x00007213b85506b8: ; ImmutableOopMap {[8]=Oop [16]=Oop [32]=Oop [40]=Oop [56]=Oop [120]=Oop [64]=Derived_oop_[120] }
                      ;*newarray {reexecute=0 rethrow=0 return_oop=1}
                      ; - java.util.Arrays::copyOfRangeByte@10 (line 3863)
                      ; - java.util.Arrays::copyOfRange@13 (line 3854)
                      ; - java.lang.StringLatin1::newString@16 (line 752)
                      ; - java.lang.String::substring@41 (line 2839)
                      ; - java.lang.Class::getPackageName@62 (line 1169)
                      ; - java.lang.ClassLoader::postDefineClass@2 (line 934)
                      ; - java.lang.ClassLoader::defineClass@37 (line 1028)
  0x00007213b85506b8: c4a3 8eff 

  0x00007213b85506bc: ;   {other}
  0x00007213b85506bc: 0f1f 8400 | 2c37 003a | 4c8b 5424 | 084c 8954 | 2410 448b | 5424 1844 | 8954 2470 | 4c8b 5424 
  0x00007213b85506dc: 204c 8954 | 2430 4c8b | 5424 284c | 8954 2408 | 8b4c 241c | 488b 5c24 | 384c 8b54 | 2440 4c8b 
  0x00007213b85506fc: 4424 4848 | 8b54 2450 | 4c8b e8e9 | ebde ffff | 4489 4424 | 204c 894c 

  0x00007213b8550714: ;   {metadata('java/lang/NamedPackage')}
  0x00007213b8550714: 2418 48be | e0c2 0162 | 1372 0000 

  0x00007213b8550720: ;   {runtime_call _new_instance_Java}
  0x00007213b8550720: c5f8 77e8 

  0x00007213b8550724: ; ImmutableOopMap {[8]=Oop [16]=Oop [24]=Oop [32]=NarrowOop [48]=Oop }
                      ;*new {reexecute=0 rethrow=0 return_oop=1}
                      ; - java.lang.ClassLoader::getNamedPackage@16 (line 343)
                      ; - java.lang.ClassLoader::postDefineClass@9 (line 934)
                      ; - java.lang.ClassLoader::defineClass@37 (line 1028)
  0x00007213b8550724: d8d5 8eff 

  0x00007213b8550728: ;   {other}
  0x00007213b8550728: 0f1f 8400 | 9837 003b | e9fa e0ff 

  0x00007213b8550734: ;   {metadata('java/lang/InternalError')}
  0x00007213b8550734: ff48 be30 | 0901 6213 | 7200 0090 

  0x00007213b8550740: ;   {runtime_call _new_instance_Java}
  0x00007213b8550740: c5f8 77e8 

  0x00007213b8550744: ; ImmutableOopMap {[8]=Oop [16]=Oop [24]=Oop [32]=NarrowOop [40]=Oop [48]=Oop [56]=Oop }
                      ;*new {reexecute=0 rethrow=0 return_oop=1}
                      ; - java.lang.NamedPackage::<init>@18 (line 49)
                      ; - java.lang.ClassLoader::getNamedPackage@22 (line 343)
                      ; - java.lang.ClassLoader::postDefineClass@9 (line 934)
                      ; - java.lang.ClassLoader::defineClass@37 (line 1028)
  0x00007213b8550744: b8d5 8eff 

  0x00007213b8550748: ;   {other}
  0x00007213b8550748: 0f1f 8400 | b837 003c | e97b e1ff 

  0x00007213b8550754: ;   {metadata('java/lang/StringBuilder')}
  0x00007213b8550754: ff48 be38 | 8200 6213 | 7200 0090 

  0x00007213b8550760: ;   {runtime_call _new_instance_Java}
  0x00007213b8550760: c5f8 77e8 

  0x00007213b8550764: ; ImmutableOopMap {[8]=Oop [16]=Oop [24]=Oop [32]=NarrowOop [40]=Oop [48]=Oop [56]=Oop [80]=Oop }
                      ;*new {reexecute=0 rethrow=0 return_oop=1}
                      ; - java.lang.NamedPackage::<init>@22 (line 49)
                      ; - java.lang.ClassLoader::getNamedPackage@22 (line 343)
                      ; - java.lang.ClassLoader::postDefineClass@9 (line 934)
                      ; - java.lang.ClassLoader::defineClass@37 (line 1028)
  0x00007213b8550764: 98d5 8eff 

  0x00007213b8550768: ;   {other}
  0x00007213b8550768: 0f1f 8400 | d837 003d | e9a0 e1ff | ffbe e4ff | ffff 488b | 6c24 084c | 8b54 2430 | 4c89 5424 
  0x00007213b8550788: 2048 895c | 2430 4489 | 4c24 4089 | 4c24 4490 

  0x00007213b8550798: ;   {runtime_call UncommonTrapBlob}
  0x00007213b8550798: c5f8 77e8 

  0x00007213b855079c: ; ImmutableOopMap {rbp=Oop [16]=Oop [32]=Oop [48]=Oop [64]=NarrowOop }
                      ;*baload {reexecute=0 rethrow=0 return_oop=0}
                      ; - java.lang.StringLatin1::lastIndexOf@24 (line 286)
                      ; - java.lang.String::lastIndexOf@13 (line 2573)
                      ; - java.lang.String::lastIndexOf@8 (line 2535)
                      ; - java.lang.Class::getPackageName@47 (line 1168)
                      ; - java.lang.ClassLoader::postDefineClass@2 (line 934)
                      ; - java.lang.ClassLoader::defineClass@37 (line 1028)
  0x00007213b855079c: 609b 83ff 

  0x00007213b85507a0: ;   {other}
  0x00007213b85507a0: 0f1f 8400 | 1038 003e | 498b ea48 | 8954 2460 | 4c89 5c24 | 5848 895c | 2450 448b | c644 894c 
  0x00007213b85507c0: 244c 448b | 5424 3844 | 8954 2448 | 4c8b 5424 | 304c 8954 | 2440 4c89 | 6c24 3844 | 8b54 2470 
  0x00007213b85507e0: 4489 5424 | 304c 8b54 | 2428 4c89 

  0x00007213b85507ec: ;   {metadata({type array byte})}
  0x00007213b85507ec: 5424 0848 | be18 2300 | 6213 7200 | 0041 8bd0 

  0x00007213b85507fc: ;   {runtime_call _new_array_nozero_Java}
  0x00007213b85507fc: c5f8 77e8 

  0x00007213b8550800: ; ImmutableOopMap {rbp=Oop [88]=Derived_oop_rbp [8]=Oop [16]=Oop [24]=Oop [56]=Oop [64]=Oop [72]=NarrowOop [76]=NarrowOop [80]=Oop }
                      ;*invokevirtual clone {reexecute=1 rethrow=0 return_oop=1}
                      ; - (reexecute) java.util.Arrays::copyOfRange@18 (line 3856)
                      ; - java.lang.StringLatin1::newString@16 (line 752)
                      ; - java.lang.String::substring@41 (line 2839)
                      ; - java.lang.ClassLoader::checkCerts@21 (line 1164)
                      ; - java.lang.ClassLoader::preDefineClass@113 (line 917)
                      ; - java.lang.ClassLoader::defineClass@4 (line 1025)
  0x00007213b8550800: 7ca2 8eff 

  0x00007213b8550804: ;   {other}
  0x00007213b8550804: 0f1f 8400 | 7438 003f | 4c8b 5c24 | 084c 895c | 2428 448b | 5c24 3044 | 895c 2470 | 4c8b 6c24 
  0x00007213b8550824: 384c 8b5c | 2440 4c89 | 5c24 3044 | 8b44 2448 | 4489 4424 | 3848 8b5c | 2450 4c8b | 5c24 5848 
  0x00007213b8550844: 8b54 2460 | 488b e8e9 | 7be3 ffff | 4889 5424 | 584c 8944 | 2450 4489 | 5c24 4848 | 895c 2440 
  0x00007213b8550864: 4c8b 5c24 | 304c 895c | 2438 4c8b | 5c24 104c | 895c 2408 | 488b 6c24 

  0x00007213b855087c: ;   {metadata({type array byte})}
  0x00007213b855087c: 2848 be18 | 2300 6213 | 7200 0041 | 8bd1 6690 

  0x00007213b855088c: ;   {runtime_call _new_array_nozero_Java}
  0x00007213b855088c: c5f8 77e8 

  0x00007213b8550890: ; ImmutableOopMap {rbp=Oop [8]=Oop [24]=Oop [56]=Oop [64]=Oop [72]=NarrowOop [120]=Oop [80]=Derived_oop_[120] }
                      ;*invokevirtual clone {reexecute=1 rethrow=0 return_oop=1}
                      ; - (reexecute) java.util.Arrays::copyOfRange@18 (line 3856)
                      ; - java.lang.String::<init>@32 (line 4788)
                      ; - java.lang.String::<init>@3 (line 1507)
                      ; - java.lang.StringBuilder::toString@5 (line 475)
                      ; - java.net.URLStreamHandler::toExternalForm@152 (line 486)
                      ; - java.net.URL::toExternalForm@5 (line 1203)
                      ; - java.net.URL::toString@1 (line 1189)
                      ; - java.lang.ClassLoader::defineClassSourceLocation@22 (line 927)
                      ; - java.lang.ClassLoader::defineClass@12 (line 1026)
  0x00007213b8550890: eca1 8eff 

  0x00007213b8550894: ;   {other}
  0x00007213b8550894: 0f1f 8400 | 0439 0040 | 4889 6c24 | 284c 8b5c | 2408 4c89 | 5c24 104c | 8b5c 2438 | 4c89 5c24 
  0x00007213b85508b4: 3048 8b5c | 2440 4c8b | 4424 5048 | 8b54 2458 | 488b e8e9 | 99e3 ffff | 4889 5424 | 5841 8bcb 
  0x00007213b85508d4: 4489 5424 | 5048 895c | 2448 4c8b | 5424 304c | 8954 2440 | 4c89 6c24 | 384c 8b54 | 2428 4c89 
  0x00007213b85508f4: 5424 0848 | be00 0000 | 6213 7200 | 0049 03f0 | 8bd1 6690 

  0x00007213b8550908: ;   {runtime_call _new_array_Java}
  0x00007213b8550908: c5f8 77e8 

  0x00007213b855090c: ; ImmutableOopMap {rbp=Oop [8]=Oop [16]=Oop [24]=Oop [56]=Oop [64]=Oop [72]=Oop [80]=NarrowOop }
                      ;*invokevirtual clone {reexecute=1 rethrow=0 return_oop=1}
                      ; - (reexecute) java.security.CodeSource::getCertificates@11 (line 205)
                      ; - java.lang.ClassLoader::checkCerts@34 (line 1168)
                      ; - java.lang.ClassLoader::preDefineClass@113 (line 917)
                      ; - java.lang.ClassLoader::defineClass@4 (line 1025)
  0x00007213b855090c: 70b0 8eff 

  0x00007213b8550910: ;   {other}
  0x00007213b8550910: 0f1f 8400 | 8039 0041 | 4c8b 5424 | 084c 8954 | 2428 4c8b | 6c24 384c | 8b54 2440 | 4c89 5424 
  0x00007213b8550930: 3048 8b5c | 2448 448b | 5424 5048 | 8b54 2458 | 4c8b f0e9 | 26e4 ffff | 4c8b 5424 | 084c 8954 
  0x00007213b8550950: 2410 4c8b | 5424 204c | 8954 2430 | 4c8b 5424 | 284c 8954 | 2408 4c8b | 4c24 3844 | 8b44 241c 
  0x00007213b8550970: e970 deff | ff48 894c | 2428 4489 | 4424 2048 | ff74 2408 | 488f 4424 | 184c 8b5c | 2410 4c89 
  0x00007213b8550990: 5c24 0848 | be00 0000 | 6213 7200 | 0048 03f7 | 418b d190 

  0x00007213b85509a4: ;   {runtime_call _new_array_Java}
  0x00007213b85509a4: c5f8 77e8 

  0x00007213b85509a8: ; ImmutableOopMap {rbp=Oop [8]=Oop [24]=Oop [32]=NarrowOop }
                      ;*invokevirtual clone {reexecute=1 rethrow=0 return_oop=1}
                      ; - (reexecute) java.security.CodeSource::getCertificates@11 (line 205)
                      ; - java.lang.ClassLoader::postDefineClass@24 (line 937)
                      ; - java.lang.ClassLoader::defineClass@37 (line 1028)
  0x00007213b85509a8: d4af 8eff 

  0x00007213b85509ac: ;   {other}
  0x00007213b85509ac: 0f1f 8400 | 1c3a 0042 | 48ff 7424 | 1848 8f44 | 2408 448b | 4424 2048 | 8b4c 2428 | 488b d8e9 
  0x00007213b85509cc: 44e4 ffff | 4889 5424 | 484c 8954 | 2440 4889 | 5c24 3844 | 894c 2428 | 4c8b 5424 | 084c 8954 
  0x00007213b85509ec: 2420 4c8b | 5424 304c | 8954 2418 | 488b 6c24 

  0x00007213b85509fc: ;   {metadata({type array byte})}
  0x00007213b85509fc: 1048 be18 | 2300 6213 | 7200 0041 | 8bd3 6690 

  0x00007213b8550a0c: ;   {runtime_call _new_array_nozero_Java}
  0x00007213b8550a0c: c5f8 77e8 

  0x00007213b8550a10: ; ImmutableOopMap {rbp=Oop [24]=Oop [32]=Oop [40]=NarrowOop [56]=Oop [120]=Oop [64]=Derived_oop_[120] }
                      ;*invokevirtual clone {reexecute=1 rethrow=0 return_oop=1}
                      ; - (reexecute) java.util.Arrays::copyOfRange@18 (line 3856)
                      ; - java.lang.StringLatin1::newString@16 (line 752)
                      ; - java.lang.String::substring@41 (line 2839)
                      ; - java.lang.Class::getPackageName@62 (line 1169)
                      ; - java.lang.ClassLoader::postDefineClass@2 (line 934)
                      ; - java.lang.ClassLoader::defineClass@37 (line 1028)
  0x00007213b8550a10: 6ca0 8eff 

  0x00007213b8550a14: ;   {other}
  0x00007213b8550a14: 0f1f 8400 | 843a 0043 | 4889 6c24 | 104c 8b54 | 2418 4c89 | 5424 304c | 8b54 2420 | 4c89 5424 
  0x00007213b8550a34: 0848 8b5c | 2438 4c8b | 5424 4048 | 8b54 2448 | 488b e8e9 | 7de4 ffff | bef6 ffff | ff48 8be8 
  0x00007213b8550a54: ;   {runtime_call UncommonTrapBlob}
  0x00007213b8550a54: c5f8 77e8 

  0x00007213b8550a58: ; ImmutableOopMap {rbp=Oop }
                      ;*invokevirtual get {reexecute=0 rethrow=0 return_oop=0}
                      ; - java.lang.ClassLoader::getNamedPackage@5 (line 341)
                      ; - java.lang.ClassLoader::postDefineClass@9 (line 934)
                      ; - java.lang.ClassLoader::defineClass@37 (line 1028)
  0x00007213b8550a58: a498 83ff 

  0x00007213b8550a5c: ;   {other}
  0x00007213b8550a5c: 0f1f 8400 | cc3a 0044 | be45 ffff | ff48 8b6c | 2410 6690 

  0x00007213b8550a70: ;   {runtime_call UncommonTrapBlob}
  0x00007213b8550a70: c5f8 77e8 

  0x00007213b8550a74: ; ImmutableOopMap {rbp=Oop [8]=Oop [24]=Oop [40]=Oop }
                      ;*ifeq {reexecute=1 rethrow=0 return_oop=0}
                      ; - (reexecute) java.lang.ClassLoader::checkName@8 (line 1155)
                      ; - java.lang.ClassLoader::preDefineClass@1 (line 900)
                      ; - java.lang.ClassLoader::defineClass@4 (line 1025)
  0x00007213b8550a74: 8898 83ff 

  0x00007213b8550a78: ;   {other}
  0x00007213b8550a78: 0f1f 8400 | e83a 0045 | 498b f233 | d248 8b6c | 2410 6690 

  0x00007213b8550a8c: ;   {static_call}
  0x00007213b8550a8c: c5f8 77e8 

  0x00007213b8550a90: ; ImmutableOopMap {rbp=Oop [8]=Oop [16]=Oop [24]=Oop [40]=Oop }
                      ;*invokestatic charAt {reexecute=0 rethrow=0 return_oop=0}
                      ; - java.lang.String::charAt@21 (line 1557)
                      ; - java.lang.ClassLoader::checkName@25 (line 1157)
                      ; - java.lang.ClassLoader::preDefineClass@1 (line 900)
                      ; - java.lang.ClassLoader::defineClass@4 (line 1025)
  0x00007213b8550a90: ec4b 83ff 

  0x00007213b8550a94: ;   {other}
  0x00007213b8550a94: 0f1f 8400 | 043b 0046 | 448b d8e9 | 6ecd ffff | bee4 ffff | ff44 8954 | 2440 6690 

  0x00007213b8550ab0: ;   {runtime_call UncommonTrapBlob}
  0x00007213b8550ab0: c5f8 77e8 

  0x00007213b8550ab4: ; ImmutableOopMap {[8]=Oop [16]=Oop [24]=Oop [40]=Oop [64]=NarrowOop }
                      ;*invokestatic checkIndex {reexecute=0 rethrow=0 return_oop=0}
                      ; - java.lang.String::checkIndex@5 (line 4832)
                      ; - java.lang.StringLatin1::charAt@3 (line 46)
                      ; - java.lang.String::charAt@12 (line 1555)
                      ; - java.lang.ClassLoader::checkName@25 (line 1157)
                      ; - java.lang.ClassLoader::preDefineClass@1 (line 900)
                      ; - java.lang.ClassLoader::defineClass@4 (line 1025)
  0x00007213b8550ab4: 4898 83ff 

  0x00007213b8550ab8: ;   {other}
  0x00007213b8550ab8: 0f1f 8400 | 283b 0047 | bef6 ffff | ff48 8beb | 4c89 7424 | 0866 6690 

  0x00007213b8550ad0: ;   {runtime_call UncommonTrapBlob}
  0x00007213b8550ad0: c5f8 77e8 

  0x00007213b8550ad4: ; ImmutableOopMap {rbp=Oop [8]=Oop }
                      ;*invokevirtual putIfAbsent {reexecute=0 rethrow=0 return_oop=0}
                      ; - java.lang.ClassLoader::checkCerts@62 (line 1171)
                      ; - java.lang.ClassLoader::preDefineClass@113 (line 917)
                      ; - java.lang.ClassLoader::defineClass@4 (line 1025)
  0x00007213b8550ad4: 2898 83ff 

  0x00007213b8550ad8: ;   {other}
  0x00007213b8550ad8: 0f1f 8400 | 483b 0048 | bece ffff | ff89 5424 | 4866 6690 

  0x00007213b8550aec: ;   {runtime_call UncommonTrapBlob}
  0x00007213b8550aec: c5f8 77e8 

  0x00007213b8550af0: ; ImmutableOopMap {rbp=NarrowOop [8]=Oop [16]=Oop [24]=Oop [40]=Oop }
                      ;*invokestatic indexOfChar {reexecute=0 rethrow=0 return_oop=0}
                      ; - java.lang.StringLatin1::indexOf@33 (line 204)
                      ; - java.lang.String::indexOf@17 (line 2461)
                      ; - java.lang.String::indexOf@3 (line 2405)
                      ; - java.lang.ClassLoader::checkName@16 (line 1157)
                      ; - java.lang.ClassLoader::preDefineClass@1 (line 900)
                      ; - java.lang.ClassLoader::defineClass@4 (line 1025)
  0x00007213b8550af0: 0c98 83ff 

  0x00007213b8550af4: ;   {other}
  0x00007213b8550af4: 0f1f 8400 | 643b 0049 | bee4 ffff | ff4c 8b54 | 2410 4c89 | 5424 084c | 8b54 2428 | 4c89 5424 
  0x00007213b8550b14: 104c 8b54 | 2430 4c89 | 5424 2844 | 896c 2430 | 894c 2434 

  0x00007213b8550b28: ;   {runtime_call UncommonTrapBlob}
  0x00007213b8550b28: c5f8 77e8 

  0x00007213b8550b2c: ; ImmutableOopMap {[8]=Oop [16]=Oop [24]=Oop [40]=Oop [48]=NarrowOop [52]=NarrowOop [64]=Oop }
                      ;*bastore {reexecute=0 rethrow=0 return_oop=0}
                      ; - java.lang.AbstractStringBuilder::append@41 (line 808)
                      ; - java.lang.StringBuilder::append@2 (line 246)
                      ; - java.net.URLStreamHandler::toExternalForm@16 (line 480)
                      ; - java.net.URL::toExternalForm@5 (line 1203)
                      ; - java.net.URL::toString@1 (line 1189)
                      ; - java.lang.ClassLoader::defineClassSourceLocation@22 (line 927)
                      ; - java.lang.ClassLoader::defineClass@12 (line 1026)
  0x00007213b8550b2c: d097 83ff 

  0x00007213b8550b30: ;   {other}
  0x00007213b8550b30: 0f1f 8400 | a03b 004a | becc ffff | ff4c 8b5c | 2410 4c89 | 5c24 084c | 8b5c 2428 | 4c89 5c24 
  0x00007213b8550b50: 104c 8b5c | 2430 4c89 | 5c24 2844 | 896c 2430 | 895c 2434 | 4489 5424 | 4889 4424 | 4c89 4c24 
  0x00007213b8550b70: 5066 6690 

  0x00007213b8550b74: ;   {runtime_call UncommonTrapBlob}
  0x00007213b8550b74: c5f8 77e8 

  0x00007213b8550b78: ; ImmutableOopMap {[8]=Oop [16]=Oop [24]=Oop [40]=Oop [48]=NarrowOop [64]=Oop [72]=NarrowOop [76]=NarrowOop }
                      ;*invokestatic arraycopy {reexecute=0 rethrow=0 return_oop=0}
                      ; - java.lang.String::getBytes@22 (line 4726)
                      ; - java.lang.AbstractStringBuilder::putStringAt@15 (line 1751)
                      ; - java.lang.AbstractStringBuilder::append@30 (line 588)
                      ; - java.lang.StringBuilder::append@2 (line 179)
                      ; - java.net.URLStreamHandler::toExternalForm@59 (line 483)
                      ; - java.net.URL::toExternalForm@5 (line 1203)
                      ; - java.net.URL::toString@1 (line 1189)
                      ; - java.lang.ClassLoader::defineClassSourceLocation@22 (line 927)
                      ; - java.lang.ClassLoader::defineClass@12 (line 1026)
  0x00007213b8550b78: 8497 83ff 

  0x00007213b8550b7c: ;   {other}
  0x00007213b8550b7c: 0f1f 8400 | ec3b 004b | becc ffff | ff4c 8b54 | 2410 4c89 | 5424 084c | 8b54 2428 | 4c89 5424 
  0x00007213b8550b9c: 104c 8b54 | 2430 4c89 | 5424 2844 | 896c 2430 | 4489 7424 | 3444 8944 | 2448 4489 | 4c24 4c44 
  0x00007213b8550bbc: 895c 2450 

  0x00007213b8550bc0: ;   {runtime_call UncommonTrapBlob}
  0x00007213b8550bc0: c5f8 77e8 

  0x00007213b8550bc4: ; ImmutableOopMap {[8]=Oop [16]=Oop [24]=Oop [40]=Oop [48]=NarrowOop [64]=Oop [72]=NarrowOop [76]=NarrowOop }
                      ;*invokestatic arraycopy {reexecute=0 rethrow=0 return_oop=0}
                      ; - java.lang.String::getBytes@22 (line 4726)
                      ; - java.lang.AbstractStringBuilder::putStringAt@15 (line 1751)
                      ; - java.lang.AbstractStringBuilder::append@30 (line 588)
                      ; - java.lang.StringBuilder::append@2 (line 179)
                      ; - java.net.URLStreamHandler::toExternalForm@77 (line 484)
                      ; - java.net.URL::toExternalForm@5 (line 1203)
                      ; - java.net.URL::toString@1 (line 1189)
                      ; - java.lang.ClassLoader::defineClassSourceLocation@22 (line 927)
                      ; - java.lang.ClassLoader::defineClass@12 (line 1026)
  0x00007213b8550bc4: 3897 83ff 

  0x00007213b8550bc8: ;   {other}
  0x00007213b8550bc8: 0f1f 8400 | 383c 004c | becc ffff | ff4c 8b5c | 2410 4c89 | 5c24 084c | 8b5c 2428 | 4c89 5c24 
  0x00007213b8550be8: 104c 8b5c | 2430 4c89 | 5c24 2844 | 896c 2430 | 4489 5424 | 3466 6690 

  0x00007213b8550c00: ;   {runtime_call UncommonTrapBlob}
  0x00007213b8550c00: c5f8 77e8 

  0x00007213b8550c04: ; ImmutableOopMap {rbp=NarrowOop [8]=Oop [16]=Oop [24]=Oop [40]=Oop [48]=NarrowOop [64]=Oop }
                      ;*invokestatic arraycopy {reexecute=0 rethrow=0 return_oop=0}
                      ; - java.lang.String::getBytes@22 (line 4726)
                      ; - java.lang.AbstractStringBuilder::putStringAt@15 (line 1751)
                      ; - java.lang.AbstractStringBuilder::append@30 (line 588)
                      ; - java.lang.StringBuilder::append@2 (line 179)
                      ; - java.net.URLStreamHandler::toExternalForm@113 (line 485)
                      ; - java.net.URL::toExternalForm@5 (line 1203)
                      ; - java.net.URL::toString@1 (line 1189)
                      ; - java.lang.ClassLoader::defineClassSourceLocation@22 (line 927)
                      ; - java.lang.ClassLoader::defineClass@12 (line 1026)
  0x00007213b8550c04: f896 83ff 

  0x00007213b8550c08: ;   {other}
  0x00007213b8550c08: 0f1f 8400 | 783c 004d | becc ffff | ff4c 8b5c | 2410 4c89 | 5c24 084c | 8b5c 2428 | 4c89 5c24 
  0x00007213b8550c28: 104c 8b5c | 2430 4c89 | 5c24 284c | 8b5c 2440 | 4c89 5c24 | 3844 8954 | 2440 6690 

  0x00007213b8550c44: ;   {runtime_call UncommonTrapBlob}
  0x00007213b8550c44: c5f8 77e8 

  0x00007213b8550c48: ; ImmutableOopMap {rbp=NarrowOop [8]=Oop [16]=Oop [24]=Oop [40]=Oop [56]=Oop }
                      ;*invokestatic arraycopy {reexecute=0 rethrow=0 return_oop=0}
                      ; - java.lang.String::getBytes@22 (line 4726)
                      ; - java.lang.AbstractStringBuilder::putStringAt@15 (line 1751)
                      ; - java.lang.AbstractStringBuilder::append@30 (line 588)
                      ; - java.lang.StringBuilder::append@2 (line 179)
                      ; - java.net.URLStreamHandler::toExternalForm@149 (line 486)
                      ; - java.net.URL::toExternalForm@5 (line 1203)
                      ; - java.net.URL::toString@1 (line 1189)
                      ; - java.lang.ClassLoader::defineClassSourceLocation@22 (line 927)
                      ; - java.lang.ClassLoader::defineClass@12 (line 1026)
  0x00007213b8550c48: b496 83ff 

  0x00007213b8550c4c: ;   {other}
  0x00007213b8550c4c: 0f1f 8400 | bc3c 004e | becc ffff | ff4c 8b54 | 2410 4c89 | 5424 084c | 8b54 2428 | 4c89 5424 
  0x00007213b8550c6c: 104c 8b54 | 2430 4c89 | 5424 2844 | 896c 2430 | 895c 2434 | 897c 2448 | 4489 4c24 | 4c44 8944 
  0x00007213b8550c8c: 2450 6690 

  0x00007213b8550c90: ;   {runtime_call UncommonTrapBlob}
  0x00007213b8550c90: c5f8 77e8 

  0x00007213b8550c94: ; ImmutableOopMap {[8]=Oop [16]=Oop [24]=Oop [40]=Oop [48]=NarrowOop [64]=Oop [72]=NarrowOop [76]=NarrowOop }
                      ;*invokestatic arraycopy {reexecute=0 rethrow=0 return_oop=0}
                      ; - java.lang.String::getBytes@22 (line 4726)
                      ; - java.lang.AbstractStringBuilder::putStringAt@15 (line 1751)
                      ; - java.lang.AbstractStringBuilder::append@30 (line 588)
                      ; - java.lang.StringBuilder::append@2 (line 179)
                      ; - java.net.URLStreamHandler::toExternalForm@11 (line 480)
                      ; - java.net.URL::toExternalForm@5 (line 1203)
                      ; - java.net.URL::toString@1 (line 1189)
                      ; - java.lang.ClassLoader::defineClassSourceLocation@22 (line 927)
                      ; - java.lang.ClassLoader::defineClass@12 (line 1026)
  0x00007213b8550c94: 6896 83ff 

  0x00007213b8550c98: ;   {other}
  0x00007213b8550c98: 0f1f 8400 | 083d 004f | bee4 ffff | ff66 6690 

  0x00007213b8550ca8: ;   {runtime_call UncommonTrapBlob}
  0x00007213b8550ca8: c5f8 77e8 

  0x00007213b8550cac: ; ImmutableOopMap {rbp=NarrowOop [8]=Oop [16]=Oop [24]=Oop [40]=Oop }
                      ;*baload {reexecute=0 rethrow=0 return_oop=0}
                      ; - jdk.internal.util.ArraysSupport::mismatch@82 (line 402)
                      ; - java.lang.String::startsWith@70 (line 2297)
                      ; - java.lang.String::startsWith@3 (line 2327)
                      ; - java.lang.ClassLoader::preDefineClass@43 (line 906)
                      ; - java.lang.ClassLoader::defineClass@4 (line 1025)
  0x00007213b8550cac: 5096 83ff 

  0x00007213b8550cb0: ;   {other}
  0x00007213b8550cb0: 0f1f 8400 | 203d 0050 | 4d63 c2e9 | f4cc ffff | 4983 c0fe | 498b c849 | 8bf9 4833 | c048 83f9 
  0x00007213b8550cd0: 087f 1048 | ffc9 784f | 4889 04cf | 48ff c97d | f7eb 44c5 | fdef c0e9 | 0d00 0000 | c5fe 7f07 
  0x00007213b8550cf0: c5fe 7f47 | 2048 83c7 | 4048 83e9 | 087d ed48 | 83c1 047c | 0cc5 fe7f | 0748 83c7 | 2048 83e9 
  0x00007213b8550d10: 0448 83c1 | 047e 1048 | ffc9 c5f9 | d607 4883 | c708 48ff | c97d f3e9 | 58cd ffff | becc ffff 
  0x00007213b8550d30: ff44 8954 | 2408 448b | 5424 2044 | 8954 240c | 448b 5c24 | 2444 895c | 2420 4c89 | 6c24 4844 
  0x00007213b8550d50: 8b5c 2438 | 4489 5c24 | 2448 895c | 2450 4489 | 4c24 5890 

  0x00007213b8550d64: ;   {runtime_call UncommonTrapBlob}
  0x00007213b8550d64: c5f8 77e8 

  0x00007213b8550d68: ; ImmutableOopMap {[16]=Oop [24]=Oop [36]=NarrowOop [40]=Oop [48]=Oop [72]=Oop [80]=Oop [88]=NarrowOop }
                      ;*newarray {reexecute=1 rethrow=0 return_oop=0}
                      ; - (reexecute) java.util.Arrays::copyOfRangeByte@10 (line 3863)
                      ; - java.util.Arrays::copyOfRange@13 (line 3854)
                      ; - java.lang.StringLatin1::newString@16 (line 752)
                      ; - java.lang.String::substring@41 (line 2839)
                      ; - java.lang.ClassLoader::checkCerts@21 (line 1164)
                      ; - java.lang.ClassLoader::preDefineClass@113 (line 917)
                      ; - java.lang.ClassLoader::defineClass@4 (line 1025)
  0x00007213b8550d68: 9495 83ff 

  0x00007213b8550d6c: ;   {other}
  0x00007213b8550d6c: 0f1f 8400 | dc3d 0051 | 4863 f1e9 | b9d5 ffff | 4883 c6fe | 488b ce49 | 8bfa 4833 | c048 83f9 
  0x00007213b8550d8c: 087f 1048 | ffc9 784f | 4889 04cf | 48ff c97d | f7eb 44c5 | fdef c0e9 | 0d00 0000 | c5fe 7f07 
  0x00007213b8550dac: c5fe 7f47 | 2048 83c7 | 4048 83e9 | 087d ed48 | 83c1 047c | 0cc5 fe7f | 0748 83c7 | 2048 83e9 
  0x00007213b8550dcc: 0448 83c1 | 047e 1048 | ffc9 c5f9 | d607 4883 | c708 48ff | c97d f3e9 | 14d6 ffff | becc ffff 
  0x00007213b8550dec: ff48 8b6c | 2410 4c8b | 5424 284c | 8954 2408 | 4c8b 5424 | 184c 8954 | 2410 448b | 4424 2044 
  0x00007213b8550e0c: 8944 2418 | 448b 5424 | 2444 8954 | 241c 4c8b | 5424 304c | 8954 2420 | 4889 5c24 | 3044 895c 
  0x00007213b8550e2c: 2438 894c | 2440 6690 

  0x00007213b8550e34: ;   {runtime_call UncommonTrapBlob}
  0x00007213b8550e34: c5f8 77e8 

  0x00007213b8550e38: ; ImmutableOopMap {rbp=Oop [8]=Oop [16]=Oop [32]=Oop [48]=Oop [56]=NarrowOop }
                      ;*newarray {reexecute=1 rethrow=0 return_oop=0}
                      ; - (reexecute) java.util.Arrays::copyOfRangeByte@10 (line 3863)
                      ; - java.util.Arrays::copyOfRange@13 (line 3854)
                      ; - java.lang.String::<init>@32 (line 4788)
                      ; - java.lang.String::<init>@3 (line 1507)
                      ; - java.lang.StringBuilder::toString@5 (line 475)
                      ; - java.net.URLStreamHandler::toExternalForm@152 (line 486)
                      ; - java.net.URL::toExternalForm@5 (line 1203)
                      ; - java.net.URL::toString@1 (line 1189)
                      ; - java.lang.ClassLoader::defineClassSourceLocation@22 (line 927)
                      ; - java.lang.ClassLoader::defineClass@12 (line 1026)
  0x00007213b8550e38: c494 83ff 

  0x00007213b8550e3c: ;   {other}
  0x00007213b8550e3c: 0f1f 8400 | ac3e 0052 | bede ffff | ff66 6690 

  0x00007213b8550e4c: ;   {runtime_call UncommonTrapBlob}
  0x00007213b8550e4c: c5f8 77e8 

  0x00007213b8550e50: ; ImmutableOopMap {rbp=NarrowOop }
                      ;*checkcast {reexecute=0 rethrow=0 return_oop=0}
                      ; - java.lang.ClassLoader::getNamedPackage@8 (line 341)
                      ; - java.lang.ClassLoader::postDefineClass@9 (line 934)
                      ; - java.lang.ClassLoader::defineClass@37 (line 1028)
  0x00007213b8550e50: ac94 83ff 

  0x00007213b8550e54: ;   {other}
  0x00007213b8550e54: 0f1f 8400 | c43e 0053 | be45 ffff | ff48 8b6c | 2410 895c | 2438 6690 

  0x00007213b8550e6c: ;   {runtime_call UncommonTrapBlob}
  0x00007213b8550e6c: c5f8 77e8 

  0x00007213b8550e70: ; ImmutableOopMap {rbp=Oop [8]=Oop [24]=Oop [40]=Oop }
                      ;*if_icmpne {reexecute=1 rethrow=0 return_oop=0}
                      ; - (reexecute) java.lang.ClassLoader::checkName@20 (line 1157)
                      ; - java.lang.ClassLoader::preDefineClass@1 (line 900)
                      ; - java.lang.ClassLoader::defineClass@4 (line 1025)
  0x00007213b8550e70: 8c94 83ff 

  0x00007213b8550e74: ;   {other}
  0x00007213b8550e74: 0f1f 8400 | e43e 0054 | 4533 db45 | 85d2 410f | 94c3 be45 | ffff ff4c | 896c 2448 | 4489 5c24 
  0x00007213b8550e94: 3c66 6690 

  0x00007213b8550e98: ;   {runtime_call UncommonTrapBlob}
  0x00007213b8550e98: c5f8 77e8 

  0x00007213b8550e9c: ; ImmutableOopMap {[16]=Oop [24]=Oop [40]=Oop [48]=Oop [56]=NarrowOop [72]=Oop }
                      ;*ifeq {reexecute=1 rethrow=0 return_oop=0}
                      ; - (reexecute) java.lang.String::lastIndexOf@4 (line 2573)
                      ; - java.lang.String::lastIndexOf@8 (line 2535)
                      ; - java.lang.ClassLoader::checkCerts@3 (line 1163)
                      ; - java.lang.ClassLoader::preDefineClass@113 (line 917)
                      ; - java.lang.ClassLoader::defineClass@4 (line 1025)
  0x00007213b8550e9c: 6094 83ff 

  0x00007213b8550ea0: ;   {other}
  0x00007213b8550ea0: 0f1f 8400 | 103f 0055 | be45 ffff | ff44 8954 | 2408 4489 | 5424 0c4c | 896c 2450 | 4489 5c24 
  0x00007213b8550ec0: 5866 6690 

  0x00007213b8550ec4: ;   {runtime_call UncommonTrapBlob}
  0x00007213b8550ec4: c5f8 77e8 

  0x00007213b8550ec8: ; ImmutableOopMap {[16]=Oop [24]=Oop [40]=Oop [48]=Oop [56]=NarrowOop [80]=Oop }
                      ;*if_icmpgt {reexecute=1 rethrow=0 return_oop=0}
                      ; - (reexecute) jdk.internal.util.Preconditions::checkFromToIndex@6 (line 348)
                      ; - java.lang.String::checkBoundsBeginEnd@6 (line 4865)
                      ; - java.lang.String::substring@8 (line 2834)
                      ; - java.lang.ClassLoader::checkCerts@21 (line 1164)
                      ; - java.lang.ClassLoader::preDefineClass@113 (line 917)
                      ; - java.lang.ClassLoader::defineClass@4 (line 1025)
  0x00007213b8550ec8: 3494 83ff 

  0x00007213b8550ecc: ;   {other}
  0x00007213b8550ecc: 0f1f 8400 | 3c3f 0056 | be45 ffff | ff4c 8b54 | 2430 4c89 | 5424 204c | 894c 2430 | 4489 4424 
  0x00007213b8550eec: 3866 6690 

  0x00007213b8550ef0: ;   {runtime_call UncommonTrapBlob}
  0x00007213b8550ef0: c5f8 77e8 

  0x00007213b8550ef4: ; ImmutableOopMap {[8]=Oop [16]=Oop [32]=Oop [48]=Oop [56]=NarrowOop }
                      ;*ifle {reexecute=1 rethrow=0 return_oop=0}
                      ; - (reexecute) java.util.concurrent.ConcurrentHashMap::get@23 (line 937)
                      ; - java.lang.ClassLoader::getNamedPackage@5 (line 341)
                      ; - java.lang.ClassLoader::postDefineClass@9 (line 934)
                      ; - java.lang.ClassLoader::defineClass@37 (line 1028)
  0x00007213b8550ef4: 0894 83ff 

  0x00007213b8550ef8: ;   {other}
  0x00007213b8550ef8: 0f1f 8400 | 683f 0057 | be45 ffff | ff48 8b6c | 2410 4489 | 5c24 3890 

  0x00007213b8550f10: ;   {runtime_call UncommonTrapBlob}
  0x00007213b8550f10: c5f8 77e8 

  0x00007213b8550f14: ; ImmutableOopMap {rbp=Oop [8]=Oop [24]=Oop [40]=Oop }
                      ;*if_icmpne {reexecute=1 rethrow=0 return_oop=0}
                      ; - (reexecute) java.lang.ClassLoader::checkName@30 (line 1157)
                      ; - java.lang.ClassLoader::preDefineClass@1 (line 900)
                      ; - java.lang.ClassLoader::defineClass@4 (line 1025)
  0x00007213b8550f14: e893 83ff 

  0x00007213b8550f18: ;   {other}
  0x00007213b8550f18: 0f1f 8400 | 883f 0058 | be45 ffff | ff41 8bea | 4c89 6c24 | 4066 6690 

  0x00007213b8550f30: ;   {runtime_call UncommonTrapBlob}
  0x00007213b8550f30: c5f8 77e8 

  0x00007213b8550f34: ; ImmutableOopMap {[16]=Oop [24]=Oop [40]=Oop [48]=Oop [56]=NarrowOop [64]=Oop }
                      ;*if_icmpne {reexecute=1 rethrow=0 return_oop=0}
                      ; - (reexecute) java.lang.ClassLoader::checkCerts@9 (line 1164)
                      ; - java.lang.ClassLoader::preDefineClass@113 (line 917)
                      ; - java.lang.ClassLoader::defineClass@4 (line 1025)
  0x00007213b8550f34: c893 83ff 

  0x00007213b8550f38: ;   {other}
  0x00007213b8550f38: 0f1f 8400 | a83f 0059 | be45 ffff | ff44 8954 | 2408 4489 | 5424 0c4c | 896c 2450 | 4489 5c24 
  0x00007213b8550f58: 5844 895c | 245c 6690 

  0x00007213b8550f60: ;   {runtime_call UncommonTrapBlob}
  0x00007213b8550f60: c5f8 77e8 

  0x00007213b8550f64: ; ImmutableOopMap {[16]=Oop [24]=Oop [40]=Oop [48]=Oop [56]=NarrowOop [80]=Oop }
                      ;*if_icmple {reexecute=1 rethrow=0 return_oop=0}
                      ; - (reexecute) jdk.internal.util.Preconditions::checkFromToIndex@11 (line 348)
                      ; - java.lang.String::checkBoundsBeginEnd@6 (line 4865)
                      ; - java.lang.String::substring@8 (line 2834)
                      ; - java.lang.ClassLoader::checkCerts@21 (line 1164)
                      ; - java.lang.ClassLoader::preDefineClass@113 (line 917)
                      ; - java.lang.ClassLoader::defineClass@4 (line 1025)
  0x00007213b8550f64: 9893 83ff 

  0x00007213b8550f68: ;   {other}
  0x00007213b8550f68: 0f1f 8400 | d83f 005a | be45 ffff | ff4c 8b54 | 2410 498b | ea4c 8b54 | 2428 4c89 | 5424 0848 
  0x00007213b8550f88: ff74 2418 | 488f 4424 | 1048 8944 | 24f8 8b44 | 2420 8944 | 2418 488b | 4424 f848 | 8944 24f8 
  0x00007213b8550fa8: 8b44 2424 | 8944 241c | 488b 4424 | f84c 8b54 | 2430 4c89 | 5424 2044 | 896c 2428 | 48ff 7424 
  0x00007213b8550fc8: 4048 8f44 | 2438 895c | 242c 4889 | 4c24 4089 | 4424 4844 | 894c 244c | 4489 4424 | 5044 895c 
  0x00007213b8550fe8: 2454 6690 

  0x00007213b8550fec: ;   {runtime_call UncommonTrapBlob}
  0x00007213b8550fec: c5f8 77e8 

  0x00007213b8550ff0: ; ImmutableOopMap {rbp=Oop [8]=Oop [16]=Oop [32]=Oop [40]=NarrowOop [56]=Oop [64]=Oop [72]=NarrowOop }
                      ;*if_icmpne {reexecute=1 rethrow=0 return_oop=0}
                      ; - (reexecute) java.lang.String::getBytes@5 (line 4725)
                      ; - java.lang.AbstractStringBuilder::putStringAt@15 (line 1751)
                      ; - java.lang.AbstractStringBuilder::append@30 (line 588)
                      ; - java.lang.StringBuilder::append@2 (line 179)
                      ; - java.net.URLStreamHandler::toExternalForm@59 (line 483)
                      ; - java.net.URL::toExternalForm@5 (line 1203)
                      ; - java.net.URL::toString@1 (line 1189)
                      ; - java.lang.ClassLoader::defineClassSourceLocation@22 (line 927)
                      ; - java.lang.ClassLoader::defineClass@12 (line 1026)
  0x00007213b8550ff0: 0c93 83ff 

  0x00007213b8550ff4: ;   {other}
  0x00007213b8550ff4: 0f1f 8400 | 6440 005b | be45 ffff | ff48 8b6c | 2410 4c8b | 5424 284c | 8954 2408 | 4c8b 5424 
  0x00007213b8551014: 184c 8954 | 2410 8b7c | 2420 897c | 2418 448b | 5424 2444 | 8954 241c | 4c8b 5424 | 304c 8954 
  0x00007213b8551034: 2420 4489 | 6c24 284c | 8b54 2440 | 4c89 5424 | 3844 8974 | 242c 4489 | 4424 4044 | 894c 2444 
  0x00007213b8551054: 895c 2448 | 4489 5c24 | 4c89 4c24 | 5066 6690 

  0x00007213b8551064: ;   {runtime_call UncommonTrapBlob}
  0x00007213b8551064: c5f8 77e8 

  0x00007213b8551068: ; ImmutableOopMap {rbp=Oop [8]=Oop [16]=Oop [32]=Oop [40]=NarrowOop [56]=Oop [64]=NarrowOop [68]=NarrowOop }
                      ;*if_icmpne {reexecute=1 rethrow=0 return_oop=0}
                      ; - (reexecute) java.lang.String::getBytes@5 (line 4725)
                      ; - java.lang.AbstractStringBuilder::putStringAt@15 (line 1751)
                      ; - java.lang.AbstractStringBuilder::append@30 (line 588)
                      ; - java.lang.StringBuilder::append@2 (line 179)
                      ; - java.net.URLStreamHandler::toExternalForm@77 (line 484)
                      ; - java.net.URL::toExternalForm@5 (line 1203)
                      ; - java.net.URL::toString@1 (line 1189)
                      ; - java.lang.ClassLoader::defineClassSourceLocation@22 (line 927)
                      ; - java.lang.ClassLoader::defineClass@12 (line 1026)
  0x00007213b8551068: 9492 83ff 

  0x00007213b855106c: ;   {other}
  0x00007213b855106c: 0f1f 8400 | dc40 005c | 4585 c044 | 8b54 2470 | 410f 94c2 | be45 ffff | ff48 8b6c | 2410 4c8b 
  0x00007213b855108c: 4424 284c | 8944 2408 | 4c8b 4424 | 184c 8944 | 2410 448b | 4424 2044 | 8944 2418 | 448b 4424 
  0x00007213b85510ac: 2444 8944 | 241c 4c8b | 4424 304c | 8944 2420 | 4889 5c24 | 304c 8b44 | 2440 4c89 | 4424 3844 
  0x00007213b85510cc: 895c 2440 | 894c 2444 | 4489 5424 | 4866 6690 

  0x00007213b85510dc: ;   {runtime_call UncommonTrapBlob}
  0x00007213b85510dc: c5f8 77e8 

  0x00007213b85510e0: ; ImmutableOopMap {rbp=Oop [8]=Oop [16]=Oop [32]=Oop [48]=Oop [56]=Oop [64]=NarrowOop }
                      ;*ifeq {reexecute=1 rethrow=0 return_oop=0}
                      ; - (reexecute) java.lang.String::<init>@19 (line 4786)
                      ; - java.lang.String::<init>@3 (line 1507)
                      ; - java.lang.StringBuilder::toString@5 (line 475)
                      ; - java.net.URLStreamHandler::toExternalForm@152 (line 486)
                      ; - java.net.URL::toExternalForm@5 (line 1203)
                      ; - java.net.URL::toString@1 (line 1189)
                      ; - java.lang.ClassLoader::defineClassSourceLocation@22 (line 927)
                      ; - java.lang.ClassLoader::defineClass@12 (line 1026)
  0x00007213b85510e0: 1c92 83ff 

  0x00007213b85510e4: ;   {other}
  0x00007213b85510e4: 0f1f 8400 | 5441 005d | be45 ffff | ff48 8b6c | 2410 4c8b | 4424 284c | 8944 2408 | 4c8b 4424 
  0x00007213b8551104: 184c 8944 | 2410 8b54 | 2420 8954 | 2418 448b | 4424 2444 | 8944 241c | 4c8b 4424 | 304c 8944 
  0x00007213b8551124: 2420 4489 | 6c24 284c | 8b44 2440 | 4c89 4424 | 3889 5c24 | 2c89 4c24 | 4044 894c | 2444 4489 
  0x00007213b8551144: 5c24 4889 | 7c24 4c44 | 8954 2450 

  0x00007213b8551150: ;   {runtime_call UncommonTrapBlob}
  0x00007213b8551150: c5f8 77e8 

  0x00007213b8551154: ; ImmutableOopMap {rbp=Oop [8]=Oop [16]=Oop [32]=Oop [40]=NarrowOop [56]=Oop [64]=NarrowOop [68]=NarrowOop }
                      ;*if_icmpne {reexecute=1 rethrow=0 return_oop=0}
                      ; - (reexecute) java.lang.String::getBytes@5 (line 4725)
                      ; - java.lang.AbstractStringBuilder::putStringAt@15 (line 1751)
                      ; - java.lang.AbstractStringBuilder::append@30 (line 588)
                      ; - java.lang.StringBuilder::append@2 (line 179)
                      ; - java.net.URLStreamHandler::toExternalForm@11 (line 480)
                      ; - java.net.URL::toExternalForm@5 (line 1203)
                      ; - java.net.URL::toString@1 (line 1189)
                      ; - java.lang.ClassLoader::defineClassSourceLocation@22 (line 927)
                      ; - java.lang.ClassLoader::defineClass@12 (line 1026)
  0x00007213b8551154: a891 83ff 

  0x00007213b8551158: ;   {other}
  0x00007213b8551158: 0f1f 8400 | c841 005e | be45 ffff | ff48 8944 | 2428 6690 

  0x00007213b855116c: ;   {runtime_call UncommonTrapBlob}
  0x00007213b855116c: c5f8 77e8 

  0x00007213b8551170: ; ImmutableOopMap {[8]=Oop [16]=Oop [40]=Oop [48]=Oop }
                      ;*ifeq {reexecute=1 rethrow=0 return_oop=0}
                      ; - (reexecute) java.lang.Class::getPackageName@13 (line 1163)
                      ; - java.lang.ClassLoader::postDefineClass@2 (line 934)
                      ; - java.lang.ClassLoader::defineClass@37 (line 1028)
  0x00007213b8551170: 8c91 83ff 

  0x00007213b8551174: ;   {other}
  0x00007213b8551174: 0f1f 8400 | e441 005f | be45 ffff | ff4c 8b54 | 2410 498b | ea4c 8b54 | 2428 4c89 | 5424 0848 
  0x00007213b8551194: ff74 2418 | 488f 4424 | 1048 8944 | 24f8 8b44 | 2420 8944 | 2418 488b | 4424 f848 | 8944 24f8 
  0x00007213b85511b4: 8b44 2424 | 8944 241c | 488b 4424 | f84c 8b54 | 2430 4c89 | 5424 2044 | 896c 2428 | 895c 242c 
  0x00007213b85511d4: 4489 4c24 | 5048 894c | 2458 4489 | 5c24 5444 | 8944 2460 

  0x00007213b85511e8: ;   {runtime_call UncommonTrapBlob}
  0x00007213b85511e8: c5f8 77e8 

  0x00007213b85511ec: ; ImmutableOopMap {rbp=Oop [8]=Oop [16]=Oop [32]=Oop [40]=NarrowOop [64]=Oop [88]=Oop }
                      ;*if_icmpeq {reexecute=1 rethrow=0 return_oop=0}
                      ; - (reexecute) java.lang.AbstractStringBuilder::inflateIfNeededFor@14 (line 1733)
                      ; - java.lang.AbstractStringBuilder::putStringAt@2 (line 1750)
                      ; - java.lang.AbstractStringBuilder::append@30 (line 588)
                      ; - java.lang.StringBuilder::append@2 (line 179)
                      ; - java.net.URLStreamHandler::toExternalForm@59 (line 483)
                      ; - java.net.URL::toExternalForm@5 (line 1203)
                      ; - java.net.URL::toString@1 (line 1189)
                      ; - java.lang.ClassLoader::defineClassSourceLocation@22 (line 927)
                      ; - java.lang.ClassLoader::defineClass@12 (line 1026)
  0x00007213b85511ec: 1091 83ff 

  0x00007213b85511f0: ;   {other}
  0x00007213b85511f0: 0f1f 8400 | 6042 0060 | be45 ffff | ff48 8b6c | 2410 4c8b | 5424 284c | 8954 2408 | 4c8b 5424 
  0x00007213b8551210: 184c 8954 | 2410 448b | 5424 2044 | 8954 2418 | 448b 5424 | 2444 8954 | 241c 4c8b | 5424 304c 
  0x00007213b8551230: 8954 2420 | 4489 6c24 | 2844 8974 | 242c 895c | 2448 4489 | 4424 4c89 | 4c24 5844 | 895c 245c 
  0x00007213b8551250: ;   {runtime_call UncommonTrapBlob}
  0x00007213b8551250: c5f8 77e8 

  0x00007213b8551254: ; ImmutableOopMap {rbp=Oop [8]=Oop [16]=Oop [32]=Oop [40]=NarrowOop [64]=Oop [76]=NarrowOop }
                      ;*if_icmpeq {reexecute=1 rethrow=0 return_oop=0}
                      ; - (reexecute) java.lang.AbstractStringBuilder::inflateIfNeededFor@14 (line 1733)
                      ; - java.lang.AbstractStringBuilder::putStringAt@2 (line 1750)
                      ; - java.lang.AbstractStringBuilder::append@30 (line 588)
                      ; - java.lang.StringBuilder::append@2 (line 179)
                      ; - java.net.URLStreamHandler::toExternalForm@77 (line 484)
                      ; - java.net.URL::toExternalForm@5 (line 1203)
                      ; - java.net.URL::toString@1 (line 1189)
                      ; - java.lang.ClassLoader::defineClassSourceLocation@22 (line 927)
                      ; - java.lang.ClassLoader::defineClass@12 (line 1026)
  0x00007213b8551254: a890 83ff 

  0x00007213b8551258: ;   {other}
  0x00007213b8551258: 0f1f 8400 | c842 0061 | be45 ffff | ff4c 8b54 | 2410 4c89 | 5424 084c | 8b54 2428 | 4c89 5424 
  0x00007213b8551278: 104c 8b54 | 2430 4c89 | 5424 2844 | 896c 2430 

  0x00007213b8551288: ;   {runtime_call UncommonTrapBlob}
  0x00007213b8551288: c5f8 77e8 

  0x00007213b855128c: ; ImmutableOopMap {rbp=NarrowOop [8]=Oop [16]=Oop [24]=Oop [40]=Oop [48]=NarrowOop [64]=Oop }
                      ;*ifnull {reexecute=1 rethrow=0 return_oop=0}
                      ; - (reexecute) java.net.URLStreamHandler::toExternalForm@86 (line 485)
                      ; - java.net.URL::toExternalForm@5 (line 1203)
                      ; - java.net.URL::toString@1 (line 1189)
                      ; - java.lang.ClassLoader::defineClassSourceLocation@22 (line 927)
                      ; - java.lang.ClassLoader::defineClass@12 (line 1026)
  0x00007213b855128c: 7090 83ff 

  0x00007213b8551290: ;   {other}
  0x00007213b8551290: 0f1f 8400 | 0043 0062 | be45 ffff | ff48 8b6c | 2410 4c8b | 4424 284c | 8944 2408 | 4c8b 4424 
  0x00007213b85512b0: 184c 8944 | 2410 448b | 4424 2044 | 8944 2418 | 448b 4c24 | 2444 894c | 241c 4c8b | 4424 304c 
  0x00007213b85512d0: 8944 2420 | 4489 6c24 | 2844 8954 | 242c 4489 | 5c24 5090 

  0x00007213b85512e4: ;   {runtime_call UncommonTrapBlob}
  0x00007213b85512e4: c5f8 77e8 

  0x00007213b85512e8: ; ImmutableOopMap {rbp=Oop [8]=Oop [16]=Oop [32]=Oop [40]=NarrowOop [64]=Oop }
                      ;*if_icmpeq {reexecute=1 rethrow=0 return_oop=0}
                      ; - (reexecute) java.lang.AbstractStringBuilder::inflateIfNeededFor@14 (line 1733)
                      ; - java.lang.AbstractStringBuilder::putStringAt@2 (line 1750)
                      ; - java.lang.AbstractStringBuilder::append@30 (line 588)
                      ; - java.lang.StringBuilder::append@2 (line 179)
                      ; - java.net.URLStreamHandler::toExternalForm@113 (line 485)
                      ; - java.net.URL::toExternalForm@5 (line 1203)
                      ; - java.net.URL::toString@1 (line 1189)
                      ; - java.lang.ClassLoader::defineClassSourceLocation@22 (line 927)
                      ; - java.lang.ClassLoader::defineClass@12 (line 1026)
  0x00007213b85512e8: 1490 83ff 

  0x00007213b85512ec: ;   {other}
  0x00007213b85512ec: 0f1f 8400 | 5c43 0063 | be45 ffff | ff4c 8b54 | 2410 4c89 | 5424 084c | 8b54 2428 | 4c89 5424 
  0x00007213b855130c: 104c 8b54 | 2430 4c89 | 5424 2890 

  0x00007213b8551318: ;   {runtime_call UncommonTrapBlob}
  0x00007213b8551318: c5f8 77e8 

  0x00007213b855131c: ; ImmutableOopMap {rbp=NarrowOop [8]=Oop [16]=Oop [24]=Oop [40]=Oop [64]=Oop }
                      ;*ifnull {reexecute=1 rethrow=0 return_oop=0}
                      ; - (reexecute) java.net.URLStreamHandler::toExternalForm@122 (line 486)
                      ; - java.net.URL::toExternalForm@5 (line 1203)
                      ; - java.net.URL::toString@1 (line 1189)
                      ; - java.lang.ClassLoader::defineClassSourceLocation@22 (line 927)
                      ; - java.lang.ClassLoader::defineClass@12 (line 1026)
  0x00007213b855131c: e08f 83ff 

  0x00007213b8551320: ;   {other}
  0x00007213b8551320: 0f1f 8400 | 9043 0064 | be45 ffff | ff4c 8b5c | 2410 4c89 | 5c24 084c | 8b5c 2428 | 4c89 5c24 
  0x00007213b8551340: 104c 8b5c | 2430 4c89 | 5c24 2844 | 8954 2448 

  0x00007213b8551350: ;   {runtime_call UncommonTrapBlob}
  0x00007213b8551350: c5f8 77e8 

  0x00007213b8551354: ; ImmutableOopMap {[8]=Oop [16]=Oop [24]=Oop [40]=Oop [64]=Oop }
                      ;*if_icmpeq {reexecute=1 rethrow=0 return_oop=0}
                      ; - (reexecute) java.lang.AbstractStringBuilder::inflateIfNeededFor@14 (line 1733)
                      ; - java.lang.AbstractStringBuilder::putStringAt@2 (line 1750)
                      ; - java.lang.AbstractStringBuilder::append@30 (line 588)
                      ; - java.lang.StringBuilder::append@2 (line 179)
                      ; - java.net.URLStreamHandler::toExternalForm@149 (line 486)
                      ; - java.net.URL::toExternalForm@5 (line 1203)
                      ; - java.net.URL::toString@1 (line 1189)
                      ; - java.lang.ClassLoader::defineClassSourceLocation@22 (line 927)
                      ; - java.lang.ClassLoader::defineClass@12 (line 1026)
  0x00007213b8551354: a88f 83ff 

  0x00007213b8551358: ;   {other}
  0x00007213b8551358: 0f1f 8400 | c843 0065 | be45 ffff | ff48 8b6c | 2410 4c8b | 4424 284c | 8944 2408 | 4c8b 4424 
  0x00007213b8551378: 184c 8944 | 2410 448b | 4c24 2044 | 894c 2418 | 448b 4424 | 2444 8944 | 241c 4c8b | 4424 304c 
  0x00007213b8551398: 8944 2420 | 4489 6c24 | 2889 5c24 | 2c44 895c | 2448 894c | 244c 4489 | 5424 5889 | 7c24 5c90 
  0x00007213b85513b8: ;   {runtime_call UncommonTrapBlob}
  0x00007213b85513b8: c5f8 77e8 

  0x00007213b85513bc: ; ImmutableOopMap {rbp=Oop [8]=Oop [16]=Oop [32]=Oop [40]=NarrowOop [64]=Oop [76]=NarrowOop }
                      ;*if_icmpeq {reexecute=1 rethrow=0 return_oop=0}
                      ; - (reexecute) java.lang.AbstractStringBuilder::inflateIfNeededFor@14 (line 1733)
                      ; - java.lang.AbstractStringBuilder::putStringAt@2 (line 1750)
                      ; - java.lang.AbstractStringBuilder::append@30 (line 588)
                      ; - java.lang.StringBuilder::append@2 (line 179)
                      ; - java.net.URLStreamHandler::toExternalForm@11 (line 480)
                      ; - java.net.URL::toExternalForm@5 (line 1203)
                      ; - java.net.URL::toString@1 (line 1189)
                      ; - java.lang.ClassLoader::defineClassSourceLocation@22 (line 927)
                      ; - java.lang.ClassLoader::defineClass@12 (line 1026)
  0x00007213b85513bc: 408f 83ff 

  0x00007213b85513c0: ;   {other}
  0x00007213b85513c0: 0f1f 8400 | 3044 0066 | be45 ffff | ff48 8b6c | 2410 4c8b | 5424 284c | 8954 2410 | 4c8b 5424 
  0x00007213b85513e0: 304c 8954 | 2428 8954 | 2430 6690 

  0x00007213b85513ec: ;   {runtime_call UncommonTrapBlob}
  0x00007213b85513ec: c5f8 77e8 

  0x00007213b85513f0: ; ImmutableOopMap {rbp=Oop [8]=Oop [16]=Oop [24]=Oop [40]=Oop }
                      ;*ifne {reexecute=1 rethrow=0 return_oop=0}
                      ; - (reexecute) java.lang.ClassLoader::compareCerts@7 (line 1186)
                      ; - java.lang.ClassLoader::checkCerts@80 (line 1172)
                      ; - java.lang.ClassLoader::preDefineClass@113 (line 917)
                      ; - java.lang.ClassLoader::defineClass@4 (line 1025)
  0x00007213b85513f0: 0c8f 83ff 

  0x00007213b85513f4: ;   {other}
  0x00007213b85513f4: 0f1f 8400 | 6444 0067 | 4c63 c1e9 | 6dd1 ffff | 4983 c0fe | 498b c849 | 8bfb 4833 | c048 83f9 
  0x00007213b8551414: 087f 1048 | ffc9 784f | 4889 04cf | 48ff c97d | f7eb 44c5 | fdef c0e9 | 0d00 0000 | c5fe 7f07 
  0x00007213b8551434: c5fe 7f47 | 2048 83c7 | 4048 83e9 | 087d ed48 | 83c1 047c | 0cc5 fe7f | 0748 83c7 | 2048 83e9 
  0x00007213b8551454: 0448 83c1 | 047e 1048 | ffc9 c5f9 | d607 4883 | c708 48ff | c97d f3e9 | c8d1 ffff | becc ffff 
  0x00007213b8551474: ff4c 8b54 | 2430 4c89 | 5424 2048 | 895c 2438 | 4489 4c24 | 4089 4c24 | 4866 6690 

  0x00007213b8551490: ;   {runtime_call UncommonTrapBlob}
  0x00007213b8551490: c5f8 77e8 

  0x00007213b8551494: ; ImmutableOopMap {[8]=Oop [16]=Oop [32]=Oop [56]=Oop [64]=NarrowOop }
                      ;*newarray {reexecute=1 rethrow=0 return_oop=0}
                      ; - (reexecute) java.util.Arrays::copyOfRangeByte@10 (line 3863)
                      ; - java.util.Arrays::copyOfRange@13 (line 3854)
                      ; - java.lang.StringLatin1::newString@16 (line 752)
                      ; - java.lang.String::substring@41 (line 2839)
                      ; - java.lang.Class::getPackageName@62 (line 1169)
                      ; - java.lang.ClassLoader::postDefineClass@2 (line 934)
                      ; - java.lang.ClassLoader::defineClass@37 (line 1028)
  0x00007213b8551494: 688e 83ff 

  0x00007213b8551498: ;   {other}
  0x00007213b8551498: 0f1f 8400 | 0845 0068 | be45 ffff | ff48 8b6c | 2410 4c8b | 5424 284c | 8954 2408 | 4c8b 5424 
  0x00007213b85514b8: 184c 8954 | 2410 448b | 4424 2044 | 8944 2418 | 448b 5424 | 2444 8954 | 241c 4c8b | 5424 304c 
  0x00007213b85514d8: 8954 2420 | 4889 5c24 | 3044 895c | 2438 894c | 2440 894c | 2444 6690 

  0x00007213b85514f0: ;   {runtime_call UncommonTrapBlob}
  0x00007213b85514f0: c5f8 77e8 

  0x00007213b85514f4: ; ImmutableOopMap {rbp=Oop [8]=Oop [16]=Oop [32]=Oop [48]=Oop [56]=NarrowOop }
                      ;*if_icmpge {reexecute=1 rethrow=0 return_oop=0}
                      ; - (reexecute) java.util.Arrays::checkLength@2 (line 3820)
                      ; - java.util.Arrays::copyOfRangeByte@2 (line 3861)
                      ; - java.util.Arrays::copyOfRange@13 (line 3854)
                      ; - java.lang.String::<init>@32 (line 4788)
                      ; - java.lang.String::<init>@3 (line 1507)
                      ; - java.lang.StringBuilder::toString@5 (line 475)
                      ; - java.net.URLStreamHandler::toExternalForm@152 (line 486)
                      ; - java.net.URL::toExternalForm@5 (line 1203)
                      ; - java.net.URL::toString@1 (line 1189)
                      ; - java.lang.ClassLoader::defineClassSourceLocation@22 (line 927)
                      ; - java.lang.ClassLoader::defineClass@12 (line 1026)
  0x00007213b85514f4: 088e 83ff 

  0x00007213b85514f8: ;   {other}
  0x00007213b85514f8: 0f1f 8400 | 6845 0069 | bef6 ffff | ff66 6690 

  0x00007213b8551508: ;   {runtime_call UncommonTrapBlob}
  0x00007213b8551508: c5f8 77e8 

  0x00007213b855150c: ; ImmutableOopMap {}
                      ;*invokevirtual isNamed {reexecute=0 rethrow=0 return_oop=0}
                      ; - java.lang.NamedPackage::<init>@12 (line 48)
                      ; - java.lang.ClassLoader::getNamedPackage@22 (line 343)
                      ; - java.lang.ClassLoader::postDefineClass@9 (line 934)
                      ; - java.lang.ClassLoader::defineClass@37 (line 1028)
  0x00007213b855150c: f08d 83ff 

  0x00007213b8551510: ;   {other}
  0x00007213b8551510: 0f1f 8400 | 8045 006a | bef6 ffff | ff66 6690 

  0x00007213b8551520: ;   {runtime_call UncommonTrapBlob}
  0x00007213b8551520: c5f8 77e8 

  0x00007213b8551524: ; ImmutableOopMap {[32]=NarrowOop }
                      ;*invokevirtual append {reexecute=0 rethrow=0 return_oop=0}
                      ; - java.lang.NamedPackage::<init>@35 (line 49)
                      ; - java.lang.ClassLoader::getNamedPackage@22 (line 343)
                      ; - java.lang.ClassLoader::postDefineClass@9 (line 934)
                      ; - java.lang.ClassLoader::defineClass@37 (line 1028)
  0x00007213b8551524: d88d 83ff 

  0x00007213b8551528: ;   {other}
  0x00007213b8551528: 0f1f 8400 | 9845 006b | bef6 ffff | ff66 6690 

  0x00007213b8551538: ;   {runtime_call UncommonTrapBlob}
  0x00007213b8551538: c5f8 77e8 

  0x00007213b855153c: ; ImmutableOopMap {}
                      ;*invokevirtual toString {reexecute=0 rethrow=0 return_oop=0}
                      ; - java.lang.NamedPackage::<init>@38 (line 49)
                      ; - java.lang.ClassLoader::getNamedPackage@22 (line 343)
                      ; - java.lang.ClassLoader::postDefineClass@9 (line 934)
                      ; - java.lang.ClassLoader::defineClass@37 (line 1028)
  0x00007213b855153c: c08d 83ff 

  0x00007213b8551540: ;   {other}
  0x00007213b8551540: 0f1f 8400 | b045 006c | 85ff 448b | 4424 7041 | 0f94 c0be | 45ff ffff | 488b 6c24 | 084c 8b5c 
  0x00007213b8551560: 2430 4c89 | 5c24 2048 | 895c 2438 | 4489 5424 | 4044 8944 | 2444 6690 

  0x00007213b8551578: ;   {runtime_call UncommonTrapBlob}
  0x00007213b8551578: c5f8 77e8 

  0x00007213b855157c: ; ImmutableOopMap {rbp=Oop [16]=Oop [32]=Oop [56]=Oop }
                      ;*ifeq {reexecute=1 rethrow=0 return_oop=0}
                      ; - (reexecute) java.lang.String::lastIndexOf@4 (line 2573)
                      ; - java.lang.String::lastIndexOf@8 (line 2535)
                      ; - java.lang.Class::getPackageName@47 (line 1168)
                      ; - java.lang.ClassLoader::postDefineClass@2 (line 934)
                      ; - java.lang.ClassLoader::defineClass@37 (line 1028)
  0x00007213b855157c: 808d 83ff 

  0x00007213b8551580: ;   {other}
  0x00007213b8551580: 0f1f 8400 | f045 006d | be45 ffff | ff48 8b6c | 2408 4c8b | 5424 304c | 8954 2420 | 4889 5c24 
  0x00007213b85515a0: 3089 4c24 | 4044 8944 | 2444 894c | 2448 6690 

  0x00007213b85515b0: ;   {runtime_call UncommonTrapBlob}
  0x00007213b85515b0: c5f8 77e8 

  0x00007213b85515b4: ; ImmutableOopMap {rbp=Oop [16]=Oop [32]=Oop [48]=Oop }
                      ;*if_icmpgt {reexecute=1 rethrow=0 return_oop=0}
                      ; - (reexecute) jdk.internal.util.Preconditions::checkFromToIndex@6 (line 348)
                      ; - java.lang.String::checkBoundsBeginEnd@6 (line 4865)
                      ; - java.lang.String::substring@8 (line 2834)
                      ; - java.lang.Class::getPackageName@62 (line 1169)
                      ; - java.lang.ClassLoader::postDefineClass@2 (line 934)
                      ; - java.lang.ClassLoader::defineClass@37 (line 1028)
  0x00007213b85515b4: 488d 83ff 

  0x00007213b85515b8: ;   {other}
  0x00007213b85515b8: 0f1f 8400 | 2846 006e | be45 ffff | ff48 8b6c | 2408 4c8b | 5424 304c | 8954 2420 | 894c 2430 
  0x00007213b85515d8: ;   {runtime_call UncommonTrapBlob}
  0x00007213b85515d8: c5f8 77e8 

  0x00007213b85515dc: ; ImmutableOopMap {rbp=Oop [16]=Oop [32]=Oop }
                      ;*if_icmpeq {reexecute=1 rethrow=0 return_oop=0}
                      ; - (reexecute) java.lang.Class::getPackageName@55 (line 1169)
                      ; - java.lang.ClassLoader::postDefineClass@2 (line 934)
                      ; - java.lang.ClassLoader::defineClass@37 (line 1028)
  0x00007213b85515dc: 208d 83ff 

  0x00007213b85515e0: ;   {other}
  0x00007213b85515e0: 0f1f 8400 | 5046 006f | be45 ffff | ff48 8b6c | 2408 4c8b | 5424 304c | 8954 2420 | 4889 5c24 
  0x00007213b8551600: 3089 4c24 | 4044 8944 | 2444 894c | 2448 4489 | 4424 4c90 

  0x00007213b8551614: ;   {runtime_call UncommonTrapBlob}
  0x00007213b8551614: c5f8 77e8 

  0x00007213b8551618: ; ImmutableOopMap {rbp=Oop [16]=Oop [32]=Oop [48]=Oop }
                      ;*if_icmple {reexecute=1 rethrow=0 return_oop=0}
                      ; - (reexecute) jdk.internal.util.Preconditions::checkFromToIndex@11 (line 348)
                      ; - java.lang.String::checkBoundsBeginEnd@6 (line 4865)
                      ; - java.lang.String::substring@8 (line 2834)
                      ; - java.lang.Class::getPackageName@62 (line 1169)
                      ; - java.lang.ClassLoader::postDefineClass@2 (line 934)
                      ; - java.lang.ClassLoader::defineClass@37 (line 1028)
  0x00007213b8551618: e48c 83ff 

  0x00007213b855161c: ;   {other}
  0x00007213b855161c: 0f1f 8400 | 8c46 0070 | be45 ffff | ff4c 8b54 | 2430 4c89 | 5424 2044 | 8944 2438 | 4c89 4c24 
  0x00007213b855163c: 4044 8974 | 243c 8954 | 2448 4489 | 5c24 4c90 

  0x00007213b855164c: ;   {runtime_call UncommonTrapBlob}
  0x00007213b855164c: c5f8 77e8 

  0x00007213b8551650: ; ImmutableOopMap {[8]=Oop [16]=Oop [32]=Oop [56]=NarrowOop [60]=NarrowOop [64]=Oop }
                      ;*if_icmpne {reexecute=1 rethrow=0 return_oop=0}
                      ; - (reexecute) java.lang.String::equals@33 (line 1861)
                      ; - java.util.concurrent.ConcurrentHashMap::get@73 (line 940)
                      ; - java.lang.ClassLoader::getNamedPackage@5 (line 341)
                      ; - java.lang.ClassLoader::postDefineClass@9 (line 934)
                      ; - java.lang.ClassLoader::defineClass@37 (line 1028)
  0x00007213b8551650: ac8c 83ff 

  0x00007213b8551654: ;   {other}
  0x00007213b8551654: 0f1f 8400 | c446 0071 | 4585 d244 | 8b54 2470 | 410f 94c2 | be45 ffff | ff4c 8b5c | 2430 4c89 
  0x00007213b8551674: 5c24 2044 | 8944 2430 | 894c 2434 | 4c89 4c24 | 384c 894c | 2440 4489 | 5424 4890 

  0x00007213b8551690: ;   {runtime_call UncommonTrapBlob}
  0x00007213b8551690: c5f8 77e8 

  0x00007213b8551694: ; ImmutableOopMap {[8]=Oop [16]=Oop [32]=Oop [48]=NarrowOop [52]=NarrowOop [56]=Oop [64]=Oop }
                      ;*ifeq {reexecute=1 rethrow=0 return_oop=0}
                      ; - (reexecute) java.lang.String::hashCode@20 (line 2369)
                      ; - java.util.concurrent.ConcurrentHashMap::get@1 (line 936)
                      ; - java.lang.ClassLoader::getNamedPackage@5 (line 341)
                      ; - java.lang.ClassLoader::postDefineClass@9 (line 934)
                      ; - java.lang.ClassLoader::defineClass@37 (line 1028)
  0x00007213b8551694: 688c 83ff 

  0x00007213b8551698: ;   {other}
  0x00007213b8551698: 0f1f 8400 | 0847 0072 | bef6 ffff | ff66 6690 

  0x00007213b85516a8: ;   {runtime_call UncommonTrapBlob}
  0x00007213b85516a8: c5f8 77e8 

  0x00007213b85516ac: ; ImmutableOopMap {[24]=Oop [40]=Oop }
                      ;*invokevirtual putIfAbsent {reexecute=0 rethrow=0 return_oop=0}
                      ; - java.lang.ClassLoader::getNamedPackage@32 (line 345)
                      ; - java.lang.ClassLoader::postDefineClass@9 (line 934)
                      ; - java.lang.ClassLoader::defineClass@37 (line 1028)
  0x00007213b85516ac: 508c 83ff 

  0x00007213b85516b0: ;   {other}
  0x00007213b85516b0: 0f1f 8400 | 2047 0073 | 488b e8be | 54ff ffff 

  0x00007213b85516c0: ;   {runtime_call UncommonTrapBlob}
  0x00007213b85516c0: c5f8 77e8 

  0x00007213b85516c4: ; ImmutableOopMap {rbp=Oop [8]=Oop [16]=Oop [32]=NarrowOop [40]=Oop [48]=Oop }
                      ;*ifnull {reexecute=1 rethrow=0 return_oop=0}
                      ; - (reexecute) java.lang.ClassLoader::getNamedPackage@42 (line 346)
                      ; - java.lang.ClassLoader::postDefineClass@9 (line 934)
                      ; - java.lang.ClassLoader::defineClass@37 (line 1028)
  0x00007213b85516c4: 388c 83ff 

  0x00007213b85516c8: ;   {other}
  0x00007213b85516c8: 0f1f 8400 | 3847 0074 | be76 ffff | ff48 8b6c | 2410 4c8b | 5c24 284c | 895c 2410 | 4c8b 5c24 
  0x00007213b85516e8: 304c 895c | 2428 4c89 | 6c24 3044 | 8954 244c 

  0x00007213b85516f8: ;   {runtime_call UncommonTrapBlob}
  0x00007213b85516f8: c5f8 77e8 

  0x00007213b85516fc: ; ImmutableOopMap {rbp=Oop [8]=Oop [16]=Oop [24]=Oop [40]=Oop [48]=Oop [56]=Oop }
                      ;*if_icmpge {reexecute=1 rethrow=0 return_oop=0}
                      ; - (reexecute) java.lang.ClassLoader::compareCerts@40 (line 1195)
                      ; - java.lang.ClassLoader::checkCerts@80 (line 1172)
                      ; - java.lang.ClassLoader::preDefineClass@113 (line 917)
                      ; - java.lang.ClassLoader::defineClass@4 (line 1025)
  0x00007213b85516fc: 008c 83ff 

  0x00007213b8551700: ;   {other}
  0x00007213b8551700: 0f1f 8400 | 7047 0075 | bebe ffff | ff48 8b6c | 2410 4c8b | 5c24 284c | 895c 2410 | 4c8b 5c24 
  0x00007213b8551720: 304c 895c | 2428 4c89 | 6c24 3044 | 8954 244c 

  0x00007213b8551730: ;   {runtime_call UncommonTrapBlob}
  0x00007213b8551730: c5f8 77e8 

  0x00007213b8551734: ; ImmutableOopMap {rbp=Oop [8]=Oop [16]=Oop [24]=Oop [40]=Oop [48]=Oop [56]=Oop }
                      ;*if_icmpge {reexecute=1 rethrow=0 return_oop=0}
                      ; - (reexecute) java.lang.ClassLoader::compareCerts@40 (line 1195)
                      ; - java.lang.ClassLoader::checkCerts@80 (line 1172)
                      ; - java.lang.ClassLoader::preDefineClass@113 (line 917)
                      ; - java.lang.ClassLoader::defineClass@4 (line 1025)
  0x00007213b8551734: c88b 83ff 

  0x00007213b8551738: ;   {other}
  0x00007213b8551738: 0f1f 8400 | a847 0076 | be45 ffff | ff48 8b6c | 2410 4c8b | 5c24 284c | 895c 2410 | 4c8b 5c24 
  0x00007213b8551758: 304c 895c | 2428 4489 | 5424 3089 | 5424 3490 

  0x00007213b8551768: ;   {runtime_call UncommonTrapBlob}
  0x00007213b8551768: c5f8 77e8 

  0x00007213b855176c: ; ImmutableOopMap {rbp=Oop [8]=Oop [16]=Oop [24]=Oop [40]=Oop }
                      ;*if_icmpeq {reexecute=1 rethrow=0 return_oop=0}
                      ; - (reexecute) java.lang.ClassLoader::compareCerts@20 (line 1189)
                      ; - java.lang.ClassLoader::checkCerts@80 (line 1172)
                      ; - java.lang.ClassLoader::preDefineClass@113 (line 917)
                      ; - java.lang.ClassLoader::defineClass@4 (line 1025)
  0x00007213b855176c: 908b 83ff 

  0x00007213b8551770: ;   {other}
  0x00007213b8551770: 0f1f 8400 | e047 0077 | 41b9 0100 | 0000 be45 | ffff ff48 | 8b6c 2410 | 4c8b 5c24 | 284c 895c 
  0x00007213b8551790: 2410 4c8b | 5c24 304c | 895c 2428 | 4c89 6c24 | 304c 8974 | 2440 4489 | 5424 4844 | 8944 244c 
  0x00007213b85517b0: 4489 4c24 | 5089 5424 | 5466 6690 

  0x00007213b85517bc: ;   {runtime_call UncommonTrapBlob}
  0x00007213b85517bc: c5f8 77e8 

  0x00007213b85517c0: ; ImmutableOopMap {rbp=Oop [8]=Oop [16]=Oop [24]=Oop [40]=Oop [48]=Oop [64]=Oop }
                      ;*if_icmpge {reexecute=1 rethrow=0 return_oop=0}
                      ; - (reexecute) java.lang.ClassLoader::compareCerts@67 (line 1197)
                      ; - java.lang.ClassLoader::checkCerts@80 (line 1172)
                      ; - java.lang.ClassLoader::preDefineClass@113 (line 917)
                      ; - java.lang.ClassLoader::defineClass@4 (line 1025)
  0x00007213b85517c0: 3c8b 83ff 

  0x00007213b85517c4: ;   {other}
  0x00007213b85517c4: 0f1f 8400 | 3448 0078 | be45 ffff | ff4c 8b54 | 2430 4c89 | 5424 2044 | 8944 2438 | 4c89 4c24 
  0x00007213b85517e4: 4048 895c | 2448 8954 | 243c 6690 

  0x00007213b85517f0: ;   {runtime_call UncommonTrapBlob}
  0x00007213b85517f0: c5f8 77e8 

  0x00007213b85517f4: ; ImmutableOopMap {rbp=NarrowOop [8]=Oop [16]=Oop [32]=Oop [56]=NarrowOop [64]=Oop [72]=Oop }
                      ;*ifnull {reexecute=1 rethrow=0 return_oop=0}
                      ; - (reexecute) java.util.concurrent.ConcurrentHashMap::get@143 (line 946)
                      ; - java.lang.ClassLoader::getNamedPackage@5 (line 341)
                      ; - java.lang.ClassLoader::postDefineClass@9 (line 934)
                      ; - java.lang.ClassLoader::defineClass@37 (line 1028)
  0x00007213b85517f4: 088b 83ff 

  0x00007213b85517f8: ;   {other}
  0x00007213b85517f8: 0f1f 8400 | 6848 0079 | 4c89 4c24 | 6044 895c | 2458 4c8b | 5424 404c | 8954 2450 | 4c8b 5424 
  0x00007213b8551818: 384c 8954 | 2448 4489 | 6c24 404c | 8b54 2430 | 4c89 5424 | 384c 8b54 | 2428 4c89 

  0x00007213b8551834: ;   {metadata('java/lang/String')}
  0x00007213b8551834: 5424 0848 | be70 ea00 | 6213 7200 | 0066 6690 

  0x00007213b8551844: ;   {runtime_call _new_instance_Java}
  0x00007213b8551844: c5f8 77e8 

  0x00007213b8551848: ; ImmutableOopMap {rbp=Oop [8]=Oop [16]=Oop [24]=Oop [56]=Oop [64]=NarrowOop [72]=Oop [80]=Oop [96]=Oop }
                      ;*new {reexecute=1 rethrow=0 return_oop=1}
                      ; - (reexecute) java.net.URLStreamHandler::toExternalForm@35 (line 483)
                      ; - java.net.URL::toExternalForm@5 (line 1203)
                      ; - java.net.URL::toString@1 (line 1189)
                      ; - java.lang.ClassLoader::defineClassSourceLocation@22 (line 927)
                      ; - java.lang.ClassLoader::defineClass@12 (line 1026)
  0x00007213b8551848: b4c4 8eff 

  0x00007213b855184c: ;   {other}
  0x00007213b855184c: 0f1f 8400 | bc48 007a | 4c8b 5424 | 084c 8954 | 2428 4c8b | 5424 384c | 8954 2430 | 448b 6c24 
  0x00007213b855186c: 404c 8b54 | 2448 4c89 | 5424 384c | 8b54 2450 | 4c89 5424 | 4044 8b5c | 2458 4c8b | 4c24 60e9 
  0x00007213b855188c: d3e2 ffff | 4489 5c24 | 5c89 5c24 | 584c 8b54 | 2440 4c89 | 5424 504c | 8b54 2438 | 4c89 5424 
  0x00007213b85518ac: 4844 896c | 2440 4c8b | 5424 304c | 8954 2438 | 4c8b 5424 | 284c 8954 

  0x00007213b85518c4: ;   {metadata({type array byte})}
  0x00007213b85518c4: 2408 48be | 1823 0062 | 1372 0000 

  0x00007213b85518d0: ;   {runtime_call _new_array_Java}
  0x00007213b85518d0: c5f8 77e8 

  0x00007213b85518d4: ; ImmutableOopMap {rbp=Oop [8]=Oop [16]=Oop [24]=Oop [56]=Oop [64]=NarrowOop [72]=Oop [80]=Oop [88]=NarrowOop }
                      ;*new {reexecute=1 rethrow=0 return_oop=1}
                      ; - (reexecute) java.net.URLStreamHandler::toExternalForm@35 (line 483)
                      ; - java.net.URL::toExternalForm@5 (line 1203)
                      ; - java.net.URL::toString@1 (line 1189)
                      ; - java.lang.ClassLoader::defineClassSourceLocation@22 (line 927)
                      ; - java.lang.ClassLoader::defineClass@12 (line 1026)
  0x00007213b85518d4: a8a0 8eff 

  0x00007213b85518d8: ;   {other}
  0x00007213b85518d8: 0f1f 8400 | 4849 007b | 4c8b 5c24 | 084c 895c | 2428 4c8b | 5c24 384c | 895c 2430 | 448b 6c24 
  0x00007213b85518f8: 404c 8b5c | 2448 4c89 | 5c24 384c | 8b5c 2450 | 4c89 5c24 | 408b 5c24 | 5844 8b5c | 245c 4c8b 
  0x00007213b8551918: c8e9 b8e0 | ffff 4889 | 4c24 5844 | 8944 244c | 4889 5c24 | 5044 895c | 2448 4c8b | 5424 304c 
  0x00007213b8551938: 8954 2440 | 4c89 6c24 | 384c 8b54 | 2410 4c89 | 5424 0848 | 8b6c 2428 

  0x00007213b8551950: ;   {metadata('java/util/ArrayList')}
  0x00007213b8551950: 48be b0b2 | 0b62 1372 | 0000 6690 

  0x00007213b855195c: ;   {runtime_call _new_instance_Java}
  0x00007213b855195c: c5f8 77e8 

  0x00007213b8551960: ; ImmutableOopMap {rbp=Oop [8]=Oop [24]=Oop [56]=Oop [64]=Oop [72]=NarrowOop [76]=NarrowOop [80]=Oop [88]=Oop }
                      ;*new {reexecute=0 rethrow=0 return_oop=1}
                      ; - java.security.CodeSource::getCertificates@25 (line 209)
                      ; - java.lang.ClassLoader::checkCerts@34 (line 1168)
                      ; - java.lang.ClassLoader::preDefineClass@113 (line 917)
                      ; - java.lang.ClassLoader::defineClass@4 (line 1025)
  0x00007213b8551960: 9cc3 8eff 

  0x00007213b8551964: ;   {other}
  0x00007213b8551964: 0f1f 8400 | d449 007c | 4889 6c24 | 284c 8b54 | 2408 4c89 | 5424 104c | 8b6c 2438 | 4c8b 5424 
  0x00007213b8551984: 404c 8954 | 2430 448b | 5c24 4844 | 895c 2438 | 488b 5c24 | 5044 8b44 | 244c 488b | 4c24 58e9 
  0x00007213b85519a4: dae3 ffff | 4c89 5c24 | 5848 894c | 2450 4889 | 5c24 484c | 896c 2440 | 448b 5c24 | 7044 895c 
  0x00007213b85519c4: 243c 4c8b | 5424 104c | 8954 2408 | 488b 6c24 

  0x00007213b85519d4: ;   {metadata('java/security/cert/Certificate'[])}
  0x00007213b85519d4: 2848 bec8 | 5210 6213 | 7200 008b | 5424 7090 

  0x00007213b85519e4: ;   {runtime_call _new_array_Java}
  0x00007213b85519e4: c5f8 77e8 

  0x00007213b85519e8: ; ImmutableOopMap {rbp=Oop [8]=Oop [24]=Oop [48]=Oop [56]=NarrowOop [64]=Oop [72]=Oop [80]=Oop [88]=Oop }
                      ;*anewarray {reexecute=0 rethrow=0 return_oop=1}
                      ; - java.security.CodeSource::getCertificates@70 (line 215)
                      ; - java.lang.ClassLoader::checkCerts@34 (line 1168)
                      ; - java.lang.ClassLoader::preDefineClass@113 (line 917)
                      ; - java.lang.ClassLoader::defineClass@4 (line 1025)
  0x00007213b85519e8: 949f 8eff 

  0x00007213b85519ec: ;   {other}
  0x00007213b85519ec: 0f1f 8400 | 5c4a 007d | e911 e5ff | ff4c 895c | 2428 4889 

  0x00007213b8551a00: ;   {metadata('java/security/cert/Certificate'[])}
  0x00007213b8551a00: 4c24 1048 | bec8 5210 | 6213 7200 | 0041 8bd1 

  0x00007213b8551a10: ;   {runtime_call _new_array_Java}
  0x00007213b8551a10: c5f8 77e8 

  0x00007213b8551a14: ; ImmutableOopMap {rbp=Oop [8]=Oop [16]=Oop [24]=Oop [48]=Oop [64]=Oop [72]=Oop }
                      ;*invokevirtual clone {reexecute=1 rethrow=0 return_oop=1}
                      ; - (reexecute) java.security.CodeSource::getCertificates@86 (line 217)
                      ; - java.lang.ClassLoader::checkCerts@34 (line 1168)
                      ; - java.lang.ClassLoader::preDefineClass@113 (line 917)
                      ; - java.lang.ClassLoader::defineClass@4 (line 1025)
  0x00007213b8551a14: 689f 8eff 

  0x00007213b8551a18: ;   {other}
  0x00007213b8551a18: 0f1f 8400 | 884a 007e | 488b 4c24 | 104c 8b5c | 2428 488b | d8e9 9ce5 | ffff 4889 | 5c24 2844 
  0x00007213b8551a38: 895c 2424 | 4489 5424 | 2048 ff74 | 2408 488f | 4424 1848 | 8b6c 2410 

  0x00007213b8551a50: ;   {metadata('java/util/ArrayList')}
  0x00007213b8551a50: 48be b0b2 | 0b62 1372 | 0000 6690 

  0x00007213b8551a5c: ;   {runtime_call _new_instance_Java}
  0x00007213b8551a5c: c5f8 77e8 

  0x00007213b8551a60: ; ImmutableOopMap {rbp=Oop [24]=Oop [32]=NarrowOop [36]=NarrowOop [40]=Oop }
                      ;*new {reexecute=0 rethrow=0 return_oop=1}
                      ; - java.security.CodeSource::getCertificates@25 (line 209)
                      ; - java.lang.ClassLoader::postDefineClass@24 (line 937)
                      ; - java.lang.ClassLoader::defineClass@37 (line 1028)
  0x00007213b8551a60: 9cc2 8eff 

  0x00007213b8551a64: ;   {other}
  0x00007213b8551a64: 0f1f 8400 | d44a 007f | 4889 6c24 | 1048 ff74 | 2418 488f | 4424 0844 | 8b54 2420 | 448b 5c24 
  0x00007213b8551a84: 2448 8b5c | 2428 e9b6 | e8ff ff48 | 894c 2420 | 488b eb44 | 8954 2418 

  0x00007213b8551a9c: ;   {metadata('java/security/cert/Certificate'[])}
  0x00007213b8551a9c: 48be c852 | 1062 1372 | 0000 8b54 | 2470 6690 

  0x00007213b8551aac: ;   {runtime_call _new_array_Java}
  0x00007213b8551aac: c5f8 77e8 

  0x00007213b8551ab0: ; ImmutableOopMap {rbp=Oop [8]=Oop [16]=Oop [24]=NarrowOop [32]=Oop }
                      ;*anewarray {reexecute=0 rethrow=0 return_oop=1}
                      ; - java.security.CodeSource::getCertificates@70 (line 215)
                      ; - java.lang.ClassLoader::postDefineClass@24 (line 937)
                      ; - java.lang.ClassLoader::defineClass@37 (line 1028)
  0x00007213b8551ab0: cc9e 8eff 

  0x00007213b8551ab4: ;   {other}
  0x00007213b8551ab4: 0f1f 8400 | 244b 0080 | e9b1 e9ff 

  0x00007213b8551ac0: ;   {metadata('java/security/cert/Certificate'[])}
  0x00007213b8551ac0: ff48 bec8 | 5210 6213 | 7200 0041 | 8bd3 6690 

  0x00007213b8551ad0: ;   {runtime_call _new_array_Java}
  0x00007213b8551ad0: c5f8 77e8 

  0x00007213b8551ad4: ; ImmutableOopMap {[8]=Oop [16]=Oop [40]=Oop }
                      ;*invokevirtual clone {reexecute=1 rethrow=0 return_oop=1}
                      ; - (reexecute) java.security.CodeSource::getCertificates@86 (line 217)
                      ; - java.lang.ClassLoader::postDefineClass@24 (line 937)
                      ; - java.lang.ClassLoader::defineClass@37 (line 1028)
  0x00007213b8551ad4: a89e 8eff 

  0x00007213b8551ad8: ;   {other}
  0x00007213b8551ad8: 0f1f 8400 | 484b 0081 | 488b d8e9 | 53ea ffff | bee4 ffff | ff4c 8b54 | 2428 4c89 | 5424 084c 
  0x00007213b8551af8: 8b54 2430 | 4c89 5424 | 284c 896c | 2430 4889 | 5c24 404c | 895c 2450 | 4489 4424 | 5844 894c 
  0x00007213b8551b18: 245c 6690 

  0x00007213b8551b1c: ;   {runtime_call UncommonTrapBlob}
  0x00007213b8551b1c: c5f8 77e8 

  0x00007213b8551b20: ; ImmutableOopMap {[8]=Oop [16]=Oop [24]=Oop [40]=Oop [48]=Oop [56]=NarrowOop [64]=Oop [80]=Oop [88]=NarrowOop }
                      ;*aaload {reexecute=0 rethrow=0 return_oop=0}
                      ; - java.security.CodeSource::getCertificates@50 (line 212)
                      ; - java.lang.ClassLoader::checkCerts@34 (line 1168)
                      ; - java.lang.ClassLoader::preDefineClass@113 (line 917)
                      ; - java.lang.ClassLoader::defineClass@4 (line 1025)
  0x00007213b8551b20: dc87 83ff 

  0x00007213b8551b24: ;   {other}
  0x00007213b8551b24: 0f1f 8400 | 944b 0082 | bee4 ffff | ff44 8954 | 2418 4889 | 4c24 2844 | 895c 2430 | 4489 4424 
  0x00007213b8551b44: 3466 6690 

  0x00007213b8551b48: ;   {runtime_call UncommonTrapBlob}
  0x00007213b8551b48: c5f8 77e8 

  0x00007213b8551b4c: ; ImmutableOopMap {[8]=Oop [16]=Oop [24]=NarrowOop [40]=Oop [48]=NarrowOop }
                      ;*aaload {reexecute=0 rethrow=0 return_oop=0}
                      ; - java.security.CodeSource::getCertificates@50 (line 212)
                      ; - java.lang.ClassLoader::postDefineClass@24 (line 937)
                      ; - java.lang.ClassLoader::defineClass@37 (line 1028)
  0x00007213b8551b4c: b087 83ff 

  0x00007213b8551b50: ;   {other}
  0x00007213b8551b50: 0f1f 8400 | c04b 0083 | 4c63 d2e9 | 0bde ffff | becc ffff | ff48 8b6c | 2410 4c8b | 5424 284c 
  0x00007213b8551b70: 8954 2408 | 4c8b 5424 | 184c 8954 | 2410 448b | 5424 2044 | 8954 2418 | 448b 5c24 | 2444 895c 
  0x00007213b8551b90: 241c 4c8b | 5424 304c | 8954 2420 | 4489 6c24 | 2889 5c24 | 2c66 6690 

  0x00007213b8551ba8: ;   {runtime_call UncommonTrapBlob}
  0x00007213b8551ba8: c5f8 77e8 

  0x00007213b8551bac: ; ImmutableOopMap {rbp=Oop [8]=Oop [16]=Oop [32]=Oop [40]=NarrowOop [44]=NarrowOop [64]=Oop }
                      ;*new {reexecute=0 rethrow=0 return_oop=0}
                      ; - java.net.URLStreamHandler::toExternalForm@35 (line 483)
                      ; - java.net.URL::toExternalForm@5 (line 1203)
                      ; - java.net.URL::toString@1 (line 1189)
                      ; - java.lang.ClassLoader::defineClassSourceLocation@22 (line 927)
                      ; - java.lang.ClassLoader::defineClass@12 (line 1026)
  0x00007213b8551bac: 5087 83ff 

  0x00007213b8551bb0: ;   {other}
  0x00007213b8551bb0: 0f1f 8400 | 204c 0084 | bede ffff | ff4c 8b54 | 2430 4c89 | 5424 2044 | 8944 2430 | 4489 7424 
  0x00007213b8551bd0: 3489 5424 | 384c 894c | 2440 6690 

  0x00007213b8551bdc: ;   {runtime_call UncommonTrapBlob}
  0x00007213b8551bdc: c5f8 77e8 

  0x00007213b8551be0: ; ImmutableOopMap {[8]=Oop [16]=Oop [32]=Oop [48]=NarrowOop [52]=NarrowOop [64]=Oop }
                      ;*invokevirtual find {reexecute=0 rethrow=0 return_oop=0}
                      ; - java.util.concurrent.ConcurrentHashMap::get@93 (line 944)
                      ; - java.lang.ClassLoader::getNamedPackage@5 (line 341)
                      ; - java.lang.ClassLoader::postDefineClass@9 (line 934)
                      ; - java.lang.ClassLoader::defineClass@37 (line 1028)
  0x00007213b8551be0: 1c87 83ff 

  0x00007213b8551be4: ;   {other}
  0x00007213b8551be4: 0f1f 8400 | 544c 0085 | bede ffff | ff48 8944 | 2440 6690 

  0x00007213b8551bf8: ;   {runtime_call UncommonTrapBlob}
  0x00007213b8551bf8: c5f8 77e8 

  0x00007213b8551bfc: ; ImmutableOopMap {[8]=Oop [16]=Oop [24]=Oop [40]=Oop [48]=Oop [56]=Oop [64]=Oop }
                      ;*checkcast {reexecute=0 rethrow=0 return_oop=0}
                      ; - java.lang.ClassLoader::checkCerts@65 (line 1171)
                      ; - java.lang.ClassLoader::preDefineClass@113 (line 917)
                      ; - java.lang.ClassLoader::defineClass@4 (line 1025)
  0x00007213b8551bfc: 0087 83ff 

  0x00007213b8551c00: ;   {other}
  0x00007213b8551c00: 0f1f 8400 | 704c 0086 | be66 ffff | ff48 8b6c | 2410 4c8b | 4c24 284c | 894c 2410 | 4c8b 4c24 
  0x00007213b8551c20: 304c 894c | 2428 4c89 | 7424 4044 | 8954 2448 | 4489 4424 | 4c4c 896c | 2458 8954 | 2454 894c 
  0x00007213b8551c40: 2460 4489 | 5c24 6444 | 895c 2468 

  0x00007213b8551c4c: ;   {runtime_call UncommonTrapBlob}
  0x00007213b8551c4c: c5f8 77e8 

  0x00007213b8551c50: ; ImmutableOopMap {rbp=Oop [8]=Oop [16]=Oop [24]=Oop [40]=Oop [64]=Oop [88]=Oop [96]=NarrowOop [100]=NarrowOop [104]=NarrowOop }
                      ;*instanceof {reexecute=0 rethrow=0 return_oop=0}
                      ; - sun.security.x509.X509CertImpl::getEncodedInternal@1 (line 1524)
                      ; - java.security.cert.Certificate::equals@17 (line 115)
                      ; - java.lang.ClassLoader::compareCerts@81 (line 1198)
                      ; - java.lang.ClassLoader::checkCerts@80 (line 1172)
                      ; - java.lang.ClassLoader::preDefineClass@113 (line 917)
                      ; - java.lang.ClassLoader::defineClass@4 (line 1025)
  0x00007213b8551c50: ac86 83ff 

  0x00007213b8551c54: ;   {other}
  0x00007213b8551c54: 0f1f 8400 | c44c 0087 | be66 ffff | ff4c 896c | 2440 8954 | 2448 4489 | 4424 4c4c | 8974 2458 
  0x00007213b8551c74: 4489 5424 | 5444 894c | 2460 4489 | 4c24 6490 

  0x00007213b8551c84: ;   {runtime_call UncommonTrapBlob}
  0x00007213b8551c84: c5f8 77e8 

  0x00007213b8551c88: ; ImmutableOopMap {rbp=NarrowOop [8]=Oop [16]=Oop [24]=Oop [40]=Oop [48]=Oop [64]=Oop [88]=Oop [96]=NarrowOop [100]=NarrowOop }
                      ;*instanceof {reexecute=0 rethrow=0 return_oop=0}
                      ; - sun.security.x509.X509CertImpl::getEncodedInternal@1 (line 1524)
                      ; - java.security.cert.Certificate::equals@17 (line 115)
                      ; - java.lang.ClassLoader::compareCerts@166 (line 1210)
                      ; - java.lang.ClassLoader::checkCerts@80 (line 1172)
                      ; - java.lang.ClassLoader::preDefineClass@113 (line 917)
                      ; - java.lang.ClassLoader::defineClass@4 (line 1025)
  0x00007213b8551c88: 7486 83ff 

  0x00007213b8551c8c: ;   {other}
  0x00007213b8551c8c: 0f1f 8400 | fc4c 0088 | 4533 c9be | 66ff ffff | 4c89 7424 | 4844 8954 | 2450 4489 | 4424 5444 
  0x00007213b8551cac: 895c 2458 | 4c89 6c24 | 6089 5424 | 5c44 894c | 2468 c5fa | 114c 246c 

  0x00007213b8551cc4: ;   {runtime_call UncommonTrapBlob}
  0x00007213b8551cc4: c5f8 77e8 

  0x00007213b8551cc8: ; ImmutableOopMap {rbp=Oop [8]=Oop [16]=Oop [24]=Oop [40]=Oop [48]=Oop [72]=Oop [88]=NarrowOop [96]=Oop [108]=NarrowOop }
                      ;*instanceof {reexecute=0 rethrow=0 return_oop=0}
                      ; - sun.security.x509.X509CertImpl::getEncodedInternal@1 (line 1524)
                      ; - java.security.cert.Certificate::equals@25 (line 116)
                      ; - java.lang.ClassLoader::compareCerts@81 (line 1198)
                      ; - java.lang.ClassLoader::checkCerts@80 (line 1172)
                      ; - java.lang.ClassLoader::preDefineClass@113 (line 917)
                      ; - java.lang.ClassLoader::defineClass@4 (line 1025)
  0x00007213b8551cc8: 3486 83ff 

  0x00007213b8551ccc: ;   {other}
  0x00007213b8551ccc: 0f1f 8400 | 3c4d 0089 | 4533 dbbe | 66ff ffff | 488b 6c24 | 1048 8b4c | 2428 4889 | 4c24 1048 
  0x00007213b8551cec: 8b4c 2430 | 4889 4c24 | 284c 896c | 2438 8954 | 2440 4489 | 4424 4444 | 894c 2448 | 4c89 7424 
  0x00007213b8551d0c: 5044 8954 | 244c 4489 | 5c24 58c5 | fa11 4424 | 5c48 895c | 2468 6690 

  0x00007213b8551d24: ;   {runtime_call UncommonTrapBlob}
  0x00007213b8551d24: c5f8 77e8 

  0x00007213b8551d28: ; ImmutableOopMap {rbp=Oop [8]=Oop [16]=Oop [24]=Oop [40]=Oop [56]=Oop [72]=NarrowOop [80]=Oop [92]=NarrowOop [104]=Oop }
                      ;*instanceof {reexecute=0 rethrow=0 return_oop=0}
                      ; - sun.security.x509.X509CertImpl::getEncodedInternal@1 (line 1524)
                      ; - java.security.cert.Certificate::equals@25 (line 116)
                      ; - java.lang.ClassLoader::compareCerts@166 (line 1210)
                      ; - java.lang.ClassLoader::checkCerts@80 (line 1172)
                      ; - java.lang.ClassLoader::preDefineClass@113 (line 917)
                      ; - java.lang.ClassLoader::defineClass@4 (line 1025)
  0x00007213b8551d28: d485 83ff 

  0x00007213b8551d2c: ;   {other}
  0x00007213b8551d2c: 0f1f 8400 | 9c4d 008a | bede ffff | ff4c 8b54 | 2418 4c89 | 5424 1044 | 8b54 2420 | 4489 5424 
  0x00007213b8551d4c: 1844 8b5c | 2424 4489 | 5c24 1c4c | 8b54 2430 | 4c89 5424 | 204c 8b54 | 2440 4c89 | 5424 304c 
  0x00007213b8551d6c: 8b54 2448 | 4c89 5424 | 4048 8944 | 2448 6690 

  0x00007213b8551d7c: ;   {runtime_call UncommonTrapBlob}
  0x00007213b8551d7c: c5f8 77e8 

  0x00007213b8551d80: ; ImmutableOopMap {rbp=Oop [8]=Oop [16]=Oop [32]=Oop [48]=Oop [56]=NarrowOop [64]=Oop [72]=Oop }
                      ;*checkcast {reexecute=0 rethrow=0 return_oop=0}
                      ; - java.security.CodeSource::getCertificates@76 (line 215)
                      ; - java.lang.ClassLoader::checkCerts@34 (line 1168)
                      ; - java.lang.ClassLoader::preDefineClass@113 (line 917)
                      ; - java.lang.ClassLoader::defineClass@4 (line 1025)
  0x00007213b8551d80: 7c85 83ff 

  0x00007213b8551d84: ;   {other}
  0x00007213b8551d84: 0f1f 8400 | f44d 008b | bede ffff | ff48 8944 | 2420 6690 

  0x00007213b8551d98: ;   {runtime_call UncommonTrapBlob}
  0x00007213b8551d98: c5f8 77e8 

  0x00007213b8551d9c: ; ImmutableOopMap {[8]=Oop [16]=Oop [24]=NarrowOop [32]=Oop }
                      ;*checkcast {reexecute=0 rethrow=0 return_oop=0}
                      ; - java.security.CodeSource::getCertificates@76 (line 215)
                      ; - java.lang.ClassLoader::postDefineClass@24 (line 937)
                      ; - java.lang.ClassLoader::defineClass@37 (line 1028)
  0x00007213b8551d9c: 6085 83ff 

  0x00007213b8551da0: ;   {other}
  0x00007213b8551da0: 0f1f 8400 | 104e 008c | bede ffff | ff4c 8b54 | 2430 4c89 | 5424 2044 | 8944 2438 | 4c89 4c24 
  0x00007213b8551dc0: 4044 8974 | 243c 8954 | 2448 4c89 | 4c24 5090 

  0x00007213b8551dd0: ;   {runtime_call UncommonTrapBlob}
  0x00007213b8551dd0: c5f8 77e8 

  0x00007213b8551dd4: ; ImmutableOopMap {rbp=NarrowOop [8]=Oop [16]=Oop [32]=Oop [56]=NarrowOop [60]=NarrowOop [64]=Oop [80]=Oop }
                      ;*instanceof {reexecute=0 rethrow=0 return_oop=0}
                      ; - java.lang.String::equals@8 (line 1863)
                      ; - java.util.concurrent.ConcurrentHashMap::get@73 (line 940)
                      ; - java.lang.ClassLoader::getNamedPackage@5 (line 341)
                      ; - java.lang.ClassLoader::postDefineClass@9 (line 934)
                      ; - java.lang.ClassLoader::defineClass@37 (line 1028)
  0x00007213b8551dd4: 2885 83ff 

  0x00007213b8551dd8: ;   {other}
  0x00007213b8551dd8: 0f1f 8400 | 484e 008d | bef6 ffff | ff66 6690 

  0x00007213b8551de8: ;   {runtime_call UncommonTrapBlob}
  0x00007213b8551de8: c5f8 77e8 

  0x00007213b8551dec: ; ImmutableOopMap {}
                      ;*invokevirtual getCodeSource {reexecute=0 rethrow=0 return_oop=0}
                      ; - java.lang.ClassLoader::defineClassSourceLocation@1 (line 924)
                      ; - java.lang.ClassLoader::defineClass@12 (line 1026)
  0x00007213b8551dec: 1085 83ff 

  0x00007213b8551df0: ;   {other}
  0x00007213b8551df0: 0f1f 8400 | 604e 008e | bef6 ffff | ff66 6690 

  0x00007213b8551e00: ;   {runtime_call UncommonTrapBlob}
  0x00007213b8551e00: c5f8 77e8 

  0x00007213b8551e04: ; ImmutableOopMap {}
                      ;*invokevirtual getPackageName {reexecute=0 rethrow=0 return_oop=0}
                      ; - java.lang.ClassLoader::postDefineClass@2 (line 934)
                      ; - java.lang.ClassLoader::defineClass@37 (line 1028)
  0x00007213b8551e04: f884 83ff 

  0x00007213b8551e08: ;   {other}
  0x00007213b8551e08: 0f1f 8400 | 784e 008f | bef6 ffff | ff66 6690 

  0x00007213b8551e18: ;   {runtime_call UncommonTrapBlob}
  0x00007213b8551e18: c5f8 77e8 

  0x00007213b8551e1c: ; ImmutableOopMap {}
                      ;*invokevirtual hashCode {reexecute=0 rethrow=0 return_oop=0}
                      ; - java.util.concurrent.ConcurrentHashMap::get@1 (line 936)
                      ; - java.lang.ClassLoader::getNamedPackage@5 (line 341)
                      ; - java.lang.ClassLoader::postDefineClass@9 (line 934)
                      ; - java.lang.ClassLoader::defineClass@37 (line 1028)
  0x00007213b8551e1c: e084 83ff 

  0x00007213b8551e20: ;   {other}
  0x00007213b8551e20: 0f1f 8400 | 904e 0090 | bef6 ffff | ff66 6690 

  0x00007213b8551e30: ;   {runtime_call UncommonTrapBlob}
  0x00007213b8551e30: c5f8 77e8 

  0x00007213b8551e34: ; ImmutableOopMap {}
                      ;*arraylength {reexecute=0 rethrow=0 return_oop=0}
                      ; - java.lang.String::isEmpty@4 (line 1532)
                      ; - java.lang.ClassLoader::checkName@5 (line 1155)
                      ; - java.lang.ClassLoader::preDefineClass@1 (line 900)
                      ; - java.lang.ClassLoader::defineClass@4 (line 1025)
  0x00007213b8551e34: c884 83ff 

  0x00007213b8551e38: ;   {other}
  0x00007213b8551e38: 0f1f 8400 | a84e 0091 | bef6 ffff | ff66 6690 

  0x00007213b8551e48: ;   {runtime_call UncommonTrapBlob}
  0x00007213b8551e48: c5f8 77e8 

  0x00007213b8551e4c: ; ImmutableOopMap {}
                      ;*arraylength {reexecute=0 rethrow=0 return_oop=0}
                      ; - java.lang.StringLatin1::charAt@2 (line 46)
                      ; - java.lang.String::charAt@12 (line 1555)
                      ; - java.lang.ClassLoader::checkName@25 (line 1157)
                      ; - java.lang.ClassLoader::preDefineClass@1 (line 900)
                      ; - java.lang.ClassLoader::defineClass@4 (line 1025)
  0x00007213b8551e4c: b084 83ff 

  0x00007213b8551e50: ;   {other}
  0x00007213b8551e50: 0f1f 8400 | c04e 0092 | bef6 ffff | ff66 6690 

  0x00007213b8551e60: ;   {runtime_call UncommonTrapBlob}
  0x00007213b8551e60: c5f8 77e8 

  0x00007213b8551e64: ; ImmutableOopMap {}
                      ;*arraylength {reexecute=0 rethrow=0 return_oop=0}
                      ; - java.lang.String::length@4 (line 1519)
                      ; - java.lang.String::startsWith@6 (line 2285)
                      ; - java.lang.String::startsWith@3 (line 2327)
                      ; - java.lang.ClassLoader::preDefineClass@43 (line 906)
                      ; - java.lang.ClassLoader::defineClass@4 (line 1025)
  0x00007213b8551e64: 9884 83ff 

  0x00007213b8551e68: ;   {other}
  0x00007213b8551e68: 0f1f 8400 | d84e 0093 | bef6 ffff | ff66 6690 

  0x00007213b8551e78: ;   {runtime_call UncommonTrapBlob}
  0x00007213b8551e78: c5f8 77e8 

  0x00007213b8551e7c: ; ImmutableOopMap {}
                      ;*invokevirtual getCodeSource {reexecute=0 rethrow=0 return_oop=0}
                      ; - java.lang.ClassLoader::preDefineClass@110 (line 917)
                      ; - java.lang.ClassLoader::defineClass@4 (line 1025)
  0x00007213b8551e7c: 8084 83ff 

  0x00007213b8551e80: ;   {other}
  0x00007213b8551e80: 0f1f 8400 | f04e 0094 | bef6 ffff | ff66 6690 

  0x00007213b8551e90: ;   {runtime_call UncommonTrapBlob}
  0x00007213b8551e90: c5f8 77e8 

  0x00007213b8551e94: ; ImmutableOopMap {}
                      ;*arraylength {reexecute=0 rethrow=0 return_oop=0}
                      ; - java.lang.String::length@4 (line 1519)
                      ; - java.lang.String::lastIndexOf@3 (line 2535)
                      ; - java.lang.ClassLoader::checkCerts@3 (line 1163)
                      ; - java.lang.ClassLoader::preDefineClass@113 (line 917)
                      ; - java.lang.ClassLoader::defineClass@4 (line 1025)
  0x00007213b8551e94: 6884 83ff 

  0x00007213b8551e98: ;   {other}
  0x00007213b8551e98: 0f1f 8400 | 084f 0095 | bef6 ffff | ff41 8bed 

  0x00007213b8551ea8: ;   {runtime_call UncommonTrapBlob}
  0x00007213b8551ea8: c5f8 77e8 

  0x00007213b8551eac: ; ImmutableOopMap {rbp=NarrowOop }
                      ;*invokevirtual toExternalForm {reexecute=0 rethrow=0 return_oop=0}
                      ; - java.net.URL::toExternalForm@5 (line 1203)
                      ; - java.net.URL::toString@1 (line 1189)
                      ; - java.lang.ClassLoader::defineClassSourceLocation@22 (line 927)
                      ; - java.lang.ClassLoader::defineClass@12 (line 1026)
  0x00007213b8551eac: 5084 83ff 

  0x00007213b8551eb0: ;   {other}
  0x00007213b8551eb0: 0f1f 8400 | 204f 0096 | bef6 ffff | ff66 6690 

  0x00007213b8551ec0: ;   {runtime_call UncommonTrapBlob}
  0x00007213b8551ec0: c5f8 77e8 

  0x00007213b8551ec4: ; ImmutableOopMap {}
                      ;*arraylength {reexecute=0 rethrow=0 return_oop=0}
                      ; - java.lang.AbstractStringBuilder::ensureCapacityInternal@4 (line 240)
                      ; - java.lang.AbstractStringBuilder::append@7 (line 806)
                      ; - java.lang.StringBuilder::append@2 (line 246)
                      ; - java.net.URLStreamHandler::toExternalForm@16 (line 480)
                      ; - java.net.URL::toExternalForm@5 (line 1203)
                      ; - java.net.URL::toString@1 (line 1189)
                      ; - java.lang.ClassLoader::defineClassSourceLocation@22 (line 927)
                      ; - java.lang.ClassLoader::defineClass@12 (line 1026)
  0x00007213b8551ec4: 3884 83ff 

  0x00007213b8551ec8: ;   {other}
  0x00007213b8551ec8: 0f1f 8400 | 384f 0097 | bef6 ffff | ff66 6690 

  0x00007213b8551ed8: ;   {runtime_call UncommonTrapBlob}
  0x00007213b8551ed8: c5f8 77e8 

  0x00007213b8551edc: ; ImmutableOopMap {}
                      ;*arraylength {reexecute=0 rethrow=0 return_oop=0}
                      ; - java.lang.String::length@4 (line 1519)
                      ; - java.lang.AbstractStringBuilder::append@10 (line 586)
                      ; - java.lang.StringBuilder::append@2 (line 179)
                      ; - java.net.URLStreamHandler::toExternalForm@59 (line 483)
                      ; - java.net.URL::toExternalForm@5 (line 1203)
                      ; - java.net.URL::toString@1 (line 1189)
                      ; - java.lang.ClassLoader::defineClassSourceLocation@22 (line 927)
                      ; - java.lang.ClassLoader::defineClass@12 (line 1026)
  0x00007213b8551edc: 2084 83ff 

  0x00007213b8551ee0: ;   {other}
  0x00007213b8551ee0: 0f1f 8400 | 504f 0098 | bef6 ffff | ff66 6690 

  0x00007213b8551ef0: ;   {runtime_call UncommonTrapBlob}
  0x00007213b8551ef0: c5f8 77e8 

  0x00007213b8551ef4: ; ImmutableOopMap {}
                      ;*arraylength {reexecute=0 rethrow=0 return_oop=0}
                      ; - java.lang.AbstractStringBuilder::ensureCapacityInternal@4 (line 240)
                      ; - java.lang.AbstractStringBuilder::append@21 (line 587)
                      ; - java.lang.StringBuilder::append@2 (line 179)
                      ; - java.net.URLStreamHandler::toExternalForm@59 (line 483)
                      ; - java.net.URL::toExternalForm@5 (line 1203)
                      ; - java.net.URL::toString@1 (line 1189)
                      ; - java.lang.ClassLoader::defineClassSourceLocation@22 (line 927)
                      ; - java.lang.ClassLoader::defineClass@12 (line 1026)
  0x00007213b8551ef4: 0884 83ff 

  0x00007213b8551ef8: ;   {other}
  0x00007213b8551ef8: 0f1f 8400 | 684f 0099 | bef6 ffff | ff66 6690 

  0x00007213b8551f08: ;   {runtime_call UncommonTrapBlob}
  0x00007213b8551f08: c5f8 77e8 

  0x00007213b8551f0c: ; ImmutableOopMap {}
                      ;*arraylength {reexecute=0 rethrow=0 return_oop=0}
                      ; - java.lang.String::getBytes@21 (line 4726)
                      ; - java.lang.AbstractStringBuilder::putStringAt@15 (line 1751)
                      ; - java.lang.AbstractStringBuilder::append@30 (line 588)
                      ; - java.lang.StringBuilder::append@2 (line 179)
                      ; - java.net.URLStreamHandler::toExternalForm@59 (line 483)
                      ; - java.net.URL::toExternalForm@5 (line 1203)
                      ; - java.net.URL::toString@1 (line 1189)
                      ; - java.lang.ClassLoader::defineClassSourceLocation@22 (line 927)
                      ; - java.lang.ClassLoader::defineClass@12 (line 1026)
  0x00007213b8551f0c: f083 83ff 

  0x00007213b8551f10: ;   {other}
  0x00007213b8551f10: 0f1f 8400 | 804f 009a | bef6 ffff | ff44 8954 | 2408 894c | 240c 6690 

  0x00007213b8551f28: ;   {runtime_call UncommonTrapBlob}
  0x00007213b8551f28: c5f8 77e8 

  0x00007213b8551f2c: ; ImmutableOopMap {[8]=NarrowOop }
                      ;*invokestatic arraycopy {reexecute=0 rethrow=0 return_oop=0}
                      ; - java.lang.String::getBytes@22 (line 4726)
                      ; - java.lang.AbstractStringBuilder::putStringAt@15 (line 1751)
                      ; - java.lang.AbstractStringBuilder::append@30 (line 588)
                      ; - java.lang.StringBuilder::append@2 (line 179)
                      ; - java.net.URLStreamHandler::toExternalForm@59 (line 483)
                      ; - java.net.URL::toExternalForm@5 (line 1203)
                      ; - java.net.URL::toString@1 (line 1189)
                      ; - java.lang.ClassLoader::defineClassSourceLocation@22 (line 927)
                      ; - java.lang.ClassLoader::defineClass@12 (line 1026)
  0x00007213b8551f2c: d083 83ff 

  0x00007213b8551f30: ;   {other}
  0x00007213b8551f30: 0f1f 8400 | a04f 009b | bef6 ffff | ff66 6690 

  0x00007213b8551f40: ;   {runtime_call UncommonTrapBlob}
  0x00007213b8551f40: c5f8 77e8 

  0x00007213b8551f44: ; ImmutableOopMap {}
                      ;*arraylength {reexecute=0 rethrow=0 return_oop=0}
                      ; - java.lang.String::length@4 (line 1519)
                      ; - java.lang.AbstractStringBuilder::append@10 (line 586)
                      ; - java.lang.StringBuilder::append@2 (line 179)
                      ; - java.net.URLStreamHandler::toExternalForm@77 (line 484)
                      ; - java.net.URL::toExternalForm@5 (line 1203)
                      ; - java.net.URL::toString@1 (line 1189)
                      ; - java.lang.ClassLoader::defineClassSourceLocation@22 (line 927)
                      ; - java.lang.ClassLoader::defineClass@12 (line 1026)
  0x00007213b8551f44: b883 83ff 

  0x00007213b8551f48: ;   {other}
  0x00007213b8551f48: 0f1f 8400 | b84f 009c | bef6 ffff | ff66 6690 

  0x00007213b8551f58: ;   {runtime_call UncommonTrapBlob}
  0x00007213b8551f58: c5f8 77e8 

  0x00007213b8551f5c: ; ImmutableOopMap {}
                      ;*arraylength {reexecute=0 rethrow=0 return_oop=0}
                      ; - java.lang.AbstractStringBuilder::ensureCapacityInternal@4 (line 240)
                      ; - java.lang.AbstractStringBuilder::append@21 (line 587)
                      ; - java.lang.StringBuilder::append@2 (line 179)
                      ; - java.net.URLStreamHandler::toExternalForm@77 (line 484)
                      ; - java.net.URL::toExternalForm@5 (line 1203)
                      ; - java.net.URL::toString@1 (line 1189)
                      ; - java.lang.ClassLoader::defineClassSourceLocation@22 (line 927)
                      ; - java.lang.ClassLoader::defineClass@12 (line 1026)
  0x00007213b8551f5c: a083 83ff 

  0x00007213b8551f60: ;   {other}
  0x00007213b8551f60: 0f1f 8400 | d04f 009d | bef6 ffff | ff66 6690 

  0x00007213b8551f70: ;   {runtime_call UncommonTrapBlob}
  0x00007213b8551f70: c5f8 77e8 

  0x00007213b8551f74: ; ImmutableOopMap {}
                      ;*arraylength {reexecute=0 rethrow=0 return_oop=0}
                      ; - java.lang.String::getBytes@21 (line 4726)
                      ; - java.lang.AbstractStringBuilder::putStringAt@15 (line 1751)
                      ; - java.lang.AbstractStringBuilder::append@30 (line 588)
                      ; - java.lang.StringBuilder::append@2 (line 179)
                      ; - java.net.URLStreamHandler::toExternalForm@77 (line 484)
                      ; - java.net.URL::toExternalForm@5 (line 1203)
                      ; - java.net.URL::toString@1 (line 1189)
                      ; - java.lang.ClassLoader::defineClassSourceLocation@22 (line 927)
                      ; - java.lang.ClassLoader::defineClass@12 (line 1026)
  0x00007213b8551f74: 8883 83ff 

  0x00007213b8551f78: ;   {other}
  0x00007213b8551f78: 0f1f 8400 | e84f 009e | bef6 ffff | ff44 8944 | 2408 4489 | 5c24 0c90 

  0x00007213b8551f90: ;   {runtime_call UncommonTrapBlob}
  0x00007213b8551f90: c5f8 77e8 

  0x00007213b8551f94: ; ImmutableOopMap {[8]=NarrowOop }
                      ;*invokestatic arraycopy {reexecute=0 rethrow=0 return_oop=0}
                      ; - java.lang.String::getBytes@22 (line 4726)
                      ; - java.lang.AbstractStringBuilder::putStringAt@15 (line 1751)
                      ; - java.lang.AbstractStringBuilder::append@30 (line 588)
                      ; - java.lang.StringBuilder::append@2 (line 179)
                      ; - java.net.URLStreamHandler::toExternalForm@77 (line 484)
                      ; - java.net.URL::toExternalForm@5 (line 1203)
                      ; - java.net.URL::toString@1 (line 1189)
                      ; - java.lang.ClassLoader::defineClassSourceLocation@22 (line 927)
                      ; - java.lang.ClassLoader::defineClass@12 (line 1026)
  0x00007213b8551f94: 6883 83ff 

  0x00007213b8551f98: ;   {other}
  0x00007213b8551f98: 0f1f 8400 | 0850 009f | bef6 ffff | ff66 6690 

  0x00007213b8551fa8: ;   {runtime_call UncommonTrapBlob}
  0x00007213b8551fa8: c5f8 77e8 

  0x00007213b8551fac: ; ImmutableOopMap {}
                      ;*arraylength {reexecute=0 rethrow=0 return_oop=0}
                      ; - java.lang.AbstractStringBuilder::ensureCapacityInternal@4 (line 240)
                      ; - java.lang.AbstractStringBuilder::append@21 (line 587)
                      ; - java.lang.StringBuilder::append@2 (line 179)
                      ; - java.net.URLStreamHandler::toExternalForm@113 (line 485)
                      ; - java.net.URL::toExternalForm@5 (line 1203)
                      ; - java.net.URL::toString@1 (line 1189)
                      ; - java.lang.ClassLoader::defineClassSourceLocation@22 (line 927)
                      ; - java.lang.ClassLoader::defineClass@12 (line 1026)
  0x00007213b8551fac: 5083 83ff 

  0x00007213b8551fb0: ;   {other}
  0x00007213b8551fb0: 0f1f 8400 | 2050 00a0 | bef6 ffff | ff41 8bea 

  0x00007213b8551fc0: ;   {runtime_call UncommonTrapBlob}
  0x00007213b8551fc0: c5f8 77e8 

  0x00007213b8551fc4: ; ImmutableOopMap {}
                      ;*invokestatic arraycopy {reexecute=0 rethrow=0 return_oop=0}
                      ; - java.lang.String::getBytes@22 (line 4726)
                      ; - java.lang.AbstractStringBuilder::putStringAt@15 (line 1751)
                      ; - java.lang.AbstractStringBuilder::append@30 (line 588)
                      ; - java.lang.StringBuilder::append@2 (line 179)
                      ; - java.net.URLStreamHandler::toExternalForm@113 (line 485)
                      ; - java.net.URL::toExternalForm@5 (line 1203)
                      ; - java.net.URL::toString@1 (line 1189)
                      ; - java.lang.ClassLoader::defineClassSourceLocation@22 (line 927)
                      ; - java.lang.ClassLoader::defineClass@12 (line 1026)
  0x00007213b8551fc4: 3883 83ff 

  0x00007213b8551fc8: ;   {other}
  0x00007213b8551fc8: 0f1f 8400 | 3850 00a1 | bef6 ffff | ff66 6690 

  0x00007213b8551fd8: ;   {runtime_call UncommonTrapBlob}
  0x00007213b8551fd8: c5f8 77e8 

  0x00007213b8551fdc: ; ImmutableOopMap {}
                      ;*arraylength {reexecute=0 rethrow=0 return_oop=0}
                      ; - java.lang.AbstractStringBuilder::ensureCapacityInternal@4 (line 240)
                      ; - java.lang.AbstractStringBuilder::append@21 (line 587)
                      ; - java.lang.StringBuilder::append@2 (line 179)
                      ; - java.net.URLStreamHandler::toExternalForm@149 (line 486)
                      ; - java.net.URL::toExternalForm@5 (line 1203)
                      ; - java.net.URL::toString@1 (line 1189)
                      ; - java.lang.ClassLoader::defineClassSourceLocation@22 (line 927)
                      ; - java.lang.ClassLoader::defineClass@12 (line 1026)
  0x00007213b8551fdc: 2083 83ff 

  0x00007213b8551fe0: ;   {other}
  0x00007213b8551fe0: 0f1f 8400 | 5050 00a2 | bef6 ffff | ff41 8bea 

  0x00007213b8551ff0: ;   {runtime_call UncommonTrapBlob}
  0x00007213b8551ff0: c5f8 77e8 

  0x00007213b8551ff4: ; ImmutableOopMap {}
                      ;*invokestatic arraycopy {reexecute=0 rethrow=0 return_oop=0}
                      ; - java.lang.String::getBytes@22 (line 4726)
                      ; - java.lang.AbstractStringBuilder::putStringAt@15 (line 1751)
                      ; - java.lang.AbstractStringBuilder::append@30 (line 588)
                      ; - java.lang.StringBuilder::append@2 (line 179)
                      ; - java.net.URLStreamHandler::toExternalForm@149 (line 486)
                      ; - java.net.URL::toExternalForm@5 (line 1203)
                      ; - java.net.URL::toString@1 (line 1189)
                      ; - java.lang.ClassLoader::defineClassSourceLocation@22 (line 927)
                      ; - java.lang.ClassLoader::defineClass@12 (line 1026)
  0x00007213b8551ff4: 0883 83ff 

  0x00007213b8551ff8: ;   {other}
  0x00007213b8551ff8: 0f1f 8400 | 6850 00a3 | bef6 ffff | ff66 6690 

  0x00007213b8552008: ;   {runtime_call UncommonTrapBlob}
  0x00007213b8552008: c5f8 77e8 

  0x00007213b855200c: ; ImmutableOopMap {}
                      ;*arraylength {reexecute=0 rethrow=0 return_oop=0}
                      ; - java.util.Arrays::copyOfRange@6 (line 3853)
                      ; - java.lang.String::<init>@32 (line 4788)
                      ; - java.lang.String::<init>@3 (line 1507)
                      ; - java.lang.StringBuilder::toString@5 (line 475)
                      ; - java.net.URLStreamHandler::toExternalForm@152 (line 486)
                      ; - java.net.URL::toExternalForm@5 (line 1203)
                      ; - java.net.URL::toString@1 (line 1189)
                      ; - java.lang.ClassLoader::defineClassSourceLocation@22 (line 927)
                      ; - java.lang.ClassLoader::defineClass@12 (line 1026)
  0x00007213b855200c: f082 83ff 

  0x00007213b8552010: ;   {other}
  0x00007213b8552010: 0f1f 8400 | 8050 00a4 | bef6 ffff | ff66 6690 

  0x00007213b8552020: ;   {runtime_call UncommonTrapBlob}
  0x00007213b8552020: c5f8 77e8 

  0x00007213b8552024: ; ImmutableOopMap {}
                      ;*arraylength {reexecute=0 rethrow=0 return_oop=0}
                      ; - java.lang.String::length@4 (line 1519)
                      ; - java.lang.AbstractStringBuilder::append@10 (line 586)
                      ; - java.lang.StringBuilder::append@2 (line 179)
                      ; - java.net.URLStreamHandler::toExternalForm@11 (line 480)
                      ; - java.net.URL::toExternalForm@5 (line 1203)
                      ; - java.net.URL::toString@1 (line 1189)
                      ; - java.lang.ClassLoader::defineClassSourceLocation@22 (line 927)
                      ; - java.lang.ClassLoader::defineClass@12 (line 1026)
  0x00007213b8552024: d882 83ff 

  0x00007213b8552028: ;   {other}
  0x00007213b8552028: 0f1f 8400 | 9850 00a5 | bef6 ffff | ff66 6690 

  0x00007213b8552038: ;   {runtime_call UncommonTrapBlob}
  0x00007213b8552038: c5f8 77e8 

  0x00007213b855203c: ; ImmutableOopMap {}
                      ;*arraylength {reexecute=0 rethrow=0 return_oop=0}
                      ; - java.lang.String::getBytes@21 (line 4726)
                      ; - java.lang.AbstractStringBuilder::putStringAt@15 (line 1751)
                      ; - java.lang.AbstractStringBuilder::append@30 (line 588)
                      ; - java.lang.StringBuilder::append@2 (line 179)
                      ; - java.net.URLStreamHandler::toExternalForm@11 (line 480)
                      ; - java.net.URL::toExternalForm@5 (line 1203)
                      ; - java.net.URL::toString@1 (line 1189)
                      ; - java.lang.ClassLoader::defineClassSourceLocation@22 (line 927)
                      ; - java.lang.ClassLoader::defineClass@12 (line 1026)
  0x00007213b855203c: c082 83ff 

  0x00007213b8552040: ;   {other}
  0x00007213b8552040: 0f1f 8400 | b050 00a6 | bef6 ffff | ff89 7c24 | 0844 8944 | 240c 6690 

  0x00007213b8552058: ;   {runtime_call UncommonTrapBlob}
  0x00007213b8552058: c5f8 77e8 

  0x00007213b855205c: ; ImmutableOopMap {[8]=NarrowOop }
                      ;*invokestatic arraycopy {reexecute=0 rethrow=0 return_oop=0}
                      ; - java.lang.String::getBytes@22 (line 4726)
                      ; - java.lang.AbstractStringBuilder::putStringAt@15 (line 1751)
                      ; - java.lang.AbstractStringBuilder::append@30 (line 588)
                      ; - java.lang.StringBuilder::append@2 (line 179)
                      ; - java.net.URLStreamHandler::toExternalForm@11 (line 480)
                      ; - java.net.URL::toExternalForm@5 (line 1203)
                      ; - java.net.URL::toString@1 (line 1189)
                      ; - java.lang.ClassLoader::defineClassSourceLocation@22 (line 927)
                      ; - java.lang.ClassLoader::defineClass@12 (line 1026)
  0x00007213b855205c: a082 83ff 

  0x00007213b8552060: ;   {other}
  0x00007213b8552060: 0f1f 8400 | d050 00a7 | bef6 ffff | ff66 6690 

  0x00007213b8552070: ;   {runtime_call UncommonTrapBlob}
  0x00007213b8552070: c5f8 77e8 

  0x00007213b8552074: ; ImmutableOopMap {}
                      ;*bastore {reexecute=0 rethrow=0 return_oop=0}
                      ; - java.lang.AbstractStringBuilder::append@41 (line 808)
                      ; - java.lang.StringBuilder::append@2 (line 246)
                      ; - java.net.URLStreamHandler::toExternalForm@16 (line 480)
                      ; - java.net.URL::toExternalForm@5 (line 1203)
                      ; - java.net.URL::toString@1 (line 1189)
                      ; - java.lang.ClassLoader::defineClassSourceLocation@22 (line 927)
                      ; - java.lang.ClassLoader::defineClass@12 (line 1026)
  0x00007213b8552074: 8882 83ff 

  0x00007213b8552078: ;   {other}
  0x00007213b8552078: 0f1f 8400 | e850 00a8 | bef6 ffff | ff66 6690 

  0x00007213b8552088: ;   {runtime_call UncommonTrapBlob}
  0x00007213b8552088: c5f8 77e8 

  0x00007213b855208c: ; ImmutableOopMap {}
                      ;*arraylength {reexecute=0 rethrow=0 return_oop=0}
                      ; - java.lang.String::isEmpty@4 (line 1532)
                      ; - java.net.URLStreamHandler::toExternalForm@29 (line 482)
                      ; - java.net.URL::toExternalForm@5 (line 1203)
                      ; - java.net.URL::toString@1 (line 1189)
                      ; - java.lang.ClassLoader::defineClassSourceLocation@22 (line 927)
                      ; - java.lang.ClassLoader::defineClass@12 (line 1026)
  0x00007213b855208c: 7082 83ff 

  0x00007213b8552090: ;   {other}
  0x00007213b8552090: 0f1f 8400 | 0051 00a9 | be45 ffff | ff48 8b6c | 2410 4c8b | 5c24 284c | 895c 2408 | 4c8b 5c24 
  0x00007213b85520b0: 184c 895c | 2410 448b | 4424 2044 | 8944 2418 | 448b 5c24 | 2444 895c | 241c 4489 | 5424 2c90 
  0x00007213b85520d0: ;   {runtime_call UncommonTrapBlob}
  0x00007213b85520d0: c5f8 77e8 

  0x00007213b85520d4: ; ImmutableOopMap {rbp=Oop [8]=Oop [16]=Oop [44]=NarrowOop [48]=Oop }
                      ;*ifnull {reexecute=1 rethrow=0 return_oop=0}
                      ; - (reexecute) java.lang.ClassLoader::defineClassSourceLocation@8 (line 926)
                      ; - java.lang.ClassLoader::defineClass@12 (line 1026)
  0x00007213b85520d4: 2882 83ff 

  0x00007213b85520d8: ;   {other}
  0x00007213b85520d8: 0f1f 8400 | 4851 00aa | be45 ffff | ff48 8b6c | 2410 4c8b | 5424 284c | 8954 2408 | 4c8b 5424 
  0x00007213b85520f8: 304c 8954 | 2428 4c89 | 6c24 3048 | 895c 2440 

  0x00007213b8552108: ;   {runtime_call UncommonTrapBlob}
  0x00007213b8552108: c5f8 77e8 

  0x00007213b855210c: ; ImmutableOopMap {rbp=Oop [8]=Oop [24]=Oop [40]=Oop [48]=Oop [56]=NarrowOop [64]=Oop }
                      ;*ifnull {reexecute=1 rethrow=0 return_oop=0}
                      ; - (reexecute) java.lang.ClassLoader::checkCerts@30 (line 1167)
                      ; - java.lang.ClassLoader::preDefineClass@113 (line 917)
                      ; - java.lang.ClassLoader::defineClass@4 (line 1025)
  0x00007213b855210c: f081 83ff 

  0x00007213b8552110: ;   {other}
  0x00007213b8552110: 0f1f 8400 | 8051 00ab | 4d85 d244 | 8b54 2470 | 410f 94c2 | 458b dabe | 45ff ffff | 4c8b 5424 
  0x00007213b8552130: 304c 8954 | 2420 4889 | 4424 2844 | 895c 2430 

  0x00007213b8552140: ;   {runtime_call UncommonTrapBlob}
  0x00007213b8552140: c5f8 77e8 

  0x00007213b8552144: ; ImmutableOopMap {[8]=Oop [16]=Oop [32]=Oop [40]=Oop }
                      ;*ifeq {reexecute=1 rethrow=0 return_oop=0}
                      ; - (reexecute) java.lang.Class::getPackageName@29 (line 1164)
                      ; - java.lang.ClassLoader::postDefineClass@2 (line 934)
                      ; - java.lang.ClassLoader::defineClass@37 (line 1028)
  0x00007213b8552144: b881 83ff 

  0x00007213b8552148: ;   {other}
  0x00007213b8552148: 0f1f 8400 | b851 00ac | bef6 ffff | ff66 6690 

  0x00007213b8552158: ;   {runtime_call UncommonTrapBlob}
  0x00007213b8552158: c5f8 77e8 

  0x00007213b855215c: ; ImmutableOopMap {}
                      ;*arraylength {reexecute=0 rethrow=0 return_oop=0}
                      ; - java.lang.String::length@4 (line 1519)
                      ; - java.lang.String::lastIndexOf@3 (line 2535)
                      ; - java.lang.Class::getPackageName@47 (line 1168)
                      ; - java.lang.ClassLoader::postDefineClass@2 (line 934)
                      ; - java.lang.ClassLoader::defineClass@37 (line 1028)
  0x00007213b855215c: a081 83ff 

  0x00007213b8552160: ;   {other}
  0x00007213b8552160: 0f1f 8400 | d051 00ad | be45 ffff | ff48 8b6c | 2410 4c8b | 5424 284c | 8954 2408 | 4c8b 5424 
  0x00007213b8552180: 184c 8954 | 2410 448b | 5c24 2044 | 895c 2418 | 448b 5424 | 2444 8954 | 241c 4c8b | 5424 304c 
  0x00007213b85521a0: 8954 2420 | 4489 6c24 | 2844 8944 | 2438 6690 

  0x00007213b85521b0: ;   {runtime_call UncommonTrapBlob}
  0x00007213b85521b0: c5f8 77e8 

  0x00007213b85521b4: ; ImmutableOopMap {rbp=Oop [8]=Oop [16]=Oop [32]=Oop [40]=NarrowOop [56]=NarrowOop [64]=Oop }
                      ;*ifnull {reexecute=1 rethrow=0 return_oop=0}
                      ; - (reexecute) java.net.URLStreamHandler::toExternalForm@68 (line 484)
                      ; - java.net.URL::toExternalForm@5 (line 1203)
                      ; - java.net.URL::toString@1 (line 1189)
                      ; - java.lang.ClassLoader::defineClassSourceLocation@22 (line 927)
                      ; - java.lang.ClassLoader::defineClass@12 (line 1026)
  0x00007213b85521b4: 4881 83ff 

  0x00007213b85521b8: ;   {other}
  0x00007213b85521b8: 0f1f 8400 | 2852 00ae | be45 ffff | ff48 8b6c | 2408 4489 | 5424 0890 

  0x00007213b85521d0: ;   {runtime_call UncommonTrapBlob}
  0x00007213b85521d0: c5f8 77e8 

  0x00007213b85521d4: ; ImmutableOopMap {rbp=Oop [8]=NarrowOop }
                      ;*ifnull {reexecute=1 rethrow=0 return_oop=0}
                      ; - (reexecute) java.lang.ClassLoader::postDefineClass@17 (line 936)
                      ; - java.lang.ClassLoader::defineClass@37 (line 1028)
  0x00007213b85521d4: 2881 83ff 

  0x00007213b85521d8: ;   {other}
  0x00007213b85521d8: 0f1f 8400 | 4852 00af | be76 ffff | ff48 8b6c | 2410 4c8b | 4c24 284c | 894c 2410 | 4c8b 4c24 
  0x00007213b85521f8: 304c 894c | 2428 4c89 | 7424 4044 | 8954 2448 | 4489 4424 | 4c44 895c | 2450 4c89 | 6c24 5889 
  0x00007213b8552218: 5424 6090 

  0x00007213b855221c: ;   {runtime_call UncommonTrapBlob}
  0x00007213b855221c: c5f8 77e8 

  0x00007213b8552220: ; ImmutableOopMap {rbp=Oop [8]=Oop [16]=Oop [24]=Oop [40]=Oop [64]=Oop [80]=NarrowOop [88]=Oop }
                      ;*if_icmpge {reexecute=1 rethrow=0 return_oop=0}
                      ; - (reexecute) java.lang.ClassLoader::compareCerts@67 (line 1197)
                      ; - java.lang.ClassLoader::checkCerts@80 (line 1172)
                      ; - java.lang.ClassLoader::preDefineClass@113 (line 917)
                      ; - java.lang.ClassLoader::defineClass@4 (line 1025)
  0x00007213b8552220: dc80 83ff 

  0x00007213b8552224: ;   {other}
  0x00007213b8552224: 0f1f 8400 | 9452 00b0 | be76 ffff | ff48 8b6c | 2410 4c8b | 5c24 284c | 895c 2410 | 4c8b 5c24 
  0x00007213b8552244: 304c 895c | 2428 4c89 | 6c24 3889 | 5424 4044 | 8944 2444 | 4489 4c24 | 484c 8974 | 2450 4489 
  0x00007213b8552264: 5424 5890 

  0x00007213b8552268: ;   {runtime_call UncommonTrapBlob}
  0x00007213b8552268: c5f8 77e8 

  0x00007213b855226c: ; ImmutableOopMap {rbp=Oop [8]=Oop [16]=Oop [24]=Oop [40]=Oop [56]=Oop [72]=NarrowOop [80]=Oop }
                      ;*if_icmpge {reexecute=1 rethrow=0 return_oop=0}
                      ; - (reexecute) java.lang.ClassLoader::compareCerts@152 (line 1209)
                      ; - java.lang.ClassLoader::checkCerts@80 (line 1172)
                      ; - java.lang.ClassLoader::preDefineClass@113 (line 917)
                      ; - java.lang.ClassLoader::defineClass@4 (line 1025)
  0x00007213b855226c: 9080 83ff 

  0x00007213b8552270: ;   {other}
  0x00007213b8552270: 0f1f 8400 | e052 00b1 | be45 ffff | ff4c 8b54 | 2430 4c89 | 5424 2044 | 8944 2438 | 4c89 4c24 
  0x00007213b8552290: 4044 8974 | 243c 8954 | 2448 6690 

  0x00007213b855229c: ;   {runtime_call UncommonTrapBlob}
  0x00007213b855229c: c5f8 77e8 

  0x00007213b85522a0: ; ImmutableOopMap {rbp=NarrowOop [8]=Oop [16]=Oop [32]=Oop [56]=NarrowOop [60]=NarrowOop [64]=Oop }
                      ;*ifnull {reexecute=1 rethrow=0 return_oop=0}
                      ; - (reexecute) java.util.concurrent.ConcurrentHashMap::get@67 (line 940)
                      ; - java.lang.ClassLoader::getNamedPackage@5 (line 341)
                      ; - java.lang.ClassLoader::postDefineClass@9 (line 934)
                      ; - java.lang.ClassLoader::defineClass@37 (line 1028)
  0x00007213b85522a0: 5c80 83ff 

  0x00007213b85522a4: ;   {other}
  0x00007213b85522a4: 0f1f 8400 | 1453 00b2 | 4533 c9be | f4ff ffff | 488b 6c24 | 1048 8b4c | 2428 4889 | 4c24 1048 
  0x00007213b85522c4: 8b4c 2430 | 4889 4c24 | 284c 8974 | 2440 4489 | 5424 4844 | 8944 244c | 4c89 6c24 | 5889 5424 
  0x00007213b85522e4: 5444 894c | 2460 4489 | 5c24 6490 

  0x00007213b85522f0: ;   {runtime_call UncommonTrapBlob}
  0x00007213b85522f0: c5f8 77e8 

  0x00007213b85522f4: ; ImmutableOopMap {rbp=Oop [8]=Oop [16]=Oop [24]=Oop [40]=Oop [64]=Oop [88]=Oop [100]=NarrowOop }
                      ;*instanceof {reexecute=0 rethrow=0 return_oop=0}
                      ; - java.security.cert.Certificate::equals@8 (line 111)
                      ; - java.lang.ClassLoader::compareCerts@81 (line 1198)
                      ; - java.lang.ClassLoader::checkCerts@80 (line 1172)
                      ; - java.lang.ClassLoader::preDefineClass@113 (line 917)
                      ; - java.lang.ClassLoader::defineClass@4 (line 1025)
  0x00007213b85522f4: 0880 83ff 

  0x00007213b85522f8: ;   {other}
  0x00007213b85522f8: 0f1f 8400 | 6853 00b3 | 4533 dbbe | f4ff ffff | 488b 6c24 | 1048 8b4c | 2428 4889 | 4c24 1048 
  0x00007213b8552318: 8b4c 2430 | 4889 4c24 | 284c 896c | 2438 8954 | 2440 4489 | 4424 444c | 8974 2450 | 4489 5424 
  0x00007213b8552338: 4c44 895c | 2458 4489 | 4c24 5c90 

  0x00007213b8552344: ;   {runtime_call UncommonTrapBlob}
  0x00007213b8552344: c5f8 77e8 

  0x00007213b8552348: ; ImmutableOopMap {rbp=Oop [8]=Oop [16]=Oop [24]=Oop [40]=Oop [56]=Oop [80]=Oop [92]=NarrowOop }
                      ;*instanceof {reexecute=0 rethrow=0 return_oop=0}
                      ; - java.security.cert.Certificate::equals@8 (line 111)
                      ; - java.lang.ClassLoader::compareCerts@166 (line 1210)
                      ; - java.lang.ClassLoader::checkCerts@80 (line 1172)
                      ; - java.lang.ClassLoader::preDefineClass@113 (line 917)
                      ; - java.lang.ClassLoader::defineClass@4 (line 1025)
  0x00007213b8552348: b47f 83ff 

  0x00007213b855234c: ;   {other}
  0x00007213b855234c: 0f1f 8400 | bc53 00b4 | bef6 ffff | ff41 8be9 

  0x00007213b855235c: ;   {runtime_call UncommonTrapBlob}
  0x00007213b855235c: c5f8 77e8 

  0x00007213b8552360: ; ImmutableOopMap {}
                      ;*aaload {reexecute=0 rethrow=0 return_oop=0}
                      ; - java.security.CodeSource::getCertificates@50 (line 212)
                      ; - java.lang.ClassLoader::checkCerts@34 (line 1168)
                      ; - java.lang.ClassLoader::preDefineClass@113 (line 917)
                      ; - java.lang.ClassLoader::defineClass@4 (line 1025)
  0x00007213b8552360: 9c7f 83ff 

  0x00007213b8552364: ;   {other}
  0x00007213b8552364: 0f1f 8400 | d453 00b5 | bef6 ffff | ff66 6690 

  0x00007213b8552374: ;   {runtime_call UncommonTrapBlob}
  0x00007213b8552374: c5f8 77e8 

  0x00007213b8552378: ; ImmutableOopMap {}
                      ;*invokevirtual getSignerCertPath {reexecute=0 rethrow=0 return_oop=0}
                      ; - java.security.CodeSource::getCertificates@51 (line 213)
                      ; - java.lang.ClassLoader::checkCerts@34 (line 1168)
                      ; - java.lang.ClassLoader::preDefineClass@113 (line 917)
                      ; - java.lang.ClassLoader::defineClass@4 (line 1025)
  0x00007213b8552378: 847f 83ff 

  0x00007213b855237c: ;   {other}
  0x00007213b855237c: 0f1f 8400 | ec53 00b6 | bef6 ffff | ff66 6690 

  0x00007213b855238c: ;   {runtime_call UncommonTrapBlob}
  0x00007213b855238c: c5f8 77e8 

  0x00007213b8552390: ; ImmutableOopMap {}
                      ;*invokevirtual getCertificates {reexecute=0 rethrow=0 return_oop=0}
                      ; - java.security.CodeSource::getCertificates@54 (line 213)
                      ; - java.lang.ClassLoader::checkCerts@34 (line 1168)
                      ; - java.lang.ClassLoader::preDefineClass@113 (line 917)
                      ; - java.lang.ClassLoader::defineClass@4 (line 1025)
  0x00007213b8552390: 6c7f 83ff 

  0x00007213b8552394: ;   {other}
  0x00007213b8552394: 0f1f 8400 | 0454 00b7 | bef6 ffff | ff66 6690 

  0x00007213b85523a4: ;   {runtime_call UncommonTrapBlob}
  0x00007213b85523a4: c5f8 77e8 

  0x00007213b85523a8: ; ImmutableOopMap {}
                      ;*arraylength {reexecute=0 rethrow=0 return_oop=0}
                      ; - java.security.CodeSource::getCertificates@40 (line 211)
                      ; - java.lang.ClassLoader::checkCerts@34 (line 1168)
                      ; - java.lang.ClassLoader::preDefineClass@113 (line 917)
                      ; - java.lang.ClassLoader::defineClass@4 (line 1025)
  0x00007213b85523a8: 547f 83ff 

  0x00007213b85523ac: ;   {other}
  0x00007213b85523ac: 0f1f 8400 | 1c54 00b8 | bef6 ffff | ff41 8be8 

  0x00007213b85523bc: ;   {runtime_call UncommonTrapBlob}
  0x00007213b85523bc: c5f8 77e8 

  0x00007213b85523c0: ; ImmutableOopMap {}
                      ;*aaload {reexecute=0 rethrow=0 return_oop=0}
                      ; - java.security.CodeSource::getCertificates@50 (line 212)
                      ; - java.lang.ClassLoader::postDefineClass@24 (line 937)
                      ; - java.lang.ClassLoader::defineClass@37 (line 1028)
  0x00007213b85523c0: 3c7f 83ff 

  0x00007213b85523c4: ;   {other}
  0x00007213b85523c4: 0f1f 8400 | 3454 00b9 | bef6 ffff | ff66 6690 

  0x00007213b85523d4: ;   {runtime_call UncommonTrapBlob}
  0x00007213b85523d4: c5f8 77e8 

  0x00007213b85523d8: ; ImmutableOopMap {}
                      ;*invokevirtual getSignerCertPath {reexecute=0 rethrow=0 return_oop=0}
                      ; - java.security.CodeSource::getCertificates@51 (line 213)
                      ; - java.lang.ClassLoader::postDefineClass@24 (line 937)
                      ; - java.lang.ClassLoader::defineClass@37 (line 1028)
  0x00007213b85523d8: 247f 83ff 

  0x00007213b85523dc: ;   {other}
  0x00007213b85523dc: 0f1f 8400 | 4c54 00ba | bef6 ffff | ff66 6690 

  0x00007213b85523ec: ;   {runtime_call UncommonTrapBlob}
  0x00007213b85523ec: c5f8 77e8 

  0x00007213b85523f0: ; ImmutableOopMap {}
                      ;*invokevirtual getCertificates {reexecute=0 rethrow=0 return_oop=0}
                      ; - java.security.CodeSource::getCertificates@54 (line 213)
                      ; - java.lang.ClassLoader::postDefineClass@24 (line 937)
                      ; - java.lang.ClassLoader::defineClass@37 (line 1028)
  0x00007213b85523f0: 0c7f 83ff 

  0x00007213b85523f4: ;   {other}
  0x00007213b85523f4: 0f1f 8400 | 6454 00bb | bef6 ffff | ff66 6690 

  0x00007213b8552404: ;   {runtime_call UncommonTrapBlob}
  0x00007213b8552404: c5f8 77e8 

  0x00007213b8552408: ; ImmutableOopMap {}
                      ;*arraylength {reexecute=0 rethrow=0 return_oop=0}
                      ; - java.security.CodeSource::getCertificates@40 (line 211)
                      ; - java.lang.ClassLoader::postDefineClass@24 (line 937)
                      ; - java.lang.ClassLoader::defineClass@37 (line 1028)
  0x00007213b8552408: f47e 83ff 

  0x00007213b855240c: ;   {other}
  0x00007213b855240c: 0f1f 8400 | 7c54 00bc | be97 ffff | ff48 8b6c | 2410 4c8b | 5424 404c | 8954 2428 | 4c8b 5424 
  0x00007213b855242c: 384c 8954 | 2430 448b | 5c24 4844 | 895c 2438 

  0x00007213b855243c: ;   {runtime_call UncommonTrapBlob}
  0x00007213b855243c: c5f8 77e8 

  0x00007213b8552440: ; ImmutableOopMap {rbp=Oop [8]=Oop [24]=Oop [40]=Oop [48]=Oop [56]=NarrowOop [76]=NarrowOop [80]=Oop }
                      ;*invokevirtual clone {reexecute=1 rethrow=0 return_oop=0}
                      ; - (reexecute) java.util.Arrays::copyOfRange@18 (line 3856)
                      ; - java.lang.StringLatin1::newString@16 (line 752)
                      ; - java.lang.String::substring@41 (line 2839)
                      ; - java.lang.ClassLoader::checkCerts@21 (line 1164)
                      ; - java.lang.ClassLoader::preDefineClass@113 (line 917)
                      ; - java.lang.ClassLoader::defineClass@4 (line 1025)
  0x00007213b8552440: bc7e 83ff 

  0x00007213b8552444: ;   {other}
  0x00007213b8552444: 0f1f 8400 | b454 00bd | be97 ffff | ff4c 8b54 | 2418 4c89 | 5424 1044 | 8b5c 2420 | 4489 5c24 
  0x00007213b8552464: 1844 8b54 | 2424 4489 | 5424 1c4c | 8b54 2438 | 4c89 5424 | 204c 8b54 | 2440 4c89 | 5424 3090 
  0x00007213b8552484: ;   {runtime_call UncommonTrapBlob}
  0x00007213b8552484: c5f8 77e8 

  0x00007213b8552488: ; ImmutableOopMap {rbp=Oop [8]=Oop [16]=Oop [32]=Oop [48]=Oop [64]=Oop [72]=NarrowOop }
                      ;*invokevirtual clone {reexecute=1 rethrow=0 return_oop=0}
                      ; - (reexecute) java.util.Arrays::copyOfRange@18 (line 3856)
                      ; - java.lang.String::<init>@32 (line 4788)
                      ; - java.lang.String::<init>@3 (line 1507)
                      ; - java.lang.StringBuilder::toString@5 (line 475)
                      ; - java.net.URLStreamHandler::toExternalForm@152 (line 486)
                      ; - java.net.URL::toExternalForm@5 (line 1203)
                      ; - java.net.URL::toString@1 (line 1189)
                      ; - java.lang.ClassLoader::defineClassSourceLocation@22 (line 927)
                      ; - java.lang.ClassLoader::defineClass@12 (line 1026)
  0x00007213b8552488: 747e 83ff 

  0x00007213b855248c: ;   {other}
  0x00007213b855248c: 0f1f 8400 | fc54 00be | be97 ffff | ff48 8b6c | 2410 4c8b | 5424 404c | 8954 2428 | 4c8b 5424 
  0x00007213b85524ac: 384c 8954 | 2430 6690 

  0x00007213b85524b4: ;   {runtime_call UncommonTrapBlob}
  0x00007213b85524b4: c5f8 77e8 

  0x00007213b85524b8: ; ImmutableOopMap {rbp=Oop [8]=Oop [24]=Oop [40]=Oop [48]=Oop [72]=Oop [80]=NarrowOop }
                      ;*invokevirtual clone {reexecute=1 rethrow=0 return_oop=0}
                      ; - (reexecute) java.security.CodeSource::getCertificates@11 (line 205)
                      ; - java.lang.ClassLoader::checkCerts@34 (line 1168)
                      ; - java.lang.ClassLoader::preDefineClass@113 (line 917)
                      ; - java.lang.ClassLoader::defineClass@4 (line 1025)
  0x00007213b85524b8: 447e 83ff 

  0x00007213b85524bc: ;   {other}
  0x00007213b85524bc: 0f1f 8400 | 2c55 00bf | bef4 ffff | ff4c 8b54 | 2418 4c89 | 5424 1044 | 8b54 2420 | 4489 5424 
  0x00007213b85524dc: 1844 8b5c | 2424 4489 | 5c24 1c4c | 8b54 2430 | 4c89 5424 | 204c 8b54 | 2440 4c89 | 5424 3090 
  0x00007213b85524fc: ;   {runtime_call UncommonTrapBlob}
  0x00007213b85524fc: c5f8 77e8 

  0x00007213b8552500: ; ImmutableOopMap {rbp=Oop [8]=Oop [16]=Oop [32]=Oop [48]=Oop [56]=NarrowOop [72]=Oop }
                      ;*checkcast {reexecute=0 rethrow=0 return_oop=0}
                      ; - java.security.CodeSource::getCertificates@76 (line 215)
                      ; - java.lang.ClassLoader::checkCerts@34 (line 1168)
                      ; - java.lang.ClassLoader::preDefineClass@113 (line 917)
                      ; - java.lang.ClassLoader::defineClass@4 (line 1025)
  0x00007213b8552500: fc7d 83ff 

  0x00007213b8552504: ;   {other}
  0x00007213b8552504: 0f1f 8400 | 7455 00c0 | be97 ffff | ff48 8b6c | 2418 6690 

  0x00007213b8552518: ;   {runtime_call UncommonTrapBlob}
  0x00007213b8552518: c5f8 77e8 

  0x00007213b855251c: ; ImmutableOopMap {rbp=Oop [8]=Oop [32]=NarrowOop }
                      ;*invokevirtual clone {reexecute=1 rethrow=0 return_oop=0}
                      ; - (reexecute) java.security.CodeSource::getCertificates@11 (line 205)
                      ; - java.lang.ClassLoader::postDefineClass@24 (line 937)
                      ; - java.lang.ClassLoader::defineClass@37 (line 1028)
  0x00007213b855251c: e07d 83ff 

  0x00007213b8552520: ;   {other}
  0x00007213b8552520: 0f1f 8400 | 9055 00c1 | be97 ffff | ff4c 8b54 | 2420 4c89 | 5424 0890 

  0x00007213b8552538: ;   {runtime_call UncommonTrapBlob}
  0x00007213b8552538: c5f8 77e8 

  0x00007213b855253c: ; ImmutableOopMap {rbp=Oop [8]=Oop [24]=Oop [40]=NarrowOop [56]=Oop }
                      ;*invokevirtual clone {reexecute=1 rethrow=0 return_oop=0}
                      ; - (reexecute) java.util.Arrays::copyOfRange@18 (line 3856)
                      ; - java.lang.StringLatin1::newString@16 (line 752)
                      ; - java.lang.String::substring@41 (line 2839)
                      ; - java.lang.Class::getPackageName@62 (line 1169)
                      ; - java.lang.ClassLoader::postDefineClass@2 (line 934)
                      ; - java.lang.ClassLoader::defineClass@37 (line 1028)
  0x00007213b855253c: c07d 83ff 

  0x00007213b8552540: ;   {other}
  0x00007213b8552540: 0f1f 8400 | b055 00c2 | bef4 ffff | ff66 6690 

  0x00007213b8552550: ;   {runtime_call UncommonTrapBlob}
  0x00007213b8552550: c5f8 77e8 

  0x00007213b8552554: ; ImmutableOopMap {[8]=Oop [16]=Oop [24]=NarrowOop }
                      ;*checkcast {reexecute=0 rethrow=0 return_oop=0}
                      ; - java.security.CodeSource::getCertificates@76 (line 215)
                      ; - java.lang.ClassLoader::postDefineClass@24 (line 937)
                      ; - java.lang.ClassLoader::defineClass@37 (line 1028)
  0x00007213b8552554: a87d 83ff 

  0x00007213b8552558: ;   {other}
  0x00007213b8552558: 0f1f 8400 | c855 00c3 | be97 ffff | ff4c 8b54 | 2430 4c89 | 5424 284c | 8b54 2440 | 4c89 5424 
  0x00007213b8552578: 3866 6690 

  0x00007213b855257c: ;   {runtime_call UncommonTrapBlob}
  0x00007213b855257c: c5f8 77e8 

  0x00007213b8552580: ; ImmutableOopMap {rbp=Oop [8]=Oop [16]=Oop [24]=Oop [40]=Oop [56]=Oop [72]=Oop }
                      ;*invokevirtual clone {reexecute=1 rethrow=0 return_oop=0}
                      ; - (reexecute) java.security.CodeSource::getCertificates@86 (line 217)
                      ; - java.lang.ClassLoader::checkCerts@34 (line 1168)
                      ; - java.lang.ClassLoader::preDefineClass@113 (line 917)
                      ; - java.lang.ClassLoader::defineClass@4 (line 1025)
  0x00007213b8552580: 7c7d 83ff 

  0x00007213b8552584: ;   {other}
  0x00007213b8552584: 0f1f 8400 | f455 00c4 | be97 ffff | ff66 6690 

  0x00007213b8552594: ;   {runtime_call UncommonTrapBlob}
  0x00007213b8552594: c5f8 77e8 

  0x00007213b8552598: ; ImmutableOopMap {[8]=Oop [16]=Oop [40]=Oop }
                      ;*invokevirtual clone {reexecute=1 rethrow=0 return_oop=0}
                      ; - (reexecute) java.security.CodeSource::getCertificates@86 (line 217)
                      ; - java.lang.ClassLoader::postDefineClass@24 (line 937)
                      ; - java.lang.ClassLoader::defineClass@37 (line 1028)
  0x00007213b8552598: 647d 83ff 

  0x00007213b855259c: ;   {other}
  0x00007213b855259c: 0f1f 8400 | 0c56 00c5 | eb70 eb6e | eb6c eb6a | eb68 eb66 | eb64 eb62 | eb60 eb5e | eb5c eb5a 
  0x00007213b85525bc: eb58 eb56 | eb54 eb52 | eb50 eb4e | eb4c eb4a | eb48 eb46 | eb44 eb42 | eb40 eb3e | eb3c eb3a 
  0x00007213b85525dc: eb38 eb36 | eb34 eb32 | eb30 eb2e | eb2c eb2a | eb28 eb26 | eb24 eb22 | eb20 eb1e | eb1c eb1a 
  0x00007213b85525fc: eb18 eb16 | eb14 eb12 | eb10 eb0e | eb0c eb0a | eb08 eb06 | eb04 eb02 | eb00 488b | f0e9 9bc3 
  0x00007213b855261c: ;   {internal_word}
  0x00007213b855261c: ffff 49ba | 54eb 54b8 | 1372 0000 | 4d89 9760 

  0x00007213b855262c: ;   {runtime_call SafepointBlob}
  0x00007213b855262c: 0400 00e9 | cc8d 83ff 

  0x00007213b8552634: ;   {runtime_call StubRoutines (final stubs)}
  0x00007213b8552634: e8a7 c981 | ffe9 80b0 | ffff f4f4 
[Stub Code]
  0x00007213b8552640: ;   {no_reloc}
  0x00007213b8552640: 48bb 0000 | 0000 0000 

  0x00007213b8552648: ;   {runtime_call nmethod}
  0x00007213b8552648: 0000 e9fb 

  0x00007213b855264c: ;   {static_stub}
  0x00007213b855264c: ffff ff48 | bb00 0000 | 0000 0000 

  0x00007213b8552658: ;   {runtime_call nmethod}
  0x00007213b8552658: 00e9 fbff 

  0x00007213b855265c: ;   {static_stub}
  0x00007213b855265c: ffff 48bb | 0000 0000 | 0000 0000 

  0x00007213b8552668: ;   {runtime_call nmethod}
  0x00007213b8552668: e9fb ffff 

  0x00007213b855266c: ;   {static_stub}
  0x00007213b855266c: ff48 bb00 | 0000 0000 

  0x00007213b8552674: ;   {runtime_call nmethod}
  0x00007213b8552674: 0000 00e9 | fbff ffff 

  0x00007213b855267c: ;   {static_stub}
  0x00007213b855267c: 48bb 0000 | 0000 0000 

  0x00007213b8552684: ;   {runtime_call nmethod}
  0x00007213b8552684: 0000 e9fb 

  0x00007213b8552688: ;   {static_stub}
  0x00007213b8552688: ffff ff48 | bb00 0000 | 0000 0000 

  0x00007213b8552694: ;   {runtime_call nmethod}
  0x00007213b8552694: 00e9 fbff 

  0x00007213b8552698: ;   {static_stub}
  0x00007213b8552698: ffff 48bb | 0000 0000 | 0000 0000 

  0x00007213b85526a4: ;   {runtime_call nmethod}
  0x00007213b85526a4: e9fb ffff 

  0x00007213b85526a8: ;   {static_stub}
  0x00007213b85526a8: ff48 bb00 | 0000 0000 

  0x00007213b85526b0: ;   {runtime_call nmethod}
  0x00007213b85526b0: 0000 00e9 | fbff ffff 

  0x00007213b85526b8: ;   {static_stub}
  0x00007213b85526b8: 48bb 0000 | 0000 0000 

  0x00007213b85526c0: ;   {runtime_call nmethod}
  0x00007213b85526c0: 0000 e9fb 

  0x00007213b85526c4: ;   {static_stub}
  0x00007213b85526c4: ffff ff48 | bb00 0000 | 0000 0000 

  0x00007213b85526d0: ;   {runtime_call nmethod}
  0x00007213b85526d0: 00e9 fbff 

  0x00007213b85526d4: ;   {static_stub}
  0x00007213b85526d4: ffff 48bb | 0000 0000 | 0000 0000 

  0x00007213b85526e0: ;   {runtime_call nmethod}
  0x00007213b85526e0: e9fb ffff 

  0x00007213b85526e4: ;   {static_stub}
  0x00007213b85526e4: ff48 bb00 | 0000 0000 

  0x00007213b85526ec: ;   {runtime_call nmethod}
  0x00007213b85526ec: 0000 00e9 | fbff ffff 

  0x00007213b85526f4: ;   {static_stub}
  0x00007213b85526f4: 48bb 0000 | 0000 0000 

  0x00007213b85526fc: ;   {runtime_call nmethod}
  0x00007213b85526fc: 0000 e9fb 

  0x00007213b8552700: ;   {static_stub}
  0x00007213b8552700: ffff ff48 | bb00 0000 | 0000 0000 

  0x00007213b855270c: ;   {runtime_call nmethod}
  0x00007213b855270c: 00e9 fbff 

  0x00007213b8552710: ;   {static_stub}
  0x00007213b8552710: ffff 48bb | 0000 0000 | 0000 0000 

  0x00007213b855271c: ;   {runtime_call nmethod}
  0x00007213b855271c: e9fb ffff 

  0x00007213b8552720: ;   {static_stub}
  0x00007213b8552720: ff48 bb00 | 0000 0000 

  0x00007213b8552728: ;   {runtime_call nmethod}
  0x00007213b8552728: 0000 00e9 | fbff ffff 

  0x00007213b8552730: ;   {static_stub}
  0x00007213b8552730: 48bb 0000 | 0000 0000 

  0x00007213b8552738: ;   {runtime_call nmethod}
  0x00007213b8552738: 0000 e9fb 

  0x00007213b855273c: ;   {static_stub}
  0x00007213b855273c: ffff ff48 | bb00 0000 | 0000 0000 

  0x00007213b8552748: ;   {runtime_call nmethod}
  0x00007213b8552748: 00e9 fbff 

  0x00007213b855274c: ;   {static_stub}
  0x00007213b855274c: ffff 48bb | 0000 0000 | 0000 0000 

  0x00007213b8552758: ;   {runtime_call nmethod}
  0x00007213b8552758: e9fb ffff 

  0x00007213b855275c: ;   {static_stub}
  0x00007213b855275c: ff48 bb00 | 0000 0000 

  0x00007213b8552764: ;   {runtime_call nmethod}
  0x00007213b8552764: 0000 00e9 | fbff ffff 

  0x00007213b855276c: ;   {static_stub}
  0x00007213b855276c: 48bb 0000 | 0000 0000 

  0x00007213b8552774: ;   {runtime_call nmethod}
  0x00007213b8552774: 0000 e9fb 

  0x00007213b8552778: ;   {static_stub}
  0x00007213b8552778: ffff ff48 | bb00 0000 | 0000 0000 

  0x00007213b8552784: ;   {runtime_call nmethod}
  0x00007213b8552784: 00e9 fbff 

  0x00007213b8552788: ;   {static_stub}
  0x00007213b8552788: ffff 48bb | 0000 0000 | 0000 0000 

  0x00007213b8552794: ;   {runtime_call nmethod}
  0x00007213b8552794: e9fb ffff 

  0x00007213b8552798: ;   {static_stub}
  0x00007213b8552798: ff48 bb00 | 0000 0000 

  0x00007213b85527a0: ;   {runtime_call nmethod}
  0x00007213b85527a0: 0000 00e9 | fbff ffff 

  0x00007213b85527a8: ;   {static_stub}
  0x00007213b85527a8: 48bb 0000 | 0000 0000 

  0x00007213b85527b0: ;   {runtime_call nmethod}
  0x00007213b85527b0: 0000 e9fb 

  0x00007213b85527b4: ;   {static_stub}
  0x00007213b85527b4: ffff ff48 | bba0 7540 | 6213 7200 

  0x00007213b85527c0: ;   {runtime_call I2C/C2I adapters}
  0x00007213b85527c0: 00e9 a9d8 

  0x00007213b85527c4: ;   {static_stub}
  0x00007213b85527c4: 80ff 48bb | 0000 0000 | 0000 0000 

  0x00007213b85527d0: ;   {runtime_call nmethod}
  0x00007213b85527d0: e9fb ffff 

  0x00007213b85527d4: ;   {static_stub}
  0x00007213b85527d4: ff48 bb00 | 0000 0000 

  0x00007213b85527dc: ;   {runtime_call nmethod}
  0x00007213b85527dc: 0000 00e9 | fbff ffff 

  0x00007213b85527e4: ;   {static_stub}
  0x00007213b85527e4: 48bb 0000 | 0000 0000 

  0x00007213b85527ec: ;   {runtime_call nmethod}
  0x00007213b85527ec: 0000 e9fb 

  0x00007213b85527f0: ;   {runtime_call ExceptionBlob}
  0x00007213b85527f0: ffff ffe9 | 0876 8eff 
[Deopt Handler Code]
  0x00007213b85527f8: e800 0000 | 0048 832c 

  0x00007213b8552800: ;   {runtime_call DeoptimizationBlob}
  0x00007213b8552800: 2405 e999 | 7e83 fff4 
[/MachCode]


Compiled method (c1) 3409 2805   !   3       org.eclipse.osgi.internal.loader.ModuleClassLoader::defineClass (67 bytes)
 total in heap  [0x00007213b0d44d90,0x00007213b0d45968] = 3032
 relocation     [0x00007213b0d44ee8,0x00007213b0d44f90] = 168
 main code      [0x00007213b0d44fa0,0x00007213b0d455a0] = 1536
 stub code      [0x00007213b0d455a0,0x00007213b0d45608] = 104
 oops           [0x00007213b0d45608,0x00007213b0d45610] = 8
 metadata       [0x00007213b0d45610,0x00007213b0d45650] = 64
 scopes data    [0x00007213b0d45650,0x00007213b0d457a0] = 336
 scopes pcs     [0x00007213b0d457a0,0x00007213b0d458b0] = 272
 dependencies   [0x00007213b0d458b0,0x00007213b0d458c8] = 24
 handler table  [0x00007213b0d458c8,0x00007213b0d45940] = 120
 nul chk table  [0x00007213b0d45940,0x00007213b0d45968] = 40

[Constant Pool (empty)]

[MachCode]
[Entry Point]
  # {method} {0x00007213585f6450} 'defineClass' '(Ljava/lang/String;[BLorg/eclipse/osgi/internal/loader/classpath/ClasspathEntry;)Lorg/eclipse/osgi/internal/loader/ModuleClassLoader$DefineClassResult;' in 'org/eclipse/osgi/internal/loader/ModuleClassLoader'
  # this:     rsi:rsi   = 'org/eclipse/osgi/internal/loader/ModuleClassLoader'
  # parm0:    rdx:rdx   = 'java/lang/String'
  # parm1:    rcx:rcx   = '[B'
  # parm2:    r8:r8     = 'org/eclipse/osgi/internal/loader/classpath/ClasspathEntry'
  #           [sp+0xb0]  (sp of caller)
  0x00007213b0d44fa0: 448b 5608 | 49bb 0000 | 0062 1372 | 0000 4d03 | d34c 3bd0 

  0x00007213b0d44fb4: ;   {runtime_call ic_miss_stub}
  0x00007213b0d44fb4: 0f85 c6fd | 0307 660f | 1f44 0000 
[Verified Entry Point]
  0x00007213b0d44fc0: 8984 2400 | c0fe ff55 | 4881 eca0 | 0000 0090 | 4181 7f20 | 0200 0000 

  0x00007213b0d44fd8: ;   {runtime_call StubRoutines (final stubs)}
  0x00007213b0d44fd8: 7405 e801 

  0x00007213b0d44fdc: ;   {metadata(method data for {method} {0x00007213585f6450} 'defineClass' '(Ljava/lang/String;[BLorg/eclipse/osgi/internal/loader/classpath/ClasspathEntry;)Lorg/eclipse/osgi/internal/loader/ModuleClassLoader$DefineClassResult;' in 'org/eclipse/osgi/internal/loader/ModuleClassLoader')}
  0x00007213b0d44fdc: a002 0748 | bfc8 a483 | 5813 7200 | 008b 9ff4 | 0000 0083 | c302 899f | f400 0000 | 81e3 fe07 
  0x00007213b0d44ffc: 0000 85db | 0f84 5304 | 0000 4c89 | 4424 7048 | 894c 2468 

  0x00007213b0d45010: ;   {metadata(method data for {method} {0x00007213585f6450} 'defineClass' '(Ljava/lang/String;[BLorg/eclipse/osgi/internal/loader/classpath/ClasspathEntry;)Lorg/eclipse/osgi/internal/loader/ModuleClassLoader$DefineClassResult;' in 'org/eclipse/osgi/internal/loader/ModuleClassLoader')}
  0x00007213b0d45010: 488b fe48 | bbc8 a483 | 5813 7200 | 008b 7f08 | 49ba 0000 | 0062 1372 | 0000 4903 | fa48 3bbb 
  0x00007213b0d45030: 4801 0000 | 750d 4883 | 8350 0100 | 0001 e960 | 0000 0048 | 3bbb 5801 | 0000 750d | 4883 8360 
  0x00007213b0d45050: 0100 0001 | e94a 0000 | 0048 83bb | 4801 0000 | 0075 1748 | 89bb 4801 | 0000 48c7 | 8350 0100 
  0x00007213b0d45070: 0001 0000 | 00e9 2900 | 0000 4883 | bb58 0100 | 0000 7517 | 4889 bb58 | 0100 0048 | c783 6001 
  0x00007213b0d45090: 0000 0100 | 0000 e908 | 0000 0048 | 8383 3801 

  0x00007213b0d450a0: ;   {metadata(method data for {method} {0x00007213585f7100} 'getClassLoadingLock' '(Ljava/lang/String;)Ljava/lang/Object;' in 'org/eclipse/osgi/internal/loader/ModuleClassLoader')}
  0x00007213b0d450a0: 0000 0148 | bf30 167d | 5813 7200 | 008b 9ff4 | 0000 0083 | c302 899f | f400 0000 | 81e3 feff 
  0x00007213b0d450c0: 1f00 85db | 0f84 b003 | 0000 8b7e | 5048 3b07 

  0x00007213b0d450d0: ;   {metadata(method data for {method} {0x00007213585f7100} 'getClassLoadingLock' '(Ljava/lang/String;)Ljava/lang/Object;' in 'org/eclipse/osgi/internal/loader/ModuleClassLoader')}
  0x00007213b0d450d0: 488b df48 | b830 167d | 5813 7200 | 0048 8380 | 3801 0000 | 0148 8bda | 488b d348 | 8974 2458 
  0x00007213b0d450f0: 488b f748 | 895c 2460 | 0f1f 8000 

  0x00007213b0d450fc: ;   {optimized virtual_call}
  0x00007213b0d450fc: 0000 00e8 

  0x00007213b0d45100: ; ImmutableOopMap {[88]=Oop [96]=Oop [104]=Oop [112]=Oop }
                      ;*invokevirtual getLock {reexecute=0 rethrow=0 return_oop=0}
                      ; - org.eclipse.osgi.internal.loader.ModuleClassLoader::getClassLoadingLock@5 (line 437)
                      ; - org.eclipse.osgi.internal.loader.ModuleClassLoader::defineClass@8 (line 312)
  0x00007213b0d45100: 1c44 8107 

  0x00007213b0d45104: ;   {other}
  0x00007213b0d45104: 0f1f 8400 | 7403 0000 | 4889 4424 | 7848 8db4 | 2480 0000 | 0048 8bf8 | 4889 7e08 

  0x00007213b0d45120: ; implicit exception: dispatches to 0x00007213b0d454a0
  0x00007213b0d45120: 488b 0748 | 83c8 0148 | 8906 f048 | 0fb1 370f | 8412 0000 | 0048 2bc4 | 4825 07f0 | ffff 4889 
  0x00007213b0d45140: 060f 855e | 0300 0049 | ff87 4805 | 0000 488b 

  0x00007213b0d45150: ;   {metadata(method data for {method} {0x00007213585f6450} 'defineClass' '(Ljava/lang/String;[BLorg/eclipse/osgi/internal/loader/classpath/ClasspathEntry;)Lorg/eclipse/osgi/internal/loader/ModuleClassLoader$DefineClassResult;' in 'org/eclipse/osgi/internal/loader/ModuleClassLoader')}
  0x00007213b0d45150: 7424 5848 | bfc8 a483 | 5813 7200 | 0048 8387 | 7001 0000 

  0x00007213b0d45164: ;   {metadata(method data for {method} {0x00007213624370b8} 'findLoadedClass' '(Ljava/lang/String;)Ljava/lang/Class;' in 'java/lang/ClassLoader')}
  0x00007213b0d45164: 0148 be88 | 790a 5813 | 7200 008b | bef4 0000 | 0083 c702 | 89be f400 | 0000 81e7 | feff 1f00 
  0x00007213b0d45184: 85ff 0f84 | 2c03 0000 

  0x00007213b0d4518c: ;   {metadata(method data for {method} {0x00007213624370b8} 'findLoadedClass' '(Ljava/lang/String;)Ljava/lang/Class;' in 'java/lang/ClassLoader')}
  0x00007213b0d4518c: 48be 8879 | 0a58 1372 | 0000 4883 | 8638 0100 | 0001 488b | 7424 600f 

  0x00007213b0d451a4: ;   {static_call}
  0x00007213b0d451a4: 1f40 00e8 

  0x00007213b0d451a8: ; ImmutableOopMap {[88]=Oop [96]=Oop [104]=Oop [112]=Oop [120]=Oop [136]=Oop }
                      ;*invokestatic checkName {reexecute=0 rethrow=0 return_oop=0}
                      ; - java.lang.ClassLoader::findLoadedClass@1 (line 1298)
                      ; - org.eclipse.osgi.internal.loader.ModuleClassLoader::defineClass@17 (line 313)
  0x00007213b0d451a8: 142d 4600 

  0x00007213b0d451ac: ;   {other}
  0x00007213b0d451ac: 0f1f 8400 | 1c04 0001 

  0x00007213b0d451b4: ;   {metadata(method data for {method} {0x00007213624370b8} 'findLoadedClass' '(Ljava/lang/String;)Ljava/lang/Class;' in 'java/lang/ClassLoader')}
  0x00007213b0d451b4: 85c0 48ba | 8879 0a58 | 1372 0000 | 48c7 c648 | 0100 0075 | 0748 c7c6 | 5801 0000 | 488b 3c32 
  0x00007213b0d451d4: 488d 7f01 | 4889 3c32 | 0f85 0f00 

  0x00007213b0d451e0: ;   {oop(nullptr)}
  0x00007213b0d451e0: 0000 48be | 0000 0000 | 0000 0000 | e936 0000 | 0048 8b74 

  0x00007213b0d451f4: ;   {metadata(method data for {method} {0x00007213624370b8} 'findLoadedClass' '(Ljava/lang/String;)Ljava/lang/Class;' in 'java/lang/ClassLoader')}
  0x00007213b0d451f4: 2458 48ba | 8879 0a58 | 1372 0000 | 4883 8268 | 0100 0001 | 488b 5424 | 6048 8b74 | 2458 0f1f 
  0x00007213b0d45214: ;   {optimized virtual_call}
  0x00007213b0d45214: 4400 00e8 

  0x00007213b0d45218: ; ImmutableOopMap {[88]=Oop [96]=Oop [104]=Oop [112]=Oop [120]=Oop [136]=Oop }
                      ;*invokevirtual findLoadedClass0 {reexecute=0 rethrow=0 return_oop=0}
                      ; - java.lang.ClassLoader::findLoadedClass@11 (line 1300)
                      ; - org.eclipse.osgi.internal.loader.ModuleClassLoader::defineClass@17 (line 313)
  0x00007213b0d45218: 2432 5a07 

  0x00007213b0d4521c: ;   {other}
  0x00007213b0d4521c: 0f1f 8400 | 8c04 0002 | 488b f048 

  0x00007213b0d45228: ;   {metadata(method data for {method} {0x00007213585f6450} 'defineClass' '(Ljava/lang/String;[BLorg/eclipse/osgi/internal/loader/classpath/ClasspathEntry;)Lorg/eclipse/osgi/internal/loader/ModuleClassLoader$DefineClassResult;' in 'org/eclipse/osgi/internal/loader/ModuleClassLoader')}
  0x00007213b0d45228: 85f6 48ba | c8a4 8358 | 1372 0000 | 48c7 c1b8 | 0100 0074 | 0748 c7c1 | a801 0000 | 4c8b 040a 
  0x00007213b0d45248: 4d8d 4001 | 4c89 040a | 0f84 0e00 | 0000 488b | de41 b800 | 0000 00e9 | 6900 0000 | 4c8b 4424 
  0x00007213b0d45268: 7048 8b4c | 2468 488b | 5424 6048 | 8b74 2458 

  0x00007213b0d45278: ; implicit exception: dispatches to 0x00007213b0d454d9
  0x00007213b0d45278: 448b 490c 

  0x00007213b0d4527c: ; implicit exception: dispatches to 0x00007213b0d454de
  0x00007213b0d4527c: 493b 0049 

  0x00007213b0d45280: ;   {metadata(method data for {method} {0x00007213585f6450} 'defineClass' '(Ljava/lang/String;[BLorg/eclipse/osgi/internal/loader/classpath/ClasspathEntry;)Lorg/eclipse/osgi/internal/loader/ModuleClassLoader$DefineClassResult;' in 'org/eclipse/osgi/internal/loader/ModuleClassLoader')}
  0x00007213b0d45280: 8bf8 48bb | c8a4 8358 | 1372 0000 | 4883 83e0 | 0100 0001 | 418b 7810 

  0x00007213b0d45298: ;   {metadata(method data for {method} {0x00007213585f6450} 'defineClass' '(Ljava/lang/String;[BLorg/eclipse/osgi/internal/loader/classpath/ClasspathEntry;)Lorg/eclipse/osgi/internal/loader/ModuleClassLoader$DefineClassResult;' in 'org/eclipse/osgi/internal/loader/ModuleClassLoader')}
  0x00007213b0d45298: 4c8b c648 | bbc8 a483 | 5813 7200 | 0048 8383 | 0002 0000 | 0141 b800 | 0000 000f 

  0x00007213b0d452b4: ;   {optimized virtual_call}
  0x00007213b0d452b4: 1f40 00e8 

  0x00007213b0d452b8: ; ImmutableOopMap {[120]=Oop [136]=Oop }
                      ;*invokevirtual defineClass {reexecute=0 rethrow=0 return_oop=0}
                      ; - org.eclipse.osgi.internal.loader.ModuleClassLoader::defineClass@37 (line 315)
  0x00007213b0d452b8: e483 8007 

  0x00007213b0d452bc: ;   {other}
  0x00007213b0d452bc: 0f1f 8400 | 2c05 0003 | 488b d841 | b801 0000 | 0048 8d84 | 2480 0000 | 0048 8b10 | 4885 d20f 
  0x00007213b0d452dc: 840f 0000 | 0048 8b70 | 08f0 480f | b116 0f85 | f301 0000 | 49ff 8f48 

  0x00007213b0d452f4: ;   {metadata(method data for {method} {0x00007213585f6450} 'defineClass' '(Ljava/lang/String;[BLorg/eclipse/osgi/internal/loader/classpath/ClasspathEntry;)Lorg/eclipse/osgi/internal/loader/ModuleClassLoader$DefineClassResult;' in 'org/eclipse/osgi/internal/loader/ModuleClassLoader')}
  0x00007213b0d452f4: 0500 0048 | bac8 a483 | 5813 7200 | 00ff 8238 

  0x00007213b0d45304: ;   {metadata('org/eclipse/osgi/internal/loader/ModuleClassLoader$DefineClassResult')}
  0x00007213b0d45304: 0200 0048 | ba08 6c0b | 6813 7200 | 0049 8b87 | b801 0000 | 488d 7818 | 493b bfc8 | 0100 000f 
  0x00007213b0d45324: 87d0 0100 | 0049 89bf | b801 0000 | 48c7 0001 | 0000 0048 | 8bca 49ba | 0000 0062 | 1372 0000 
  0x00007213b0d45344: 492b ca89 | 4808 4833 | c989 480c | 4833 c948 | 8948 1048 

  0x00007213b0d45358: ;   {metadata(method data for {method} {0x00007213585f6450} 'defineClass' '(Ljava/lang/String;[BLorg/eclipse/osgi/internal/loader/classpath/ClasspathEntry;)Lorg/eclipse/osgi/internal/loader/ModuleClassLoader$DefineClassResult;' in 'org/eclipse/osgi/internal/loader/ModuleClassLoader')}
  0x00007213b0d45358: 8bf0 48bf | c8a4 8358 | 1372 0000 | 4883 8750 | 0200 0001 

  0x00007213b0d4536c: ;   {metadata(method data for {method} {0x00007213587572c0} '<init>' '(Ljava/lang/Class;Z)V' in 'org/eclipse/osgi/internal/loader/ModuleClassLoader$DefineClassResult')}
  0x00007213b0d4536c: 48be b866 | 8058 1372 | 0000 8bbe | f400 0000 | 83c7 0289 | bef4 0000 | 0081 e7fe | ff1f 0085 
  0x00007213b0d4538c: ff0f 8473 | 0100 0048 

  0x00007213b0d45394: ;   {metadata(method data for {method} {0x00007213587572c0} '<init>' '(Ljava/lang/Class;Z)V' in 'org/eclipse/osgi/internal/loader/ModuleClassLoader$DefineClassResult')}
  0x00007213b0d45394: 8bf0 48bf | b866 8058 | 1372 0000 | 4883 8738 | 0100 0001 

  0x00007213b0d453a8: ;   {metadata(method data for {method} {0x0000721362476d50} '<init>' '()V' in 'java/lang/Object')}
  0x00007213b0d453a8: 48be 987f | 0058 1372 | 0000 8bbe | f400 0000 | 83c7 0289 | bef4 0000 | 0081 e7fe | ff1f 0085 
  0x00007213b0d453c8: ff0f 8458 | 0100 004c | 8bd3 4489 | 5010 488d | 3048 c1ee | 0948 bf00 | 4091 ce13 | 7200 00c6 
  0x00007213b0d453e8: 043e 0041 | 83e0 0144 | 8840 0c48 | 81c4 a000 

  0x00007213b0d453f8: ;   {poll_return}
  0x00007213b0d453f8: 0000 5d49 | 3ba7 4804 | 0000 0f87 | 4001 0000 | c349 8b87 | f804 0000 | 4d33 d24d | 8997 f804 
  0x00007213b0d45418: 0000 4d33 | d24d 8997 | 0005 0000 | 488b f048 | 8d84 2480 | 0000 0048 | 8b38 4885 | ff0f 840f 
  0x00007213b0d45438: 0000 0048 | 8b58 08f0 | 480f b13b | 0f85 1401 | 0000 49ff | 8f48 0500 | 0048 8bc6 | e938 0100 
  0x00007213b0d45458: ;   {metadata({method} {0x00007213585f6450} 'defineClass' '(Ljava/lang/String;[BLorg/eclipse/osgi/internal/loader/classpath/ClasspathEntry;)Lorg/eclipse/osgi/internal/loader/ModuleClassLoader$DefineClassResult;' in 'org/eclipse/osgi/internal/loader/ModuleClassLoader')}
  0x00007213b0d45458: 0049 ba50 | 645f 5813 | 7200 004c | 8954 2408 | 48c7 0424 | ffff ffff 

  0x00007213b0d45470: ;   {runtime_call counter_overflow Runtime1 stub}
  0x00007213b0d45470: e80b 300f 

  0x00007213b0d45474: ; ImmutableOopMap {rsi=Oop rdx=Oop rcx=Oop r8=Oop }
                      ;*synchronization entry
                      ; - org.eclipse.osgi.internal.loader.ModuleClassLoader::defineClass@-1 (line 310)
  0x00007213b0d45474: 07e9 8cfb 

  0x00007213b0d45478: ;   {metadata({method} {0x00007213585f7100} 'getClassLoadingLock' '(Ljava/lang/String;)Ljava/lang/Object;' in 'org/eclipse/osgi/internal/loader/ModuleClassLoader')}
  0x00007213b0d45478: ffff 49ba | 0071 5f58 | 1372 0000 | 4c89 5424 | 0848 c704 | 24ff ffff 

  0x00007213b0d45490: ;   {runtime_call counter_overflow Runtime1 stub}
  0x00007213b0d45490: ffe8 ea2f 

  0x00007213b0d45494: ; ImmutableOopMap {rsi=Oop rdx=Oop [104]=Oop [112]=Oop }
                      ;*synchronization entry
                      ; - org.eclipse.osgi.internal.loader.ModuleClassLoader::getClassLoadingLock@-1 (line 437)
                      ; - org.eclipse.osgi.internal.loader.ModuleClassLoader::defineClass@8 (line 312)
  0x00007213b0d45494: 0f07 e92f 

  0x00007213b0d45498: ;   {runtime_call throw_null_pointer_exception Runtime1 stub}
  0x00007213b0d45498: fcff ffe8 

  0x00007213b0d4549c: ; ImmutableOopMap {rsi=Oop rdx=Oop rdi=Oop [104]=Oop [112]=Oop }
                      ;*invokevirtual getLock {reexecute=0 rethrow=0 return_oop=0}
                      ; - org.eclipse.osgi.internal.loader.ModuleClassLoader::getClassLoadingLock@5 (line 437)
                      ; - org.eclipse.osgi.internal.loader.ModuleClassLoader::defineClass@8 (line 312)
  0x00007213b0d4549c: e0d1 0e07 

  0x00007213b0d454a0: ;   {runtime_call throw_null_pointer_exception Runtime1 stub}
  0x00007213b0d454a0: e8db d10e 

  0x00007213b0d454a4: ; ImmutableOopMap {rdi=Oop [88]=Oop [96]=Oop [104]=Oop [112]=Oop [120]=Oop }
                      ;*monitorenter {reexecute=0 rethrow=0 return_oop=0}
                      ; - org.eclipse.osgi.internal.loader.ModuleClassLoader::defineClass@14 (line 312)
  0x00007213b0d454a4: 0748 897c | 2408 4889 

  0x00007213b0d454ac: ;   {runtime_call monitorenter_nofpu Runtime1 stub}
  0x00007213b0d454ac: 3424 e8cd 

  0x00007213b0d454b0: ; ImmutableOopMap {rdi=Oop [88]=Oop [96]=Oop [104]=Oop [112]=Oop [120]=Oop [136]=Oop }
                      ;*monitorenter {reexecute=0 rethrow=0 return_oop=0}
                      ; - org.eclipse.osgi.internal.loader.ModuleClassLoader::defineClass@14 (line 312)
  0x00007213b0d454b0: 100f 07e9 | 96fc ffff 

  0x00007213b0d454b8: ;   {metadata({method} {0x00007213624370b8} 'findLoadedClass' '(Ljava/lang/String;)Ljava/lang/Class;' in 'java/lang/ClassLoader')}
  0x00007213b0d454b8: 49ba b870 | 4362 1372 | 0000 4c89 | 5424 0848 | c704 24ff 

  0x00007213b0d454cc: ;   {runtime_call counter_overflow Runtime1 stub}
  0x00007213b0d454cc: ffff ffe8 

  0x00007213b0d454d0: ; ImmutableOopMap {[88]=Oop [96]=Oop [104]=Oop [112]=Oop [120]=Oop [136]=Oop }
                      ;*synchronization entry
                      ; - java.lang.ClassLoader::findLoadedClass@-1 (line 1298)
                      ; - org.eclipse.osgi.internal.loader.ModuleClassLoader::defineClass@17 (line 313)
  0x00007213b0d454d0: ac2f 0f07 | e9b3 fcff 

  0x00007213b0d454d8: ;   {runtime_call throw_null_pointer_exception Runtime1 stub}
  0x00007213b0d454d8: ffe8 a2d1 

  0x00007213b0d454dc: ; ImmutableOopMap {r8=Oop rcx=Oop rdx=Oop rsi=Oop [120]=Oop [136]=Oop }
                      ;*arraylength {reexecute=0 rethrow=0 return_oop=0}
                      ; - org.eclipse.osgi.internal.loader.ModuleClassLoader::defineClass@32 (line 315)
                      ;   {runtime_call throw_null_pointer_exception Runtime1 stub}
  0x00007213b0d454dc: 0e07 e89d 

  0x00007213b0d454e0: ; ImmutableOopMap {r8=Oop rcx=Oop rdx=Oop rsi=Oop [120]=Oop [136]=Oop }
                      ;*invokevirtual getDomain {reexecute=0 rethrow=0 return_oop=0}
                      ; - org.eclipse.osgi.internal.loader.ModuleClassLoader::defineClass@34 (line 315)
  0x00007213b0d454e0: d10e 0748 | 8d84 2480 | 0000 0048 

  0x00007213b0d454ec: ;   {runtime_call monitorexit_nofpu Runtime1 stub}
  0x00007213b0d454ec: 8904 24e8 | 8c16 0f07 | e9fe fdff | ff48 8bd2 

  0x00007213b0d454fc: ;   {runtime_call fast_new_instance Runtime1 stub}
  0x00007213b0d454fc: e87f e00e 

  0x00007213b0d45500: ; ImmutableOopMap {rbx=Oop }
                      ;*new {reexecute=0 rethrow=0 return_oop=0}
                      ; - org.eclipse.osgi.internal.loader.ModuleClassLoader::defineClass@55 (line 319)
  0x00007213b0d45500: 07e9 51fe 

  0x00007213b0d45504: ;   {metadata({method} {0x00007213587572c0} '<init>' '(Ljava/lang/Class;Z)V' in 'org/eclipse/osgi/internal/loader/ModuleClassLoader$DefineClassResult')}
  0x00007213b0d45504: ffff 49ba | c072 7558 | 1372 0000 | 4c89 5424 | 0848 c704 | 24ff ffff 

  0x00007213b0d4551c: ;   {runtime_call counter_overflow Runtime1 stub}
  0x00007213b0d4551c: ffe8 5e2f 

  0x00007213b0d45520: ; ImmutableOopMap {rbx=Oop rax=Oop }
                      ;*synchronization entry
                      ; - org.eclipse.osgi.internal.loader.ModuleClassLoader$DefineClassResult::<init>@-1 (line 96)
                      ; - org.eclipse.osgi.internal.loader.ModuleClassLoader::defineClass@63 (line 319)
  0x00007213b0d45520: 0f07 e96c 

  0x00007213b0d45524: ;   {metadata({method} {0x0000721362476d50} '<init>' '()V' in 'java/lang/Object')}
  0x00007213b0d45524: feff ff49 | ba50 6d47 | 6213 7200 | 004c 8954 | 2408 48c7 | 0424 ffff 

  0x00007213b0d4553c: ;   {runtime_call counter_overflow Runtime1 stub}
  0x00007213b0d4553c: ffff e83d 

  0x00007213b0d45540: ; ImmutableOopMap {rbx=Oop rax=Oop }
                      ;*synchronization entry
                      ; - java.lang.Object::<init>@-1 (line 45)
                      ; - org.eclipse.osgi.internal.loader.ModuleClassLoader$DefineClassResult::<init>@1 (line 96)
                      ; - org.eclipse.osgi.internal.loader.ModuleClassLoader::defineClass@63 (line 319)
  0x00007213b0d45540: 2f0f 07e9 | 87fe ffff 

  0x00007213b0d45548: ;   {internal_word}
  0x00007213b0d45548: 49ba fb53 | d4b0 1372 | 0000 4d89 | 9760 0400 

  0x00007213b0d45558: ;   {runtime_call SafepointBlob}
  0x00007213b0d45558: 00e9 a25e | 0407 488d | 8424 8000 | 0000 4889 

  0x00007213b0d45568: ;   {runtime_call monitorexit_nofpu Runtime1 stub}
  0x00007213b0d45568: 0424 e811 | 160f 07e9 | ddfe ffff | 498b 87f8 | 0400 0049 | c787 f804 | 0000 0000 | 0000 49c7 
  0x00007213b0d45588: 8700 0500 | 0000 0000 | 0048 81c4 | a000 0000 

  0x00007213b0d45598: ;   {runtime_call unwind_exception Runtime1 stub}
  0x00007213b0d45598: 5de9 e2bb | 0e07 f4f4 
[Stub Code]
  0x00007213b0d455a0: ;   {no_reloc}
  0x00007213b0d455a0: 48bb e855 | 6558 1372 

  0x00007213b0d455a8: ;   {runtime_call I2C/C2I adapters}
  0x00007213b0d455a8: 0000 e9b8 

  0x00007213b0d455ac: ;   {static_stub}
  0x00007213b0d455ac: 4a04 0748 | bb50 6e43 | 6213 7200 

  0x00007213b0d455b8: ;   {runtime_call I2C/C2I adapters}
  0x00007213b0d455b8: 00e9 25ef 

  0x00007213b0d455bc: ;   {static_stub}
  0x00007213b0d455bc: 0307 48bb | 0000 0000 | 0000 0000 

  0x00007213b0d455c8: ;   {runtime_call nmethod}
  0x00007213b0d455c8: e9fb ffff 

  0x00007213b0d455cc: ;   {static_stub}
  0x00007213b0d455cc: ff48 bb00 | 0000 0000 

  0x00007213b0d455d4: ;   {runtime_call nmethod}
  0x00007213b0d455d4: 0000 00e9 | fbff ffff 
[Exception Handler]
  0x00007213b0d455dc: ;   {runtime_call handle_exception_from_callee Runtime1 stub}
  0x00007213b0d455dc: e89f fa0e 

  0x00007213b0d455e0: ;   {external_word}
  0x00007213b0d455e0: 0748 bf3c | 0112 d113 | 7200 0048 

  0x00007213b0d455ec: ;   {runtime_call MacroAssembler::debug64(char*, long, long*)}
  0x00007213b0d455ec: 83e4 f0e8 | fc52 eb1f 

  0x00007213b0d455f4: ;   {section_word}
  0x00007213b0d455f4: f449 baf5 | 55d4 b013 | 7200 0041 

  0x00007213b0d45600: ;   {runtime_call DeoptimizationBlob}
  0x00007213b0d45600: 52e9 9a50 | 0407 f4f4 
[/MachCode]


---------------  P R O C E S S  ---------------

Threads class SMR info:
_java_thread_list=0x00007212dc040c20, length=53, elements={
0x00007213c801c320, 0x00007213c81a85a0, 0x00007213c81a9770, 0x00007213c81aadf0,
0x00007213c81ad820, 0x00007213c81aedb0, 0x00007213c81b0500, 0x00007213c81b1ab0,
0x00007213c81c1e10, 0x000072133c0b7710, 0x00007213c8222270, 0x00007213c839d830,
0x00007213c83f86d0, 0x000072131c024910, 0x00007213c83fc270, 0x00007213083e8190,
0x000072130845e3a0, 0x0000721308163df0, 0x00007213084c97a0, 0x00007213084cb270,
0x00007212f0001a20, 0x0000721308233c50, 0x00007212e8001000, 0x00007213c842b7a0,
0x00007213c83c3b90, 0x00007213c849bec0, 0x00007212c82c5440, 0x00007212c830d750,
0x00007212c8325690, 0x00007212b4001090, 0x00007212b40022f0, 0x00007212b8000fe0,
0x00007212ac000fe0, 0x00007212b0000fe0, 0x00007212a4000fe0, 0x00007212a8000fe0,
0x000072129c000fe0, 0x00007212dc023b30, 0x000072128c0309a0, 0x000072128c031ab0,
0x000072128c032d70, 0x000072128c0342d0, 0x000072128c0355a0, 0x000072128c036880,
0x0000721280000fe0, 0x00007212900010c0, 0x0000721278000fe0, 0x0000721274000fe0,
0x00007212dc03f690, 0x00007212dc03dec0, 0x00007212dc03e9e0, 0x00007212dc03c110,
0x00007212dc0401d0
}

Java Threads: ( => current thread )
  0x00007213c801c320 JavaThread "main"                              [_thread_blocked, id=766279, stack(0x00007213cff00000,0x00007213d0000000) (1024K)]
  0x00007213c81a85a0 JavaThread "Reference Handler"          daemon [_thread_blocked, id=766283, stack(0x00007213cc2e0000,0x00007213cc3e0000) (1024K)]
  0x00007213c81a9770 JavaThread "Finalizer"                  daemon [_thread_blocked, id=766284, stack(0x00007213cc1e0000,0x00007213cc2e0000) (1024K)]
  0x00007213c81aadf0 JavaThread "Signal Dispatcher"          daemon [_thread_blocked, id=766285, stack(0x00007213cc0e0000,0x00007213cc1e0000) (1024K)]
  0x00007213c81ad820 JavaThread "Service Thread"             daemon [_thread_blocked, id=766286, stack(0x00007213c7f00000,0x00007213c8000000) (1024K)]
  0x00007213c81aedb0 JavaThread "Monitor Deflation Thread"   daemon [_thread_blocked, id=766287, stack(0x00007213b0100000,0x00007213b0200000) (1024K)]
  0x00007213c81b0500 JavaThread "C2 CompilerThread0"         daemon [_thread_blocked, id=766288, stack(0x00007213b0000000,0x00007213b0100000) (1024K)]
  0x00007213c81b1ab0 JavaThread "C1 CompilerThread0"         daemon [_thread_blocked, id=766289, stack(0x0000721361f00000,0x0000721362000000) (1024K)]
  0x00007213c81c1e10 JavaThread "Common-Cleaner"             daemon [_thread_blocked, id=766290, stack(0x0000721361e00000,0x0000721361f00000) (1024K)]
  0x000072133c0b7710 JavaThread "C2 CompilerThread1"         daemon [_thread_blocked, id=766292, stack(0x0000721361d00000,0x0000721361e00000) (1024K)]
  0x00007213c8222270 JavaThread "Notification Thread"        daemon [_thread_blocked, id=766305, stack(0x0000721361c00000,0x0000721361d00000) (1024K)]
  0x00007213c839d830 JavaThread "Active Thread: Equinox Container: 097a0235-157c-4cc5-afa9-2526afb8631c"        [_thread_blocked, id=766310, stack(0x00007213617fd000,0x00007213618fd000) (1024K)]
  0x00007213c83f86d0 JavaThread "Refresh Thread: Equinox Container: 097a0235-157c-4cc5-afa9-2526afb8631c" daemon [_thread_blocked, id=766311, stack(0x00007213616fd000,0x00007213617fd000) (1024K)]
  0x000072131c024910 JavaThread "Framework Event Dispatcher: Equinox Container: 097a0235-157c-4cc5-afa9-2526afb8631c" daemon [_thread_blocked, id=766313, stack(0x00007213614fc000,0x00007213615fc000) (1024K)]
  0x00007213c83fc270 JavaThread "Start Level: Equinox Container: 097a0235-157c-4cc5-afa9-2526afb8631c" daemon [_thread_blocked, id=766314, stack(0x00007213613fc000,0x00007213614fc000) (1024K)]
  0x00007213083e8190 JavaThread "Bundle File Closer"         daemon [_thread_blocked, id=766316, stack(0x00007213611fb000,0x00007213612fb000) (1024K)]
  0x000072130845e3a0 JavaThread "SCR Component Actor"        daemon [_thread_blocked, id=766317, stack(0x00007213610fb000,0x00007213611fb000) (1024K)]
  0x0000721308163df0 JavaThread "Worker-JM"                         [_thread_blocked, id=766319, stack(0x0000721360efa000,0x0000721360ffa000) (1024K)]
  0x00007213084c97a0 JavaThread "Worker-0"                          [_thread_blocked, id=766320, stack(0x0000721360dfa000,0x0000721360efa000) (1024K)]
  0x00007213084cb270 JavaThread "Worker-1"                          [_thread_blocked, id=766321, stack(0x0000721360cfa000,0x0000721360dfa000) (1024K)]
  0x00007212f0001a20 JavaThread "Worker-2: Initialize workspace"        [_thread_blocked, id=766322, stack(0x0000721360bfa000,0x0000721360cfa000) (1024K)]
  0x0000721308233c50 JavaThread "Java indexing"              daemon [_thread_blocked, id=766331, stack(0x00007213607f7000,0x00007213608f7000) (1024K)]
  0x00007212e8001000 JavaThread "Worker-3: Building"                [_thread_blocked, id=766332, stack(0x00007213606f7000,0x00007213607f7000) (1024K)]
  0x00007213c842b7a0 JavaThread "pool-2-thread-1"                   [_thread_blocked, id=766333, stack(0x00007213605f7000,0x00007213606f7000) (1024K)]
  0x00007213c83c3b90 JavaThread "WorkspaceEventsHandler"            [_thread_blocked, id=766334, stack(0x0000721360379000,0x0000721360479000) (1024K)]
  0x00007213c849bec0 JavaThread "pool-1-thread-1"                   [_thread_blocked, id=766335, stack(0x0000721360279000,0x0000721360379000) (1024K)]
  0x00007212c82c5440 JavaThread "ForkJoinPool.commonPool-worker-1" daemon [_thread_blocked, id=766336, stack(0x00007213604f7000,0x00007213605f7000) (1024K)]
  0x00007212c830d750 JavaThread "ForkJoinPool.commonPool-worker-2" daemon [_thread_blocked, id=766337, stack(0x0000721360179000,0x0000721360279000) (1024K)]
  0x00007212c8325690 JavaThread "ForkJoinPool.commonPool-worker-3" daemon [_thread_blocked, id=766338, stack(0x0000721360079000,0x0000721360179000) (1024K)]
  0x00007212b4001090 JavaThread "ForkJoinPool.commonPool-worker-4" daemon [_thread_blocked, id=766339, stack(0x00007212c7f00000,0x00007212c8000000) (1024K)]
  0x00007212b40022f0 JavaThread "ForkJoinPool.commonPool-worker-6" daemon [_thread_blocked, id=766340, stack(0x00007212c0300000,0x00007212c0400000) (1024K)]
  0x00007212b8000fe0 JavaThread "ForkJoinPool.commonPool-worker-5" daemon [_thread_blocked, id=766341, stack(0x00007212c0200000,0x00007212c0300000) (1024K)]
  0x00007212ac000fe0 JavaThread "ForkJoinPool.commonPool-worker-7" daemon [_thread_blocked, id=766342, stack(0x00007212c0100000,0x00007212c0200000) (1024K)]
  0x00007212b0000fe0 JavaThread "ForkJoinPool.commonPool-worker-8" daemon [_thread_blocked, id=766343, stack(0x00007212c0000000,0x00007212c0100000) (1024K)]
  0x00007212a4000fe0 JavaThread "ForkJoinPool.commonPool-worker-9" daemon [_thread_blocked, id=766344, stack(0x00007212a3f00000,0x00007212a4000000) (1024K)]
  0x00007212a8000fe0 JavaThread "ForkJoinPool.commonPool-worker-10" daemon [_thread_blocked, id=766345, stack(0x00007212a3e00000,0x00007212a3f00000) (1024K)]
=>0x000072129c000fe0 JavaThread "ForkJoinPool.commonPool-worker-11" daemon [_thread_in_vm, id=766346, stack(0x00007212a3d00000,0x00007212a3e00000) (1024K)]
  0x00007212dc023b30 JavaThread "Worker-4: Java indexing... "        [_thread_blocked, id=766347, stack(0x00007212a3c00000,0x00007212a3d00000) (1024K)]
  0x000072128c0309a0 JavaThread "Compiler Source File Reader" daemon [_thread_blocked, id=766362, stack(0x00007212a3b00000,0x00007212a3c00000) (1024K)]
  0x000072128c031ab0 JavaThread "Compiler Source File Reader" daemon [_thread_blocked, id=766363, stack(0x00007212a3a00000,0x00007212a3b00000) (1024K)]
  0x000072128c032d70 JavaThread "Compiler Source File Reader" daemon [_thread_blocked, id=766364, stack(0x00007212a3900000,0x00007212a3a00000) (1024K)]
  0x000072128c0342d0 JavaThread "Compiler Source File Reader" daemon [_thread_blocked, id=766365, stack(0x00007212a3800000,0x00007212a3900000) (1024K)]
  0x000072128c0355a0 JavaThread "Compiler Source File Reader" daemon [_thread_blocked, id=766366, stack(0x00007212a3700000,0x00007212a3800000) (1024K)]
  0x000072128c036880 JavaThread "Compiler Source File Reader" daemon [_thread_blocked, id=766367, stack(0x00007212a3600000,0x00007212a3700000) (1024K)]
  0x0000721280000fe0 JavaThread "Compiler Source File Reader" daemon [_thread_blocked, id=766368, stack(0x00007212a3500000,0x00007212a3600000) (1024K)]
  0x00007212900010c0 JavaThread "Compiler Source File Reader" daemon [_thread_blocked, id=766369, stack(0x00007212a3400000,0x00007212a3500000) (1024K)]
  0x0000721278000fe0 JavaThread "Compiler Source File Reader" daemon [_thread_blocked, id=766370, stack(0x00007212a3300000,0x00007212a3400000) (1024K)]
  0x0000721274000fe0 JavaThread "Compiler Source File Reader" daemon [_thread_blocked, id=766371, stack(0x00007212a3200000,0x00007212a3300000) (1024K)]
  0x00007212dc03f690 JavaThread "ParallelDescriptorResolver-3-0" daemon [_thread_blocked, id=766391, stack(0x00007212a2d00000,0x00007212a2e00000) (1024K)]
  0x00007212dc03dec0 JavaThread "ParallelDescriptorResolver-3-1" daemon [_thread_blocked, id=766392, stack(0x00007212a2f00000,0x00007212a3000000) (1024K)]
  0x00007212dc03e9e0 JavaThread "ParallelDescriptorResolver-3-2" daemon [_thread_blocked, id=766393, stack(0x00007212a3000000,0x00007212a3100000) (1024K)]
  0x00007212dc03c110 JavaThread "ParallelDescriptorResolver-3-3" daemon [_thread_blocked, id=766394, stack(0x00007212a3100000,0x00007212a3200000) (1024K)]
  0x00007212dc0401d0 JavaThread "ParallelDescriptorResolver-3-4" daemon [_thread_blocked, id=766395, stack(0x00007212a2e00000,0x00007212a2f00000) (1024K)]
Total: 53

Other Threads:
  0x00007213c819f240 VMThread "VM Thread"                           [id=766282, stack(0x00007213cc3e1000,0x00007213cc4e1000) (1024K)] _threads_hazard_ptr=0x00007212dc040c20
  0x00007213c8043da0 WatcherThread "VM Periodic Task Thread"        [id=766281, stack(0x00007213ce300000,0x00007213ce400000) (1024K)]
  0x00007213c8034c00 WorkerThread "GC Thread#0"                     [id=766280, stack(0x00007213cec14000,0x00007213ced14000) (1024K)]
  0x0000721350000f20 WorkerThread "GC Thread#1"                     [id=766306, stack(0x0000721361b00000,0x0000721361c00000) (1024K)]
  0x0000721350002fc0 WorkerThread "GC Thread#2"                     [id=766307, stack(0x00007213619ff000,0x0000721361aff000) (1024K)]
  0x0000721350003ad0 WorkerThread "GC Thread#3"                     [id=766308, stack(0x00007213618fe000,0x00007213619fe000) (1024K)]
  0x0000721350004720 WorkerThread "GC Thread#4"                     [id=766312, stack(0x00007213615fd000,0x00007213616fd000) (1024K)]
  0x0000721350005a70 WorkerThread "GC Thread#5"                     [id=766315, stack(0x00007213612fc000,0x00007213613fc000) (1024K)]
  0x0000721350006600 WorkerThread "GC Thread#6"                     [id=766318, stack(0x0000721360ffb000,0x00007213610fb000) (1024K)]
  0x0000721350007190 WorkerThread "GC Thread#7"                     [id=766323, stack(0x0000721360afa000,0x0000721360bfa000) (1024K)]
  0x0000721350007be0 WorkerThread "GC Thread#8"                     [id=766324, stack(0x00007213609f9000,0x0000721360af9000) (1024K)]
  0x0000721350008630 WorkerThread "GC Thread#9"                     [id=766325, stack(0x00007213608f8000,0x00007213609f8000) (1024K)]
Total: 12

Threads with active compile tasks:
C2 CompilerThread0  3418 8632       4       java.lang.StringLatin1::trim (76 bytes)
C1 CompilerThread0  3418 8992       2       java.lang.Class::enumConstantDirectory (107 bytes)
C2 CompilerThread1  3418 8912 %     4       java.io.BufferedReader::implReadLine @ 32 (301 bytes)
Total: 3

VM state: synchronizing (normal execution)

VM Mutex/Monitor currently owned by a thread:  ([mutex/lock_event])
[0x00007213d1526e10] Threads_lock - owner thread: 0x00007213c819f240
[0x00007213d1526d10] Heap_lock - owner thread: 0x00007212dc03c110

Heap address: 0x0000000080000000, size: 2048 MB, Compressed Oops mode: 32-bit

CDS archive(s) mapped at: [0x0000721362000000-0x0000721362ca0000-0x0000721367b28000), size 95584256, SharedBaseAddress: 0x0000721362000000, ArchiveRelocationMode: 1.
Compressed class space mapped at: 0x0000721368000000-0x00007213a8000000, reserved size: 1073741824
Narrow klass base: 0x0000721362000000, Narrow klass shift: 0, Narrow klass range: 0x100000000

GC Precious Log:
 CardTable entry size: 512
 CPUs: 12 total, 12 available
 Memory: 15672M
 Large Page Support: Disabled
 NUMA Support: Disabled
 Compressed Oops: Enabled (32-bit)
 Alignments: Space 512K, Generation 512K, Heap 2M
 Heap Min Capacity: 100M
 Heap Initial Capacity: 100M
 Heap Max Capacity: 2G
 Pre-touch: Disabled
 Parallel Workers: 10

Heap:
 PSYoungGen      total 22528K, used 22112K [0x00000000d5580000, 0x00000000d7080000, 0x0000000100000000)
  eden space 20480K, 100% used [0x00000000d5580000,0x00000000d6980000,0x00000000d6980000)
  from space 2048K, 79% used [0x00000000d6d80000,0x00000000d6f18060,0x00000000d6f80000)
  to   space 1024K, 0% used [0x00000000d6f80000,0x00000000d6f80000,0x00000000d7080000)
 ParOldGen       total 68608K, used 45428K [0x0000000080000000, 0x0000000084300000, 0x00000000d5580000)
  object space 68608K, 66% used [0x0000000080000000,0x0000000082c5d030,0x0000000084300000)
 Metaspace       used 22855K, committed 23808K, reserved 1114112K
  class space    used 2188K, committed 2624K, reserved 1048576K

Card table byte_map: [0x00007213ced14000,0x00007213cf115000] _byte_map_base: 0x00007213ce914000

Marking Bits: (ParMarkBitMap*) 0x00007213d152d000
 Begin Bits: [0x00007213a8000000, 0x00007213aa000000)
 End Bits:   [0x00007213aa000000, 0x00007213ac000000)

Polling page: 0x00007213d1954000

Metaspace:

Usage:
  Non-class:     20.18 MB used.
      Class:      2.14 MB used.
       Both:     22.32 MB used.

Virtual space:
  Non-class space:       64.00 MB reserved,      20.69 MB ( 32%) committed,  1 nodes.
      Class space:        1.00 GB reserved,       2.56 MB ( <1%) committed,  1 nodes.
             Both:        1.06 GB reserved,      23.25 MB (  2%) committed. 

Chunk freelists:
   Non-Class:  11.08 MB
       Class:  13.35 MB
        Both:  24.42 MB

MaxMetaspaceSize: unlimited
CompressedClassSpaceSize: 1.00 GB
Initial GC threshold: 21.00 MB
Current GC threshold: 35.56 MB
CDS: on
 - commit_granule_bytes: 65536.
 - commit_granule_words: 8192.
 - virtual_space_node_default_size: 8388608.
 - enlarge_chunks_in_place: 1.
 - use_allocation_guard: 0.


Internal statistics:

num_allocs_failed_limit: 7.
num_arena_births: 874.
num_arena_deaths: 18.
num_vsnodes_births: 2.
num_vsnodes_deaths: 0.
num_space_committed: 372.
num_space_uncommitted: 0.
num_chunks_returned_to_freelist: 27.
num_chunks_taken_from_freelist: 2127.
num_chunk_merges: 11.
num_chunk_splits: 1253.
num_chunks_enlarged: 610.
num_inconsistent_stats: 0.

CodeHeap 'non-profiled nmethods': size=120028Kb used=4291Kb max_used=4291Kb free=115736Kb
 bounds [0x00007213b82c9000, 0x00007213b8709000, 0x00007213bf800000]
CodeHeap 'profiled nmethods': size=120028Kb used=18661Kb max_used=18661Kb free=101367Kb
 bounds [0x00007213b0800000, 0x00007213b1a40000, 0x00007213b7d37000]
CodeHeap 'non-nmethods': size=5704Kb used=1427Kb max_used=1475Kb free=4276Kb
 bounds [0x00007213b7d37000, 0x00007213b7fa7000, 0x00007213b82c9000]
CodeCache: size=245760Kb, used=24379Kb, max_used=24427Kb, free=221379Kb
 total_blobs=9711, nmethods=8953, adapters=664, full_count=0
Compilation: enabled, stopped_count=0, restarted_count=0

Compilation events (20 events):
Event: 3.273 Thread 0x00007213c81b1ab0 nmethod 8619 0x00007213b19a7590 code [0x00007213b19a7820, 0x00007213b19a8150]
Event: 3.274 Thread 0x00007213c81b1ab0 8620       2       org.codehaus.plexus.util.xml.pull.MXParser::joinPC (69 bytes)
Event: 3.274 Thread 0x00007213c81b1ab0 nmethod 8620 0x00007213b19a8790 code [0x00007213b19a8940, 0x00007213b19a8b70]
Event: 3.274 Thread 0x00007213c81b1ab0 8621       3       org.codehaus.plexus.util.xml.pull.MXParser::nextImpl (1208 bytes)
Event: 3.276 Thread 0x00007213c81b1ab0 nmethod 8621 0x00007213b19a8c90 code [0x00007213b19a9300, 0x00007213b19ac060]
Event: 3.276 Thread 0x00007213c81b1ab0 8622       2       org.codehaus.plexus.util.xml.pull.MXParser::ensureAttributesCapacity (206 bytes)
Event: 3.276 Thread 0x00007213c81b1ab0 nmethod 8622 0x00007213b19ace90 code [0x00007213b19ad0a0, 0x00007213b19ad968]
Event: 3.276 Thread 0x00007213c81b1ab0 8623       2       org.codehaus.plexus.util.xml.pull.MXParser::getAttributeValue (81 bytes)
Event: 3.277 Thread 0x00007213c81b1ab0 nmethod 8623 0x00007213b19adb90 code [0x00007213b19addc0, 0x00007213b19ae278]
Event: 3.277 Thread 0x00007213c81b1ab0 8624       2       org.codehaus.plexus.util.xml.pull.MXParser::getAttributeName (81 bytes)
Event: 3.277 Thread 0x00007213c81b1ab0 nmethod 8624 0x00007213b19ae510 code [0x00007213b19ae740, 0x00007213b19aebf8]
Event: 3.277 Thread 0x00007213c81b1ab0 8625       2       org.codehaus.plexus.util.xml.Xpp3Dom::setAttribute (62 bytes)
Event: 3.277 Thread 0x00007213c81b1ab0 nmethod 8625 0x00007213b19aee90 code [0x00007213b19af060, 0x00007213b19af3b0]
Event: 3.277 Thread 0x00007213c81b1ab0 8626       2       org.codehaus.plexus.util.xml.pull.MXParser::parseEntityRef (59 bytes)
Event: 3.277 Thread 0x00007213c81b1ab0 nmethod 8626 0x00007213b19af510 code [0x00007213b19af6e0, 0x00007213b19af908]
Event: 3.277 Thread 0x00007213c81b1ab0 8627       3       sun.nio.cs.StreamDecoder::lockedRead (189 bytes)
Event: 3.277 Thread 0x00007213c81b1ab0 nmethod 8627 0x00007213b19afa10 code [0x00007213b19afc80, 0x00007213b19b06b8]
Event: 3.278 Thread 0x00007213c81b1ab0 8629   !   2       org.codehaus.plexus.util.xml.pull.MXParser::parseCharOrPredefinedEntityRef (952 bytes)
Event: 3.279 Thread 0x00007213c81b1ab0 nmethod 8629 0x00007213b19b0990 code [0x00007213b19b0ec0, 0x00007213b19b2a28]
Event: 3.279 Thread 0x00007213c81b1ab0 8630 %     3       org.codehaus.plexus.util.xml.pull.MXParser::parseAttribute @ 94 (1438 bytes)

GC Heap History (20 events):
Event: 2.450 GC heap before
{Heap before GC invocations=27 (full 0):
 PSYoungGen      total 23040K, used 22582K [0x00000000d5580000, 0x00000000d6e00000, 0x0000000100000000)
  eden space 21504K, 100% used [0x00000000d5580000,0x00000000d6a80000,0x00000000d6a80000)
  from space 1536K, 70% used [0x00000000d6c80000,0x00000000d6d8d838,0x00000000d6e00000)
  to   space 1536K, 0% used [0x00000000d6b00000,0x00000000d6b00000,0x00000000d6c80000)
 ParOldGen       total 68608K, used 41709K [0x0000000080000000, 0x0000000084300000, 0x00000000d5580000)
  object space 68608K, 60% used [0x0000000080000000,0x00000000828bb740,0x0000000084300000)
 Metaspace       used 19664K, committed 20480K, reserved 1114112K
  class space    used 1814K, committed 2176K, reserved 1048576K
}
Event: 2.450 GC heap after
{Heap after GC invocations=27 (full 0):
 PSYoungGen      total 22528K, used 560K [0x00000000d5580000, 0x00000000d6d00000, 0x0000000100000000)
  eden space 21504K, 0% used [0x00000000d5580000,0x00000000d5580000,0x00000000d6a80000)
  from space 1024K, 54% used [0x00000000d6b00000,0x00000000d6b8c278,0x00000000d6c00000)
  to   space 1024K, 0% used [0x00000000d6c00000,0x00000000d6c00000,0x00000000d6d00000)
 ParOldGen       total 68608K, used 41741K [0x0000000080000000, 0x0000000084300000, 0x00000000d5580000)
  object space 68608K, 60% used [0x0000000080000000,0x00000000828c3740,0x0000000084300000)
 Metaspace       used 19664K, committed 20480K, reserved 1114112K
  class space    used 1814K, committed 2176K, reserved 1048576K
}
Event: 2.544 GC heap before
{Heap before GC invocations=28 (full 0):
 PSYoungGen      total 22528K, used 22064K [0x00000000d5580000, 0x00000000d6d00000, 0x0000000100000000)
  eden space 21504K, 100% used [0x00000000d5580000,0x00000000d6a80000,0x00000000d6a80000)
  from space 1024K, 54% used [0x00000000d6b00000,0x00000000d6b8c278,0x00000000d6c00000)
  to   space 1024K, 0% used [0x00000000d6c00000,0x00000000d6c00000,0x00000000d6d00000)
 ParOldGen       total 68608K, used 41741K [0x0000000080000000, 0x0000000084300000, 0x00000000d5580000)
  object space 68608K, 60% used [0x0000000080000000,0x00000000828c3740,0x0000000084300000)
 Metaspace       used 19916K, committed 20800K, reserved 1114112K
  class space    used 1834K, committed 2240K, reserved 1048576K
}
Event: 2.545 GC heap after
{Heap after GC invocations=28 (full 0):
 PSYoungGen      total 22016K, used 1002K [0x00000000d5580000, 0x00000000d6e80000, 0x0000000100000000)
  eden space 20992K, 0% used [0x00000000d5580000,0x00000000d5580000,0x00000000d6a00000)
  from space 1024K, 97% used [0x00000000d6c00000,0x00000000d6cfaac8,0x00000000d6d00000)
  to   space 2048K, 0% used [0x00000000d6a00000,0x00000000d6a00000,0x00000000d6c00000)
 ParOldGen       total 68608K, used 42417K [0x0000000080000000, 0x0000000084300000, 0x00000000d5580000)
  object space 68608K, 61% used [0x0000000080000000,0x000000008296c760,0x0000000084300000)
 Metaspace       used 19916K, committed 20800K, reserved 1114112K
  class space    used 1834K, committed 2240K, reserved 1048576K
}
Event: 2.587 GC heap before
{Heap before GC invocations=29 (full 0):
 PSYoungGen      total 22016K, used 21994K [0x00000000d5580000, 0x00000000d6e80000, 0x0000000100000000)
  eden space 20992K, 100% used [0x00000000d5580000,0x00000000d6a00000,0x00000000d6a00000)
  from space 1024K, 97% used [0x00000000d6c00000,0x00000000d6cfaac8,0x00000000d6d00000)
  to   space 2048K, 0% used [0x00000000d6a00000,0x00000000d6a00000,0x00000000d6c00000)
 ParOldGen       total 68608K, used 42417K [0x0000000080000000, 0x0000000084300000, 0x00000000d5580000)
  object space 68608K, 61% used [0x0000000080000000,0x000000008296c760,0x0000000084300000)
 Metaspace       used 19971K, committed 20864K, reserved 1114112K
  class space    used 1838K, committed 2240K, reserved 1048576K
}
Event: 2.588 GC heap after
{Heap after GC invocations=29 (full 0):
 PSYoungGen      total 22016K, used 800K [0x00000000d5580000, 0x00000000d6d00000, 0x0000000100000000)
  eden space 20992K, 0% used [0x00000000d5580000,0x00000000d5580000,0x00000000d6a00000)
  from space 1024K, 78% used [0x00000000d6a00000,0x00000000d6ac8000,0x00000000d6b00000)
  to   space 1536K, 0% used [0x00000000d6b80000,0x00000000d6b80000,0x00000000d6d00000)
 ParOldGen       total 68608K, used 43184K [0x0000000080000000, 0x0000000084300000, 0x00000000d5580000)
  object space 68608K, 62% used [0x0000000080000000,0x0000000082a2c0d0,0x0000000084300000)
 Metaspace       used 19971K, committed 20864K, reserved 1114112K
  class space    used 1838K, committed 2240K, reserved 1048576K
}
Event: 2.685 GC heap before
{Heap before GC invocations=30 (full 0):
 PSYoungGen      total 22016K, used 18836K [0x00000000d5580000, 0x00000000d6d00000, 0x0000000100000000)
  eden space 20992K, 85% used [0x00000000d5580000,0x00000000d671d228,0x00000000d6a00000)
  from space 1024K, 78% used [0x00000000d6a00000,0x00000000d6ac8000,0x00000000d6b00000)
  to   space 1536K, 0% used [0x00000000d6b80000,0x00000000d6b80000,0x00000000d6d00000)
 ParOldGen       total 68608K, used 43184K [0x0000000080000000, 0x0000000084300000, 0x00000000d5580000)
  object space 68608K, 62% used [0x0000000080000000,0x0000000082a2c0d0,0x0000000084300000)
 Metaspace       used 20686K, committed 21568K, reserved 1114112K
  class space    used 1950K, committed 2368K, reserved 1048576K
}
Event: 2.687 GC heap after
{Heap after GC invocations=30 (full 0):
 PSYoungGen      total 22016K, used 1453K [0x00000000d5580000, 0x00000000d6e00000, 0x0000000100000000)
  eden space 20480K, 0% used [0x00000000d5580000,0x00000000d5580000,0x00000000d6980000)
  from space 1536K, 94% used [0x00000000d6b80000,0x00000000d6ceb650,0x00000000d6d00000)
  to   space 2048K, 0% used [0x00000000d6980000,0x00000000d6980000,0x00000000d6b80000)
 ParOldGen       total 68608K, used 43828K [0x0000000080000000, 0x0000000084300000, 0x00000000d5580000)
  object space 68608K, 63% used [0x0000000080000000,0x0000000082acd2d0,0x0000000084300000)
 Metaspace       used 20686K, committed 21568K, reserved 1114112K
  class space    used 1950K, committed 2368K, reserved 1048576K
}
Event: 2.742 GC heap before
{Heap before GC invocations=31 (full 0):
 PSYoungGen      total 22016K, used 13842K [0x00000000d5580000, 0x00000000d6e00000, 0x0000000100000000)
  eden space 20480K, 60% used [0x00000000d5580000,0x00000000d6199490,0x00000000d6980000)
  from space 1536K, 94% used [0x00000000d6b80000,0x00000000d6ceb650,0x00000000d6d00000)
  to   space 2048K, 0% used [0x00000000d6980000,0x00000000d6980000,0x00000000d6b80000)
 ParOldGen       total 68608K, used 43828K [0x0000000080000000, 0x0000000084300000, 0x00000000d5580000)
  object space 68608K, 63% used [0x0000000080000000,0x0000000082acd2d0,0x0000000084300000)
 Metaspace       used 20959K, committed 21824K, reserved 1114112K
  class space    used 1964K, committed 2368K, reserved 1048576K
}
Event: 2.743 GC heap after
{Heap after GC invocations=31 (full 0):
 PSYoungGen      total 22528K, used 2029K [0x00000000d5580000, 0x00000000d7a00000, 0x0000000100000000)
  eden space 20480K, 0% used [0x00000000d5580000,0x00000000d5580000,0x00000000d6980000)
  from space 2048K, 99% used [0x00000000d6980000,0x00000000d6b7b5f8,0x00000000d6b80000)
  to   space 8192K, 0% used [0x00000000d7200000,0x00000000d7200000,0x00000000d7a00000)
 ParOldGen       total 68608K, used 48665K [0x0000000080000000, 0x0000000084300000, 0x00000000d5580000)
  object space 68608K, 70% used [0x0000000080000000,0x0000000082f86688,0x0000000084300000)
 Metaspace       used 20959K, committed 21824K, reserved 1114112K
  class space    used 1964K, committed 2368K, reserved 1048576K
}
Event: 2.743 GC heap before
{Heap before GC invocations=32 (full 1):
 PSYoungGen      total 22528K, used 2029K [0x00000000d5580000, 0x00000000d7a00000, 0x0000000100000000)
  eden space 20480K, 0% used [0x00000000d5580000,0x00000000d5580000,0x00000000d6980000)
  from space 2048K, 99% used [0x00000000d6980000,0x00000000d6b7b5f8,0x00000000d6b80000)
  to   space 8192K, 0% used [0x00000000d7200000,0x00000000d7200000,0x00000000d7a00000)
 ParOldGen       total 68608K, used 48665K [0x0000000080000000, 0x0000000084300000, 0x00000000d5580000)
  object space 68608K, 70% used [0x0000000080000000,0x0000000082f86688,0x0000000084300000)
 Metaspace       used 20959K, committed 21824K, reserved 1114112K
  class space    used 1964K, committed 2368K, reserved 1048576K
}
Event: 2.791 GC heap after
{Heap after GC invocations=32 (full 1):
 PSYoungGen      total 22528K, used 0K [0x00000000d5580000, 0x00000000d7a00000, 0x0000000100000000)
  eden space 20480K, 0% used [0x00000000d5580000,0x00000000d5580000,0x00000000d6980000)
  from space 2048K, 0% used [0x00000000d6980000,0x00000000d6980000,0x00000000d6b80000)
  to   space 8192K, 0% used [0x00000000d7200000,0x00000000d7200000,0x00000000d7a00000)
 ParOldGen       total 68608K, used 41266K [0x0000000080000000, 0x0000000084300000, 0x00000000d5580000)
  object space 68608K, 60% used [0x0000000080000000,0x000000008284c898,0x0000000084300000)
 Metaspace       used 20942K, committed 21824K, reserved 1114112K
  class space    used 1960K, committed 2368K, reserved 1048576K
}
Event: 2.859 GC heap before
{Heap before GC invocations=33 (full 1):
 PSYoungGen      total 22528K, used 20480K [0x00000000d5580000, 0x00000000d7a00000, 0x0000000100000000)
  eden space 20480K, 100% used [0x00000000d5580000,0x00000000d6980000,0x00000000d6980000)
  from space 2048K, 0% used [0x00000000d6980000,0x00000000d6980000,0x00000000d6b80000)
  to   space 8192K, 0% used [0x00000000d7200000,0x00000000d7200000,0x00000000d7a00000)
 ParOldGen       total 68608K, used 41266K [0x0000000080000000, 0x0000000084300000, 0x00000000d5580000)
  object space 68608K, 60% used [0x0000000080000000,0x000000008284c898,0x0000000084300000)
 Metaspace       used 21271K, committed 22144K, reserved 1114112K
  class space    used 1999K, committed 2368K, reserved 1048576K
}
Event: 2.860 GC heap after
{Heap after GC invocations=33 (full 1):
 PSYoungGen      total 23040K, used 2216K [0x00000000d5580000, 0x00000000d7480000, 0x0000000100000000)
  eden space 20480K, 0% used [0x00000000d5580000,0x00000000d5580000,0x00000000d6980000)
  from space 2560K, 86% used [0x00000000d7200000,0x00000000d742a0d8,0x00000000d7480000)
  to   space 4096K, 0% used [0x00000000d6c80000,0x00000000d6c80000,0x00000000d7080000)
 ParOldGen       total 68608K, used 41274K [0x0000000080000000, 0x0000000084300000, 0x00000000d5580000)
  object space 68608K, 60% used [0x0000000080000000,0x000000008284e898,0x0000000084300000)
 Metaspace       used 21271K, committed 22144K, reserved 1114112K
  class space    used 1999K, committed 2368K, reserved 1048576K
}
Event: 2.949 GC heap before
{Heap before GC invocations=34 (full 1):
 PSYoungGen      total 23040K, used 22696K [0x00000000d5580000, 0x00000000d7480000, 0x0000000100000000)
  eden space 20480K, 100% used [0x00000000d5580000,0x00000000d6980000,0x00000000d6980000)
  from space 2560K, 86% used [0x00000000d7200000,0x00000000d742a0d8,0x00000000d7480000)
  to   space 4096K, 0% used [0x00000000d6c80000,0x00000000d6c80000,0x00000000d7080000)
 ParOldGen       total 68608K, used 41274K [0x0000000080000000, 0x0000000084300000, 0x00000000d5580000)
  object space 68608K, 60% used [0x0000000080000000,0x000000008284e898,0x0000000084300000)
 Metaspace       used 22012K, committed 22912K, reserved 1114112K
  class space    used 2103K, committed 2496K, reserved 1048576K
}
Event: 2.951 GC heap after
{Heap after GC invocations=34 (full 1):
 PSYoungGen      total 22528K, used 1568K [0x00000000d5580000, 0x00000000d7280000, 0x0000000100000000)
  eden space 20480K, 0% used [0x00000000d5580000,0x00000000d5580000,0x00000000d6980000)
  from space 2048K, 76% used [0x00000000d6c80000,0x00000000d6e08000,0x00000000d6e80000)
  to   space 2560K, 0% used [0x00000000d7000000,0x00000000d7000000,0x00000000d7280000)
 ParOldGen       total 68608K, used 43166K [0x0000000080000000, 0x0000000084300000, 0x00000000d5580000)
  object space 68608K, 62% used [0x0000000080000000,0x0000000082a27a20,0x0000000084300000)
 Metaspace       used 22012K, committed 22912K, reserved 1114112K
  class space    used 2103K, committed 2496K, reserved 1048576K
}
Event: 3.117 GC heap before
{Heap before GC invocations=35 (full 1):
 PSYoungGen      total 22528K, used 22048K [0x00000000d5580000, 0x00000000d7280000, 0x0000000100000000)
  eden space 20480K, 100% used [0x00000000d5580000,0x00000000d6980000,0x00000000d6980000)
  from space 2048K, 76% used [0x00000000d6c80000,0x00000000d6e08000,0x00000000d6e80000)
  to   space 2560K, 0% used [0x00000000d7000000,0x00000000d7000000,0x00000000d7280000)
 ParOldGen       total 68608K, used 43166K [0x0000000080000000, 0x0000000084300000, 0x00000000d5580000)
  object space 68608K, 62% used [0x0000000080000000,0x0000000082a27a20,0x0000000084300000)
 Metaspace       used 22274K, committed 23168K, reserved 1114112K
  class space    used 2119K, committed 2496K, reserved 1048576K
}
Event: 3.121 GC heap after
{Heap after GC invocations=35 (full 1):
 PSYoungGen      total 22016K, used 1424K [0x00000000d5580000, 0x00000000d7180000, 0x0000000100000000)
  eden space 20480K, 0% used [0x00000000d5580000,0x00000000d5580000,0x00000000d6980000)
  from space 1536K, 92% used [0x00000000d7000000,0x00000000d7164030,0x00000000d7180000)
  to   space 2048K, 0% used [0x00000000d6d80000,0x00000000d6d80000,0x00000000d6f80000)
 ParOldGen       total 68608K, used 44500K [0x0000000080000000, 0x0000000084300000, 0x00000000d5580000)
  object space 68608K, 64% used [0x0000000080000000,0x0000000082b75030,0x0000000084300000)
 Metaspace       used 22274K, committed 23168K, reserved 1114112K
  class space    used 2119K, committed 2496K, reserved 1048576K
}
Event: 3.279 GC heap before
{Heap before GC invocations=36 (full 1):
 PSYoungGen      total 22016K, used 21904K [0x00000000d5580000, 0x00000000d7180000, 0x0000000100000000)
  eden space 20480K, 100% used [0x00000000d5580000,0x00000000d6980000,0x00000000d6980000)
  from space 1536K, 92% used [0x00000000d7000000,0x00000000d7164030,0x00000000d7180000)
  to   space 2048K, 0% used [0x00000000d6d80000,0x00000000d6d80000,0x00000000d6f80000)
 ParOldGen       total 68608K, used 44500K [0x0000000080000000, 0x0000000084300000, 0x00000000d5580000)
  object space 68608K, 64% used [0x0000000080000000,0x0000000082b75030,0x0000000084300000)
 Metaspace       used 22619K, committed 23552K, reserved 1114112K
  class space    used 2161K, committed 2560K, reserved 1048576K
}
Event: 3.280 GC heap after
{Heap after GC invocations=36 (full 1):
 PSYoungGen      total 22528K, used 1632K [0x00000000d5580000, 0x00000000d7080000, 0x0000000100000000)
  eden space 20480K, 0% used [0x00000000d5580000,0x00000000d5580000,0x00000000d6980000)
  from space 2048K, 79% used [0x00000000d6d80000,0x00000000d6f18060,0x00000000d6f80000)
  to   space 1024K, 0% used [0x00000000d6f80000,0x00000000d6f80000,0x00000000d7080000)
 ParOldGen       total 68608K, used 45428K [0x0000000080000000, 0x0000000084300000, 0x00000000d5580000)
  object space 68608K, 66% used [0x0000000080000000,0x0000000082c5d030,0x0000000084300000)
 Metaspace       used 22619K, committed 23552K, reserved 1114112K
  class space    used 2161K, committed 2560K, reserved 1048576K
}

Dll operation events (10 events):
Event: 0.003 Loaded shared library /usr/lib/jvm/java-21-openjdk-amd64/lib/libjava.so
Event: 0.057 Loaded shared library /usr/lib/jvm/java-21-openjdk-amd64/lib/libjsvml.so
Event: 0.076 Loaded shared library /usr/lib/jvm/java-21-openjdk-amd64/lib/libzip.so
Event: 0.076 Loaded shared library /usr/lib/jvm/java-21-openjdk-amd64/lib/libinstrument.so
Event: 0.077 Loaded shared library /usr/lib/jvm/java-21-openjdk-amd64/lib/libnio.so
Event: 0.078 Loaded shared library /usr/lib/jvm/java-21-openjdk-amd64/lib/libzip.so
Event: 0.084 Loaded shared library /usr/lib/jvm/java-21-openjdk-amd64/lib/libjimage.so
Event: 0.102 Loaded shared library /usr/lib/jvm/java-21-openjdk-amd64/lib/libverify.so
Event: 0.309 Loaded shared library /usr/lib/jvm/java-21-openjdk-amd64/lib/libnet.so
Event: 0.444 Loaded shared library /home/mulroney/.config/Code/User/globalStorage/redhat.java/1.46.2025100108/config_linux/org.eclipse.equinox.launcher/org.eclipse.equinox.launcher.gtk.linux.x86_64_1.2.1500.v20250801-0854/eclipse_11916.so

Deoptimization events (20 events):
Event: 3.194 Thread 0x00007212a4000fe0 Uncommon trap: trap_request=0xffffff45 fr.pc=0x00007213b838a3b8 relative=0x0000000000000178
Event: 3.194 Thread 0x00007212a4000fe0 Uncommon trap: reason=unstable_if action=reinterpret pc=0x00007213b838a3b8 method=java.util.zip.ZipFile$Source.isMetaName([BII)Z @ 57 c2
Event: 3.194 Thread 0x00007212a4000fe0 DEOPT PACKING pc=0x00007213b838a3b8 sp=0x00007212a3ffcdb0
Event: 3.194 Thread 0x00007212a4000fe0 DEOPT UNPACKING pc=0x00007213b7d8a399 sp=0x00007212a3ffcd60 mode 2
Event: 3.196 Thread 0x00007212a4000fe0 DEOPT PACKING pc=0x00007213b1477dd5 sp=0x00007212a3ffd420
Event: 3.196 Thread 0x00007212a4000fe0 DEOPT UNPACKING pc=0x00007213b7d8ab2f sp=0x00007212a3ffc9b8 mode 0
Event: 3.201 Thread 0x00007212a4000fe0 DEOPT PACKING pc=0x00007213b1292ba0 sp=0x00007212a3ffda50
Event: 3.201 Thread 0x00007212a4000fe0 DEOPT UNPACKING pc=0x00007213b7d8ab2f sp=0x00007212a3ffcf78 mode 3
Event: 3.260 Thread 0x00007212e8001000 DEOPT PACKING pc=0x00007213b132229e sp=0x00007213607f4a60
Event: 3.260 Thread 0x00007212e8001000 DEOPT UNPACKING pc=0x00007213b7d8ab2f sp=0x00007213607f3fa8 mode 0
Event: 3.265 Thread 0x00007212a4000fe0 DEOPT PACKING pc=0x00007213b16f0b22 sp=0x00007212a3ffd730
Event: 3.265 Thread 0x00007212a4000fe0 DEOPT UNPACKING pc=0x00007213b7d8ab2f sp=0x00007212a3ffcb90 mode 0
Event: 3.266 Thread 0x000072129c000fe0 DEOPT PACKING pc=0x00007213b18f9203 sp=0x00007212a3dfbeb0
Event: 3.266 Thread 0x000072129c000fe0 DEOPT UNPACKING pc=0x00007213b7d8ab2f sp=0x00007212a3dfb3b0 mode 0
Event: 3.274 Thread 0x000072129c000fe0 DEOPT PACKING pc=0x00007213b132227d sp=0x00007212a3dfd2e0
Event: 3.274 Thread 0x000072129c000fe0 DEOPT UNPACKING pc=0x00007213b7d8ab2f sp=0x00007212a3dfc810 mode 0
Event: 3.274 Thread 0x00007212e8001000 Uncommon trap: trap_request=0xffffff45 fr.pc=0x00007213b86b53b8 relative=0x0000000000000e78
Event: 3.274 Thread 0x00007212e8001000 Uncommon trap: reason=unstable_if action=reinterpret pc=0x00007213b86b53b8 method=org.codehaus.plexus.util.xml.pull.MXParser.nextImpl()I @ 906 c2
Event: 3.274 Thread 0x00007212e8001000 DEOPT PACKING pc=0x00007213b86b53b8 sp=0x00007213607f39b0
Event: 3.274 Thread 0x00007212e8001000 DEOPT UNPACKING pc=0x00007213b7d8a399 sp=0x00007213607f3950 mode 2

Classes loaded (20 events):
Event: 1.118 Loading class com/sun/org/apache/xerces/internal/impl/msg/XMLMessages_en
Event: 1.118 Loading class com/sun/org/apache/xerces/internal/impl/msg/XMLMessages_en done
Event: 1.118 Loading class com/sun/org/apache/xerces/internal/impl/msg/XMLMessages_en_GB
Event: 1.118 Loading class com/sun/org/apache/xerces/internal/impl/msg/XMLMessages_en_GB done
Event: 1.118 Loading class com/sun/org/apache/xerces/internal/impl/msg/XMLMessages_en_GB
Event: 1.118 Loading class com/sun/org/apache/xerces/internal/impl/msg/XMLMessages_en_GB done
Event: 1.152 Loading class com/sun/org/apache/xml/internal/serializer/XMLEntities
Event: 1.152 Loading class com/sun/org/apache/xml/internal/serializer/XMLEntities done
Event: 1.152 Loading class com/sun/org/apache/xml/internal/serializer/XMLEntities
Event: 1.152 Loading class com/sun/org/apache/xml/internal/serializer/XMLEntities done
Event: 1.153 Loading class com/sun/org/apache/xml/internal/serializer/XMLEntities_en
Event: 1.153 Loading class com/sun/org/apache/xml/internal/serializer/XMLEntities_en done
Event: 1.153 Loading class com/sun/org/apache/xml/internal/serializer/XMLEntities_en
Event: 1.153 Loading class com/sun/org/apache/xml/internal/serializer/XMLEntities_en done
Event: 1.153 Loading class com/sun/org/apache/xml/internal/serializer/XMLEntities_en_GB
Event: 1.153 Loading class com/sun/org/apache/xml/internal/serializer/XMLEntities_en_GB done
Event: 1.153 Loading class com/sun/org/apache/xml/internal/serializer/XMLEntities_en_GB
Event: 1.153 Loading class com/sun/org/apache/xml/internal/serializer/XMLEntities_en_GB done
Event: 1.250 Loading class jdk/internal/event/ThreadSleepEvent
Event: 1.250 Loading class jdk/internal/event/ThreadSleepEvent done

Classes unloaded (9 events):
Event: 2.752 Thread 0x00007213c819f240 Unloading class 0x000072136821d000 'java/lang/invoke/LambdaForm$MH+0x000072136821d000'
Event: 2.752 Thread 0x00007213c819f240 Unloading class 0x000072136821c800 'java/lang/invoke/LambdaForm$MH+0x000072136821c800'
Event: 2.752 Thread 0x00007213c819f240 Unloading class 0x0000721368213400 'java/lang/invoke/LambdaForm$MH+0x0000721368213400'
Event: 2.752 Thread 0x00007213c819f240 Unloading class 0x0000721368212c00 'java/lang/invoke/LambdaForm$MH+0x0000721368212c00'
Event: 2.752 Thread 0x00007213c819f240 Unloading class 0x0000721368212400 'java/lang/invoke/LambdaForm$MH+0x0000721368212400'
Event: 2.752 Thread 0x00007213c819f240 Unloading class 0x00007213680ec400 'java/lang/invoke/LambdaForm$MH+0x00007213680ec400'
Event: 2.752 Thread 0x00007213c819f240 Unloading class 0x00007213680ec000 'java/lang/invoke/LambdaForm$MH+0x00007213680ec000'
Event: 2.752 Thread 0x00007213c819f240 Unloading class 0x00007213680ebc00 'java/lang/invoke/LambdaForm$MH+0x00007213680ebc00'
Event: 2.752 Thread 0x00007213c819f240 Unloading class 0x00007213680eb800 'java/lang/invoke/LambdaForm$MH+0x00007213680eb800'

Classes redefined (1 events):
Event: 3.161 Thread 0x00007213c819f240 redefined class name=java.io.FileOutputStream, count=1

Internal exceptions (20 events):
Event: 3.203 Thread 0x00007213084cb270 Exception <a 'sun/nio/fs/UnixException'{0x00000000d5dd6668}> (0x00000000d5dd6668) 
thrown [./src/hotspot/share/prims/jni.cpp, line 520]
Event: 3.203 Thread 0x00007213084cb270 Exception <a 'sun/nio/fs/UnixException'{0x00000000d5dd7f48}> (0x00000000d5dd7f48) 
thrown [./src/hotspot/share/prims/jni.cpp, line 520]
Event: 3.203 Thread 0x00007213084cb270 Exception <a 'sun/nio/fs/UnixException'{0x00000000d5dd9e60}> (0x00000000d5dd9e60) 
thrown [./src/hotspot/share/prims/jni.cpp, line 520]
Event: 3.203 Thread 0x00007213084cb270 Exception <a 'sun/nio/fs/UnixException'{0x00000000d5ddb818}> (0x00000000d5ddb818) 
thrown [./src/hotspot/share/prims/jni.cpp, line 520]
Event: 3.203 Thread 0x00007213084cb270 Exception <a 'sun/nio/fs/UnixException'{0x00000000d5ddd710}> (0x00000000d5ddd710) 
thrown [./src/hotspot/share/prims/jni.cpp, line 520]
Event: 3.203 Thread 0x00007213084cb270 Exception <a 'sun/nio/fs/UnixException'{0x00000000d5ddf020}> (0x00000000d5ddf020) 
thrown [./src/hotspot/share/prims/jni.cpp, line 520]
Event: 3.203 Thread 0x00007213084cb270 Exception <a 'sun/nio/fs/UnixException'{0x00000000d5de0f38}> (0x00000000d5de0f38) 
thrown [./src/hotspot/share/prims/jni.cpp, line 520]
Event: 3.203 Thread 0x00007213084cb270 Exception <a 'sun/nio/fs/UnixException'{0x00000000d5de2888}> (0x00000000d5de2888) 
thrown [./src/hotspot/share/prims/jni.cpp, line 520]
Event: 3.231 Thread 0x00007212e8001000 Exception <a 'sun/nio/fs/UnixException'{0x00000000d5f6a4c8}> (0x00000000d5f6a4c8) 
thrown [./src/hotspot/share/prims/jni.cpp, line 520]
Event: 3.237 Thread 0x00007212e8001000 Exception <a 'sun/nio/fs/UnixException'{0x00000000d5f70200}> (0x00000000d5f70200) 
thrown [./src/hotspot/share/prims/jni.cpp, line 520]
Event: 3.245 Thread 0x00007212e8001000 Exception <a 'sun/nio/fs/UnixException'{0x00000000d5f74820}> (0x00000000d5f74820) 
thrown [./src/hotspot/share/prims/jni.cpp, line 520]
Event: 3.251 Thread 0x00007212900010c0 Exception <a 'sun/nio/fs/UnixException'{0x00000000d5fa5338}> (0x00000000d5fa5338) 
thrown [./src/hotspot/share/prims/jni.cpp, line 520]
Event: 3.251 Thread 0x000072128c0309a0 Exception <a 'sun/nio/fs/UnixException'{0x00000000d5f91cb8}> (0x00000000d5f91cb8) 
thrown [./src/hotspot/share/prims/jni.cpp, line 520]
Event: 3.251 Thread 0x000072128c0342d0 Exception <a 'sun/nio/fs/UnixException'{0x00000000d5f9c188}> (0x00000000d5f9c188) 
thrown [./src/hotspot/share/prims/jni.cpp, line 520]
Event: 3.251 Thread 0x0000721278000fe0 Exception <a 'sun/nio/fs/UnixException'{0x00000000d5f98b80}> (0x00000000d5f98b80) 
thrown [./src/hotspot/share/prims/jni.cpp, line 520]
Event: 3.251 Thread 0x00007212900010c0 Exception <a 'sun/nio/fs/UnixException'{0x00000000d5fa74d8}> (0x00000000d5fa74d8) 
thrown [./src/hotspot/share/prims/jni.cpp, line 520]
Event: 3.251 Thread 0x000072128c031ab0 Exception <a 'sun/nio/fs/UnixException'{0x00000000d5f87100}> (0x00000000d5f87100) 
thrown [./src/hotspot/share/prims/jni.cpp, line 520]
Event: 3.251 Thread 0x0000721280000fe0 Exception <a 'sun/nio/fs/UnixException'{0x00000000d5f8b1c8}> (0x00000000d5f8b1c8) 
thrown [./src/hotspot/share/prims/jni.cpp, line 520]
Event: 3.253 Thread 0x000072128c032d70 Exception <a 'sun/nio/fs/UnixException'{0x00000000d5f96020}> (0x00000000d5f96020) 
thrown [./src/hotspot/share/prims/jni.cpp, line 520]
Event: 3.255 Thread 0x0000721274000fe0 Exception <a 'sun/nio/fs/UnixException'{0x00000000d5fa44b8}> (0x00000000d5fa44b8) 
thrown [./src/hotspot/share/prims/jni.cpp, line 520]

ZGC Phase Switch (0 events):
No events

VM Operations (20 events):
Event: 2.879 Executing VM operation: HandshakeAllThreads (Deoptimize)
Event: 2.879 Executing VM operation: HandshakeAllThreads (Deoptimize) done
Event: 2.895 Executing VM operation: HandshakeAllThreads (Deoptimize)
Event: 2.895 Executing VM operation: HandshakeAllThreads (Deoptimize) done
Event: 2.911 Executing VM operation: HandshakeAllThreads (Deoptimize)
Event: 2.911 Executing VM operation: HandshakeAllThreads (Deoptimize) done
Event: 2.920 Executing VM operation: ICBufferFull
Event: 2.920 Executing VM operation: ICBufferFull done
Event: 2.949 Executing VM operation: ParallelGCFailedAllocation (Allocation Failure)
Event: 2.951 Executing VM operation: ParallelGCFailedAllocation (Allocation Failure) done
Event: 3.117 Executing VM operation: ParallelGCFailedAllocation (Allocation Failure)
Event: 3.121 Executing VM operation: ParallelGCFailedAllocation (Allocation Failure) done
Event: 3.149 Executing VM operation: RedefineClasses
Event: 3.180 Executing VM operation: RedefineClasses done
Event: 3.200 Executing VM operation: HandshakeAllThreads (Deoptimize)
Event: 3.201 Executing VM operation: HandshakeAllThreads (Deoptimize) done
Event: 3.273 Executing VM operation: ICBufferFull
Event: 3.274 Executing VM operation: ICBufferFull done
Event: 3.279 Executing VM operation: ParallelGCFailedAllocation (Allocation Failure)
Event: 3.280 Executing VM operation: ParallelGCFailedAllocation (Allocation Failure) done

Memory protections (20 events):
Event: 2.883 Protecting memory [0x00007212a3a00000,0x00007212a3a04000] with protection modes 0
Event: 2.883 Protecting memory [0x00007212a3900000,0x00007212a3904000] with protection modes 0
Event: 2.883 Protecting memory [0x00007212a3800000,0x00007212a3804000] with protection modes 0
Event: 2.883 Protecting memory [0x00007212a3700000,0x00007212a3704000] with protection modes 0
Event: 2.883 Protecting memory [0x00007212a3600000,0x00007212a3604000] with protection modes 0
Event: 2.883 Protecting memory [0x00007212a3500000,0x00007212a3504000] with protection modes 0
Event: 2.883 Protecting memory [0x00007212a3400000,0x00007212a3404000] with protection modes 0
Event: 2.883 Protecting memory [0x00007212a3300000,0x00007212a3304000] with protection modes 0
Event: 2.884 Protecting memory [0x00007212a3200000,0x00007212a3204000] with protection modes 0
Event: 2.949 Protecting memory [0x00007212a3100000,0x00007212a3104000] with protection modes 0
Event: 2.949 Protecting memory [0x00007212a3000000,0x00007212a3004000] with protection modes 0
Event: 2.949 Protecting memory [0x00007212a2f00000,0x00007212a2f04000] with protection modes 0
Event: 2.962 Protecting memory [0x00007212a2e00000,0x00007212a2e04000] with protection modes 0
Event: 2.962 Protecting memory [0x00007212a2d00000,0x00007212a2d04000] with protection modes 0
Event: 3.045 Protecting memory [0x00007212a189d000,0x00007212a18a1000] with protection modes 0
Event: 3.088 Protecting memory [0x00007212a3100000,0x00007212a3104000] with protection modes 0
Event: 3.088 Protecting memory [0x00007212a2e00000,0x00007212a2e04000] with protection modes 0
Event: 3.088 Protecting memory [0x00007212a2d00000,0x00007212a2d04000] with protection modes 0
Event: 3.089 Protecting memory [0x00007212a3000000,0x00007212a3004000] with protection modes 0
Event: 3.089 Protecting memory [0x00007212a2f00000,0x00007212a2f04000] with protection modes 0

Nmethod flushes (0 events):
No events

Events (20 events):
Event: 2.949 Thread 0x00007212a4000fe0 Thread added: 0x000072129c00d920
Event: 2.962 Thread 0x00007212a4000fe0 Thread added: 0x000072129c0259f0
Event: 2.962 Thread 0x00007212a4000fe0 Thread added: 0x000072129c0267e0
Event: 2.981 Thread 0x000072129c0259f0 Thread exited: 0x000072129c0259f0
Event: 2.981 Thread 0x000072129c00d920 Thread exited: 0x000072129c00d920
Event: 2.981 Thread 0x000072129c00c7f0 Thread exited: 0x000072129c00c7f0
Event: 2.981 Thread 0x000072129c0267e0 Thread exited: 0x000072129c0267e0
Event: 2.981 Thread 0x000072129c021280 Thread exited: 0x000072129c021280
Event: 3.045 Thread 0x0000721268001550 Thread added: 0x0000721268001550
Event: 3.088 Thread 0x00007212a4000fe0 Thread added: 0x000072129c01f7f0
Event: 3.088 Thread 0x00007212a4000fe0 Thread added: 0x000072129c0299d0
Event: 3.088 Thread 0x00007212a4000fe0 Thread added: 0x000072129c034560
Event: 3.089 Thread 0x00007212a4000fe0 Thread added: 0x000072129c034c60
Event: 3.089 Thread 0x00007212a4000fe0 Thread added: 0x000072129c035740
Event: 3.136 Thread 0x000072129c01f7f0 Thread exited: 0x000072129c01f7f0
Event: 3.136 Thread 0x000072129c034560 Thread exited: 0x000072129c034560
Event: 3.136 Thread 0x000072129c035740 Thread exited: 0x000072129c035740
Event: 3.136 Thread 0x000072129c034c60 Thread exited: 0x000072129c034c60
Event: 3.136 Thread 0x000072129c0299d0 Thread exited: 0x000072129c0299d0
Event: 3.209 Thread 0x0000721268001550 Thread exited: 0x0000721268001550


Dynamic libraries:
80000000-84300000 rw-p 00000000 00:00 0 
84300000-d5580000 ---p 00000000 00:00 0 
d5580000-d7080000 rw-p 00000000 00:00 0 
d7080000-100000000 ---p 00000000 00:00 0 
5cef8debb000-5cef8debc000 r--p 00000000 00:1c 249042                     /usr/lib/jvm/java-21-openjdk-amd64/bin/java
5cef8debc000-5cef8debd000 r-xp 00001000 00:1c 249042                     /usr/lib/jvm/java-21-openjdk-amd64/bin/java
5cef8debd000-5cef8debe000 r--p 00002000 00:1c 249042                     /usr/lib/jvm/java-21-openjdk-amd64/bin/java
5cef8debe000-5cef8debf000 r--p 00002000 00:1c 249042                     /usr/lib/jvm/java-21-openjdk-amd64/bin/java
5cef8debf000-5cef8dec0000 rw-p 00003000 00:1c 249042                     /usr/lib/jvm/java-21-openjdk-amd64/bin/java
5cefc4c8a000-5cefc4cd2000 rw-p 00000000 00:00 0                          [heap]
72124c000000-72124c021000 rw-p 00000000 00:00 0 
72124c021000-721250000000 ---p 00000000 00:00 0 
721254000000-721254021000 rw-p 00000000 00:00 0 
721254021000-721258000000 ---p 00000000 00:00 0 
721258000000-721258021000 rw-p 00000000 00:00 0 
721258021000-72125c000000 ---p 00000000 00:00 0 
72125c000000-72125c021000 rw-p 00000000 00:00 0 
72125c021000-721260000000 ---p 00000000 00:00 0 
721260000000-721260021000 rw-p 00000000 00:00 0 
721260021000-721264000000 ---p 00000000 00:00 0 
721264000000-721264021000 rw-p 00000000 00:00 0 
721264021000-721268000000 ---p 00000000 00:00 0 
721268000000-72126805f000 rw-p 00000000 00:00 0 
72126805f000-72126c000000 ---p 00000000 00:00 0 
72126c000000-72126c021000 rw-p 00000000 00:00 0 
72126c021000-721270000000 ---p 00000000 00:00 0 
721270000000-721270021000 rw-p 00000000 00:00 0 
721270021000-721274000000 ---p 00000000 00:00 0 
721274000000-721274021000 rw-p 00000000 00:00 0 
721274021000-721278000000 ---p 00000000 00:00 0 
721278000000-721278021000 rw-p 00000000 00:00 0 
721278021000-72127c000000 ---p 00000000 00:00 0 
72127c000000-72127c021000 rw-p 00000000 00:00 0 
72127c021000-721280000000 ---p 00000000 00:00 0 
721280000000-721280021000 rw-p 00000000 00:00 0 
721280021000-721284000000 ---p 00000000 00:00 0 
721284000000-721284021000 rw-p 00000000 00:00 0 
721284021000-721288000000 ---p 00000000 00:00 0 
721288000000-721288021000 rw-p 00000000 00:00 0 
721288021000-72128c000000 ---p 00000000 00:00 0 
72128c000000-72128c04a000 rw-p 00000000 00:00 0 
72128c04a000-721290000000 ---p 00000000 00:00 0 
721290000000-721290021000 rw-p 00000000 00:00 0 
721290021000-721294000000 ---p 00000000 00:00 0 
721294000000-721294021000 rw-p 00000000 00:00 0 
721294021000-721298000000 ---p 00000000 00:00 0 
721298000000-7212981ce000 rw-p 00000000 00:00 0 
7212981ce000-72129c000000 ---p 00000000 00:00 0 
72129c000000-72129c052000 rw-p 00000000 00:00 0 
72129c052000-7212a0000000 ---p 00000000 00:00 0 
7212a189c000-7212a189d000 ---p 00000000 00:00 0 
7212a189d000-7212a18a1000 ---p 00000000 00:00 0 
7212a18a1000-7212a209d000 rw-p 00000000 00:00 0 
7212a209d000-7212a21d7000 r--p 00000000 00:1c 11216658                   /opt/traps/lib/libmoduleng64.so
7212a21d7000-7212a23fc000 r-xp 0013a000 00:1c 11216658                   /opt/traps/lib/libmoduleng64.so
7212a23fc000-7212a2557000 r--p 0035f000 00:1c 11216658                   /opt/traps/lib/libmoduleng64.so
7212a2557000-7212a25f7000 rw-p 004b9000 00:1c 11216658                   /opt/traps/lib/libmoduleng64.so
7212a25f7000-7212a2600000 rw-p 00000000 00:00 0 
7212a2a1c000-7212a2d00000 rw-p 00000000 00:00 0 
7212a2d00000-7212a2d04000 ---p 00000000 00:00 0 
7212a2d04000-7212a2e00000 rw-p 00000000 00:00 0 
7212a2e00000-7212a2e04000 ---p 00000000 00:00 0 
7212a2e04000-7212a2f00000 rw-p 00000000 00:00 0 
7212a2f00000-7212a2f04000 ---p 00000000 00:00 0 
7212a2f04000-7212a3000000 rw-p 00000000 00:00 0 
7212a3000000-7212a3004000 ---p 00000000 00:00 0 
7212a3004000-7212a3100000 rw-p 00000000 00:00 0 
7212a3100000-7212a3104000 ---p 00000000 00:00 0 
7212a3104000-7212a3200000 rw-p 00000000 00:00 0 
7212a3200000-7212a3204000 ---p 00000000 00:00 0 
7212a3204000-7212a3300000 rw-p 00000000 00:00 0 
7212a3300000-7212a3304000 ---p 00000000 00:00 0 
7212a3304000-7212a3400000 rw-p 00000000 00:00 0 
7212a3400000-7212a3404000 ---p 00000000 00:00 0 
7212a3404000-7212a3500000 rw-p 00000000 00:00 0 
7212a3500000-7212a3504000 ---p 00000000 00:00 0 
7212a3504000-7212a3600000 rw-p 00000000 00:00 0 
7212a3600000-7212a3604000 ---p 00000000 00:00 0 
7212a3604000-7212a3700000 rw-p 00000000 00:00 0 
7212a3700000-7212a3704000 ---p 00000000 00:00 0 
7212a3704000-7212a3800000 rw-p 00000000 00:00 0 
7212a3800000-7212a3804000 ---p 00000000 00:00 0 
7212a3804000-7212a3900000 rw-p 00000000 00:00 0 
7212a3900000-7212a3904000 ---p 00000000 00:00 0 
7212a3904000-7212a3a00000 rw-p 00000000 00:00 0 
7212a3a00000-7212a3a04000 ---p 00000000 00:00 0 
7212a3a04000-7212a3b00000 rw-p 00000000 00:00 0 
7212a3b00000-7212a3b04000 ---p 00000000 00:00 0 
7212a3b04000-7212a3c00000 rw-p 00000000 00:00 0 
7212a3c00000-7212a3c04000 ---p 00000000 00:00 0 
7212a3c04000-7212a3d00000 rw-p 00000000 00:00 0 
7212a3d00000-7212a3d04000 ---p 00000000 00:00 0 
7212a3d04000-7212a3e00000 rw-p 00000000 00:00 0 
7212a3e00000-7212a3e04000 ---p 00000000 00:00 0 
7212a3e04000-7212a3f00000 rw-p 00000000 00:00 0 
7212a3f00000-7212a3f04000 ---p 00000000 00:00 0 
7212a3f04000-7212a4000000 rw-p 00000000 00:00 0 
7212a4000000-7212a4021000 rw-p 00000000 00:00 0 
7212a4021000-7212a8000000 ---p 00000000 00:00 0 
7212a8000000-7212a8021000 rw-p 00000000 00:00 0 
7212a8021000-7212ac000000 ---p 00000000 00:00 0 
7212ac000000-7212ac021000 rw-p 00000000 00:00 0 
7212ac021000-7212b0000000 ---p 00000000 00:00 0 
7212b0000000-7212b0021000 rw-p 00000000 00:00 0 
7212b0021000-7212b4000000 ---p 00000000 00:00 0 
7212b4000000-7212b4021000 rw-p 00000000 00:00 0 
7212b4021000-7212b8000000 ---p 00000000 00:00 0 
7212b8000000-7212b8021000 rw-p 00000000 00:00 0 
7212b8021000-7212bc000000 ---p 00000000 00:00 0 
7212bc000000-7212bc04f000 rw-p 00000000 00:00 0 
7212bc04f000-7212c0004000 ---p 00000000 00:00 0 
7212c0004000-7212c0100000 rw-p 00000000 00:00 0 
7212c0100000-7212c0104000 ---p 00000000 00:00 0 
7212c0104000-7212c0200000 rw-p 00000000 00:00 0 
7212c0200000-7212c0204000 ---p 00000000 00:00 0 
7212c0204000-7212c0300000 rw-p 00000000 00:00 0 
7212c0300000-7212c0304000 ---p 00000000 00:00 0 
7212c0304000-7212c0400000 rw-p 00000000 00:00 0 
7212c0400000-7212c7eb2000 r--s 00000000 00:1c 699895                     /usr/lib/jvm/java-17-openjdk-amd64/lib/modules
7212c7f00000-7212c7f04000 ---p 00000000 00:00 0 
7212c7f04000-7212c8000000 rw-p 00000000 00:00 0 
7212c8000000-7212c8385000 rw-p 00000000 00:00 0 
7212c8385000-7212cc000000 ---p 00000000 00:00 0 
7212cc000000-7212cc070000 rw-p 00000000 00:00 0 
7212cc070000-7212d0000000 ---p 00000000 00:00 0 
7212d0000000-7212d0021000 rw-p 00000000 00:00 0 
7212d0021000-7212d4000000 ---p 00000000 00:00 0 
7212d4000000-7212d4021000 rw-p 00000000 00:00 0 
7212d4021000-7212d8000000 ---p 00000000 00:00 0 
7212d8000000-7212d802f000 rw-p 00000000 00:00 0 
7212d802f000-7212dc000000 ---p 00000000 00:00 0 
7212dc000000-7212dc047000 rw-p 00000000 00:00 0 
7212dc047000-7212e0000000 ---p 00000000 00:00 0 
7212e0000000-7212e0021000 rw-p 00000000 00:00 0 
7212e0021000-7212e4000000 ---p 00000000 00:00 0 
7212e4000000-7212e4021000 rw-p 00000000 00:00 0 
7212e4021000-7212e8000000 ---p 00000000 00:00 0 
7212e8000000-7212e802f000 rw-p 00000000 00:00 0 
7212e802f000-7212ec000000 ---p 00000000 00:00 0 
7212ec000000-7212ec021000 rw-p 00000000 00:00 0 
7212ec021000-7212f0000000 ---p 00000000 00:00 0 
7212f0000000-7212f006d000 rw-p 00000000 00:00 0 
7212f006d000-7212f4000000 ---p 00000000 00:00 0 
7212f4000000-7212f45bc000 rw-p 00000000 00:00 0 
7212f45bc000-7212f8000000 ---p 00000000 00:00 0 
7212f8000000-7212f8021000 rw-p 00000000 00:00 0 
7212f8021000-7212fc000000 ---p 00000000 00:00 0 
7212fc000000-7212fc021000 rw-p 00000000 00:00 0 
7212fc021000-721300000000 ---p 00000000 00:00 0 
721300000000-721300021000 rw-p 00000000 00:00 0 
721300021000-721304000000 ---p 00000000 00:00 0 
721304000000-721304021000 rw-p 00000000 00:00 0 
721304021000-721308000000 ---p 00000000 00:00 0 
721308000000-721308615000 rw-p 00000000 00:00 0 
721308615000-72130c000000 ---p 00000000 00:00 0 
72130c000000-72130c021000 rw-p 00000000 00:00 0 
72130c021000-721310000000 ---p 00000000 00:00 0 
721310000000-721310021000 rw-p 00000000 00:00 0 
721310021000-721314000000 ---p 00000000 00:00 0 
721314000000-721314021000 rw-p 00000000 00:00 0 
721314021000-721318000000 ---p 00000000 00:00 0 
721318000000-721318021000 rw-p 00000000 00:00 0 
721318021000-72131c000000 ---p 00000000 00:00 0 
72131c000000-72131c02f000 rw-p 00000000 00:00 0 
72131c02f000-721320000000 ---p 00000000 00:00 0 
721320000000-721320021000 rw-p 00000000 00:00 0 
721320021000-721324000000 ---p 00000000 00:00 0 
721324000000-721324021000 rw-p 00000000 00:00 0 
721324021000-721328000000 ---p 00000000 00:00 0 
721328000000-721328021000 rw-p 00000000 00:00 0 
721328021000-72132c000000 ---p 00000000 00:00 0 
72132c000000-72132c021000 rw-p 00000000 00:00 0 
72132c021000-721330000000 ---p 00000000 00:00 0 
721330000000-721330021000 rw-p 00000000 00:00 0 
721330021000-721334000000 ---p 00000000 00:00 0 
721334000000-72133518c000 rw-p 00000000 00:00 0 
72133518c000-721338000000 ---p 00000000 00:00 0 
721338000000-721339827000 rw-p 00000000 00:00 0 
721339827000-72133c000000 ---p 00000000 00:00 0 
72133c000000-72133cd8d000 rw-p 00000000 00:00 0 
72133cd8d000-721340000000 ---p 00000000 00:00 0 
721340000000-721340021000 rw-p 00000000 00:00 0 
721340021000-721344000000 ---p 00000000 00:00 0 
721344000000-721344021000 rw-p 00000000 00:00 0 
721344021000-721348000000 ---p 00000000 00:00 0 
721348000000-721348021000 rw-p 00000000 00:00 0 
721348021000-72134c000000 ---p 00000000 00:00 0 
72134c000000-72134c021000 rw-p 00000000 00:00 0 
72134c021000-721350000000 ---p 00000000 00:00 0 
721350000000-721350022000 rw-p 00000000 00:00 0 
721350022000-721354000000 ---p 00000000 00:00 0 
721354000000-721354021000 rw-p 00000000 00:00 0 
721354021000-721358000000 ---p 00000000 00:00 0 
721358000000-7213583c0000 rw-p 00000000 00:00 0 
7213583c0000-721358400000 ---p 00000000 00:00 0 
721358400000-7213594f0000 rw-p 00000000 00:00 0 
7213594f0000-72135c000000 ---p 00000000 00:00 0 
72135c000000-72135c021000 rw-p 00000000 00:00 0 
72135c021000-721360000000 ---p 00000000 00:00 0 
721360079000-72136007d000 ---p 00000000 00:00 0 
72136007d000-721360179000 rw-p 00000000 00:00 0 
721360179000-72136017d000 ---p 00000000 00:00 0 
72136017d000-721360279000 rw-p 00000000 00:00 0 
721360279000-72136027d000 ---p 00000000 00:00 0 
72136027d000-721360379000 rw-p 00000000 00:00 0 
721360379000-72136037d000 ---p 00000000 00:00 0 
72136037d000-721360479000 rw-p 00000000 00:00 0 
7213604f7000-7213604fb000 ---p 00000000 00:00 0 
7213604fb000-7213605f7000 rw-p 00000000 00:00 0 
7213605f7000-7213605fb000 ---p 00000000 00:00 0 
7213605fb000-7213606f7000 rw-p 00000000 00:00 0 
7213606f7000-7213606fb000 ---p 00000000 00:00 0 
7213606fb000-7213607f7000 rw-p 00000000 00:00 0 
7213607f7000-7213607fb000 ---p 00000000 00:00 0 
7213607fb000-7213608f7000 rw-p 00000000 00:00 0 
7213608f7000-7213608f8000 ---p 00000000 00:00 0 
7213608f8000-7213609f8000 rw-p 00000000 00:00 0 
7213609f8000-7213609f9000 ---p 00000000 00:00 0 
7213609f9000-721360af9000 rw-p 00000000 00:00 0 
721360af9000-721360afa000 ---p 00000000 00:00 0 
721360afa000-721360bfa000 rw-p 00000000 00:00 0 
721360bfa000-721360bfe000 ---p 00000000 00:00 0 
721360bfe000-721360cfa000 rw-p 00000000 00:00 0 
721360cfa000-721360cfe000 ---p 00000000 00:00 0 
721360cfe000-721360dfa000 rw-p 00000000 00:00 0 
721360dfa000-721360dfe000 ---p 00000000 00:00 0 
721360dfe000-721360efa000 rw-p 00000000 00:00 0 
721360efa000-721360efe000 ---p 00000000 00:00 0 
721360efe000-721360ffa000 rw-p 00000000 00:00 0 
721360ffa000-721360ffb000 ---p 00000000 00:00 0 
721360ffb000-7213610fb000 rw-p 00000000 00:00 0 
7213610fb000-7213610ff000 ---p 00000000 00:00 0 
7213610ff000-7213611fb000 rw-p 00000000 00:00 0 
7213611fb000-7213611ff000 ---p 00000000 00:00 0 
7213611ff000-7213612fb000 rw-p 00000000 00:00 0 
7213612fb000-7213612fc000 ---p 00000000 00:00 0 
7213612fc000-7213613fc000 rw-p 00000000 00:00 0 
7213613fc000-721361400000 ---p 00000000 00:00 0 
721361400000-7213614fc000 rw-p 00000000 00:00 0 
7213614fc000-721361500000 ---p 00000000 00:00 0 
721361500000-7213615fc000 rw-p 00000000 00:00 0 
7213615fc000-7213615fd000 ---p 00000000 00:00 0 
7213615fd000-7213616fd000 rw-p 00000000 00:00 0 
7213616fd000-721361701000 ---p 00000000 00:00 0 
721361701000-7213617fd000 rw-p 00000000 00:00 0 
7213617fd000-721361801000 ---p 00000000 00:00 0 
721361801000-7213618fd000 rw-p 00000000 00:00 0 
7213618fd000-7213618fe000 ---p 00000000 00:00 0 
7213618fe000-7213619fe000 rw-p 00000000 00:00 0 
7213619fe000-7213619ff000 ---p 00000000 00:00 0 
7213619ff000-721361aff000 rw-p 00000000 00:00 0 
721361aff000-721361b00000 ---p 00000000 00:00 0 
721361b00000-721361c00000 rw-p 00000000 00:00 0 
721361c00000-721361c04000 ---p 00000000 00:00 0 
721361c04000-721361d00000 rw-p 00000000 00:00 0 
721361d00000-721361d04000 ---p 00000000 00:00 0 
721361d04000-721361e00000 rw-p 00000000 00:00 0 
721361e00000-721361e04000 ---p 00000000 00:00 0 
721361e04000-721361f00000 rw-p 00000000 00:00 0 
721361f00000-721361f04000 ---p 00000000 00:00 0 
721361f04000-721362000000 rw-p 00000000 00:00 0 
721362000000-721362ca0000 rw-p 00001000 00:1c 249196                     /usr/lib/jvm/java-21-openjdk-amd64/lib/server/classes.jsa
721362ca0000-721367b28000 rw-p 00001000 00:1c 12420846                   /home/mulroney/.config/Code/User/globalStorage/redhat.java/1.46.2025100108/jdtls.jsa
721367b28000-721368000000 ---p 00000000 00:00 0 
721368000000-721368040000 rw-p 00000000 00:00 0 
721368040000-721368060000 rw-p 00000000 00:00 0 
721368060000-721368080000 ---p 00000000 00:00 0 
721368080000-7213682b0000 rw-p 00000000 00:00 0 
7213682b0000-7213a8000000 ---p 00000000 00:00 0 
7213a8000000-7213ac021000 rw-p 00000000 00:00 0 
7213ac021000-7213b0004000 ---p 00000000 00:00 0 
7213b0004000-7213b0100000 rw-p 00000000 00:00 0 
7213b0100000-7213b0104000 ---p 00000000 00:00 0 
7213b0104000-7213b0200000 rw-p 00000000 00:00 0 
7213b0200000-7213b0775000 r--p 00000000 00:1c 234016                     /usr/lib/locale/locale-archive
7213b0800000-7213b1a40000 rwxp 00000000 00:00 0 
7213b1a40000-7213b7d37000 ---p 00000000 00:00 0 
7213b7d37000-7213b7fa7000 rwxp 00000000 00:00 0 
7213b7fa7000-7213b82c9000 ---p 00000000 00:00 0 
7213b82c9000-7213b8709000 rwxp 00000000 00:00 0 
7213b8709000-7213bf800000 ---p 00000000 00:00 0 
7213bf800000-7213c7e2a000 r--s 00000000 00:1c 249192                     /usr/lib/jvm/java-21-openjdk-amd64/lib/modules
7213c7e44000-7213c7e67000 rw-p 00000000 00:00 0 
7213c7ea5000-7213c7ec5000 rw-p 00000000 00:00 0 
7213c7f00000-7213c7f04000 ---p 00000000 00:00 0 
7213c7f04000-7213c8000000 rw-p 00000000 00:00 0 
7213c8000000-7213c84c2000 rw-p 00000000 00:00 0 
7213c84c2000-7213cc000000 ---p 00000000 00:00 0 
7213cc00f000-7213cc014000 r--p 00000000 00:1c 249176                     /usr/lib/jvm/java-21-openjdk-amd64/lib/libjsvml.so
7213cc014000-7213cc055000 r-xp 00005000 00:1c 249176                     /usr/lib/jvm/java-21-openjdk-amd64/lib/libjsvml.so
7213cc055000-7213cc0de000 r--p 00046000 00:1c 249176                     /usr/lib/jvm/java-21-openjdk-amd64/lib/libjsvml.so
7213cc0de000-7213cc0df000 r--p 000ce000 00:1c 249176                     /usr/lib/jvm/java-21-openjdk-amd64/lib/libjsvml.so
7213cc0df000-7213cc0e0000 rw-p 000cf000 00:1c 249176                     /usr/lib/jvm/java-21-openjdk-amd64/lib/libjsvml.so
7213cc0e0000-7213cc0e4000 ---p 00000000 00:00 0 
7213cc0e4000-7213cc1e0000 rw-p 00000000 00:00 0 
7213cc1e0000-7213cc1e4000 ---p 00000000 00:00 0 
7213cc1e4000-7213cc2e0000 rw-p 00000000 00:00 0 
7213cc2e0000-7213cc2e4000 ---p 00000000 00:00 0 
7213cc2e4000-7213cc3e0000 rw-p 00000000 00:00 0 
7213cc3e0000-7213cc3e1000 ---p 00000000 00:00 0 
7213cc3e1000-7213cc4e1000 rw-p 00000000 00:00 0 
7213cc4e1000-7213ce2ff000 rw-p 00000000 00:00 0 
7213ce2ff000-7213ce300000 ---p 00000000 00:00 0 
7213ce300000-7213ce400000 rw-p 00000000 00:00 0 
7213ce400000-7213ce800000 rw-p 00000000 00:00 0 
7213ce806000-7213ce816000 rw-p 00000000 00:00 0 
7213ce836000-7213ce846000 rw-p 00000000 00:00 0 
7213ce846000-7213ce847000 r--p 00000000 00:1c 223662                     /usr/lib/x86_64-linux-gnu/libdl.so.2
7213ce847000-7213ce848000 r-xp 00001000 00:1c 223662                     /usr/lib/x86_64-linux-gnu/libdl.so.2
7213ce848000-7213ce849000 r--p 00002000 00:1c 223662                     /usr/lib/x86_64-linux-gnu/libdl.so.2
7213ce849000-7213ce84a000 r--p 00002000 00:1c 223662                     /usr/lib/x86_64-linux-gnu/libdl.so.2
7213ce84a000-7213ce84b000 rw-p 00003000 00:1c 223662                     /usr/lib/x86_64-linux-gnu/libdl.so.2
7213ce84b000-7213ce852000 r--s 00000000 00:1c 223649                     /usr/lib/x86_64-linux-gnu/gconv/gconv-modules.cache
7213ce852000-7213ce862000 rw-p 00000000 00:00 0 
7213ce868000-7213ce86c000 r--p 00000000 00:1c 12413670                   /home/mulroney/.config/Code/User/globalStorage/redhat.java/1.46.2025100108/config_linux/org.eclipse.equinox.launcher/org.eclipse.equinox.launcher.gtk.linux.x86_64_1.2.1500.v20250801-0854/eclipse_11916.so
7213ce86c000-7213ce876000 r-xp 00004000 00:1c 12413670                   /home/mulroney/.config/Code/User/globalStorage/redhat.java/1.46.2025100108/config_linux/org.eclipse.equinox.launcher/org.eclipse.equinox.launcher.gtk.linux.x86_64_1.2.1500.v20250801-0854/eclipse_11916.so
7213ce876000-7213ce879000 r--p 0000e000 00:1c 12413670                   /home/mulroney/.config/Code/User/globalStorage/redhat.java/1.46.2025100108/config_linux/org.eclipse.equinox.launcher/org.eclipse.equinox.launcher.gtk.linux.x86_64_1.2.1500.v20250801-0854/eclipse_11916.so
7213ce879000-7213ce87a000 r--p 00010000 00:1c 12413670                   /home/mulroney/.config/Code/User/globalStorage/redhat.java/1.46.2025100108/config_linux/org.eclipse.equinox.launcher/org.eclipse.equinox.launcher.gtk.linux.x86_64_1.2.1500.v20250801-0854/eclipse_11916.so
7213ce87a000-7213ce87b000 rw-p 00011000 00:1c 12413670                   /home/mulroney/.config/Code/User/globalStorage/redhat.java/1.46.2025100108/config_linux/org.eclipse.equinox.launcher/org.eclipse.equinox.launcher.gtk.linux.x86_64_1.2.1500.v20250801-0854/eclipse_11916.so
7213ce87b000-7213ce87c000 rw-p 00000000 00:00 0 
7213ce87c000-7213ce880000 r--p 00000000 00:1c 249190                     /usr/lib/jvm/java-21-openjdk-amd64/lib/libverify.so
7213ce880000-7213ce887000 r-xp 00004000 00:1c 249190                     /usr/lib/jvm/java-21-openjdk-amd64/lib/libverify.so
7213ce887000-7213ce889000 r--p 0000b000 00:1c 249190                     /usr/lib/jvm/java-21-openjdk-amd64/lib/libverify.so
7213ce889000-7213ce88b000 r--p 0000c000 00:1c 249190                     /usr/lib/jvm/java-21-openjdk-amd64/lib/libverify.so
7213ce88b000-7213ce88c000 rw-p 0000e000 00:1c 249190                     /usr/lib/jvm/java-21-openjdk-amd64/lib/libverify.so
7213ce88c000-7213ce98a000 rw-p 00000000 00:00 0 
7213ce98a000-7213cec13000 ---p 00000000 00:00 0 
7213cec13000-7213cec14000 ---p 00000000 00:00 0 
7213cec14000-7213ced14000 rw-p 00000000 00:00 0 
7213ced14000-7213ced36000 rw-p 00000000 00:00 0 
7213ced36000-7213cefbe000 ---p 00000000 00:00 0 
7213cefbe000-7213cefcd000 rw-p 00000000 00:00 0 
7213cefcd000-7213cf115000 ---p 00000000 00:00 0 
7213cf115000-7213cf11e000 rw-p 00000000 00:00 0 
7213cf11e000-7213cf200000 ---p 00000000 00:00 0 
7213cf200000-7213cfad4000 r--s 00000000 00:1c 12300971                   /var/lib/sss/mc/passwd
7213cfad4000-7213cfb3a000 rw-p 00000000 00:00 0 
7213cfb3a000-7213cfc00000 ---p 00000000 00:00 0 
7213cfc00000-7213cfc9d000 r--p 00000000 00:1c 15146                      /usr/lib/x86_64-linux-gnu/libstdc++.so.6.0.33
7213cfc9d000-7213cfde5000 r-xp 0009d000 00:1c 15146                      /usr/lib/x86_64-linux-gnu/libstdc++.so.6.0.33
7213cfde5000-7213cfe6c000 r--p 001e5000 00:1c 15146                      /usr/lib/x86_64-linux-gnu/libstdc++.so.6.0.33
7213cfe6c000-7213cfe77000 r--p 0026b000 00:1c 15146                      /usr/lib/x86_64-linux-gnu/libstdc++.so.6.0.33
7213cfe77000-7213cfe7a000 rw-p 00276000 00:1c 15146                      /usr/lib/x86_64-linux-gnu/libstdc++.so.6.0.33
7213cfe7a000-7213cfe7e000 rw-p 00000000 00:00 0 
7213cfe7f000-7213cfe82000 r--p 00000000 00:1c 249183                     /usr/lib/jvm/java-21-openjdk-amd64/lib/libnet.so
7213cfe82000-7213cfe8a000 r-xp 00003000 00:1c 249183                     /usr/lib/jvm/java-21-openjdk-amd64/lib/libnet.so
7213cfe8a000-7213cfe8c000 r--p 0000b000 00:1c 249183                     /usr/lib/jvm/java-21-openjdk-amd64/lib/libnet.so
7213cfe8c000-7213cfe8d000 r--p 0000c000 00:1c 249183                     /usr/lib/jvm/java-21-openjdk-amd64/lib/libnet.so
7213cfe8d000-7213cfe8e000 rw-p 0000d000 00:1c 249183                     /usr/lib/jvm/java-21-openjdk-amd64/lib/libnet.so
7213cfe8e000-7213cfe95000 r--p 00000000 00:1c 249184                     /usr/lib/jvm/java-21-openjdk-amd64/lib/libnio.so
7213cfe95000-7213cfe9e000 r-xp 00007000 00:1c 249184                     /usr/lib/jvm/java-21-openjdk-amd64/lib/libnio.so
7213cfe9e000-7213cfea2000 r--p 00010000 00:1c 249184                     /usr/lib/jvm/java-21-openjdk-amd64/lib/libnio.so
7213cfea2000-7213cfea3000 r--p 00014000 00:1c 249184                     /usr/lib/jvm/java-21-openjdk-amd64/lib/libnio.so
7213cfea3000-7213cfea4000 rw-p 00015000 00:1c 249184                     /usr/lib/jvm/java-21-openjdk-amd64/lib/libnio.so
7213cfea4000-7213cfeac000 r--p 00000000 00:1c 11647307                   /usr/lib/x86_64-linux-gnu/libnss_systemd.so.2
7213cfeac000-7213cfeeb000 r-xp 00008000 00:1c 11647307                   /usr/lib/x86_64-linux-gnu/libnss_systemd.so.2
7213cfeeb000-7213cfefb000 r--p 00047000 00:1c 11647307                   /usr/lib/x86_64-linux-gnu/libnss_systemd.so.2
7213cfefb000-7213cfeff000 r--p 00056000 00:1c 11647307                   /usr/lib/x86_64-linux-gnu/libnss_systemd.so.2
7213cfeff000-7213cff00000 rw-p 0005a000 00:1c 11647307                   /usr/lib/x86_64-linux-gnu/libnss_systemd.so.2
7213cff00000-7213cff04000 ---p 00000000 00:00 0 
7213cff04000-7213d0000000 rw-p 00000000 00:00 0 
7213d0000000-7213d02a2000 r--p 00000000 00:1c 249199                     /usr/lib/jvm/java-21-openjdk-amd64/lib/server/libjvm.so
7213d02a2000-7213d1117000 r-xp 002a2000 00:1c 249199                     /usr/lib/jvm/java-21-openjdk-amd64/lib/server/libjvm.so
7213d1117000-7213d13f1000 r--p 01117000 00:1c 249199                     /usr/lib/jvm/java-21-openjdk-amd64/lib/server/libjvm.so
7213d13f1000-7213d14c5000 r--p 013f0000 00:1c 249199                     /usr/lib/jvm/java-21-openjdk-amd64/lib/server/libjvm.so
7213d14c5000-7213d14f5000 rw-p 014c4000 00:1c 249199                     /usr/lib/jvm/java-21-openjdk-amd64/lib/server/libjvm.so
7213d14f5000-7213d1583000 rw-p 00000000 00:00 0 
7213d1583000-7213d1585000 r--p 00000000 00:1c 178687                     /usr/lib/x86_64-linux-gnu/libnss_sss.so.2
7213d1585000-7213d158d000 r-xp 00002000 00:1c 178687                     /usr/lib/x86_64-linux-gnu/libnss_sss.so.2
7213d158d000-7213d158f000 r--p 0000a000 00:1c 178687                     /usr/lib/x86_64-linux-gnu/libnss_sss.so.2
7213d158f000-7213d1590000 r--p 0000b000 00:1c 178687                     /usr/lib/x86_64-linux-gnu/libnss_sss.so.2
7213d1590000-7213d1591000 rw-p 0000c000 00:1c 178687                     /usr/lib/x86_64-linux-gnu/libnss_sss.so.2
7213d1592000-7213d1593000 r--p 00000000 00:1c 223672                     /usr/lib/x86_64-linux-gnu/libpthread.so.0
7213d1593000-7213d1594000 r-xp 00001000 00:1c 223672                     /usr/lib/x86_64-linux-gnu/libpthread.so.0
7213d1594000-7213d1595000 r--p 00002000 00:1c 223672                     /usr/lib/x86_64-linux-gnu/libpthread.so.0
7213d1595000-7213d1596000 r--p 00002000 00:1c 223672                     /usr/lib/x86_64-linux-gnu/libpthread.so.0
7213d1596000-7213d1597000 rw-p 00003000 00:1c 223672                     /usr/lib/x86_64-linux-gnu/libpthread.so.0
7213d1597000-7213d1599000 r--p 00000000 00:1c 249191                     /usr/lib/jvm/java-21-openjdk-amd64/lib/libzip.so
7213d1599000-7213d159e000 r-xp 00002000 00:1c 249191                     /usr/lib/jvm/java-21-openjdk-amd64/lib/libzip.so
7213d159e000-7213d15a0000 r--p 00007000 00:1c 249191                     /usr/lib/jvm/java-21-openjdk-amd64/lib/libzip.so
7213d15a0000-7213d15a1000 r--p 00008000 00:1c 249191                     /usr/lib/jvm/java-21-openjdk-amd64/lib/libzip.so
7213d15a1000-7213d15a2000 rw-p 00009000 00:1c 249191                     /usr/lib/jvm/java-21-openjdk-amd64/lib/libzip.so
7213d15a2000-7213d15a7000 rw-p 00000000 00:00 0 
7213d15a7000-7213d15ae000 ---p 00000000 00:00 0 
7213d15ae000-7213d15bb000 r--p 00000000 00:1c 249169                     /usr/lib/jvm/java-21-openjdk-amd64/lib/libjava.so
7213d15bb000-7213d15ca000 r-xp 0000d000 00:1c 249169                     /usr/lib/jvm/java-21-openjdk-amd64/lib/libjava.so
7213d15ca000-7213d15cf000 r--p 0001c000 00:1c 249169                     /usr/lib/jvm/java-21-openjdk-amd64/lib/libjava.so
7213d15cf000-7213d15d0000 r--p 00021000 00:1c 249169                     /usr/lib/jvm/java-21-openjdk-amd64/lib/libjava.so
7213d15d0000-7213d15d1000 rw-p 00022000 00:1c 249169                     /usr/lib/jvm/java-21-openjdk-amd64/lib/libjava.so
7213d15d1000-7213d15d2000 rw-p 00000000 00:00 0 
7213d15d2000-7213d15d6000 r--p 00000000 00:1c 14753                      /usr/lib/x86_64-linux-gnu/libgcc_s.so.1
7213d15d6000-7213d15fa000 r-xp 00004000 00:1c 14753                      /usr/lib/x86_64-linux-gnu/libgcc_s.so.1
7213d15fa000-7213d15fe000 r--p 00028000 00:1c 14753                      /usr/lib/x86_64-linux-gnu/libgcc_s.so.1
7213d15fe000-7213d15ff000 r--p 0002b000 00:1c 14753                      /usr/lib/x86_64-linux-gnu/libgcc_s.so.1
7213d15ff000-7213d1600000 rw-p 0002c000 00:1c 14753                      /usr/lib/x86_64-linux-gnu/libgcc_s.so.1
7213d1600000-7213d1628000 r--p 00000000 00:1c 223660                     /usr/lib/x86_64-linux-gnu/libc.so.6
7213d1628000-7213d1716000 r-xp 00028000 00:1c 223660                     /usr/lib/x86_64-linux-gnu/libc.so.6
7213d1716000-7213d1717000 r-xp 00116000 00:1c 223660                     /usr/lib/x86_64-linux-gnu/libc.so.6
7213d1717000-7213d17b0000 r-xp 00117000 00:1c 223660                     /usr/lib/x86_64-linux-gnu/libc.so.6
7213d17b0000-7213d17ff000 r--p 001b0000 00:1c 223660                     /usr/lib/x86_64-linux-gnu/libc.so.6
7213d17ff000-7213d1803000 r--p 001fe000 00:1c 223660                     /usr/lib/x86_64-linux-gnu/libc.so.6
7213d1803000-7213d1805000 rw-p 00202000 00:1c 223660                     /usr/lib/x86_64-linux-gnu/libc.so.6
7213d1805000-7213d1812000 rw-p 00000000 00:00 0 
7213d1815000-7213d181d000 rw-s 00000000 00:1c 12423410                   /tmp/hsperfdata_mulroney/766278
7213d181d000-7213d1820000 r--p 00000000 00:1c 14631                      /usr/lib/x86_64-linux-gnu/libcap.so.2.66
7213d1820000-7213d1826000 r-xp 00003000 00:1c 14631                      /usr/lib/x86_64-linux-gnu/libcap.so.2.66
7213d1826000-7213d1828000 r--p 00009000 00:1c 14631                      /usr/lib/x86_64-linux-gnu/libcap.so.2.66
7213d1828000-7213d1829000 r--p 0000b000 00:1c 14631                      /usr/lib/x86_64-linux-gnu/libcap.so.2.66
7213d1829000-7213d182a000 rw-p 0000c000 00:1c 14631                      /usr/lib/x86_64-linux-gnu/libcap.so.2.66
7213d182a000-7213d183a000 r--p 00000000 00:1c 223663                     /usr/lib/x86_64-linux-gnu/libm.so.6
7213d183a000-7213d18b9000 r-xp 00010000 00:1c 223663                     /usr/lib/x86_64-linux-gnu/libm.so.6
7213d18b9000-7213d1911000 r--p 0008f000 00:1c 223663                     /usr/lib/x86_64-linux-gnu/libm.so.6
7213d1911000-7213d1912000 r--p 000e7000 00:1c 223663                     /usr/lib/x86_64-linux-gnu/libm.so.6
7213d1912000-7213d1913000 rw-p 000e8000 00:1c 223663                     /usr/lib/x86_64-linux-gnu/libm.so.6
7213d1913000-7213d1915000 rw-p 00000000 00:00 0 
7213d1915000-7213d1917000 r--p 00000000 00:1c 249173                     /usr/lib/jvm/java-21-openjdk-amd64/lib/libjli.so
7213d1917000-7213d1921000 r-xp 00002000 00:1c 249173                     /usr/lib/jvm/java-21-openjdk-amd64/lib/libjli.so
7213d1921000-7213d1924000 r--p 0000c000 00:1c 249173                     /usr/lib/jvm/java-21-openjdk-amd64/lib/libjli.so
7213d1924000-7213d1925000 r--p 0000f000 00:1c 249173                     /usr/lib/jvm/java-21-openjdk-amd64/lib/libjli.so
7213d1925000-7213d1926000 rw-p 00010000 00:1c 249173                     /usr/lib/jvm/java-21-openjdk-amd64/lib/libjli.so
7213d1926000-7213d1928000 r--p 00000000 00:1c 15279                      /usr/lib/x86_64-linux-gnu/libz.so.1.3
7213d1928000-7213d193a000 r-xp 00002000 00:1c 15279                      /usr/lib/x86_64-linux-gnu/libz.so.1.3
7213d193a000-7213d1940000 r--p 00014000 00:1c 15279                      /usr/lib/x86_64-linux-gnu/libz.so.1.3
7213d1940000-7213d1941000 r--p 0001a000 00:1c 15279                      /usr/lib/x86_64-linux-gnu/libz.so.1.3
7213d1941000-7213d1942000 rw-p 0001b000 00:1c 15279                      /usr/lib/x86_64-linux-gnu/libz.so.1.3
7213d1945000-7213d1946000 r-xp 00000000 00:00 0 
7213d1946000-7213d1947000 r--p 00000000 00:1c 85225                      /usr/share/locale-langpack/en_GB/LC_MESSAGES/libc.mo
7213d1947000-7213d1949000 r--p 00000000 00:1c 249164                     /usr/lib/jvm/java-21-openjdk-amd64/lib/libinstrument.so
7213d1949000-7213d194f000 r-xp 00002000 00:1c 249164                     /usr/lib/jvm/java-21-openjdk-amd64/lib/libinstrument.so
7213d194f000-7213d1952000 r--p 00008000 00:1c 249164                     /usr/lib/jvm/java-21-openjdk-amd64/lib/libinstrument.so
7213d1952000-7213d1953000 r--p 0000a000 00:1c 249164                     /usr/lib/jvm/java-21-openjdk-amd64/lib/libinstrument.so
7213d1953000-7213d1954000 rw-p 0000b000 00:1c 249164                     /usr/lib/jvm/java-21-openjdk-amd64/lib/libinstrument.so
7213d1954000-7213d1955000 ---p 00000000 00:00 0 
7213d1955000-7213d1956000 r--p 00000000 00:00 0 
7213d1956000-7213d1957000 ---p 00000000 00:00 0 
7213d1957000-7213d1959000 r--p 00000000 00:1c 249172                     /usr/lib/jvm/java-21-openjdk-amd64/lib/libjimage.so
7213d1959000-7213d195c000 r-xp 00002000 00:1c 249172                     /usr/lib/jvm/java-21-openjdk-amd64/lib/libjimage.so
7213d195c000-7213d195d000 r--p 00005000 00:1c 249172                     /usr/lib/jvm/java-21-openjdk-amd64/lib/libjimage.so
7213d195d000-7213d195e000 r--p 00006000 00:1c 249172                     /usr/lib/jvm/java-21-openjdk-amd64/lib/libjimage.so
7213d195e000-7213d195f000 rw-p 00007000 00:1c 249172                     /usr/lib/jvm/java-21-openjdk-amd64/lib/libjimage.so
7213d195f000-7213d1961000 rw-p 00000000 00:00 0 
7213d1961000-7213d1963000 r--p 00000000 00:00 0                          [vvar]
7213d1963000-7213d1965000 r--p 00000000 00:00 0                          [vvar_vclock]
7213d1965000-7213d1967000 r-xp 00000000 00:00 0                          [vdso]
7213d1967000-7213d1968000 r--p 00000000 00:1c 223657                     /usr/lib/x86_64-linux-gnu/ld-linux-x86-64.so.2
7213d1968000-7213d1993000 r-xp 00001000 00:1c 223657                     /usr/lib/x86_64-linux-gnu/ld-linux-x86-64.so.2
7213d1993000-7213d199d000 r--p 0002c000 00:1c 223657                     /usr/lib/x86_64-linux-gnu/ld-linux-x86-64.so.2
7213d199d000-7213d199f000 r--p 00036000 00:1c 223657                     /usr/lib/x86_64-linux-gnu/ld-linux-x86-64.so.2
7213d199f000-7213d19a1000 rw-p 00038000 00:1c 223657                     /usr/lib/x86_64-linux-gnu/ld-linux-x86-64.so.2
7fff64be1000-7fff64c03000 rw-p 00000000 00:00 0                          [stack]
ffffffffff600000-ffffffffff601000 --xp 00000000 00:00 0                  [vsyscall]
Total number of mappings: 451

JVMTI agents:
/home/mulroney/.vscode/extensions/redhat.java-1.46.2025100108/lombok/lombok-1.18.39-4050.jar path:none, loaded, initialized, instrumentlib options:none


VM Arguments:
jvm_args: --add-modules=ALL-SYSTEM --add-opens=java.base/java.util=ALL-UNNAMED --add-opens=java.base/java.lang=ALL-UNNAMED --add-opens=java.base/sun.nio.fs=ALL-UNNAMED -Declipse.application=org.eclipse.jdt.ls.core.id1 -Dosgi.bundles.defaultStartLevel=4 -Declipse.product=org.eclipse.jdt.ls.core.product -Djava.import.generatesMetadataFilesAtProjectRoot=false -DDetectVMInstallationsJob.disabled=true -Dfile.encoding=utf8 -XX:+UseParallelGC -XX:GCTimeRatio=4 -XX:AdaptiveSizePolicyWeight=90 -Dsun.zip.disableMemoryMapping=true -Xmx2G -Xms100m -Xlog:disable -javaagent:/home/mulroney/.vscode/extensions/redhat.java-1.46.2025100108/lombok/lombok-1.18.39-4050.jar -XX:+HeapDumpOnOutOfMemoryError -XX:HeapDumpPath=/home/mulroney/.config/Code/User/workspaceStorage/12b0b9412c28d26dad82d985a9a21889/redhat.java -Daether.dependencyCollector.impl=bf -XX:+UnlockDiagnosticVMOptions -XX:+AllowArchivingWithJavaAgent -XX:+AutoCreateSharedArchive -XX:SharedArchiveFile=/home/mulroney/.config/Code/User/globalStorage/redhat.java/1.46.2025100108/jdtls.jsa 
java_command: /home/mulroney/.vscode/extensions/redhat.java-1.46.2025100108/server/plugins/org.eclipse.equinox.launcher_1.7.0.v20250519-0528.jar -configuration /home/mulroney/.config/Code/User/globalStorage/redhat.java/1.46.2025100108/config_linux -data /home/mulroney/.config/Code/User/workspaceStorage/12b0b9412c28d26dad82d985a9a21889/redhat.java/jdt_ws --pipe=/run/user/226300/lsp-015e8ff970024d3f1c42eb5b169dbe2a.sock
java_class_path (initial): /home/mulroney/.vscode/extensions/redhat.java-1.46.2025100108/server/plugins/org.eclipse.equinox.launcher_1.7.0.v20250519-0528.jar
Launcher Type: SUN_STANDARD

[Global flags]
    uintx AdaptiveSizePolicyWeight                 = 90                                        {product} {command line}
     bool AllowArchivingWithJavaAgent              = true                             {JVMCI diagnostic} {command line}
     bool AutoCreateSharedArchive                  = false                               {JVMCI product} {command line}
     intx CICompilerCount                          = 4                                         {product} {ergonomic}
    uintx GCTimeRatio                              = 4                                         {product} {command line}
     bool HeapDumpOnOutOfMemoryError               = true                                   {manageable} {command line}
    ccstr HeapDumpPath                             = /home/mulroney/.config/Code/User/workspaceStorage/12b0b9412c28d26dad82d985a9a21889/redhat.java         {manageable} {command line}
   size_t InitialHeapSize                          = 104857600                                 {product} {command line}
   size_t MaxHeapSize                              = 2147483648                                {product} {command line}
   size_t MaxNewSize                               = 715653120                                 {product} {ergonomic}
   size_t MinHeapDeltaBytes                        = 524288                                    {product} {ergonomic}
   size_t MinHeapSize                              = 104857600                                 {product} {command line}
   size_t NewSize                                  = 34603008                                  {product} {ergonomic}
    uintx NonNMethodCodeHeapSize                   = 5839372                                {pd product} {ergonomic}
    uintx NonProfiledCodeHeapSize                  = 122909434                              {pd product} {ergonomic}
   size_t OldSize                                  = 70254592                                  {product} {ergonomic}
    uintx ProfiledCodeHeapSize                     = 122909434                              {pd product} {ergonomic}
    uintx ReservedCodeCacheSize                    = 251658240                              {pd product} {ergonomic}
     bool SegmentedCodeCache                       = true                                      {product} {ergonomic}
    ccstr SharedArchiveFile                        = /home/mulroney/.config/Code/User/globalStorage/redhat.java/1.46.2025100108/jdtls.jsa      {JVMCI product} {command line}
   size_t SoftMaxHeapSize                          = 2147483648                             {manageable} {ergonomic}
     bool THPStackMitigation                       = false                                  {diagnostic} {ergonomic}
     bool UnlockDiagnosticVMOptions                = true                                   {diagnostic} {command line}
     bool UseCompressedOops                        = true                           {product lp64_product} {ergonomic}
     bool UseParallelGC                            = true                                      {product} {command line}

Logging:
Log output configuration:
 #0: stdout all=off uptime,level,tags foldmultilines=false
 #1: stderr all=off uptime,level,tags foldmultilines=false

Environment Variables:
JAVA_HOME=/usr/lib/jvm/java-21-openjdk-amd64
PATH=/usr/local/sbin:/usr/local/bin:/usr/sbin:/usr/bin:/sbin:/bin:/usr/games:/usr/local/games:/snap/bin:/snap/bin
USERNAME=mulroney
SHELL=/bin/bash
DISPLAY=:0
LANG=en_GB.UTF-8

Active Locale:
LC_ALL=en_GB.UTF-8
LC_COLLATE=en_GB.UTF-8
LC_CTYPE=en_GB.UTF-8
LC_MESSAGES=en_GB.UTF-8
LC_MONETARY=en_GB.UTF-8
LC_NUMERIC=en_GB.UTF-8
LC_TIME=en_GB.UTF-8

Signal Handlers:
   SIGSEGV: crash_handler in libjvm.so, mask=11100100010111111101111111111110, flags=SA_RESTART|SA_SIGINFO, unblocked
    SIGBUS: crash_handler in libjvm.so, mask=11100100010111111101111111111110, flags=SA_RESTART|SA_SIGINFO, unblocked
    SIGFPE: crash_handler in libjvm.so, mask=11100100010111111101111111111110, flags=SA_RESTART|SA_SIGINFO, unblocked
   SIGPIPE: javaSignalHandler in libjvm.so, mask=11100100010111111101111111111110, flags=SA_RESTART|SA_SIGINFO, blocked
   SIGXFSZ: javaSignalHandler in libjvm.so, mask=11100100010111111101111111111110, flags=SA_RESTART|SA_SIGINFO, blocked
    SIGILL: crash_handler in libjvm.so, mask=11100100010111111101111111111110, flags=SA_RESTART|SA_SIGINFO, unblocked
   SIGUSR2: SR_handler in libjvm.so, mask=00000000000000000000000000000000, flags=SA_RESTART|SA_SIGINFO, blocked
    SIGHUP: UserHandler in libjvm.so, mask=11100100010111111101111111111110, flags=SA_RESTART|SA_SIGINFO, blocked
    SIGINT: UserHandler in libjvm.so, mask=11100100010111111101111111111110, flags=SA_RESTART|SA_SIGINFO, blocked
   SIGTERM: UserHandler in libjvm.so, mask=11100100010111111101111111111110, flags=SA_RESTART|SA_SIGINFO, blocked
   SIGQUIT: UserHandler in libjvm.so, mask=11100100010111111101111111111110, flags=SA_RESTART|SA_SIGINFO, blocked
   SIGTRAP: crash_handler in libjvm.so, mask=11100100010111111101111111111110, flags=SA_RESTART|SA_SIGINFO, unblocked


Periodic native trim disabled

---------------  S Y S T E M  ---------------

OS:
DISTRIB_ID=Ubuntu
DISTRIB_RELEASE=24.04
DISTRIB_CODENAME=noble
DISTRIB_DESCRIPTION="Ubuntu 24.04.3 LTS"
uname: Linux 6.14.0-35-generic #35~24.04.1-Ubuntu SMP PREEMPT_DYNAMIC Tue Oct 14 13:55:17 UTC 2 x86_64
OS uptime: 0 days 12:35 hours
libc: glibc 2.39 NPTL 2.39 
rlimit (soft/hard): STACK 8192k/infinity , CORE 0k/infinity , NPROC 61848/61848 , NOFILE 1048576/1048576 , AS infinity/infinity , CPU infinity/infinity , DATA infinity/infinity , FSIZE infinity/infinity , MEMLOCK 2006032k/2006032k
load average: 2.39 1.30 0.87

/proc/meminfo:
MemTotal:       16048256 kB
MemFree:          452140 kB
MemAvailable:    9198692 kB
Buffers:           13040 kB
Cached:          8899344 kB
SwapCached:            0 kB
Active:          5701692 kB
Inactive:        7095480 kB
Active(anon):    4300080 kB
Inactive(anon):   427408 kB
Active(file):    1401612 kB
Inactive(file):  6668072 kB
Unevictable:      709376 kB
Mlocked:              20 kB
SwapTotal:             0 kB
SwapFree:              0 kB
Zswap:                 0 kB
Zswapped:              0 kB
Dirty:              2768 kB
Writeback:             0 kB
AnonPages:       4594840 kB
Mapped:          1491660 kB
Shmem:            842712 kB
KReclaimable:    1310120 kB
Slab:            1743200 kB
SReclaimable:    1310120 kB
SUnreclaim:       433080 kB
KernelStack:       33696 kB
PageTables:        68828 kB
SecPageTables:      5664 kB
NFS_Unstable:          0 kB
Bounce:                0 kB
WritebackTmp:          0 kB
CommitLimit:     8024128 kB
Committed_AS:   28625132 kB
VmallocTotal:   34359738367 kB
VmallocUsed:      100468 kB
VmallocChunk:          0 kB
Percpu:            13056 kB
HardwareCorrupted:     0 kB
AnonHugePages:         0 kB
ShmemHugePages:        0 kB
ShmemPmdMapped:        0 kB
FileHugePages:         0 kB
FilePmdMapped:         0 kB
Unaccepted:            0 kB
HugePages_Total:       0
HugePages_Free:        0
HugePages_Rsvd:        0
HugePages_Surp:        0
Hugepagesize:       2048 kB
Hugetlb:               0 kB
DirectMap4k:      405476 kB
DirectMap2M:     8706048 kB
DirectMap1G:     7340032 kB

/sys/kernel/mm/transparent_hugepage/enabled: always [madvise] never
/sys/kernel/mm/transparent_hugepage/hpage_pmd_size: 2097152
/sys/kernel/mm/transparent_hugepage/defrag (defrag/compaction efforts parameter): always defer defer+madvise [madvise] never

Process Memory:
Virtual Size: 8383176K (peak: 8445688K)
Resident Set Size: 336208K (peak: 336208K) (anon: 291564K, file: 44644K, shmem: 0K)
Swapped out: 0K
C-Heap outstanding allocations: 87988K, retained: 31555K
glibc malloc tunables: (default)

/proc/sys/kernel/threads-max (system-wide limit on the number of threads): 123696
/proc/sys/vm/max_map_count (maximum number of memory map areas a process may have): 1048576
/proc/sys/vm/swappiness (control to define how aggressively the kernel swaps out anonymous memory): 60
/proc/sys/kernel/pid_max (system-wide limit on number of process identifiers): 4194304

container information not found.
Steal ticks since vm start: 0
Steal ticks percentage since vm start:  0.000

CPU: total 12 (initial active 12) (6 cores per cpu, 2 threads per core) family 6 model 151 stepping 5 microcode 0x3a, cx8, cmov, fxsr, ht, mmx, 3dnowpref, sse, sse2, sse3, ssse3, sse4.1, sse4.2, popcnt, lzcnt, tsc, tscinvbit, avx, avx2, aes, erms, clmul, bmi1, bmi2, adx, sha, fma, vzeroupper, clflush, clflushopt, clwb, serialize, rdtscp, rdpid, fsrm, f16c, pku, ospke, cet_ibt, cet_ss
CPU Model and flags from /proc/cpuinfo:
model name	: 12th Gen Intel(R) Core(TM) i5-12500T
flags		: fpu vme de pse tsc msr pae mce cx8 apic sep mtrr pge mca cmov pat pse36 clflush dts acpi mmx fxsr sse sse2 ss ht tm pbe syscall nx pdpe1gb rdtscp lm constant_tsc art arch_perfmon pebs bts rep_good nopl xtopology nonstop_tsc cpuid aperfmperf tsc_known_freq pni pclmulqdq dtes64 monitor ds_cpl vmx smx est tm2 ssse3 sdbg fma cx16 xtpr pdcm pcid sse4_1 sse4_2 x2apic movbe popcnt tsc_deadline_timer aes xsave avx f16c rdrand lahf_lm abm 3dnowprefetch cpuid_fault epb ssbd ibrs ibpb stibp ibrs_enhanced tpr_shadow flexpriority ept vpid ept_ad fsgsbase tsc_adjust bmi1 avx2 smep bmi2 erms invpcid rdseed adx smap clflushopt clwb intel_pt sha_ni xsaveopt xsavec xgetbv1 xsaves split_lock_detect user_shstk avx_vnni dtherm ida arat pln pts hwp hwp_notify hwp_act_window hwp_epp hwp_pkg_req hfi vnmi umip pku ospke waitpkg gfni vaes vpclmulqdq rdpid movdiri movdir64b fsrm md_clear serialize pconfig arch_lbr ibt flush_l1d arch_capabilities

Online cpus: 0-11
Offline cpus: 
BIOS frequency limitation: <Not Available>
Frequency switch latency (ns): 0
Available cpu frequencies: <Not Available>
Current governor: powersave
Core performance/turbo boost: <Not Available>

Memory: 4k page, physical 16048256k(9198692k free), swap 0k(0k free)
Page Sizes: 4k

vm_info: OpenJDK 64-Bit Server VM (21.0.8+9-Ubuntu-0ubuntu124.04.1) for linux-amd64 JRE (21.0.8+9-Ubuntu-0ubuntu124.04.1), built on 2025-07-16T21:55:59Z by "buildd" with gcc 13.3.0

END.
