#
# A fatal error has been detected by the Java Runtime Environment:
#
#  SIGSEGV (0xb) at pc=0x000071da939501e0, pid=769874, tid=770210
#
# JRE version: OpenJDK Runtime Environment (21.0.8+9) (build 21.0.8+9-Ubuntu-0ubuntu124.04.1)
# Java VM: OpenJDK 64-Bit Server VM (21.0.8+9-Ubuntu-0ubuntu124.04.1, mixed mode, sharing, tiered, compressed oops, compressed class ptrs, parallel gc, linux-amd64)
# Problematic frame:
# V  [libjvm.so+0xb501e0]  klassVtable::update_inherited_vtable(Thread*, methodHandle const&, int, int, GrowableArray<InstanceKlass*>*)+0x1e0
#
# Core dump will be written. Default location: Core dumps may be processed with "/usr/share/apport/apport -p%p -s%s -c%c -d%d -P%P -u%u -g%g -F%F -- %E" (or dumping to /home/mulroney/h-drive/Year3/SCC331/331Distributed/part1/core.769874)
#
# If you would like to submit a bug report, please visit:
#   https://bugs.launchpad.net/ubuntu/+source/openjdk-21
#

---------------  S U M M A R Y ------------

Command Line: --add-modules=ALL-SYSTEM --add-opens=java.base/java.util=ALL-UNNAMED --add-opens=java.base/java.lang=ALL-UNNAMED --add-opens=java.base/sun.nio.fs=ALL-UNNAMED -Declipse.application=org.eclipse.jdt.ls.core.id1 -Dosgi.bundles.defaultStartLevel=4 -Declipse.product=org.eclipse.jdt.ls.core.product -Djava.import.generatesMetadataFilesAtProjectRoot=false -DDetectVMInstallationsJob.disabled=true -Dfile.encoding=utf8 -XX:+UseParallelGC -XX:GCTimeRatio=4 -XX:AdaptiveSizePolicyWeight=90 -Dsun.zip.disableMemoryMapping=true -Xmx2G -Xms100m -Xlog:disable -javaagent:/home/mulroney/.vscode/extensions/redhat.java-1.46.2025100108/lombok/lombok-1.18.39-4050.jar -XX:+HeapDumpOnOutOfMemoryError -XX:HeapDumpPath=/home/mulroney/.config/Code/User/workspaceStorage/12b0b9412c28d26dad82d985a9a21889/redhat.java -Daether.dependencyCollector.impl=bf -XX:+UnlockDiagnosticVMOptions -XX:+AllowArchivingWithJavaAgent -XX:+AutoCreateSharedArchive -XX:SharedArchiveFile=/home/mulroney/.config/Code/User/globalStorage/redhat.java/1.46.2025100108/jdtls.jsa /home/mulroney/.vscode/extensions/redhat.java-1.46.2025100108/server/plugins/org.eclipse.equinox.launcher_1.7.0.v20250519-0528.jar -configuration /home/mulroney/.config/Code/User/globalStorage/redhat.java/1.46.2025100108/config_linux -data /home/mulroney/.config/Code/User/workspaceStorage/12b0b9412c28d26dad82d985a9a21889/redhat.java/jdt_ws --pipe=/run/user/226300/lsp-9020d17e6e7ca3faa8fcb18694407df1.sock

Host: 12th Gen Intel(R) Core(TM) i5-12500T, 12 cores, 15G, Ubuntu 24.04.3 LTS
Time: Fri Nov 21 13:38:15 2025 GMT elapsed time: 3.134022 seconds (0d 0h 0m 3s)

---------------  T H R E A D  ---------------

Current thread (0x000071d98c368d20):  JavaThread "ForkJoinPool.commonPool-worker-5" daemon [_thread_in_vm, id=770210, stack(0x000071d9d29fb000,0x000071d9d2afb000) (1024K)]

Stack: [0x000071d9d29fb000,0x000071d9d2afb000],  sp=0x000071d9d2af58f0,  free space=1002k
Native frames: (J=compiled Java code, j=interpreted, Vv=VM code, C=native code)
V  [libjvm.so+0xb501e0]  klassVtable::update_inherited_vtable(Thread*, methodHandle const&, int, int, GrowableArray<InstanceKlass*>*)+0x1e0
V  [libjvm.so+0xb52d83]  klassVtable::initialize_vtable(GrowableArray<InstanceKlass*>*)+0x133
V  [libjvm.so+0x8e35f7]  InstanceKlass::restore_unshareable_info(ClassLoaderData*, Handle, PackageEntry*, JavaThread*)+0xd7
V  [libjvm.so+0xf4d41d]  SystemDictionary::load_shared_class(InstanceKlass*, Handle, Handle, ClassFileStream const*, PackageEntry*, JavaThread*)+0x17d
V  [libjvm.so+0xf50c42]  SystemDictionaryShared::acquire_class_for_current_thread(InstanceKlass*, Handle, Handle, ClassFileStream const*, JavaThread*)+0xd2
V  [libjvm.so+0xf4b856]  SystemDictionary::resolve_class_from_stream(ClassFileStream*, Symbol*, Handle, ClassLoadInfo const&, JavaThread*)+0xa6
V  [libjvm.so+0x9fc2de]  jvm_define_class_common(char const*, _jobject*, signed char const*, int, _jobject*, char const*, JavaThread*)+0x20e
V  [libjvm.so+0x9fc54a]  JVM_DefineClassWithSource+0x6a
C  [libjava.so+0xf283]  Java_java_lang_ClassLoader_defineClass1+0x133
J 1064  java.lang.ClassLoader.defineClass1(Ljava/lang/ClassLoader;Ljava/lang/String;[BIILjava/security/ProtectionDomain;Ljava/lang/String;)Ljava/lang/Class; java.base@21.0.8 (0 bytes) @ 0x000071da7c333ee0 [0x000071da7c333da0+0x0000000000000140]
J 5730 c2 java.lang.ClassLoader.defineClass(Ljava/lang/String;[BIILjava/security/ProtectionDomain;)Ljava/lang/Class; java.base@21.0.8 (43 bytes) @ 0x000071da7c58c198 [0x000071da7c58b3e0+0x0000000000000db8]
J 2838 c1 org.eclipse.osgi.internal.loader.ModuleClassLoader.defineClass(Ljava/lang/String;[BLorg/eclipse/osgi/internal/loader/classpath/ClasspathEntry;)Lorg/eclipse/osgi/internal/loader/ModuleClassLoader$DefineClassResult; (67 bytes) @ 0x000071da74d3ef3c [0x000071da74d3ec20+0x000000000000031c]
J 6532 c1 org.eclipse.osgi.internal.loader.classpath.ClasspathManager.defineClass(Ljava/lang/String;[BLorg/eclipse/osgi/internal/loader/classpath/ClasspathEntry;Lorg/eclipse/osgi/storage/bundlefile/BundleEntry;Ljava/util/List;)Ljava/lang/Class; (636 bytes) @ 0x000071da7553a0a4 [0x000071da75538620+0x0000000000001a84]
J 6464 c1 org.eclipse.osgi.internal.loader.classpath.ClasspathManager.findClassImpl(Ljava/lang/String;Lorg/eclipse/osgi/internal/loader/classpath/ClasspathEntry;Ljava/util/List;)Ljava/lang/Class; (343 bytes) @ 0x000071da754dcc2c [0x000071da754d9a00+0x000000000000322c]
J 2621 c1 org.eclipse.osgi.internal.loader.classpath.ClasspathManager.findLocalClassImpl(Ljava/lang/String;[Lorg/eclipse/osgi/internal/loader/classpath/ClasspathEntry;Ljava/util/List;)Ljava/lang/Class; (55 bytes) @ 0x000071da74ccfebc [0x000071da74ccfd40+0x000000000000017c]
J 2412 c1 org.eclipse.osgi.internal.loader.classpath.ClasspathManager.findLocalClassImpl(Ljava/lang/String;Ljava/util/List;)Ljava/lang/Class; (132 bytes) @ 0x000071da74c497ec [0x000071da74c492c0+0x000000000000052c]
J 6745 c1 org.eclipse.osgi.internal.loader.classpath.ClasspathManager.findLocalClass(Ljava/lang/String;)Ljava/lang/Class; (210 bytes) @ 0x000071da75632504 [0x000071da75631840+0x0000000000000cc4]
J 2323 c1 org.eclipse.osgi.internal.loader.BundleLoader.findLocalClass(Ljava/lang/String;)Ljava/lang/Class; (166 bytes) @ 0x000071da74c13c44 [0x000071da74c130c0+0x0000000000000b84]
J 5399 c2 org.eclipse.osgi.internal.loader.BundleLoader.findClass0(Ljava/lang/String;ZZ)Ljava/lang/Class; (491 bytes) @ 0x000071da7c568718 [0x000071da7c566fe0+0x0000000000001738]
J 5143 c2 org.eclipse.osgi.internal.loader.ModuleClassLoader.loadClass(Ljava/lang/String;Z)Ljava/lang/Class; (36 bytes) @ 0x000071da7c5283ac [0x000071da7c5282c0+0x00000000000000ec]
J 4051 c2 java.lang.ClassLoader.loadClass(Ljava/lang/String;)Ljava/lang/Class; java.base@21.0.8 (7 bytes) @ 0x000071da7c4912ec [0x000071da7c4912a0+0x000000000000004c]
v  ~StubRoutines::call_stub 0x000071da7bd37cc6
V  [libjvm.so+0x911e2a]  JavaCalls::call_helper(JavaValue*, methodHandle const&, JavaCallArguments*, JavaThread*)+0x2da
V  [libjvm.so+0x913812]  JavaCalls::call_virtual(JavaValue*, Handle, Klass*, Symbol*, Symbol*, Handle, JavaThread*)+0x1b2
V  [libjvm.so+0xf4d739]  SystemDictionary::load_instance_class_impl(Symbol*, Handle, JavaThread*)+0x189
V  [libjvm.so+0xf4bcc0]  SystemDictionary::load_instance_class(Symbol*, Handle, JavaThread*)+0x20
V  [libjvm.so+0xf4c7fc]  SystemDictionary::resolve_instance_class_or_null(Symbol*, Handle, Handle, JavaThread*)+0x9fc
V  [libjvm.so+0xf4ced9]  SystemDictionary::resolve_super_or_fail(Symbol*, Symbol*, Handle, Handle, bool, JavaThread*)+0x359
V  [libjvm.so+0xf4d107]  SystemDictionary::check_shared_class_super_type(InstanceKlass*, InstanceKlass*, Handle, Handle, bool, JavaThread*)+0xc7
V  [libjvm.so+0xf4d18f]  SystemDictionary::check_shared_class_super_types(InstanceKlass*, Handle, Handle, JavaThread*)+0x3f
V  [libjvm.so+0xf4d387]  SystemDictionary::load_shared_class(InstanceKlass*, Handle, Handle, ClassFileStream const*, PackageEntry*, JavaThread*)+0xe7
V  [libjvm.so+0xf50c42]  SystemDictionaryShared::acquire_class_for_current_thread(InstanceKlass*, Handle, Handle, ClassFileStream const*, JavaThread*)+0xd2
V  [libjvm.so+0xf4b856]  SystemDictionary::resolve_class_from_stream(ClassFileStream*, Symbol*, Handle, ClassLoadInfo const&, JavaThread*)+0xa6
V  [libjvm.so+0x9fc2de]  jvm_define_class_common(char const*, _jobject*, signed char const*, int, _jobject*, char const*, JavaThread*)+0x20e
V  [libjvm.so+0x9fc54a]  JVM_DefineClassWithSource+0x6a
C  [libjava.so+0xf283]  Java_java_lang_ClassLoader_defineClass1+0x133
J 1064  java.lang.ClassLoader.defineClass1(Ljava/lang/ClassLoader;Ljava/lang/String;[BIILjava/security/ProtectionDomain;Ljava/lang/String;)Ljava/lang/Class; java.base@21.0.8 (0 bytes) @ 0x000071da7c333ee0 [0x000071da7c333da0+0x0000000000000140]
J 5730 c2 java.lang.ClassLoader.defineClass(Ljava/lang/String;[BIILjava/security/ProtectionDomain;)Ljava/lang/Class; java.base@21.0.8 (43 bytes) @ 0x000071da7c58c198 [0x000071da7c58b3e0+0x0000000000000db8]
J 2838 c1 org.eclipse.osgi.internal.loader.ModuleClassLoader.defineClass(Ljava/lang/String;[BLorg/eclipse/osgi/internal/loader/classpath/ClasspathEntry;)Lorg/eclipse/osgi/internal/loader/ModuleClassLoader$DefineClassResult; (67 bytes) @ 0x000071da74d3ef3c [0x000071da74d3ec20+0x000000000000031c]
J 6532 c1 org.eclipse.osgi.internal.loader.classpath.ClasspathManager.defineClass(Ljava/lang/String;[BLorg/eclipse/osgi/internal/loader/classpath/ClasspathEntry;Lorg/eclipse/osgi/storage/bundlefile/BundleEntry;Ljava/util/List;)Ljava/lang/Class; (636 bytes) @ 0x000071da7553a0a4 [0x000071da75538620+0x0000000000001a84]
J 6464 c1 org.eclipse.osgi.internal.loader.classpath.ClasspathManager.findClassImpl(Ljava/lang/String;Lorg/eclipse/osgi/internal/loader/classpath/ClasspathEntry;Ljava/util/List;)Ljava/lang/Class; (343 bytes) @ 0x000071da754dcc2c [0x000071da754d9a00+0x000000000000322c]
J 2621 c1 org.eclipse.osgi.internal.loader.classpath.ClasspathManager.findLocalClassImpl(Ljava/lang/String;[Lorg/eclipse/osgi/internal/loader/classpath/ClasspathEntry;Ljava/util/List;)Ljava/lang/Class; (55 bytes) @ 0x000071da74ccfebc [0x000071da74ccfd40+0x000000000000017c]
J 2412 c1 org.eclipse.osgi.internal.loader.classpath.ClasspathManager.findLocalClassImpl(Ljava/lang/String;Ljava/util/List;)Ljava/lang/Class; (132 bytes) @ 0x000071da74c497ec [0x000071da74c492c0+0x000000000000052c]
J 6745 c1 org.eclipse.osgi.internal.loader.classpath.ClasspathManager.findLocalClass(Ljava/lang/String;)Ljava/lang/Class; (210 bytes) @ 0x000071da75632504 [0x000071da75631840+0x0000000000000cc4]
J 2323 c1 org.eclipse.osgi.internal.loader.BundleLoader.findLocalClass(Ljava/lang/String;)Ljava/lang/Class; (166 bytes) @ 0x000071da74c13c44 [0x000071da74c130c0+0x0000000000000b84]
J 5399 c2 org.eclipse.osgi.internal.loader.BundleLoader.findClass0(Ljava/lang/String;ZZ)Ljava/lang/Class; (491 bytes) @ 0x000071da7c568718 [0x000071da7c566fe0+0x0000000000001738]
J 5143 c2 org.eclipse.osgi.internal.loader.ModuleClassLoader.loadClass(Ljava/lang/String;Z)Ljava/lang/Class; (36 bytes) @ 0x000071da7c5283ac [0x000071da7c5282c0+0x00000000000000ec]
J 4051 c2 java.lang.ClassLoader.loadClass(Ljava/lang/String;)Ljava/lang/Class; java.base@21.0.8 (7 bytes) @ 0x000071da7c4912ec [0x000071da7c4912a0+0x000000000000004c]
v  ~StubRoutines::call_stub 0x000071da7bd37cc6
V  [libjvm.so+0x911e2a]  JavaCalls::call_helper(JavaValue*, methodHandle const&, JavaCallArguments*, JavaThread*)+0x2da
V  [libjvm.so+0x913812]  JavaCalls::call_virtual(JavaValue*, Handle, Klass*, Symbol*, Symbol*, Handle, JavaThread*)+0x1b2
V  [libjvm.so+0xf4d739]  SystemDictionary::load_instance_class_impl(Symbol*, Handle, JavaThread*)+0x189
V  [libjvm.so+0xf4bcc0]  SystemDictionary::load_instance_class(Symbol*, Handle, JavaThread*)+0x20
V  [libjvm.so+0xf4c7fc]  SystemDictionary::resolve_instance_class_or_null(Symbol*, Handle, Handle, JavaThread*)+0x9fc
V  [libjvm.so+0xf4dbc2]  SystemDictionary::resolve_or_fail(Symbol*, Handle, Handle, bool, JavaThread*)+0x52
V  [libjvm.so+0xfed716]  VerificationType::resolve_and_check_assignability(InstanceKlass*, Symbol*, Symbol*, bool, bool, bool, JavaThread*)+0x2a6
V  [libjvm.so+0xf57b6e]  SystemDictionaryShared::check_verification_constraints(InstanceKlass*, JavaThread*)+0x16e
V  [libjvm.so+0x8e43f1]  InstanceKlass::link_class_impl(JavaThread*)+0x4b1
V  [libjvm.so+0x8e9873]  InstanceKlass::initialize_impl(JavaThread*)+0x2e3
V  [libjvm.so+0x906e08]  InterpreterRuntime::_new(JavaThread*, ConstantPool*, int)+0x138
j  org.eclipse.jdt.ls.core.internal.text.correction.RefactorProposalUtility.getExtractMethodProposal(Lorg/eclipse/lsp4j/CodeActionParams;Lorg/eclipse/jdt/ui/text/java/IInvocationContext;Lorg/eclipse/jdt/core/dom/ASTNode;ZLjava/util/Map;ZZ)Lorg/eclipse/jdt/ls/core/internal/corrections/ProposalKindWrapper;+103
j  org.eclipse.jdt.ls.core.internal.text.correction.RefactorProposalUtility.getExtractMethodCommandProposal(Lorg/eclipse/lsp4j/CodeActionParams;Lorg/eclipse/jdt/ui/text/java/IInvocationContext;Lorg/eclipse/jdt/core/dom/ASTNode;ZZ)Lorg/eclipse/jdt/ls/core/internal/corrections/ProposalKindWrapper;+8
j  org.eclipse.jdt.ls.core.internal.corrections.RefactorProcessor.getExtractMethodProposal(Lorg/eclipse/lsp4j/CodeActionParams;Lorg/eclipse/jdt/ui/text/java/IInvocationContext;Lorg/eclipse/jdt/core/dom/ASTNode;ZLjava/util/Collection;)Z+38
j  org.eclipse.jdt.ls.core.internal.corrections.RefactorProcessor.getProposals(Lorg/eclipse/lsp4j/CodeActionParams;Lorg/eclipse/jdt/ui/text/java/IInvocationContext;[Lorg/eclipse/jdt/ui/text/java/IProblemLocation;Lorg/eclipse/core/runtime/IProgressMonitor;)Ljava/util/List;+194
j  org.eclipse.jdt.ls.core.internal.handlers.CodeActionHandler.getCodeActionCommands(Lorg/eclipse/lsp4j/CodeActionParams;Lorg/eclipse/core/runtime/IProgressMonitor;)Ljava/util/List;+556
j  org.eclipse.jdt.ls.core.internal.handlers.JDTLanguageServer.lambda$15(Lorg/eclipse/jdt/ls/core/internal/handlers/CodeActionHandler;Lorg/eclipse/lsp4j/CodeActionParams;Lorg/eclipse/core/runtime/IProgressMonitor;)Ljava/util/List;+16
j  org.eclipse.jdt.ls.core.internal.handlers.JDTLanguageServer$$Lambda+0x000071da2c1f6678.apply(Ljava/lang/Object;)Ljava/lang/Object;+16
j  org.eclipse.jdt.ls.core.internal.BaseJDTLanguageServer.lambda$0(Ljava/util/function/Function;Lorg/eclipse/lsp4j/jsonrpc/CancelChecker;)Ljava/lang/Object;+6
j  org.eclipse.jdt.ls.core.internal.BaseJDTLanguageServer$$Lambda+0x000071da2c1c3cc0.apply(Ljava/lang/Object;)Ljava/lang/Object;+12
j  java.util.concurrent.CompletableFuture$UniApply.tryFire(I)Ljava/util/concurrent/CompletableFuture;+106 java.base@21.0.8
j  java.util.concurrent.CompletableFuture$Completion.exec()Z+2 java.base@21.0.8
j  java.util.concurrent.ForkJoinTask.doExec()I+10 java.base@21.0.8
j  java.util.concurrent.ForkJoinPool$WorkQueue.topLevelExec(Ljava/util/concurrent/ForkJoinTask;Ljava/util/concurrent/ForkJoinPool$WorkQueue;)V+19 java.base@21.0.8
j  java.util.concurrent.ForkJoinPool.scan(Ljava/util/concurrent/ForkJoinPool$WorkQueue;II)I+211 java.base@21.0.8
j  java.util.concurrent.ForkJoinPool.runWorker(Ljava/util/concurrent/ForkJoinPool$WorkQueue;)V+35 java.base@21.0.8
j  java.util.concurrent.ForkJoinWorkerThread.run()V+31 java.base@21.0.8
v  ~StubRoutines::call_stub 0x000071da7bd37cc6
V  [libjvm.so+0x911e2a]  JavaCalls::call_helper(JavaValue*, methodHandle const&, JavaCallArguments*, JavaThread*)+0x2da
V  [libjvm.so+0x913612]  JavaCalls::call_virtual(JavaValue*, Handle, Klass*, Symbol*, Symbol*, JavaThread*)+0x1a2
V  [libjvm.so+0x9ef2e3]  thread_entry(JavaThread*, JavaThread*)+0x93
V  [libjvm.so+0x929f66]  JavaThread::thread_main_inner()+0x1e6
V  [libjvm.so+0xf8dba7]  Thread::call_run()+0xa7
V  [libjvm.so+0xd044d5]  thread_native_entry(Thread*)+0xd5
C  [libc.so.6+0x9caa4]
Java frames: (J=compiled Java code, j=interpreted, Vv=VM code)
J 1064  java.lang.ClassLoader.defineClass1(Ljava/lang/ClassLoader;Ljava/lang/String;[BIILjava/security/ProtectionDomain;Ljava/lang/String;)Ljava/lang/Class; java.base@21.0.8 (0 bytes) @ 0x000071da7c333e65 [0x000071da7c333da0+0x00000000000000c5]
J 5730 c2 java.lang.ClassLoader.defineClass(Ljava/lang/String;[BIILjava/security/ProtectionDomain;)Ljava/lang/Class; java.base@21.0.8 (43 bytes) @ 0x000071da7c58c198 [0x000071da7c58b3e0+0x0000000000000db8]
J 2838 c1 org.eclipse.osgi.internal.loader.ModuleClassLoader.defineClass(Ljava/lang/String;[BLorg/eclipse/osgi/internal/loader/classpath/ClasspathEntry;)Lorg/eclipse/osgi/internal/loader/ModuleClassLoader$DefineClassResult; (67 bytes) @ 0x000071da74d3ef3c [0x000071da74d3ec20+0x000000000000031c]
J 6532 c1 org.eclipse.osgi.internal.loader.classpath.ClasspathManager.defineClass(Ljava/lang/String;[BLorg/eclipse/osgi/internal/loader/classpath/ClasspathEntry;Lorg/eclipse/osgi/storage/bundlefile/BundleEntry;Ljava/util/List;)Ljava/lang/Class; (636 bytes) @ 0x000071da7553a0a4 [0x000071da75538620+0x0000000000001a84]
J 6464 c1 org.eclipse.osgi.internal.loader.classpath.ClasspathManager.findClassImpl(Ljava/lang/String;Lorg/eclipse/osgi/internal/loader/classpath/ClasspathEntry;Ljava/util/List;)Ljava/lang/Class; (343 bytes) @ 0x000071da754dcc2c [0x000071da754d9a00+0x000000000000322c]
J 2621 c1 org.eclipse.osgi.internal.loader.classpath.ClasspathManager.findLocalClassImpl(Ljava/lang/String;[Lorg/eclipse/osgi/internal/loader/classpath/ClasspathEntry;Ljava/util/List;)Ljava/lang/Class; (55 bytes) @ 0x000071da74ccfebc [0x000071da74ccfd40+0x000000000000017c]
J 2412 c1 org.eclipse.osgi.internal.loader.classpath.ClasspathManager.findLocalClassImpl(Ljava/lang/String;Ljava/util/List;)Ljava/lang/Class; (132 bytes) @ 0x000071da74c497ec [0x000071da74c492c0+0x000000000000052c]
J 6745 c1 org.eclipse.osgi.internal.loader.classpath.ClasspathManager.findLocalClass(Ljava/lang/String;)Ljava/lang/Class; (210 bytes) @ 0x000071da75632504 [0x000071da75631840+0x0000000000000cc4]
J 2323 c1 org.eclipse.osgi.internal.loader.BundleLoader.findLocalClass(Ljava/lang/String;)Ljava/lang/Class; (166 bytes) @ 0x000071da74c13c44 [0x000071da74c130c0+0x0000000000000b84]
J 5399 c2 org.eclipse.osgi.internal.loader.BundleLoader.findClass0(Ljava/lang/String;ZZ)Ljava/lang/Class; (491 bytes) @ 0x000071da7c568718 [0x000071da7c566fe0+0x0000000000001738]
J 5143 c2 org.eclipse.osgi.internal.loader.ModuleClassLoader.loadClass(Ljava/lang/String;Z)Ljava/lang/Class; (36 bytes) @ 0x000071da7c5283ac [0x000071da7c5282c0+0x00000000000000ec]
J 4051 c2 java.lang.ClassLoader.loadClass(Ljava/lang/String;)Ljava/lang/Class; java.base@21.0.8 (7 bytes) @ 0x000071da7c4912ec [0x000071da7c4912a0+0x000000000000004c]
v  ~StubRoutines::call_stub 0x000071da7bd37cc6
J 1064  java.lang.ClassLoader.defineClass1(Ljava/lang/ClassLoader;Ljava/lang/String;[BIILjava/security/ProtectionDomain;Ljava/lang/String;)Ljava/lang/Class; java.base@21.0.8 (0 bytes) @ 0x000071da7c333e65 [0x000071da7c333da0+0x00000000000000c5]
J 5730 c2 java.lang.ClassLoader.defineClass(Ljava/lang/String;[BIILjava/security/ProtectionDomain;)Ljava/lang/Class; java.base@21.0.8 (43 bytes) @ 0x000071da7c58c198 [0x000071da7c58b3e0+0x0000000000000db8]
J 2838 c1 org.eclipse.osgi.internal.loader.ModuleClassLoader.defineClass(Ljava/lang/String;[BLorg/eclipse/osgi/internal/loader/classpath/ClasspathEntry;)Lorg/eclipse/osgi/internal/loader/ModuleClassLoader$DefineClassResult; (67 bytes) @ 0x000071da74d3ef3c [0x000071da74d3ec20+0x000000000000031c]
J 6532 c1 org.eclipse.osgi.internal.loader.classpath.ClasspathManager.defineClass(Ljava/lang/String;[BLorg/eclipse/osgi/internal/loader/classpath/ClasspathEntry;Lorg/eclipse/osgi/storage/bundlefile/BundleEntry;Ljava/util/List;)Ljava/lang/Class; (636 bytes) @ 0x000071da7553a0a4 [0x000071da75538620+0x0000000000001a84]
J 6464 c1 org.eclipse.osgi.internal.loader.classpath.ClasspathManager.findClassImpl(Ljava/lang/String;Lorg/eclipse/osgi/internal/loader/classpath/ClasspathEntry;Ljava/util/List;)Ljava/lang/Class; (343 bytes) @ 0x000071da754dcc2c [0x000071da754d9a00+0x000000000000322c]
J 2621 c1 org.eclipse.osgi.internal.loader.classpath.ClasspathManager.findLocalClassImpl(Ljava/lang/String;[Lorg/eclipse/osgi/internal/loader/classpath/ClasspathEntry;Ljava/util/List;)Ljava/lang/Class; (55 bytes) @ 0x000071da74ccfebc [0x000071da74ccfd40+0x000000000000017c]
J 2412 c1 org.eclipse.osgi.internal.loader.classpath.ClasspathManager.findLocalClassImpl(Ljava/lang/String;Ljava/util/List;)Ljava/lang/Class; (132 bytes) @ 0x000071da74c497ec [0x000071da74c492c0+0x000000000000052c]
J 6745 c1 org.eclipse.osgi.internal.loader.classpath.ClasspathManager.findLocalClass(Ljava/lang/String;)Ljava/lang/Class; (210 bytes) @ 0x000071da75632504 [0x000071da75631840+0x0000000000000cc4]
J 2323 c1 org.eclipse.osgi.internal.loader.BundleLoader.findLocalClass(Ljava/lang/String;)Ljava/lang/Class; (166 bytes) @ 0x000071da74c13c44 [0x000071da74c130c0+0x0000000000000b84]
J 5399 c2 org.eclipse.osgi.internal.loader.BundleLoader.findClass0(Ljava/lang/String;ZZ)Ljava/lang/Class; (491 bytes) @ 0x000071da7c568718 [0x000071da7c566fe0+0x0000000000001738]
J 5143 c2 org.eclipse.osgi.internal.loader.ModuleClassLoader.loadClass(Ljava/lang/String;Z)Ljava/lang/Class; (36 bytes) @ 0x000071da7c5283ac [0x000071da7c5282c0+0x00000000000000ec]
J 4051 c2 java.lang.ClassLoader.loadClass(Ljava/lang/String;)Ljava/lang/Class; java.base@21.0.8 (7 bytes) @ 0x000071da7c4912ec [0x000071da7c4912a0+0x000000000000004c]
v  ~StubRoutines::call_stub 0x000071da7bd37cc6
j  org.eclipse.jdt.ls.core.internal.text.correction.RefactorProposalUtility.getExtractMethodProposal(Lorg/eclipse/lsp4j/CodeActionParams;Lorg/eclipse/jdt/ui/text/java/IInvocationContext;Lorg/eclipse/jdt/core/dom/ASTNode;ZLjava/util/Map;ZZ)Lorg/eclipse/jdt/ls/core/internal/corrections/ProposalKindWrapper;+103
j  org.eclipse.jdt.ls.core.internal.text.correction.RefactorProposalUtility.getExtractMethodCommandProposal(Lorg/eclipse/lsp4j/CodeActionParams;Lorg/eclipse/jdt/ui/text/java/IInvocationContext;Lorg/eclipse/jdt/core/dom/ASTNode;ZZ)Lorg/eclipse/jdt/ls/core/internal/corrections/ProposalKindWrapper;+8
j  org.eclipse.jdt.ls.core.internal.corrections.RefactorProcessor.getExtractMethodProposal(Lorg/eclipse/lsp4j/CodeActionParams;Lorg/eclipse/jdt/ui/text/java/IInvocationContext;Lorg/eclipse/jdt/core/dom/ASTNode;ZLjava/util/Collection;)Z+38
j  org.eclipse.jdt.ls.core.internal.corrections.RefactorProcessor.getProposals(Lorg/eclipse/lsp4j/CodeActionParams;Lorg/eclipse/jdt/ui/text/java/IInvocationContext;[Lorg/eclipse/jdt/ui/text/java/IProblemLocation;Lorg/eclipse/core/runtime/IProgressMonitor;)Ljava/util/List;+194
j  org.eclipse.jdt.ls.core.internal.handlers.CodeActionHandler.getCodeActionCommands(Lorg/eclipse/lsp4j/CodeActionParams;Lorg/eclipse/core/runtime/IProgressMonitor;)Ljava/util/List;+556
j  org.eclipse.jdt.ls.core.internal.handlers.JDTLanguageServer.lambda$15(Lorg/eclipse/jdt/ls/core/internal/handlers/CodeActionHandler;Lorg/eclipse/lsp4j/CodeActionParams;Lorg/eclipse/core/runtime/IProgressMonitor;)Ljava/util/List;+16
j  org.eclipse.jdt.ls.core.internal.handlers.JDTLanguageServer$$Lambda+0x000071da2c1f6678.apply(Ljava/lang/Object;)Ljava/lang/Object;+16
j  org.eclipse.jdt.ls.core.internal.BaseJDTLanguageServer.lambda$0(Ljava/util/function/Function;Lorg/eclipse/lsp4j/jsonrpc/CancelChecker;)Ljava/lang/Object;+6
j  org.eclipse.jdt.ls.core.internal.BaseJDTLanguageServer$$Lambda+0x000071da2c1c3cc0.apply(Ljava/lang/Object;)Ljava/lang/Object;+12
j  java.util.concurrent.CompletableFuture$UniApply.tryFire(I)Ljava/util/concurrent/CompletableFuture;+106 java.base@21.0.8
j  java.util.concurrent.CompletableFuture$Completion.exec()Z+2 java.base@21.0.8
j  java.util.concurrent.ForkJoinTask.doExec()I+10 java.base@21.0.8
j  java.util.concurrent.ForkJoinPool$WorkQueue.topLevelExec(Ljava/util/concurrent/ForkJoinTask;Ljava/util/concurrent/ForkJoinPool$WorkQueue;)V+19 java.base@21.0.8
j  java.util.concurrent.ForkJoinPool.scan(Ljava/util/concurrent/ForkJoinPool$WorkQueue;II)I+211 java.base@21.0.8
j  java.util.concurrent.ForkJoinPool.runWorker(Ljava/util/concurrent/ForkJoinPool$WorkQueue;)V+35 java.base@21.0.8
j  java.util.concurrent.ForkJoinWorkerThread.run()V+31 java.base@21.0.8
v  ~StubRoutines::call_stub 0x000071da7bd37cc6

siginfo: si_signo: 11 (SIGSEGV), si_code: 1 (SEGV_MAPERR), si_addr: 0x0000000000000008

Registers:
RAX=0x000071da26d8bb08, RBX=0x0000000000000000, RCX=0x000071d98c369568, RDX=0x00000000000001d0
RSP=0x000071d9d2af58f0, RBP=0x000071d9d2af59c0, RSI=0x0000000000000000, RDI=0x000071d98c369460
R8 =0x000071da264899e0, R9 =0x000071da26d8bb08, R10=0x000071d9d2af5a20, R11=0x0000000080453018
R12=0x000071d9d2af5a80, R13=0x000071da265b58f0, R14=0x000000000000000d, R15=0x0000000000000000
RIP=0x000071da939501e0, EFLAGS=0x0000000000010202, CSGSFS=0x002b000000000033, ERR=0x0000000000000004
  TRAPNO=0x000000000000000e

XMM[0]=0x000071d98c368d20 0x000071da26d8d350
XMM[1]=0x0000000000000000 0x0000000000000000
XMM[2]=0x0000000000000000 0x000071d98c368d20
XMM[3]=0x0000000000000000 0x0000000000000000
XMM[4]=0xf86f000000000021 0x000000010000001c
XMM[5]=0xca7c1da2e93e9eb4 0xa0d71e56ccec67a2
XMM[6]=0x967cdfa234660f89 0xbc63bf62b878fe9c
XMM[7]=0x09a1544bb3bd9c89 0xb83e9f01d1a1aabc
XMM[8]=0x8b7029d6d5240c5e 0x6dcdebcc449e3fcd
XMM[9]=0x943d29b2943d29b2 0x943d29b253edc4ff
XMM[10]=0x0000000000000000 0x00000000bfb09b4d
XMM[11]=0xeba17eaeeba17eae 0xeba17eae3f8f43ad
XMM[12]=0x0000000000000000 0x0000000053edc4ff
XMM[13]=0x0000000000000000 0x0000000020074057
XMM[14]=0x0000000000000000 0xdef8cd353d8612b7
XMM[15]=0x0000000000000000 0x0000000000000000
  MXCSR=0x00001fa2


Register to memory mapping:

RAX=0x000071da26d8bb08 is a pointer to class: 
org.eclipse.jdt.core.refactoring.descriptors.JavaRefactoringDescriptor {0x000071da26d8bb08}
 - instance size:     6
 - klass size:        80
 - access:            public synchronized abstract 
 - flags:             has_nonstatic_fields should_verify_class has_localvariable_table 
 - state:             allocated
 - name:              'org/eclipse/jdt/core/refactoring/descriptors/JavaRefactoringDescriptor'
 - super:             'org/eclipse/ltk/core/refactoring/RefactoringDescriptor'
 - sub:               
 - arrays:            null
 - methods:           Array<T>(0x000071da29746588)
 - method ordering:   Array<T>(0x000071da29746610)
 - local interfaces:  Array<T>(0x000071da2661bd20)
 - trans. interfaces: Array<T>(0x000071da29746438)
 - secondary supers: Array<T>(0x000071da29746438)
 - hash_slot:         61
 - bitmap:            0x0000000000001000
 - constants:         constant pool [262] {0x000071da26d8bd88} for 'org/eclipse/jdt/core/refactoring/descriptors/JavaRefactoringDescriptor'
 - class loader data:  loader data: 0x000071d9c8549aa0 for instance a 'org/eclipse/osgi/internal/loader/EquinoxClassLoader'{0x0000000080453018}
 - source file:       'JavaRefactoringDescriptor.java'
 - inner classes:     Array<T>(0x000071da2661bca8)
 - nest members:     Array<T>(0x000071da2661bca8)
 - permitted subclasses:     Array<T>(0x000071da2661bca8)
 - java mirror:       a 'java/lang/Class'{0x00000000d6061288} = 'org/eclipse/jdt/core/refactoring/descriptors/JavaRefactoringDescriptor'
 - vtable length      16  (start addr: 0x000071da26d8bcd8)
 - itable length      5 (start addr: 0x000071da26d8bd58)
 - ---- static fields (5 words):
 - protected static final 'ATTRIBUTE_ELEMENT' 'Ljava/lang/String;' @112 
 - protected static final 'ATTRIBUTE_INPUT' 'Ljava/lang/String;' @116 
 - protected static final 'ATTRIBUTE_NAME' 'Ljava/lang/String;' @120 
 - protected static final 'ATTRIBUTE_REFERENCES' 'Ljava/lang/String;' @124 
 - protected static final 'ATTRIBUTE_SELECTION' 'Ljava/lang/String;' @128 
 - protected static final 'ATTRIBUTE_VERSION' 'Ljava/lang/String;' @132 
 - public static final 'JAR_MIGRATION' 'I' @140 
 - public static final 'JAR_REFACTORING' 'I' @144 
 - public static final 'JAR_SOURCE_ATTACHMENT' 'I' @148 
 - protected static final 'VALUE_VERSION_1_0' 'Ljava/lang/String;' @136 
 - ---- non-static fields (8 words):
 - private 'fFlags' 'I' @12 
 - private 'fTimeStamp' 'J' @16 
 - private 'fComment' 'Ljava/lang/String;' @24 
 - private 'fDescription' 'Ljava/lang/String;' @28 
 - private 'fProject' 'Ljava/lang/String;' @32 
 - private final 'fRefactoringId' 'Ljava/lang/String;' @36 
 - protected final 'fArguments' 'Ljava/util/Map;' @40 
 - non-static oop maps: 24-40 
RBX=0x0 is null
RCX=0x000071d98c369568 points into unknown readable memory: 0x0000000080453018 | 18 30 45 80 00 00 00 00
RDX=0x00000000000001d0 is an unknown value
RSP=0x000071d9d2af58f0 is pointing into the stack for thread: 0x000071d98c368d20
RBP=0x000071d9d2af59c0 is pointing into the stack for thread: 0x000071d98c368d20
RSI=0x0 is null
RDI=0x000071d98c369460 points into unknown readable memory: 0x0000000000000002 | 02 00 00 00 00 00 00 00
R8 =0x000071da264899e0 is pointing into metadata
R9 =0x000071da26d8bb08 is a pointer to class: 
org.eclipse.jdt.core.refactoring.descriptors.JavaRefactoringDescriptor {0x000071da26d8bb08}
 - instance size:     6
 - klass size:        80
 - access:            public synchronized abstract 
 - flags:             has_nonstatic_fields should_verify_class has_localvariable_table 
 - state:             allocated
 - name:              'org/eclipse/jdt/core/refactoring/descriptors/JavaRefactoringDescriptor'
 - super:             'org/eclipse/ltk/core/refactoring/RefactoringDescriptor'
 - sub:               
 - arrays:            null
 - methods:           Array<T>(0x000071da29746588)
 - method ordering:   Array<T>(0x000071da29746610)
 - local interfaces:  Array<T>(0x000071da2661bd20)
 - trans. interfaces: Array<T>(0x000071da29746438)
 - secondary supers: Array<T>(0x000071da29746438)
 - hash_slot:         61
 - bitmap:            0x0000000000001000
 - constants:         constant pool [262] {0x000071da26d8bd88} for 'org/eclipse/jdt/core/refactoring/descriptors/JavaRefactoringDescriptor'
 - class loader data:  loader data: 0x000071d9c8549aa0 for instance a 'org/eclipse/osgi/internal/loader/EquinoxClassLoader'{0x0000000080453018}
 - source file:       'JavaRefactoringDescriptor.java'
 - inner classes:     Array<T>(0x000071da2661bca8)
 - nest members:     Array<T>(0x000071da2661bca8)
 - permitted subclasses:     Array<T>(0x000071da2661bca8)
 - java mirror:       a 'java/lang/Class'{0x00000000d6061288} = 'org/eclipse/jdt/core/refactoring/descriptors/JavaRefactoringDescriptor'
 - vtable length      16  (start addr: 0x000071da26d8bcd8)
 - itable length      5 (start addr: 0x000071da26d8bd58)
 - ---- static fields (5 words):
 - protected static final 'ATTRIBUTE_ELEMENT' 'Ljava/lang/String;' @112 
 - protected static final 'ATTRIBUTE_INPUT' 'Ljava/lang/String;' @116 
 - protected static final 'ATTRIBUTE_NAME' 'Ljava/lang/String;' @120 
 - protected static final 'ATTRIBUTE_REFERENCES' 'Ljava/lang/String;' @124 
 - protected static final 'ATTRIBUTE_SELECTION' 'Ljava/lang/String;' @128 
 - protected static final 'ATTRIBUTE_VERSION' 'Ljava/lang/String;' @132 
 - public static final 'JAR_MIGRATION' 'I' @140 
 - public static final 'JAR_REFACTORING' 'I' @144 
 - public static final 'JAR_SOURCE_ATTACHMENT' 'I' @148 
 - protected static final 'VALUE_VERSION_1_0' 'Ljava/lang/String;' @136 
 - ---- non-static fields (8 words):
 - private 'fFlags' 'I' @12 
 - private 'fTimeStamp' 'J' @16 
 - private 'fComment' 'Ljava/lang/String;' @24 
 - private 'fDescription' 'Ljava/lang/String;' @28 
 - private 'fProject' 'Ljava/lang/String;' @32 
 - private final 'fRefactoringId' 'Ljava/lang/String;' @36 
 - protected final 'fArguments' 'Ljava/util/Map;' @40 
 - non-static oop maps: 24-40 
R10=0x000071d9d2af5a20 is pointing into the stack for thread: 0x000071d98c368d20
R11=0x0000000080453018 is an oop: org.eclipse.osgi.internal.loader.EquinoxClassLoader 
{0x0000000080453018} - klass: 'org/eclipse/osgi/internal/loader/EquinoxClassLoader'
 - ---- fields (total size 14 words):
 - private 'defaultAssertionStatus' 'Z' @12  false (0x00)
 - injected 'loader_data' 'J' @16  125180182829728 (0x000071d9c8549aa0)
 - private final 'parent' 'Ljava/lang/ClassLoader;' @24  a 'jdk/internal/loader/ClassLoaders$PlatformClassLoader'{0x00000000807a1230} (0x807a1230)
 - private final 'name' 'Ljava/lang/String;' @28  null (0x00000000)
 - private final 'unnamedModule' 'Ljava/lang/Module;' @32  a 'java/lang/Module'{0x0000000080453088} (0x80453088)
 - private final 'nameAndId' 'Ljava/lang/String;' @36  "org.eclipse.osgi.internal.loader.EquinoxClassLoader @6984c05"{0x00000000804530c0} (0x804530c0)
 - private final 'parallelLockMap' 'Ljava/util/concurrent/ConcurrentHashMap;' @40  a 'java/util/concurrent/ConcurrentHashMap'{0x0000000080453128} (0x80453128)
 - private final 'package2certs' 'Ljava/util/concurrent/ConcurrentHashMap;' @44  a 'java/util/concurrent/ConcurrentHashMap'{0x0000000080453168} (0x80453168)
 - private final 'classes' 'Ljava/util/ArrayList;' @48  a 'java/util/ArrayList'{0x00000000804531a8} (0x804531a8)
 - private final 'defaultDomain' 'Ljava/security/ProtectionDomain;' @52  a 'java/security/ProtectionDomain'{0x00000000804531c0} (0x804531c0)
 - private final 'packages' 'Ljava/util/concurrent/ConcurrentHashMap;' @56  a 'java/util/concurrent/ConcurrentHashMap'{0x0000000080453230} (0x80453230)
 - private final 'libraries' 'Ljdk/internal/loader/NativeLibraries;' @60  a 'jdk/internal/loader/NativeLibraries'{0x0000000080453270} (0x80453270)
 - final 'assertionLock' 'Ljava/lang/Object;' @64  a 'java/lang/Object'{0x00000000804532d0} (0x804532d0)
 - private 'packageAssertionStatus' 'Ljava/util/Map;' @68  null (0x00000000)
 - 'classAssertionStatus' 'Ljava/util/Map;' @72  null (0x00000000)
 - private volatile 'classLoaderValueMap' 'Ljava/util/concurrent/ConcurrentHashMap;' @76  null (0x00000000)
 - private final 'classNameLocks' 'Lorg/eclipse/osgi/internal/container/KeyBasedLockStore;' @80  a 'org/eclipse/osgi/internal/container/KeyBasedLockStore'{0x00000000804532e0} (0x804532e0)
 - private final 'pkgLock' 'Ljava/lang/Object;' @84  a 'java/lang/Object'{0x00000000804533a0} (0x804533a0)
 - public volatile 'lombok$shadowLoader' 'Ljava/lang/ClassLoader;' @88  null (0x00000000)
 - private final 'configuration' 'Lorg/eclipse/osgi/internal/framework/EquinoxConfiguration;' @92  a 'org/eclipse/osgi/internal/framework/EquinoxConfiguration'{0x00000000807ad668} (0x807ad668)
 - private final 'debug' 'Lorg/eclipse/osgi/internal/debug/Debug;' @96  a 'org/eclipse/osgi/internal/debug/Debug'{0x00000000807ae1c0} (0x807ae1c0)
 - private final 'delegate' 'Lorg/eclipse/osgi/internal/loader/BundleLoader;' @100  a 'org/eclipse/osgi/internal/loader/BundleLoader'{0x000000008043d600} (0x8043d600)
 - private final 'generation' 'Lorg/eclipse/osgi/storage/BundleInfo$Generation;' @104  a 'org/eclipse/osgi/storage/BundleInfo$Generation'{0x00000000802cc148} (0x802cc148)
 - private final 'manager' 'Lorg/eclipse/osgi/internal/loader/classpath/ClasspathManager;' @108  a 'org/eclipse/osgi/internal/loader/classpath/ClasspathManager'{0x00000000804533b0} (0x804533b0)
R12=0x000071d9d2af5a80 is pointing into the stack for thread: 0x000071d98c368d20
R13=0x000071da265b58f0 is pointing into metadata
R14=0x000000000000000d is an unknown value
R15=0x0 is null

Top of Stack: (sp=0x000071d9d2af58f0)
0x000071d9d2af58f0:   000071d9d2af5910 000071da93ab771a
0x000071d9d2af5900:   000071d9c8549aa0 000071d98c369530
0x000071d9d2af5910:   000071da264899e0 000071da265b58f0
0x000071d9d2af5920:   000071da28d0a968 000071d9d2af5950
0x000071d9d2af5930:   000071da26d8a178 0000000000000000
0x000071d9d2af5940:   0000000000000000 01000000ffffffff
0x000071d9d2af5950:   000071d98c368d20 000071d98c369460
0x000071d9d2af5960:   000071d98c3694a0 000071d98c369568
0x000071d9d2af5970:   000071d98c369588 00000000000000d8
0x000071d9d2af5980:   000071d9d2af5b10 000071da937263ec
0x000071d9d2af5990:   000071da94326810 000071d9d2af5a80
0x000071d9d2af59a0:   000000000000000d 000071d9d2af5a20
0x000071d9d2af59b0:   000000000000000d 000071da29746598
0x000071d9d2af59c0:   000071d9d2af5a60 000071da93952d83
0x000071d9d2af59d0:   000071d98c369528 000071d98c369420
0x000071d9d2af59e0:   000071d9d2af5a60 000071da9394e440
0x000071d9d2af59f0:   000071d9f86f5020 000071d9f86f5030
0x000071d9d2af5a00:   000071da29746608 000071d9f86f5030
0x000071d9d2af5a10:   0000000000000000 000071d98c368d20
0x000071d9d2af5a20:   000071da26d8d350 000071d98c368d20
0x000071d9d2af5a30:   000071d9d2af5a90 000071d98c368d20
0x000071d9d2af5a40:   000071d9d2af5a80 000071da26d8bb08
0x000071d9d2af5a50:   000071da29746608 0000000000000000
0x000071d9d2af5a60:   000071d9d2af5ac0 000071da936e35f7
0x000071d9d2af5a70:   000071d9d2af5b80 000071da9341cdba
0x000071d9d2af5a80:   000071da26d8bb08 00000010000001d0
0x000071d9d2af5a90:   000071d9d2af5ad0 000071da26d8bb08
0x000071d9d2af5aa0:   000071da26d8bb08 000071d98c368d20
0x000071d9d2af5ab0:   000071d98c369518 000071d98c369510
0x000071d9d2af5ac0:   000071d9d2af5b80 000071da93d4d41d
0x000071d9d2af5ad0:   000071d9d2af5b10 000071d9d2af5af0
0x000071d9d2af5ae0:   000071d9c8549aa0 0000000000000000 

Instructions: (pc=0x000071da939501e0)
0x000071da939500e0:   ff 4d 85 c9 0f 84 a6 02 00 00 48 8d 45 90 4c 89
0x000071da939500f0:   fe 4c 89 85 58 ff ff ff 48 89 c7 4c 89 8d 60 ff
0x000071da93950100:   ff ff 48 89 85 68 ff ff ff e8 f2 dc d4 ff 4c 8b
0x000071da93950110:   8d 60 ff ff ff 4c 8b 85 58 ff ff ff 49 8b 81 98
0x000071da93950120:   00 00 00 48 8b 78 08 48 85 ff 0f 84 58 02 00 00
0x000071da93950130:   4c 89 85 58 ff ff ff 4c 89 8d 60 ff ff ff ff 15
0x000071da93950140:   cc 4e 97 00 4c 8b 8d 60 ff ff ff 4c 8b 85 58 ff
0x000071da93950150:   ff ff 48 85 c0 49 89 c3 0f 84 2a 02 00 00 49 8b
0x000071da93950160:   bf 20 03 00 00 48 8b 4f 18 48 8b 47 20 48 29 c8
0x000071da93950170:   48 83 f8 07 0f 86 8e 02 00 00 48 8d 41 08 48 89
0x000071da93950180:   47 18 4c 89 19 49 8b 41 18 48 89 85 60 ff ff ff
0x000071da93950190:   85 db 0f 8e d8 01 00 00 4c 63 cb 4d 89 f2 31 db
0x000071da939501a0:   4d 89 ce 4d 89 e9 4d 89 c5 4c 8b 85 50 ff ff ff
0x000071da939501b0:   eb 52 66 0f 1f 44 00 00 48 8d 35 d9 5c 9d 00 80
0x000071da939501c0:   3e 00 75 58 83 e2 08 74 53 48 8b 85 70 ff ff ff
0x000071da939501d0:   48 8b b4 d8 d0 01 00 00 0f 1f 84 00 00 00 00 00
0x000071da939501e0:   48 8b 46 08 48 8b 50 08 0f b7 78 24 4c 3b 6c fa
0x000071da939501f0:   48 0f 84 91 00 00 00 48 83 c3 01 4c 39 f3 0f 84
0x000071da93950200:   6c 01 00 00 49 8b 04 24 4c 8d 3c dd 00 00 00 00
0x000071da93950210:   0f b7 90 c2 00 00 00 f6 c2 01 75 9c 49 63 54 24
0x000071da93950220:   08 4c 01 f8 48 8b 34 10 eb b6 66 0f 1f 44 00 00
0x000071da93950230:   48 8b 3a be fe ff ff ff e8 73 51 13 00 c6 45 8e
0x000071da93950240:   00 48 c7 45 80 00 00 00 00 e9 fb fd ff ff 66 90
0x000071da93950250:   c6 45 8f 01 41 f6 85 b1 00 00 00 02 0f 84 47 fe
0x000071da93950260:   ff ff 80 7d 8e 00 49 8b 3e 74 0a 83 7f 2c f7 0f
0x000071da93950270:   8c 30 fe ff ff be f7 ff ff ff e8 31 51 13 00 e9
0x000071da93950280:   21 fe ff ff 0f 1f 40 00 0f b7 40 26 4c 3b 44 c2
0x000071da93950290:   48 0f 85 60 ff ff ff 41 f6 81 b1 00 00 00 02 0f
0x000071da939502a0:   85 fb 00 00 00 8b 46 28 a8 02 0f 85 47 ff ff ff
0x000071da939502b0:   80 7d 8e 00 4c 8b 5a 18 0f 84 aa 01 00 00 49 8b
0x000071da939502c0:   12 8b 42 28 89 c6 83 e6 01 0f 84 81 01 00 00 c6
0x000071da939502d0:   45 8f 00 49 8b 04 24 0f b7 b0 c2 00 00 00 40 f6 


Stack slot to memory mapping:

stack at sp + 0 slots: 0x000071d9d2af5910 is pointing into the stack for thread: 0x000071d98c368d20
stack at sp + 1 slots: 0x000071da93ab771a: <offset 0x0000000000cb771a> in /usr/lib/jvm/java-21-openjdk-amd64/lib/server/libjvm.so at 0x000071da92e00000
stack at sp + 2 slots: 0x000071d9c8549aa0 points into unknown readable memory: 0x000071d9c8539fa0 | a0 9f 53 c8 d9 71 00 00
stack at sp + 3 slots: 0x000071d98c369530 points into unknown readable memory: 0x00000000d6061288 | 88 12 06 d6 00 00 00 00
stack at sp + 4 slots: 0x000071da264899e0 is pointing into metadata
stack at sp + 5 slots: 0x000071da265b58f0 is pointing into metadata
stack at sp + 6 slots: 0x000071da28d0a968 is pointing into metadata
stack at sp + 7 slots: 0x000071d9d2af5950 is pointing into the stack for thread: 0x000071d98c368d20


Compiled method (n/a) 3149 1064     n 0       java.lang.ClassLoader::defineClass1 (native)
 total in heap  [0x000071da7c333c10,0x000071da7c334020] = 1040
 relocation     [0x000071da7c333d68,0x000071da7c333da0] = 56
 main code      [0x000071da7c333da0,0x000071da7c33401f] = 639
 stub code      [0x000071da7c33401f,0x000071da7c334020] = 1

[Constant Pool (empty)]

[MachCode]
[Entry Point]
  # {method} {0x000071da26436c30} 'defineClass1' '(Ljava/lang/ClassLoader;Ljava/lang/String;[BIILjava/security/ProtectionDomain;Ljava/lang/String;)Ljava/lang/Class;' in 'java/lang/ClassLoader'
  # parm0:    rsi:rsi   = 'java/lang/ClassLoader'
  # parm1:    rdx:rdx   = 'java/lang/String'
  # parm2:    rcx:rcx   = '[B'
  # parm3:    r8        = int
  # parm4:    r9        = int
  # parm5:    rdi:rdi   = 'java/security/ProtectionDomain'
  # parm6:    [sp+0x70]   = 'java/lang/String'  (sp of caller)
  0x000071da7c333da0: 448b 5608 | 49bb 0000 | 0026 da71 | 0000 4d03 | d349 3bc2 | 0f84 0600 

  0x000071da7c333db8: ;   {runtime_call ic_miss_stub}
  0x000071da7c333db8: 0000 e9c1 | 0fa5 ff90 
[Verified Entry Point]
  0x000071da7c333dc0: 8984 2400 | c0fe ff55 | 488b ec48 | 83ec 6090 | 4181 7f20 | 0200 0000 

  0x000071da7c333dd8: ;   {runtime_call StubRoutines (final stubs)}
  0x000071da7c333dd8: 7405 e801 | b2a3 ff48 | 837d 1000 | 488d 4510 | 480f 4445 | 1048 8944 | 2410 4889 | 7c24 4048 
  0x000071da7c333df8: 83ff 0048 | 8d44 2440 | 480f 4444 | 2440 4889 | 4424 084c | 890c 244d | 8bc8 4889 | 4c24 2848 
  0x000071da7c333e18: 83f9 004c | 8d44 2428 | 4c0f 4444 | 2428 4889 | 5424 2048 | 83fa 0048 | 8d4c 2420 | 480f 444c 
  0x000071da7c333e38: 2420 4889 | 7424 1848 | 83fe 0048 | 8d54 2418 | 480f 4454 

  0x000071da7c333e4c: ;   {oop(a 'java/lang/Class'{0x0000000080080dd8} = 'java/lang/ClassLoader')}
  0x000071da7c333e4c: 2418 49be | d80d 0880 | 0000 0000 | 4c89 7424 | 484c 8d74 | 2448 498b | f6c5 f877 

  0x000071da7c333e68: ;   {internal_word}
  0x000071da7c333e68: 49ba 653e | 337c da71 | 0000 4d89 | 97a0 0300 | 0049 89a7 | 9803 0000 

  0x000071da7c333e80: ;   {external_word}
  0x000071da7c333e80: 803d ae71 | fd17 000f | 843c 0000 | 0056 5251 | 4150 4151 

  0x000071da7c333e94: ;   {metadata({method} {0x000071da26436c30} 'defineClass1' '(Ljava/lang/ClassLoader;Ljava/lang/String;[BIILjava/security/ProtectionDomain;Ljava/lang/String;)Ljava/lang/Class;' in 'java/lang/ClassLoader')}
  0x000071da7c333e94: 48be 306c | 4326 da71 | 0000 498b | ff40 f6c4 | 0f0f 8412 | 0000 0048 

  0x000071da7c333eac: ;   {runtime_call SharedRuntime::dtrace_method_entry(JavaThread*, Method*)}
  0x000071da7c333eac: 83ec 08e8 | fce1 8817 | 4883 c408 | e905 0000 

  0x000071da7c333ebc: ;   {runtime_call SharedRuntime::dtrace_method_entry(JavaThread*, Method*)}
  0x000071da7c333ebc: 00e8 eee1 | 8817 4159 | 4158 595a | 5e49 8dbf | b803 0000 | 41c7 8744 | 0400 0004 

  0x000071da7c333ed8: ;   {runtime_call Java_java_lang_ClassLoader_defineClass1}
  0x000071da7c333ed8: 0000 00e8 | 7072 0b18 | c5f8 7741 | c787 4404 | 0000 0500 | 0000 f083 | 4424 c000 | 493b af48 
  0x000071da7c333ef8: 0400 000f | 870e 0000 | 0041 83bf | 4004 0000 | 000f 8424 | 0000 00c5 | f877 4889 | 45f8 498b 
  0x000071da7c333f18: ff4c 8be4 | 4883 ec00 | 4883 e4f0 

  0x000071da7c333f24: ;   {runtime_call JavaThread::check_special_condition_for_native_trans(JavaThread*)}
  0x000071da7c333f24: e8e7 6a3f | 1749 8be4 | 4d33 e448 | 8b45 f841 | c787 4404 | 0000 0800 | 0000 4183 | bfc0 0400 
  0x000071da7c333f44: 0002 0f84 | ad00 0000 

  0x000071da7c333f4c: ;   {external_word}
  0x000071da7c333f4c: 803d e270 | fd17 000f | 8436 0000 | 0048 8945 

  0x000071da7c333f5c: ;   {metadata({method} {0x000071da26436c30} 'defineClass1' '(Ljava/lang/ClassLoader;Ljava/lang/String;[BIILjava/security/ProtectionDomain;Ljava/lang/String;)Ljava/lang/Class;' in 'java/lang/ClassLoader')}
  0x000071da7c333f5c: f848 be30 | 6c43 26da | 7100 0049 | 8bff 40f6 | c40f 0f84 | 1200 0000 | 4883 ec08 

  0x000071da7c333f78: ;   {runtime_call SharedRuntime::dtrace_method_exit(JavaThread*, Method*)}
  0x000071da7c333f78: e823 e288 | 1748 83c4 | 08e9 0500 

  0x000071da7c333f84: ;   {runtime_call SharedRuntime::dtrace_method_exit(JavaThread*, Method*)}
  0x000071da7c333f84: 0000 e815 | e288 1748 | 8b45 f849 | c787 9803 | 0000 0000 | 0000 49c7 | 87a0 0300 | 0000 0000 
  0x000071da7c333fa4: 00c5 f877 | 4885 c00f | 8425 0000 | 00a8 030f | 8508 0000 | 0048 8b00 | e915 0000 | 00a8 010f 
  0x000071da7c333fc4: 8509 0000 | 0048 8b40 | fee9 0400 | 0000 488b | 40ff 498b | 8f28 0400 | 00c7 8100 | 0100 0000 
  0x000071da7c333fe4: 0000 00c9 | 4983 7f08 | 000f 8501 | 0000 00c3 

  0x000071da7c333ff4: ;   {runtime_call StubRoutines (initial stubs)}
  0x000071da7c333ff4: e907 3ca0 | ffc5 f877 | 4889 45f8 | 4c8b e448 | 83ec 0048 

  0x000071da7c334008: ;   {runtime_call SharedRuntime::reguard_yellow_pages()}
  0x000071da7c334008: 83e4 f0e8 | 00f1 8817 | 498b e44d | 33e4 488b | 45f8 e92d | ffff fff4 
[/MachCode]


Compiled method (c2) 3155 5730       4       java.lang.ClassLoader::defineClass (43 bytes)
 total in heap  [0x000071da7c58ad10,0x000071da7c593880] = 35696
 relocation     [0x000071da7c58ae68,0x000071da7c58b3e0] = 1400
 main code      [0x000071da7c58b3e0,0x000071da7c5901f0] = 19984
 stub code      [0x000071da7c5901f0,0x000071da7c5903a8] = 440
 oops           [0x000071da7c5903a8,0x000071da7c5903d0] = 40
 metadata       [0x000071da7c5903d0,0x000071da7c590708] = 824
 scopes data    [0x000071da7c590708,0x000071da7c592388] = 7296
 scopes pcs     [0x000071da7c592388,0x000071da7c592ff8] = 3184
 dependencies   [0x000071da7c592ff8,0x000071da7c5930d0] = 216
 handler table  [0x000071da7c5930d0,0x000071da7c5936e8] = 1560
 nul chk table  [0x000071da7c5936e8,0x000071da7c593880] = 408

[Constant Pool (empty)]

[MachCode]
[Entry Point]
  # {method} {0x000071da26436fb0} 'defineClass' '(Ljava/lang/String;[BIILjava/security/ProtectionDomain;)Ljava/lang/Class;' in 'java/lang/ClassLoader'
  # this:     rsi:rsi   = 'java/lang/ClassLoader'
  # parm0:    rdx:rdx   = 'java/lang/String'
  # parm1:    rcx:rcx   = '[B'
  # parm2:    r8        = int
  # parm3:    r9        = int
  # parm4:    rdi:rdi   = 'java/security/ProtectionDomain'
  #           [sp+0xb0]  (sp of caller)
  0x000071da7c58b3e0: 448b 5608 | 49bb 0000 | 0026 da71 | 0000 4d03 | d349 3bc2 

  0x000071da7c58b3f4: ;   {runtime_call ic_miss_stub}
  0x000071da7c58b3f4: 0f85 8699 | 7fff 6690 | 0f1f 4000 
[Verified Entry Point]
  0x000071da7c58b400: 8984 2400 | c0fe ff55 | 4881 eca0 | 0000 0090 | 4181 7f20 | 0200 0000 | 0f85 c64d | 0000 4889 
  0x000071da7c58b420: 7c24 0844 | 894c 2424 | 4489 4424 | 2048 894c | 2418 4889 | 7424 1048 | 8954 2428 | 4885 d20f 
  0x000071da7c58b440: 841b 1e00 | 008b 6a14 

  0x000071da7c58b448: ; implicit exception: dispatches to 0x000071da7c58fa0c
  0x000071da7c58b448: 448b 550c | 4585 d20f | 8647 3200 | 0044 0fbe | 4210 4585 | c00f 85cb | 2400 00c4 | c23a f7d2 
  0x000071da7c58b468: 413b d241 | 0f4f d285 | d20f 8efe | 1d00 0044 | 3bd2 0f82 | 5432 0000 | 4c8b d548 | 8d7d 10b8 
  0x000071da7c58b488: 2f00 0000 | 488b df83 | fa10 0f8c | 7900 0000 | 83fa 200f | 8c36 0000 | 00c5 f96e | c8c4 e27d 
  0x000071da7c58b4a8: 78c9 c5ed | efd2 8bca | 83e1 e083 | e21f c5fe | 6f03 c5fd | 74c1 c4e2 | 7d17 d00f | 8369 0000 
  0x000071da7c58b4c8: 0048 83c3 | 2083 e920 | 75e4 e90d | 0000 00c5 | f96e c8c5 | e9ef d2c4 | e271 00ca | 83fa 100f 
  0x000071da7c58b4e8: 8c24 0000 | 008b ca83 

  0x000071da7c58b4f0: ;   {no_reloc}
  0x000071da7c58b4f0: e1f0 83e2 | 0fc5 fa6f | 03c5 f974 | c1c4 e279 | 17d0 0f83 | 2a00 0000 | 4883 c310 | 83e9 1075 
  0x000071da7c58b510: e485 d20f | 8412 0000 | 000f b60b | 3bc1 741c | 4883 c301 | 83ea 0174 | 02eb eebb | ffff ffff 
  0x000071da7c58b530: eb0d c5fd | d7c8 0fbc | c148 03d8 | 482b df83 | fbff 0f85 | 0835 0000 | 4c8b 5424 | 2845 8b52 
  0x000071da7c58b550: 144c 8b5c | 2428 4180 | 7b10 000f | 85df 3000 | 0041 8b6a | 0c85 ed0f | 864b 3100 | 0045 0fb6 
  0x000071da7c58b570: 5a10 4183 | fb5b 0f84 | 7835 0000 | 4c8b 5424 | 2841 8b6a | 1444 8b55 | 0c4c 8b5c | 2428 450f 
  0x000071da7c58b590: be43 10c4 | 423a f7da | 4183 c3fb | 4585 db7c | 5345 85c0 | 0f85 3720 | 0000 4183 | fa04 0f86 
  0x000071da7c58b5b0: e432 0000 | 807d 106a | 753a 807d | 1161 7534 | 807d 1276 | 752e 807d | 1361 7528 | 440f be5d 
  0x000071da7c58b5d0: 1441 83fb | 2e75 1dbe | 45ff ffff | 488b 6c24 | 1066 6690 

  0x000071da7c58b5e4: ;   {runtime_call UncommonTrapBlob}
  0x000071da7c58b5e4: c5f8 77e8 

  0x000071da7c58b5e8: ; ImmutableOopMap {rbp=Oop [8]=Oop [24]=Oop [40]=Oop }
                      ;*ifeq {reexecute=1 rethrow=0 return_oop=0}
                      ; - (reexecute) java.lang.ClassLoader::preDefineClass@46 (line 906)
                      ; - java.lang.ClassLoader::defineClass@4 (line 1025)
  0x000071da7c58b5e8: 14ed 7fff 

  0x000071da7c58b5ec: ;   {other}
  0x000071da7c58b5ec: 0f1f 8400 | dc08 0000 | 4c8b 6c24 | 284c 8b54 | 2408 4d85 | d20f 848c | 1500 004c | 8954 2430 
  0x000071da7c58b60c: 4d85 ed0f | 8447 1b00 | 004c 8b54 | 2430 458b | 5210 4489 | 5424 3845 | 8b4d 1441 | 8b71 0c41 
  0x000071da7c58b62c: 0fbe 4d10 | c462 72f7 | de41 8d6b | ff85 c90f | 852f 3400 | 0044 8d56 | ff44 3bd5 | 440f 4fd5 
  0x000071da7c58b64c: 498b e945 | 85d2 0f8c | 101c 0000 | 4533 c044 | 8944 2470 | 443b d60f | 835a 2b00 | 0043 807c 
  0x000071da7c58b66c: 1110 2e74 | 184d 8b87 | 5004 0000 

  0x000071da7c58b678: ; ImmutableOopMap {r9=NarrowOop rbp=Oop r13=Oop [16]=Oop [24]=Oop [40]=Oop [48]=Oop [56]=NarrowOop }
                      ;*goto {reexecute=1 rethrow=0 return_oop=0}
                      ; - (reexecute) java.lang.StringLatin1::lastIndexOf@35 (line 285)
                      ; - java.lang.String::lastIndexOf@13 (line 2573)
                      ; - java.lang.String::lastIndexOf@8 (line 2535)
                      ; - java.lang.ClassLoader::checkCerts@3 (line 1163)
                      ; - java.lang.ClassLoader::preDefineClass@113 (line 917)
                      ; - java.lang.ClassLoader::defineClass@4 (line 1025)
                      ;   {poll}
  0x000071da7c58b678: 41ff ca41 | 8500 4585 | d27d dd41 | baff ffff | ff41 83fa | ff0f 8481 | 3400 0045 | 85d2 0f8c 
  0x000071da7c58b698: fc33 0000 | 453b d30f | 8f8f 3400 | 0045 3bd3 | 0f84 7e1a | 0000 4585 | d20f 84f8 | 1c00 0049 
  0x000071da7c58b6b8: 8b9f b801 | 0000 4c8b | db49 83c3 | 184d 3b9f | c801 0000 | 0f83 9e25 | 0000 4d89 | 9fb8 0100 
  0x000071da7c58b6d8: 0041 0f0d | 8bc0 0000 | 0048 c703 | 0100 0000 

  0x000071da7c58b6e8: ;   {metadata('java/lang/String')}
  0x000071da7c58b6e8: c743 0870 | ea00 0044 | 8963 0c4c | 8963 104d | 8d59 1044 | 3bd6 0f84 | 5711 0000 | 4181 fa00 
  0x000071da7c58b708: 0010 000f | 879f 3100 | 004d 63c2 | 4889 ac24 | 8000 0000 | 413b f28b | ee41 0f4f | ea3b f50f 
  0x000071da7c58b728: 8268 3200 | 0044 3bd5 | 0f82 5f32 | 0000 4983 | c017 498b | d048 83e2 | f841 81fa | 0000 1000 
  0x000071da7c58b748: 0f87 b626 | 0000 4d8b | b7b8 0100 | 004d 8bce | 4c03 ca4d | 3b8f c801 | 0000 0f83 | 9c26 0000 
  0x000071da7c58b768: 4d89 8fb8 | 0100 0041 | 0f0d 89c0 | 0000 0049 | c706 0100 | 0000 410f | 0d89 0001 

  0x000071da7c58b784: ;   {metadata({type array byte})}
  0x000071da7c58b784: 0000 41c7 | 4608 1823 | 0000 4589 | 560c 410f | 0d89 4001 | 0000 410f | 0d89 8001 | 0000 4d8b 
  0x000071da7c58b7a4: ce49 83c1 | 1049 c1e8 | 0385 ed0f | 8403 3100 | 0041 3bea | 0f8c 071c | 0000 4883 | c2f0 48c1 
  0x000071da7c58b7c4: ea03 498b | fb49 8bf1 | c5f8 7749 | ba00 e3d6 | 7bda 7100 | 0041 ffd2 

  0x000071da7c58b7dc: ;   {other}
  0x000071da7c58b7dc: 0f1f 8400 | 0000 0000 | 4488 6310 | 4d8b d644 | 8953 144c | 8bd3 49c1 | ea09 49bb | 0040 7191 
  0x000071da7c58b7fc: da71 0000 | 4788 2413 | 448b 5c24 | 3845 8b53 | 1445 85d2 | 0f85 7c11 | 0000 458b | 5b10 4585 
  0x000071da7c58b81c: db0f 854c 

  0x000071da7c58b820: ;   {oop(a 'java/security/cert/Certificate'[0] {0x0000000080819e80})}
  0x000071da7c58b820: 2100 0049 | be80 9e81 | 8000 0000 | 004c 8b54 | 2410 458b | 522c 4585 | d20f 843d | 2e00 004c 
  0x000071da7c58b840: 8974 2438 | 4c89 6c24 | 0849 8bf2 | 488b d349 | 8bce 41b8 | 0100 0000 

  0x000071da7c58b858: ;   {optimized virtual_call}
  0x000071da7c58b858: c5f8 77e8 

  0x000071da7c58b85c: ; ImmutableOopMap {[8]=Oop [16]=Oop [24]=Oop [40]=Oop [48]=Oop [56]=Oop }
                      ;*invokevirtual putVal {reexecute=0 rethrow=0 return_oop=1}
                      ; - java.util.concurrent.ConcurrentHashMap::putIfAbsent@4 (line 1541)
                      ; - java.lang.ClassLoader::checkCerts@62 (line 1171)
                      ; - java.lang.ClassLoader::preDefineClass@113 (line 917)
                      ; - java.lang.ClassLoader::defineClass@4 (line 1025)
  0x000071da7c58b85c: c0a7 1500 

  0x000071da7c58b860: ;   {other}
  0x000071da7c58b860: 0f1f 8400 | 500b 0002 | 488b d048 | 85c0 7430 | 448b 5008 

  0x000071da7c58b874: ;   {metadata('java/security/cert/Certificate'[])}
  0x000071da7c58b874: 4181 fac8 | 5210 000f | 857f 3f00 | 004c 8b74 | 2438 458b | 560c 448b | 5a0c 4585 | d20f 8726 
  0x000071da7c58b894: 1300 0045 | 85db 0f87 | cc34 0000 | 4c8b 5424 | 3045 8b52 | 1045 8b6a | 0c45 85ed | 0f84 f012 
  0x000071da7c58b8b4: 0000 458b | 5538 458b | 4208 498b 

  0x000071da7c58b8c0: ;   {metadata('sun/net/www/protocol/file/Handler')}
  0x000071da7c58b8c0: d541 81f8 | 407e 2100 | 0f85 6618 | 0000 498b | 87b8 0100 | 004c 8bd0 | 4983 c218 | 4d3b 97c8 
  0x000071da7c58b8e0: 0100 000f | 830c 2400 | 004d 8997 | b801 0000 | 410f 0d8a | c000 0000 | 48c7 0001 

  0x000071da7c58b8fc: ;   {metadata('java/lang/StringBuilder')}
  0x000071da7c58b8fc: 0000 00c7 | 4008 3882 | 0000 4489 | 600c 4c89 | 6010 4889 | 4424 4049 | 8b87 b801 | 0000 4c8b 
  0x000071da7c58b91c: d049 83c2 | 204d 3b97 | c801 0000 | 0f83 3124 | 0000 4d89 | 97b8 0100 | 0041 0f0d | 8ac0 0000 
  0x000071da7c58b93c: 0048 c700 | 0100 0000 | 410f 0d8a | 0001 0000 

  0x000071da7c58b94c: ;   {metadata({type array byte})}
  0x000071da7c58b94c: c740 0818 | 2300 0041 | 0f0d 8a40 | 0100 00c7 | 400c 1000 | 0000 410f | 0d8a 8001 | 0000 4c89 
  0x000071da7c58b96c: 6010 4c89 | 6018 458b | 5514 4c8b | d84c 8b44 | 2440 4589 | 5814 4d8b | d849 c1eb | 0949 b800 
  0x000071da7c58b98c: 4071 91da | 7100 0047 | 8824 1845 | 85d2 0f84 | 9319 0000 | 458b 5a14 

  0x000071da7c58b9a4: ; implicit exception: dispatches to 0x000071da7c58fbfc
  0x000071da7c58b9a4: 458b 430c | 450f be5a | 10c4 c222 | f7d8 448d | 43f0 4585 | c00f 8e8a | 0000 0089 | 5c24 5048 
  0x000071da7c58b9c4: 8944 2448 | 4889 5424 | 3844 896c | 2408 498b | ea44 8954 | 240c 488b | 7424 408b | d366 6690 
  0x000071da7c58b9e4: ;   {optimized virtual_call}
  0x000071da7c58b9e4: c5f8 77e8 

  0x000071da7c58b9e8: ; ImmutableOopMap {rbp=Oop [8]=NarrowOop [12]=NarrowOop [16]=Oop [24]=Oop [40]=Oop [48]=Oop [56]=Oop [64]=Oop [72]=Oop }
                      ;*invokevirtual newCapacity {reexecute=0 rethrow=0 return_oop=0}
                      ; - java.lang.AbstractStringBuilder::ensureCapacityInternal@24 (line 243)
                      ; - java.lang.AbstractStringBuilder::append@21 (line 587)
                      ; - java.lang.StringBuilder::append@2 (line 179)
                      ; - java.net.URLStreamHandler::toExternalForm@11 (line 480)
                      ; - java.net.URL::toExternalForm@5 (line 1203)
                      ; - java.net.URL::toString@1 (line 1189)
                      ; - java.lang.ClassLoader::defineClassSourceLocation@22 (line 927)
                      ; - java.lang.ClassLoader::defineClass@12 (line 1026)
  0x000071da7c58b9e8: 9496 7fff 

  0x000071da7c58b9ec: ;   {other}
  0x000071da7c58b9ec: 0f1f 8400 | dc0c 0003 | 4c8b 5424 | 4045 0fbe | 5210 c4e2 | 29f7 d048 | 8b74 2448 

  0x000071da7c58ba08: ;   {static_call}
  0x000071da7c58ba08: c5f8 77e8 

  0x000071da7c58ba0c: ; ImmutableOopMap {rbp=Oop [8]=NarrowOop [12]=NarrowOop [16]=Oop [24]=Oop [40]=Oop [48]=Oop [56]=Oop [64]=Oop }
                      ;*invokestatic copyOf {reexecute=0 rethrow=0 return_oop=1}
                      ; - java.lang.AbstractStringBuilder::ensureCapacityInternal@32 (line 242)
                      ; - java.lang.AbstractStringBuilder::append@21 (line 587)
                      ; - java.lang.StringBuilder::append@2 (line 179)
                      ; - java.net.URLStreamHandler::toExternalForm@11 (line 480)
                      ; - java.net.URL::toExternalForm@5 (line 1203)
                      ; - java.net.URL::toString@1 (line 1189)
                      ; - java.lang.ClassLoader::defineClassSourceLocation@22 (line 927)
                      ; - java.lang.ClassLoader::defineClass@12 (line 1026)
  0x000071da7c58ba0c: 709c 7fff 

  0x000071da7c58ba10: ;   {other}
  0x000071da7c58ba10: 0f1f 8400 | 000d 0004 | 4c8b d84c | 8b54 2440 | 4589 5a14 | 49c1 ea09 | 49bb 0040 | 7191 da71 
  0x000071da7c58ba30: 0000 4788 | 2413 448b | 6c24 0844 | 8b54 240c | 8b5c 2450 | 488b 5424 | 384c 8b5c | 2440 450f 
  0x000071da7c58ba50: be5b 1041 | 0fbe 7a10 | 4c8b 4424 | 4045 8b40 | 0c44 3bdf | 0f85 1a35 | 0000 4c8b | 4c24 4045 
  0x000071da7c58ba70: 8b49 1441 | 3bfb 0f85 | 7c32 0000 | 418b 4a14 

  0x000071da7c58ba80: ; implicit exception: dispatches to 0x000071da7c58fc14
  0x000071da7c58ba80: 448b 510c | c4c2 21f7 | e845 8b59 | 0c85 ed0f | 8cb7 2d00 | 0048 8954 | 2438 458d | 042a 453b 
  0x000071da7c58baa0: d80f 82a5 | 2d00 0045 | 85d2 762a | 4d8b d949 | 8d74 2910 | 4963 d24c | 8bd1 488d | 7910 c5f8 
  0x000071da7c58bac0: 7749 ba80 | dfd6 7bda | 7100 0041 

  0x000071da7c58bacc: ;   {other}
  0x000071da7c58bacc: ffd2 0f1f | 8400 0000 | 0000 4c8b | 5424 4041 | 015a 0c4c | 8b54 2440 | 458b 4214 

  0x000071da7c58bae8: ; implicit exception: dispatches to 0x000071da7c58fa9c
  0x000071da7c58bae8: 458b 500c | 4c8b 5c24 | 4041 8b53 | 0c45 0fbe | 5b10 c442 | 22f7 da44 | 8bd2 452b | d341 ffc2 
  0x000071da7c58bb08: 4585 d27e | 6e44 8944 | 240c 4489 | 6c24 08ff | c248 8b74 | 2440 6690 

  0x000071da7c58bb20: ;   {optimized virtual_call}
  0x000071da7c58bb20: c5f8 77e8 

  0x000071da7c58bb24: ; ImmutableOopMap {[8]=NarrowOop [12]=NarrowOop [16]=Oop [24]=Oop [40]=Oop [48]=Oop [56]=Oop [64]=Oop }
                      ;*invokevirtual newCapacity {reexecute=0 rethrow=0 return_oop=0}
                      ; - java.lang.AbstractStringBuilder::ensureCapacityInternal@24 (line 243)
                      ; - java.lang.AbstractStringBuilder::append@7 (line 806)
                      ; - java.lang.StringBuilder::append@2 (line 246)
                      ; - java.net.URLStreamHandler::toExternalForm@16 (line 480)
                      ; - java.net.URL::toExternalForm@5 (line 1203)
                      ; - java.net.URL::toString@1 (line 1189)
                      ; - java.lang.ClassLoader::defineClassSourceLocation@22 (line 927)
                      ; - java.lang.ClassLoader::defineClass@12 (line 1026)
  0x000071da7c58bb24: 5895 7fff 

  0x000071da7c58bb28: ;   {other}
  0x000071da7c58bb28: 0f1f 8400 | 180e 0005 | 4c8b 5424 | 4045 0fbe | 5210 c4e2 | 29f7 d044 | 8b5c 240c | 498b f390 
  0x000071da7c58bb48: ;   {static_call}
  0x000071da7c58bb48: c5f8 77e8 

  0x000071da7c58bb4c: ; ImmutableOopMap {[8]=NarrowOop [16]=Oop [24]=Oop [40]=Oop [48]=Oop [56]=Oop [64]=Oop }
                      ;*invokestatic copyOf {reexecute=0 rethrow=0 return_oop=1}
                      ; - java.lang.AbstractStringBuilder::ensureCapacityInternal@32 (line 242)
                      ; - java.lang.AbstractStringBuilder::append@7 (line 806)
                      ; - java.lang.StringBuilder::append@2 (line 246)
                      ; - java.net.URLStreamHandler::toExternalForm@16 (line 480)
                      ; - java.net.URL::toExternalForm@5 (line 1203)
                      ; - java.net.URL::toString@1 (line 1189)
                      ; - java.lang.ClassLoader::defineClassSourceLocation@22 (line 927)
                      ; - java.lang.ClassLoader::defineClass@12 (line 1026)
  0x000071da7c58bb4c: 309b 7fff 

  0x000071da7c58bb50: ;   {other}
  0x000071da7c58bb50: 0f1f 8400 | 400e 0006 | 4c8b c04c | 8b54 2440 | 4589 4214 | 49c1 ea09 | 49bb 0040 | 7191 da71 
  0x000071da7c58bb70: 0000 4788 | 2413 448b | 6c24 084c | 8b54 2440 | 4180 7a10 | 000f 85f4 | 1600 0041 | 8b6a 0c44 
  0x000071da7c58bb90: 8d5d 0145 | 895a 0c45 | 8b58 0c41 | 3beb 0f83 | 4c2b 0000 | 41c6 4428 | 103a 458b | 4524 4585 
  0x000071da7c58bbb0: c074 1145 | 8b58 1445 | 8b53 0c45 | 85d2 0f87 | 6d1a 0000 

  0x000071da7c58bbc4: ;   {oop(""{0x0000000080000000})}
  0x000071da7c58bbc4: 49b8 0000 | 0080 0000 | 0000 458b | 5814 458b | 530c 4c8b | 5c24 4041 | 8b7b 148b | 5f0c 450f 
  0x000071da7c58bbe4: be4b 1045 | 0fbe 5810 | c4e2 32f7 | c3c4 4222 | f7f2 4c8b | 5424 4041 | 8b5a 0c41 | 8d14 1e8b 
  0x000071da7c58bc04: ca2b c885 | c90f 8e8c | 0000 0044 | 8974 2450 | 897c 240c | 4c89 4424 | 4844 896c | 2408 488b 
  0x000071da7c58bc24: 7424 4090 

  0x000071da7c58bc28: ;   {optimized virtual_call}
  0x000071da7c58bc28: c5f8 77e8 

  0x000071da7c58bc2c: ; ImmutableOopMap {[8]=NarrowOop [12]=NarrowOop [16]=Oop [24]=Oop [40]=Oop [48]=Oop [56]=Oop [64]=Oop [72]=Oop }
                      ;*invokevirtual newCapacity {reexecute=0 rethrow=0 return_oop=0}
                      ; - java.lang.AbstractStringBuilder::ensureCapacityInternal@24 (line 243)
                      ; - java.lang.AbstractStringBuilder::append@21 (line 587)
                      ; - java.lang.StringBuilder::append@2 (line 179)
                      ; - java.net.URLStreamHandler::toExternalForm@59 (line 483)
                      ; - java.net.URL::toExternalForm@5 (line 1203)
                      ; - java.net.URL::toString@1 (line 1189)
                      ; - java.lang.ClassLoader::defineClassSourceLocation@22 (line 927)
                      ; - java.lang.ClassLoader::defineClass@12 (line 1026)
  0x000071da7c58bc2c: 5094 7fff 

  0x000071da7c58bc30: ;   {other}
  0x000071da7c58bc30: 0f1f 8400 | 200f 0007 | 4c8b 5424 | 4045 0fbe | 5a10 c4e2 | 21f7 d044 | 8b5c 240c | 498b f390 
  0x000071da7c58bc50: ;   {static_call}
  0x000071da7c58bc50: c5f8 77e8 

  0x000071da7c58bc54: ; ImmutableOopMap {[8]=NarrowOop [16]=Oop [24]=Oop [40]=Oop [48]=Oop [56]=Oop [64]=Oop [72]=Oop }
                      ;*invokestatic copyOf {reexecute=0 rethrow=0 return_oop=1}
                      ; - java.lang.AbstractStringBuilder::ensureCapacityInternal@32 (line 242)
                      ; - java.lang.AbstractStringBuilder::append@21 (line 587)
                      ; - java.lang.StringBuilder::append@2 (line 179)
                      ; - java.net.URLStreamHandler::toExternalForm@59 (line 483)
                      ; - java.net.URL::toExternalForm@5 (line 1203)
                      ; - java.net.URL::toString@1 (line 1189)
                      ; - java.lang.ClassLoader::defineClassSourceLocation@22 (line 927)
                      ; - java.lang.ClassLoader::defineClass@12 (line 1026)
  0x000071da7c58bc54: 289a 7fff 

  0x000071da7c58bc58: ;   {other}
  0x000071da7c58bc58: 0f1f 8400 | 480f 0008 | 4c8b 5424 | 4045 0fbe | 4a10 418b | 5a0c 4c8b | 4424 4845 | 0fbe 5810 
  0x000071da7c58bc78: 488b c841 | 894a 1449 | c1ea 0948 | b900 4071 | 91da 7100 | 0046 8824 | 1144 8b6c | 2408 448b 
  0x000071da7c58bc98: 7424 5045 | 3bcb 0f85 | fc30 0000 | 4c8b 5424 | 4045 8b52 | 1445 3bd9 | 0f85 ae2e | 0000 458b 
  0x000071da7c58bcb8: 4014 418b | 480c c4e2 | 31f7 eb45 | 8b4a 0c85 | ed0f 8c61 | 2a00 008d | 1c29 443b | cb0f 8255 
  0x000071da7c58bcd8: 2a00 0085 | c976 2a48 | 63d1 4d8b | d849 8d78 | 104d 8bda | 498d 742a | 10c5 f877 | 49ba 80df 
  0x000071da7c58bcf8: d67b da71 | 0000 41ff 

  0x000071da7c58bd00: ;   {other}
  0x000071da7c58bd00: d20f 1f84 | 0000 0000 | 004c 8b54 | 2440 4503 | 720c 4589 | 720c 458b | 4528 458b | 5014 458b 
  0x000071da7c58bd20: 5a0c 4c8b | 5424 4041 | 8b7a 1444 | 8b57 0c41 | 0fbe 4810 | 4c8b 4c24 | 4045 0fbe | 4910 c4c2 
  0x000071da7c58bd40: 72f7 dbc4 | 4232 f7da | 428d 1433 | 448b ca45 | 2bcb 4585 | c90f 8e84 | 0000 0089 | 5c24 4c89 
  0x000071da7c58bd60: 7c24 4844 | 896c 2408 | 498b e844 | 8944 240c | 488b 7424 | 4066 6690 

  0x000071da7c58bd78: ;   {optimized virtual_call}
  0x000071da7c58bd78: c5f8 77e8 

  0x000071da7c58bd7c: ; ImmutableOopMap {rbp=Oop [8]=NarrowOop [12]=NarrowOop [16]=Oop [24]=Oop [40]=Oop [48]=Oop [56]=Oop [64]=Oop [72]=NarrowOop }
                      ;*invokevirtual newCapacity {reexecute=0 rethrow=0 return_oop=0}
                      ; - java.lang.AbstractStringBuilder::ensureCapacityInternal@24 (line 243)
                      ; - java.lang.AbstractStringBuilder::append@21 (line 587)
                      ; - java.lang.StringBuilder::append@2 (line 179)
                      ; - java.net.URLStreamHandler::toExternalForm@77 (line 484)
                      ; - java.net.URL::toExternalForm@5 (line 1203)
                      ; - java.net.URL::toString@1 (line 1189)
                      ; - java.lang.ClassLoader::defineClassSourceLocation@22 (line 927)
                      ; - java.lang.ClassLoader::defineClass@12 (line 1026)
  0x000071da7c58bd7c: c095 deff 

  0x000071da7c58bd80: ;   {other}
  0x000071da7c58bd80: 0f1f 8400 | 7010 0009 | 4c8b 5424 | 4045 0fbe | 5210 c4e2 | 29f7 d044 | 8b5c 2448 | 498b f390 
  0x000071da7c58bda0: ;   {static_call}
  0x000071da7c58bda0: c5f8 77e8 

  0x000071da7c58bda4: ; ImmutableOopMap {rbp=Oop [8]=NarrowOop [12]=NarrowOop [16]=Oop [24]=Oop [40]=Oop [48]=Oop [56]=Oop [64]=Oop }
                      ;*invokestatic copyOf {reexecute=0 rethrow=0 return_oop=1}
                      ; - java.lang.AbstractStringBuilder::ensureCapacityInternal@32 (line 242)
                      ; - java.lang.AbstractStringBuilder::append@21 (line 587)
                      ; - java.lang.StringBuilder::append@2 (line 179)
                      ; - java.net.URLStreamHandler::toExternalForm@77 (line 484)
                      ; - java.net.URL::toExternalForm@5 (line 1203)
                      ; - java.net.URL::toString@1 (line 1189)
                      ; - java.lang.ClassLoader::defineClassSourceLocation@22 (line 927)
                      ; - java.lang.ClassLoader::defineClass@12 (line 1026)
  0x000071da7c58bda4: 78f9 deff 

  0x000071da7c58bda8: ;   {other}
  0x000071da7c58bda8: 0f1f 8400 | 9810 000a | 4c8b d04c | 8b5c 2440 | 4589 5314 | 4d8b d349 | c1ea 0949 | bb00 4071 
  0x000071da7c58bdc8: 91da 7100 | 0047 8824 | 1344 8b6c | 2408 448b | 4424 0c8b | 5c24 4c4c | 8b54 2440 | 450f be52 
  0x000071da7c58bde8: 1041 0fbe | 4810 4c8b | 5c24 4041 | 8b7b 0c44 | 3bd1 0f85 | 1c30 0000 | 458b 4b14 | 413b ca0f 
  0x000071da7c58be08: 85e3 2d00 | 0045 8b58 | 1441 8b4b | 0cc4 e229 | f7ef 458b | 410c 85ed | 0f8c 5629 | 0000 8d3c 
  0x000071da7c58be28: 2944 3bc7 | 0f82 4a29 | 0000 85c9 | 762a 4d8b | d349 8d7b | 1048 63d1 | 4d8b d149 | 8d74 2910 
  0x000071da7c58be48: c5f8 7749 | ba80 dfd6 | 7bda 7100 | 0041 ffd2 

  0x000071da7c58be58: ;   {other}
  0x000071da7c58be58: 0f1f 8400 | 0000 0000 | 8bd3 4c8b | 5424 4041 | 0352 0c41 | 8952 0c41 | 8b6d 2085 | ed0f 8509 
  0x000071da7c58be78: 3000 0041 | 8b6a 1444 | 8b5d 0c45 | 0fbe 5210 | c442 2af7 | db44 8bd2 | 452b d345 | 85d2 7e63 
  0x000071da7c58be98: 4489 6c24 | 0848 8b74 | 2440 6690 

  0x000071da7c58bea4: ;   {optimized virtual_call}
  0x000071da7c58bea4: c5f8 77e8 

  0x000071da7c58bea8: ; ImmutableOopMap {rbp=NarrowOop [8]=NarrowOop [16]=Oop [24]=Oop [40]=Oop [48]=Oop [56]=Oop [64]=Oop }
                      ;*invokevirtual newCapacity {reexecute=0 rethrow=0 return_oop=0}
                      ; - java.lang.AbstractStringBuilder::ensureCapacityInternal@24 (line 243)
                      ; - java.lang.AbstractStringBuilder::append@21 (line 587)
                      ; - java.lang.StringBuilder::append@2 (line 179)
                      ; - java.net.URLStreamHandler::toExternalForm@113 (line 485)
                      ; - java.net.URL::toExternalForm@5 (line 1203)
                      ; - java.net.URL::toString@1 (line 1189)
                      ; - java.lang.ClassLoader::defineClassSourceLocation@22 (line 927)
                      ; - java.lang.ClassLoader::defineClass@12 (line 1026)
  0x000071da7c58bea8: d491 7fff 

  0x000071da7c58beac: ;   {other}
  0x000071da7c58beac: 0f1f 8400 | 9c11 000b | 4c8b 5424 | 4045 0fbe | 5210 c4e2 | 29f7 d048 | 8bf5 6690 

  0x000071da7c58bec8: ;   {static_call}
  0x000071da7c58bec8: c5f8 77e8 

  0x000071da7c58becc: ; ImmutableOopMap {[8]=NarrowOop [16]=Oop [24]=Oop [40]=Oop [48]=Oop [56]=Oop [64]=Oop }
                      ;*invokestatic copyOf {reexecute=0 rethrow=0 return_oop=1}
                      ; - java.lang.AbstractStringBuilder::ensureCapacityInternal@32 (line 242)
                      ; - java.lang.AbstractStringBuilder::append@21 (line 587)
                      ; - java.lang.StringBuilder::append@2 (line 179)
                      ; - java.net.URLStreamHandler::toExternalForm@113 (line 485)
                      ; - java.net.URL::toExternalForm@5 (line 1203)
                      ; - java.net.URL::toString@1 (line 1189)
                      ; - java.lang.ClassLoader::defineClassSourceLocation@22 (line 927)
                      ; - java.lang.ClassLoader::defineClass@12 (line 1026)
  0x000071da7c58becc: b097 7fff 

  0x000071da7c58bed0: ;   {other}
  0x000071da7c58bed0: 0f1f 8400 | c011 000c | 4c8b d84c | 8b54 2440 | 4589 5a14 | 49c1 ea09 | 49bb 0040 | 7191 da71 
  0x000071da7c58bef0: 0000 4788 | 2413 448b | 6c24 084c | 8b54 2440 | 450f be42 | 1045 8b52 | 0c45 85c0 | 0f85 aa2f 
  0x000071da7c58bf10: 0000 4c8b | 5c24 4041 | 8b6b 1444 | 8b45 0c45 | 85d2 0f8c | a028 0000 | 453b c20f | 8297 2800 
  0x000071da7c58bf30: 0041 8b6d | 3085 ed0f | 85db 2f00 | 0041 8b5b | 1444 8b43 | 0c41 0fbe | 6b10 458b | 530c c442 
  0x000071da7c58bf50: 52f7 d845 | 8bca 452b | cb45 85c9 | 7e72 895c | 2408 488b | 7424 4041 | 8bd2 6690 

  0x000071da7c58bf6c: ;   {optimized virtual_call}
  0x000071da7c58bf6c: c5f8 77e8 

  0x000071da7c58bf70: ; ImmutableOopMap {[8]=NarrowOop [16]=Oop [24]=Oop [40]=Oop [48]=Oop [64]=Oop }
                      ;*invokevirtual newCapacity {reexecute=0 rethrow=0 return_oop=0}
                      ; - java.lang.AbstractStringBuilder::ensureCapacityInternal@24 (line 243)
                      ; - java.lang.AbstractStringBuilder::append@21 (line 587)
                      ; - java.lang.StringBuilder::append@2 (line 179)
                      ; - java.net.URLStreamHandler::toExternalForm@149 (line 486)
                      ; - java.net.URL::toExternalForm@5 (line 1203)
                      ; - java.net.URL::toString@1 (line 1189)
                      ; - java.lang.ClassLoader::defineClassSourceLocation@22 (line 927)
                      ; - java.lang.ClassLoader::defineClass@12 (line 1026)
  0x000071da7c58bf70: 0c91 7fff 

  0x000071da7c58bf74: ;   {other}
  0x000071da7c58bf74: 0f1f 8400 | 6412 000d | 4c8b 5424 | 4045 0fbe | 5a10 c4e2 | 21f7 d044 | 8b5c 2408 | 498b f390 
  0x000071da7c58bf94: ;   {static_call}
  0x000071da7c58bf94: c5f8 77e8 

  0x000071da7c58bf98: ; ImmutableOopMap {[16]=Oop [24]=Oop [40]=Oop [48]=Oop [64]=Oop }
                      ;*invokestatic copyOf {reexecute=0 rethrow=0 return_oop=1}
                      ; - java.lang.AbstractStringBuilder::ensureCapacityInternal@32 (line 242)
                      ; - java.lang.AbstractStringBuilder::append@21 (line 587)
                      ; - java.lang.StringBuilder::append@2 (line 179)
                      ; - java.net.URLStreamHandler::toExternalForm@149 (line 486)
                      ; - java.net.URL::toExternalForm@5 (line 1203)
                      ; - java.net.URL::toString@1 (line 1189)
                      ; - java.lang.ClassLoader::defineClassSourceLocation@22 (line 927)
                      ; - java.lang.ClassLoader::defineClass@12 (line 1026)
  0x000071da7c58bf98: e496 7fff 

  0x000071da7c58bf9c: ;   {other}
  0x000071da7c58bf9c: 0f1f 8400 | 8c12 000e | 4c8b 5424 | 4041 0fbe | 6a10 458b | 520c 4c8b | c04c 8b5c | 2440 4589 
  0x000071da7c58bfbc: 4314 49c1 | eb09 49b8 | 0040 7191 | da71 0000 | 4788 2418 | 85ed 0f85 | 742f 0000 | 4c8b 5c24 
  0x000071da7c58bfdc: 4041 8b6b | 1444 8b45 | 0c45 85d2 | 0f8c 1a28 | 0000 453b | c20f 8211 | 2800 0049 | 8b9f b801 
  0x000071da7c58bffc: 0000 4c8b | d349 83c2 | 184d 3b97 | c801 0000 | 0f83 cf1d | 0000 4d89 | 97b8 0100 | 0041 0f0d 
  0x000071da7c58c01c: 8ac0 0000 | 0048 c703 | 0100 0000 

  0x000071da7c58c028: ;   {metadata('java/lang/String')}
  0x000071da7c58c028: c743 0870 | ea00 0044 | 8963 0c4c | 8963 104c | 8b54 2440 | 450f be52 | 104c 8b5c | 2440 458b 
  0x000071da7c58c048: 4b14 458b | 5b0c 4585 | d20f 850d | 2c00 0041 | 8b79 0c4d | 8bd1 4c89 | 5424 784d | 8d41 1044 
  0x000071da7c58c068: 3bdf 0f84 | 8608 0000 | 4585 db0f | 8ce7 2f00 | 0041 81fb | 0000 1000 | 0f87 9e28 | 0000 4963 
  0x000071da7c58c088: cb41 3bfb | 8bef 410f | 4feb 3bfd | 0f82 4229 | 0000 443b | dd0f 8239 | 2900 0048 | 83c1 1748 
  0x000071da7c58c0a8: 8bd1 4883 | e2f8 4181 | fb00 0010 | 000f 8774 | 2000 004d | 8baf b801 | 0000 4d8b | d54c 03d2 
  0x000071da7c58c0c8: 4d3b 97c8 | 0100 000f | 835a 2000 | 004d 8997 | b801 0000 | 410f 0d8a | c000 0000 | 49c7 4500 
  0x000071da7c58c0e8: 0100 0000 | 410f 0d8a | 0001 0000 

  0x000071da7c58c0f4: ;   {metadata({type array byte})}
  0x000071da7c58c0f4: 41c7 4508 | 1823 0000 | 4589 5d0c | 410f 0d8a | 4001 0000 | 410f 0d8a | 8001 0000 | 4d8b d549 
  0x000071da7c58c114: 83c2 1048 | c1e9 0385 | ed0f 8409 | 2800 0041 | 3beb 0f8c | 3713 0000 | 4883 c2f0 | 48c1 ea03 
  0x000071da7c58c134: 498b f849 | 8bf2 c5f8 | 7749 ba00 | e3d6 7bda | 7100 0041 

  0x000071da7c58c148: ;   {other}
  0x000071da7c58c148: ffd2 0f1f | 8400 0000 | 0000 4c8b | d34d 8bdd | 4489 5b14 | 49c1 ea09 | 49bb 0040 | 7191 da71 
  0x000071da7c58c168: 0000 4788 | 2413 488b | 7424 1048 | 8b54 2428 | 488b 4c24 | 1844 8b44 | 2420 448b | 4c24 2448 
  0x000071da7c58c188: 8b7c 2430 | 4889 1c24 

  0x000071da7c58c190: ;   {static_call}
  0x000071da7c58c190: c5f8 77e8 

  0x000071da7c58c194: ; ImmutableOopMap {[16]=Oop [48]=Oop }
                      ;*invokestatic defineClass1 {reexecute=0 rethrow=0 return_oop=1}
                      ; - java.lang.ClassLoader::defineClass@27 (line 1027)
  0x000071da7c58c194: 287c daff 

  0x000071da7c58c198: ;   {other}
  0x000071da7c58c198: 0f1f 8400 | 8814 000f | 4889 4424 | 0844 8b50 | 3c45 85d2 | 0f85 2d02 | 0000 4c8b | 5010 458b 
  0x000071da7c58c1b8: 5a08 4585 | db0f 8c19 | 2b00 0044 | 8b50 2c45 | 85d2 0f84 | 990f 0000 | 498b da44 | 8b43 1445 
  0x000071da7c58c1d8: 8b48 0c0f | be4b 10c4 | 4272 f7d9 | 458d 53ff | 85c9 0f85 | 482f 0000 | 498b c848 | 894c 2478 
  0x000071da7c58c1f8: 418d 49ff | 413b ca41 | 0f4f ca85 | c97c 2e66 | 0f1f 8400 | 0000 0000 | 413b c90f | 833c 2100 
  0x000071da7c58c218: 0041 807c | 0810 2e74 | 1949 8bbf | 5004 0000 | ffc9 4c8b 

  0x000071da7c58c22c: ; ImmutableOopMap {r10=Oop r8=NarrowOop rbx=Oop [8]=Oop [16]=Oop [48]=Oop [120]=Oop }
                      ;*goto {reexecute=1 rethrow=0 return_oop=0}
                      ; - (reexecute) java.lang.StringLatin1::lastIndexOf@35 (line 285)
                      ; - java.lang.String::lastIndexOf@13 (line 2573)
                      ; - java.lang.String::lastIndexOf@8 (line 2535)
                      ; - java.lang.Class::getPackageName@47 (line 1168)
                      ; - java.lang.ClassLoader::postDefineClass@2 (line 934)
                      ; - java.lang.ClassLoader::defineClass@37 (line 1028)
                      ;   {poll}
  0x000071da7c58c22c: 5424 0885 | 0785 c97d | dbb9 ffff | ffff 83f9 | ff0f 846d | 2f00 0085 | c90f 8c2d | 2f00 0041 
  0x000071da7c58c24c: 3bcb 0f8f | 842f 0000 | 413b cb0f | 844b 0100 | 0085 c90f | 8499 1200 | 0049 8b9f | b801 0000 
  0x000071da7c58c26c: 4c8b d349 | 83c2 184d | 3b97 c801 | 0000 0f83 | 881f 0000 | 4d89 97b8 | 0100 0041 | 0f0d 8ac0 
  0x000071da7c58c28c: 0000 0048 | c703 0100 

  0x000071da7c58c294: ;   {metadata('java/lang/String')}
  0x000071da7c58c294: 0000 c743 | 0870 ea00 | 0044 8963 | 0c4c 8963 | 104d 8d50 | 1041 3bc9 | 0f84 4708 | 0000 81f9 
  0x000071da7c58c2b4: 0000 1000 | 0f87 2e2d | 0000 4c63 | d944 3bc9 | 418b e90f | 4fe9 443b | cd0f 82ed | 2d00 003b 
  0x000071da7c58c2d4: cd0f 82e5 | 2d00 0049 | 83c3 1749 | 8bd3 4883 | e2f8 81f9 | 0000 1000 | 0f87 891f | 0000 4d8b 
  0x000071da7c58c2f4: afb8 0100 | 004d 8bc5 | 4c03 c24d | 3b87 c801 | 0000 0f83 | 6f1f 0000 | 4d89 87b8 | 0100 0041 
  0x000071da7c58c314: 0f0d 88c0 | 0000 0049 | c745 0001 | 0000 0041 | 0f0d 8800 

  0x000071da7c58c328: ;   {metadata({type array byte})}
  0x000071da7c58c328: 0100 0041 | c745 0818 | 2300 0041 | 894d 0c41 | 0f0d 8840 | 0100 0041 | 0f0d 8880 | 0100 004d 
  0x000071da7c58c348: 8bc5 4983 | c010 49c1 | eb03 85ed | 0f84 9a2c | 0000 3be9 | 0f8c ab11 | 0000 4883 | c2f0 48c1 
  0x000071da7c58c368: ea03 498b | fa49 8bf0 | c5f8 7749 | ba00 e3d6 | 7bda 7100 | 0041 ffd2 

  0x000071da7c58c380: ;   {other}
  0x000071da7c58c380: 0f1f 8400 | 0000 0000 | 4488 6310 | 4d8b dd44 | 895b 144c | 8bd3 49c1 | ea09 49bb | 0040 7191 
  0x000071da7c58c3a0: da71 0000 | 4788 2413 | 488b f390 

  0x000071da7c58c3ac: ;   {optimized virtual_call}
  0x000071da7c58c3ac: c5f8 77e8 

  0x000071da7c58c3b0: ; ImmutableOopMap {[8]=Oop [16]=Oop [48]=Oop }
                      ;*invokevirtual intern {reexecute=0 rethrow=0 return_oop=1}
                      ; - java.lang.Class::getPackageName@65 (line 1169)
                      ; - java.lang.ClassLoader::postDefineClass@2 (line 934)
                      ; - java.lang.ClassLoader::defineClass@37 (line 1028)
  0x000071da7c58c3b0: 0c28 d6ff 

  0x000071da7c58c3b4: ;   {other}
  0x000071da7c58c3b4: 0f1f 8400 | a416 0011 | 4c8b d04c | 8b5c 2408 | 4589 533c | 4d8b d349 | c1ea 0949 | bb00 4071 
  0x000071da7c58c3d4: 91da 7100 | 0047 8824 | 13eb 0349 | 8bc2 4c8b | 5424 1045 | 8b52 3845 | 85d2 0f84 | 7022 0000 
  0x000071da7c58c3f4: 488b c88b | 400c 4c8b | 5c24 0845 | 8b4b 3085 | c00f 84eb | 0300 0045 | 8b5a 2845 | 85db 0f84 
  0x000071da7c58c414: 2a01 0000 | 458b 430c | 4585 c00f | 869f 2600 | 0044 8bd0 | 41c1 ea10 | 4433 d041 | ffc8 4181 
  0x000071da7c58c434: e2ff ffff | 7f45 23c2 | 4d63 c047 | 8b44 8310 | 4585 c00f | 84f5 0000 | 0045 8b58 | 0c49 8bd8 
  0x000071da7c58c454: 453b da0f | 84c8 0200 | 0045 85db | 0f8c ae2d | 0000 448b | 5b18 4585 | db0f 84cf | 0000 004d 
  0x000071da7c58c474: 8bc3 418b | 780c 498b | 9750 0400 

  0x000071da7c58c480: ; ImmutableOopMap {r8=Oop r9=NarrowOop rcx=Oop [8]=Oop [16]=Oop [48]=Oop }
                      ;*if_icmpne {reexecute=1 rethrow=0 return_oop=0}
                      ; - (reexecute) java.util.concurrent.ConcurrentHashMap::get@127 (line 946)
                      ; - java.lang.ClassLoader::getNamedPackage@5 (line 341)
                      ; - java.lang.ClassLoader::postDefineClass@9 (line 934)
                      ; - java.lang.ClassLoader::defineClass@37 (line 1028)
                      ;   {poll}
  0x000071da7c58c480: 0085 0241 | 3bfa 740f | 458b 4018 | 4585 c00f | 84ad 0000 | 00eb df41 | 8b68 104c | 8bdd 4c3b 
  0x000071da7c58c4a0: d90f 848f | 0000 0085 | ed0f 8461 | 2f00 004c | 8944 2448 | 4489 5424 | 4044 894c | 241c 4889 
  0x000071da7c58c4c0: 4c24 384c | 8b54 2408 | 4c89 5424 | 284c 8b54 | 2430 4c89 | 5424 204c | 8b54 2410 | 4c89 5424 
  0x000071da7c58c4e0: 0848 8bd5 | 488b f148 | 8b6c 2428 

  0x000071da7c58c4ec: ;   {optimized virtual_call}
  0x000071da7c58c4ec: c5f8 77e8 

  0x000071da7c58c4f0: ; ImmutableOopMap {rbp=Oop [8]=Oop [28]=NarrowOop [32]=Oop [56]=Oop [72]=Oop }
                      ;*invokevirtual equals {reexecute=0 rethrow=0 return_oop=0}
                      ; - java.util.concurrent.ConcurrentHashMap::get@149 (line 947)
                      ; - java.lang.ClassLoader::getNamedPackage@5 (line 341)
                      ; - java.lang.ClassLoader::postDefineClass@9 (line 934)
                      ; - java.lang.ClassLoader::defineClass@37 (line 1028)
  0x000071da7c58c4f0: 4c00 d5ff 

  0x000071da7c58c4f4: ;   {other}
  0x000071da7c58c4f4: 0f1f 8400 | e417 0013 | 4d8b 9750 

  0x000071da7c58c500: ; ImmutableOopMap {rbp=Oop [8]=Oop [28]=NarrowOop [32]=Oop [56]=Oop [72]=Oop }
                      ;*ifeq {reexecute=1 rethrow=0 return_oop=0}
                      ; - (reexecute) java.util.concurrent.ConcurrentHashMap::get@152 (line 947)
                      ; - java.lang.ClassLoader::getNamedPackage@5 (line 341)
                      ; - java.lang.ClassLoader::postDefineClass@9 (line 934)
                      ; - java.lang.ClassLoader::defineClass@37 (line 1028)
                      ;   {poll}
  0x000071da7c58c500: 0400 0041 | 8502 85c0 | 0f84 ee13 | 0000 4c8b | 5424 084c | 8954 2410 | 4c8b 5424 | 204c 8954 
  0x000071da7c58c520: 2430 4889 | 6c24 0848 | 8b4c 2438 | 448b 4c24 | 1c4c 8b44 | 2448 418b | 6814 85ed | 0f85 4b02 
  0x000071da7c58c540: 0000 498b | 87b8 0100 | 004c 8bd0 | 4983 c218 | 4d3b 97c8 | 0100 000f | 83cf 1d00 | 004d 8997 
  0x000071da7c58c560: b801 0000 | 410f 0d8a | c000 0000 | 48c7 0001 

  0x000071da7c58c570: ;   {metadata('java/lang/NamedPackage')}
  0x000071da7c58c570: 0000 00c7 | 4008 e0c2 | 0100 4489 | 600c 4c89 | 6010 4889 | 4c24 1844 | 894c 2420 | 4889 4424 
  0x000071da7c58c590: 2848 8b74 | 2418 6690 

  0x000071da7c58c598: ;   {optimized virtual_call}
  0x000071da7c58c598: c5f8 77e8 

  0x000071da7c58c59c: ; ImmutableOopMap {[8]=Oop [16]=Oop [24]=Oop [32]=NarrowOop [40]=Oop [48]=Oop }
                      ;*invokevirtual isEmpty {reexecute=0 rethrow=0 return_oop=0}
                      ; - java.lang.NamedPackage::<init>@5 (line 48)
                      ; - java.lang.ClassLoader::getNamedPackage@22 (line 343)
                      ; - java.lang.ClassLoader::postDefineClass@9 (line 934)
                      ; - java.lang.ClassLoader::defineClass@37 (line 1028)
  0x000071da7c58c59c: 80e7 daff 

  0x000071da7c58c5a0: ;   {other}
  0x000071da7c58c5a0: 0f1f 8400 | 9018 0015 | 85c0 0f84 | f40b 0000 | 448b 5c24 | 2045 85db | 0f84 322b | 0000 4d8b 
  0x000071da7c58c5c0: d34c 8954 | 2438 498b | f266 6690 

  0x000071da7c58c5cc: ;   {optimized virtual_call}
  0x000071da7c58c5cc: c5f8 77e8 

  0x000071da7c58c5d0: ; ImmutableOopMap {[8]=Oop [16]=Oop [24]=Oop [32]=NarrowOop [40]=Oop [48]=Oop [56]=Oop }
                      ;*invokevirtual isNamed {reexecute=0 rethrow=0 return_oop=0}
                      ; - java.lang.NamedPackage::<init>@12 (line 48)
                      ; - java.lang.ClassLoader::getNamedPackage@22 (line 343)
                      ; - java.lang.ClassLoader::postDefineClass@9 (line 934)
                      ; - java.lang.ClassLoader::defineClass@37 (line 1028)
  0x000071da7c58c5d0: ac8a 7fff 

  0x000071da7c58c5d4: ;   {other}
  0x000071da7c58c5d4: 0f1f 8400 | c418 0016 | 85c0 0f84 | c00b 0000 | 498b 87b8 | 0100 004c | 8bd0 4983 | c228 4d3b 
  0x000071da7c58c5f4: 97c8 0100 | 000f 8389 | 1d00 004d | 8997 b801 | 0000 410f | 0d8a c000 | 0000 48c7 | 0001 0000 
  0x000071da7c58c614: ;   {metadata('java/lang/InternalError')}
  0x000071da7c58c614: 00c7 4008 | 3009 0100 | 4489 600c | 4c89 6010 | 4c89 6018 | 4c89 6020 | 4889 4424 | 5049 8b87 
  0x000071da7c58c634: b801 0000 | 4c8b d049 | 83c2 184d | 3b97 c801 | 0000 0f83 | 5d1d 0000 | 4d89 97b8 | 0100 0041 
  0x000071da7c58c654: 0f0d 8ac0 | 0000 0048 | c700 0100 

  0x000071da7c58c660: ;   {metadata('java/lang/StringBuilder')}
  0x000071da7c58c660: 0000 c740 | 0838 8200 | 0044 8960 | 0c4c 8960 | 1048 8be8 | 488b f590 

  0x000071da7c58c678: ;   {optimized virtual_call}
  0x000071da7c58c678: c5f8 77e8 

  0x000071da7c58c67c: ; ImmutableOopMap {rbp=Oop [8]=Oop [16]=Oop [24]=Oop [32]=NarrowOop [40]=Oop [48]=Oop [56]=Oop [80]=Oop }
                      ;*invokespecial <init> {reexecute=0 rethrow=0 return_oop=0}
                      ; - java.lang.NamedPackage::<init>@26 (line 49)
                      ; - java.lang.ClassLoader::getNamedPackage@22 (line 343)
                      ; - java.lang.ClassLoader::postDefineClass@9 (line 934)
                      ; - java.lang.ClassLoader::defineClass@37 (line 1028)
  0x000071da7c58c67c: 008a 7fff 

  0x000071da7c58c680: ;   {other}
  0x000071da7c58c680: 0f1f 8400 | 7019 0017 

  0x000071da7c58c688: ;   {oop("unnamed package in  "{0x000000008006cac0})}
  0x000071da7c58c688: 48ba c0ca | 0680 0000 | 0000 488b | f54c 8b54 | 2450 4c89 | 5424 4890 

  0x000071da7c58c6a0: ;   {optimized virtual_call}
  0x000071da7c58c6a0: c5f8 77e8 

  0x000071da7c58c6a4: ; ImmutableOopMap {[8]=Oop [16]=Oop [24]=Oop [32]=NarrowOop [40]=Oop [48]=Oop [56]=Oop [72]=Oop [80]=Oop }
                      ;*invokevirtual append {reexecute=0 rethrow=0 return_oop=1}
                      ; - java.lang.NamedPackage::<init>@31 (line 49)
                      ; - java.lang.ClassLoader::getNamedPackage@22 (line 343)
                      ; - java.lang.ClassLoader::postDefineClass@9 (line 934)
                      ; - java.lang.ClassLoader::defineClass@37 (line 1028)
  0x000071da7c58c6a4: d889 7fff 

  0x000071da7c58c6a8: ;   {other}
  0x000071da7c58c6a8: 0f1f 8400 | 9819 0018 | 4885 c00f | 844f 2a00 | 0048 8bf0 | 488b 5424 | 384c 8b54 | 2448 4c89 
  0x000071da7c58c6c8: 5424 3890 

  0x000071da7c58c6cc: ;   {optimized virtual_call}
  0x000071da7c58c6cc: c5f8 77e8 

  0x000071da7c58c6d0: ; ImmutableOopMap {[8]=Oop [16]=Oop [24]=Oop [32]=NarrowOop [40]=Oop [48]=Oop [56]=Oop [72]=Oop }
                      ;*invokevirtual append {reexecute=0 rethrow=0 return_oop=1}
                      ; - java.lang.NamedPackage::<init>@35 (line 49)
                      ; - java.lang.ClassLoader::getNamedPackage@22 (line 343)
                      ; - java.lang.ClassLoader::postDefineClass@9 (line 934)
                      ; - java.lang.ClassLoader::defineClass@37 (line 1028)
  0x000071da7c58c6d0: ac89 7fff 

  0x000071da7c58c6d4: ;   {other}
  0x000071da7c58c6d4: 0f1f 8400 | c419 0019 | 4885 c00f | 843b 2a00 | 0048 8bf0 

  0x000071da7c58c6e8: ;   {optimized virtual_call}
  0x000071da7c58c6e8: c5f8 77e8 

  0x000071da7c58c6ec: ; ImmutableOopMap {[8]=Oop [16]=Oop [24]=Oop [32]=NarrowOop [40]=Oop [48]=Oop [56]=Oop }
                      ;*invokevirtual toString {reexecute=0 rethrow=0 return_oop=1}
                      ; - java.lang.NamedPackage::<init>@38 (line 49)
                      ; - java.lang.ClassLoader::getNamedPackage@22 (line 343)
                      ; - java.lang.ClassLoader::postDefineClass@9 (line 934)
                      ; - java.lang.ClassLoader::defineClass@37 (line 1028)
  0x000071da7c58c6ec: 9089 7fff 

  0x000071da7c58c6f0: ;   {other}
  0x000071da7c58c6f0: 0f1f 8400 | e019 001a | 488b 7424 | 3848 8bd0 

  0x000071da7c58c700: ;   {optimized virtual_call}
  0x000071da7c58c700: c5f8 77e8 

  0x000071da7c58c704: ; ImmutableOopMap {[8]=Oop [16]=Oop [24]=Oop [32]=NarrowOop [40]=Oop [48]=Oop [56]=Oop }
                      ;*invokespecial <init> {reexecute=0 rethrow=0 return_oop=0}
                      ; - java.lang.NamedPackage::<init>@41 (line 49)
                      ; - java.lang.ClassLoader::getNamedPackage@22 (line 343)
                      ; - java.lang.ClassLoader::postDefineClass@9 (line 934)
                      ; - java.lang.ClassLoader::defineClass@37 (line 1028)
  0x000071da7c58c704: 7889 7fff 

  0x000071da7c58c708: ;   {other}
  0x000071da7c58c708: 0f1f 8400 | f819 001b | 488b 7424 | 38c5 f877 | 4881 c4a0 | 0000 005d 

  0x000071da7c58c720: ;   {runtime_call _rethrow_Java}
  0x000071da7c58c720: e9db 6a8b | ff41 8b68 | 104c 8bdd | 4c3b d974 | 5085 ed0f | 8413 2b00 | 0044 8944 | 2428 4489 
  0x000071da7c58c740: 5424 2444 | 894c 2420 | 4889 4c24 | 1848 8bd5 | 488b f148 | 8be9 4889 | 5c24 4090 

  0x000071da7c58c75c: ;   {optimized virtual_call}
  0x000071da7c58c75c: c5f8 77e8 

  0x000071da7c58c760: ; ImmutableOopMap {rbp=Oop [8]=Oop [16]=Oop [24]=Oop [32]=NarrowOop [40]=NarrowOop [48]=Oop [64]=Oop }
                      ;*invokevirtual equals {reexecute=0 rethrow=0 return_oop=0}
                      ; - java.util.concurrent.ConcurrentHashMap::get@73 (line 940)
                      ; - java.lang.ClassLoader::getNamedPackage@5 (line 341)
                      ; - java.lang.ClassLoader::postDefineClass@9 (line 934)
                      ; - java.lang.ClassLoader::defineClass@37 (line 1028)
  0x000071da7c58c760: dcfd d4ff 

  0x000071da7c58c764: ;   {other}
  0x000071da7c58c764: 0f1f 8400 | 541a 001c | 85c0 0f84 | 0c2b 0000 | 488b cd44 | 8b4c 2420 | 448b 4424 | 2841 8b68 
  0x000071da7c58c784: 1485 ed0f | 84b5 fdff | ff44 8b5d | 0849 ba00 | 0000 26da | 7100 004d | 03d3 4d8b 

  0x000071da7c58c7a0: ;   {metadata('java/lang/NamedPackage')}
  0x000071da7c58c7a0: 5238 49bb | e0c2 0126 | da71 0000 | 4d3b d30f | 8583 2200 | 004c 8b54 | 2430 458b | 5210 458b 
  0x000071da7c58c7c0: 4214 4585 | c00f 856a | 0200 0045 | 8b4a 1045 | 85c9 0f85 | de16 0000 | 488b 4424 | 08c5 f877 
  0x000071da7c58c7e0: 4881 c4a0 | 0000 005d 

  0x000071da7c58c7e8: ;   {poll_return}
  0x000071da7c58c7e8: 493b a748 | 0400 000f | 87d9 3900 | 00c3 440f | b659 1145 | 85db 0f85 | ba0b 0000 | 440f be59 
  0x000071da7c58c808: 1045 85db | 0f85 8a2a | 0000 4489 | 4c24 2448 | 894c 2418 | 448b 5914 | 498b ea44 | 8954 2420 
  0x000071da7c58c828: 498b f390 

  0x000071da7c58c82c: ;   {static_call}
  0x000071da7c58c82c: c5f8 77e8 

  0x000071da7c58c830: ; ImmutableOopMap {rbp=Oop [8]=Oop [16]=Oop [24]=Oop [32]=NarrowOop [36]=NarrowOop [48]=Oop }
                      ;*invokestatic hashCode {reexecute=0 rethrow=0 return_oop=0}
                      ; - java.lang.String::hashCode@27 (line 2369)
                      ; - java.util.concurrent.ConcurrentHashMap::get@1 (line 936)
                      ; - java.lang.ClassLoader::getNamedPackage@5 (line 341)
                      ; - java.lang.ClassLoader::postDefineClass@9 (line 934)
                      ; - java.lang.ClassLoader::defineClass@37 (line 1028)
  0x000071da7c58c830: 0cc2 deff 

  0x000071da7c58c834: ;   {other}
  0x000071da7c58c834: 0f1f 8400 | 241b 001d | 85c0 0f84 | 670d 0000 | 488b 4c24 | 1889 410c | 448b 5424 | 2044 8b4c 
  0x000071da7c58c854: 2424 e9b0 | fbff ff48 | 63d6 81fe | 0000 1000 | 0f87 621b | 0000 4c8b | d549 8baf | b801 0000 
  0x000071da7c58c874: 4c8d 4217 | 4983 e0f8 | 488b cd49 | 03c8 493b | 8fc8 0100 | 000f 833a | 1b00 0049 | 898f b801 
  0x000071da7c58c894: 0000 0f0d | 89c0 0000 | 0048 c745 | 0001 0000 | 000f 0d89 | 0001 0000 

  0x000071da7c58c8ac: ;   {metadata({type array byte})}
  0x000071da7c58c8ac: c745 0818 | 2300 0089 | 750c 0f0d | 8940 0100 | 000f 0d89 | 8001 0000 | 488b f548 | 83c6 1048 
  0x000071da7c58c8cc: 83c2 0748 | c1ea 0349 | 8bfb c5f8 | 7749 ba00 | e3d6 7bda | 7100 0041 

  0x000071da7c58c8e4: ;   {other}
  0x000071da7c58c8e4: ffd2 0f1f | 8400 0000 | 0000 4c8b | f5e9 eeee | ffff 4863 | d781 ff00 | 0010 000f | 876f 1b00 
  0x000071da7c58c904: 0049 8baf | b801 0000 | 4c8d 5217 | 4983 e2f8 | 4c8b dd4d | 03da 4d3b | 9fc8 0100 | 000f 834d 
  0x000071da7c58c924: 1b00 004d | 899f b801 | 0000 410f | 0d8b c000 | 0000 48c7 | 4500 0100 | 0000 410f | 0d8b 0001 
  0x000071da7c58c944: ;   {metadata({type array byte})}
  0x000071da7c58c944: 0000 c745 | 0818 2300 | 0089 7d0c | 410f 0d8b | 4001 0000 | 410f 0d8b | 8001 0000 | 488b f548 
  0x000071da7c58c964: 83c6 1048 | 83c2 0748 | c1ea 0349 | 8bf8 c5f8 | 7749 ba00 | e3d6 7bda | 7100 0041 

  0x000071da7c58c980: ;   {other}
  0x000071da7c58c980: ffd2 0f1f | 8400 0000 | 0000 4c8b | ede9 c0f7 | ffff 458b | 5a0c 458b | 4a08 4963 | d349 8bea 
  0x000071da7c58c9a0: 48c1 e202 | 4181 fb00 | 0004 000f | 873f 1b00 | 004d 8bb7 | b801 0000 | 4c8d 4217 | 4983 e0f8 
  0x000071da7c58c9c0: 498b ce49 | 03c8 493b | 8fc8 0100 | 000f 831d | 1b00 0049 | 898f b801 | 0000 0f0d | 89c0 0000 
  0x000071da7c58c9e0: 0049 c706 | 0100 0000 | 4589 4e08 | 4589 5e0c | 0f0d 8900 | 0100 000f | 0d89 4001 | 0000 0f0d 
  0x000071da7c58ca00: 8980 0100 | 0049 8d7a | 1049 8bf6 | 4883 c610 | 4883 c207 | 48c1 ea03 | c5f8 7749 | ba00 e3d6 
  0x000071da7c58ca20: 7bda 7100 | 0041 ffd2 

  0x000071da7c58ca28: ;   {other}
  0x000071da7c58ca28: 0f1f 8400 | 0000 0000 | e9f8 edff | ff45 8b48 | 0c41 8b78 | 0849 8be8 | 4963 c948 | c1e1 0241 
  0x000071da7c58ca48: 81f9 0000 | 0400 0f87 | 141b 0000 | 498b 9fb8 | 0100 004c | 8d51 1749 | 83e2 f84c | 8bdb 4d03 
  0x000071da7c58ca68: da4d 3b9f | c801 0000 | 0f83 f21a | 0000 4d89 | 9fb8 0100 | 0041 0f0d | 8bc0 0000 | 0048 c703 
  0x000071da7c58ca88: 0100 0000 | 897b 0844 | 894b 0c41 | 0f0d 8b00 | 0100 0041 | 0f0d 8b40 | 0100 0041 | 0f0d 8b80 
  0x000071da7c58caa8: 0100 0049 | 8d78 1048 | 8bf3 4883 | c610 4883 | c107 48c1 | e903 488b | d1c5 f877 | 49ba 00e3 
  0x000071da7c58cac8: d67b da71 | 0000 41ff 

  0x000071da7c58cad0: ;   {other}
  0x000071da7c58cad0: d20f 1f84 | 0000 0000 | 0048 8b74 | 2408 488b | d366 6690 

  0x000071da7c58cae4: ;   {optimized virtual_call}
  0x000071da7c58cae4: c5f8 77e8 

  0x000071da7c58cae8: ; ImmutableOopMap {[8]=Oop }
                      ;*invokevirtual setSigners {reexecute=0 rethrow=0 return_oop=0}
                      ; - java.lang.ClassLoader::setSigners@2 (line 1318)
                      ; - java.lang.ClassLoader::postDefineClass@35 (line 939)
                      ; - java.lang.ClassLoader::defineClass@37 (line 1028)
  0x000071da7c58cae8: 54b9 daff 

  0x000071da7c58caec: ;   {other}
  0x000071da7c58caec: 0f1f 8400 | dc1d 001e | e9df fcff | ff49 63d1 | 4181 f900 | 0010 000f | 87bb 1a00 | 0049 8baf 
  0x000071da7c58cb0c: b801 0000 | 4c8d 5a17 | 4983 e3f8 | 488b cd49 | 03cb 493b | 8fc8 0100 | 000f 8399 | 1a00 0049 
  0x000071da7c58cb2c: 898f b801 | 0000 0f0d | 89c0 0000 | 0048 c745 | 0001 0000 | 000f 0d89 | 0001 0000 

  0x000071da7c58cb48: ;   {metadata({type array byte})}
  0x000071da7c58cb48: c745 0818 | 2300 0044 | 894d 0c0f | 0d89 4001 | 0000 0f0d | 8980 0100 | 0048 8bf5 | 4883 c610 
  0x000071da7c58cb68: 4883 c207 | 48c1 ea03 | 498b fac5 | f877 49ba | 00e3 d67b | da71 0000 

  0x000071da7c58cb80: ;   {other}
  0x000071da7c58cb80: 41ff d20f | 1f84 0000 | 0000 004c | 8bed e9f5 | f7ff ff4c | 8b54 2410 | 458b 5234 | 4c89 5424 
  0x000071da7c58cba0: 30e9 66ea | ffff 33db | e9c1 f5ff | ff41 ffc5 | 453b ea7c | 3745 33ed | e9b8 0200 | 0045 3bd3 
  0x000071da7c58cbc0: 0f85 be27 | 0000 418d | 4aff 413b | ca0f 8341 | 2700 0045 | 85db 0f86 | 3827 0000 | 458d 4bff 
  0x000071da7c58cbe0: 453b cb0f | 8363 2700 | 0045 33ed | 478b 4cae | 1045 8b41 | 088b 4a10 | 443b c974 | b08b 7908 
  0x000071da7c58cc00: ;   {metadata('sun/security/x509/X509CertImpl')}
  0x000071da7c58cc00: 4181 f810 | 08ed 000f | 850f 2c00 | 004d 8bc1 | 418b 5820 | c5f9 6ec3 

  0x000071da7c58cc18: ;   {metadata('sun/security/x509/X509CertImpl')}
  0x000071da7c58cc18: 488b e981 | ff10 08ed | 000f 8585 | 2c00 0044 | 8b45 2048 | 8bcb c4e1 | f96e c949 | 8bf0 488b 
  0x000071da7c58cc38: f948 3bfe | 0f84 cb00 | 0000 4885 | ff0f 84c9 | 0000 0048 | 85f6 0f84 | c000 0000 | 8b4f 0c3b 
  0x000071da7c58cc58: 4e0c 0f85 | b400 0000 | 85c9 0f84 | a500 0000 | 488d 7f10 | 488d 7610 | 8bc1 83e0 | 1f83 e1e0 
  0x000071da7c58cc78: 0f84 4b00 | 0000 488d | 3c0f 488d | 340e 48f7 | d9c5 fe6f | 140f c5fe | 6f1c 0ec5 | edef d3c4 
  0x000071da7c58cc98: e27d 17d2 | 0f85 7200 | 0000 4883 | c120 75e1 | 85c0 0f84 | 5d00 0000 | c5fe 6f54 | 07e0 c5fe 
  0x000071da7c58ccb8: 6f5c 06e0 | c5ed efd3 | c4e2 7d17 | d275 4deb | 448b c883 | e1fc 7419 | 488d 3c0f | 488d 340e 
  0x000071da7c58ccd8: 48f7 d98b | 1c0f 3b1c | 0e75 3148 | 83c1 0475 | f2a8 0274 | 120f b71f | 0fb7 0e3b | d975 1d48 
  0x000071da7c58ccf8: 8d7f 0248 | 8d76 02a8 | 0174 0a0f | b61f 0fb6 | 0e3b d975 | 07b8 0100 | 0000 eb02 | 33c0 c5ed 
  0x000071da7c58cd18: ;   {no_reloc}
  0x000071da7c58cd18: efd2 c5e5 | efdb 85c0 | 0f85 87fe | ffff bb01 | 0000 0041 | 3bdb 0f8d | 8826 0000 | 41b8 0100 
  0x000071da7c58cd38: 0000 660f | 1f44 0000 | 428b 5c82 | 1044 3bcb | 0f84 5ffe | ffff 8b7b | 0848 8beb 

  0x000071da7c58cd54: ;   {metadata('sun/security/x509/X509CertImpl')}
  0x000071da7c58cd54: 81ff 1008 | ed00 0f85 | 4f2b 0000 | 8b4d 2048 | 8bf1 c4e1 | f97e cf48 | 3bfe 0f84 | cb00 0000 
  0x000071da7c58cd74: 4885 ff0f | 84c9 0000 | 0048 85f6 | 0f84 c000 | 0000 8b4f | 0c3b 4e0c | 0f85 b400 | 0000 85c9 
  0x000071da7c58cd94: 0f84 a500 | 0000 488d | 7f10 488d | 7610 8bc1 | 83e0 1f83 | e1e0 0f84 | 4b00 0000 | 488d 3c0f 
  0x000071da7c58cdb4: 488d 340e | 48f7 d9c5 | fe6f 1c0f | c5fe 6f14 | 0ec5 e5ef | dac4 e27d | 17db 0f85 | 7200 0000 
  0x000071da7c58cdd4: 4883 c120 | 75e1 85c0 | 0f84 5d00 | 0000 c5fe | 6f5c 07e0 | c5fe 6f54 | 06e0 c5e5 | efda c4e2 
  0x000071da7c58cdf4: 7d17 db75 | 4deb 448b | c883 e1fc | 7419 488d | 3c0f 488d | 340e 48f7 | d98b 1c0f | 3b1c 0e75 
  0x000071da7c58ce14: 3148 83c1 | 0475 f2a8 | 0274 120f | b71f 0fb7 | 0e3b d975 | 1d48 8d7f | 0248 8d76 | 02a8 0174 
  0x000071da7c58ce34: 0a0f b61f | 0fb6 0e3b | d975 07b8 | 0100 0000 | eb02 33c0 | c5e5 efdb | c5ed efd2 

  0x000071da7c58ce50: ;   {no_reloc}
  0x000071da7c58ce50: 85c0 0f85 | 55fd ffff | 41ff c045 | 3bc3 0f8c | dcfe ffff | e959 2500 | 0041 ffc5 | 453b eb0f 
  0x000071da7c58ce70: 8d2b eaff | ff46 8b44 | aa10 458b | 4808 418b | 6e10 443b | c574 e28b 

  0x000071da7c58ce88: ;   {metadata('sun/security/x509/X509CertImpl')}
  0x000071da7c58ce88: 4d08 4181 | f910 08ed | 000f 85dd | 2900 0048 | 8bdd 4d8b | c841 8b79 | 20c5 f96e 

  0x000071da7c58cea4: ;   {metadata('sun/security/x509/X509CertImpl')}
  0x000071da7c58cea4: cf81 f910 | 08ed 000f | 853f 2a00 | 0044 8b4b | 2048 8bef | 498b f148 | 8bfd 483b | fe0f 84cb 
  0x000071da7c58cec4: 0000 0048 | 85ff 0f84 | c900 0000 | 4885 f60f | 84c0 0000 | 008b 4f0c | 3b4e 0c0f | 85b4 0000 
  0x000071da7c58cee4: 0085 c90f | 84a5 0000 | 0048 8d7f | 1048 8d76 | 108b c183 | e01f 83e1 | e00f 844b | 0000 0048 
  0x000071da7c58cf04: 8d3c 0f48 | 8d34 0e48 | f7d9 c5fe | 6f04 0fc5 | fe6f 140e | c5fd efc2 | c4e2 7d17 | c00f 8572 
  0x000071da7c58cf24: 0000 0048 | 83c1 2075 | e185 c00f | 845d 0000 | 00c5 fe6f | 4407 e0c5 | fe6f 5406 | e0c5 fdef 
  0x000071da7c58cf44: c2c4 e27d | 17c0 754d | eb44 8bc8 | 83e1 fc74 | 1948 8d3c | 0f48 8d34 | 0e48 f7d9 | 8b1c 0f3b 
  0x000071da7c58cf64: 1c0e 7531 | 4883 c104 | 75f2 a802 | 7412 0fb7 | 1f0f b70e | 3bd9 751d | 488d 7f02 | 488d 7602 
  0x000071da7c58cf84: a801 740a | 0fb6 1f0f | b60e 3bd9 | 7507 b801 | 0000 00eb | 0233 c0c5 | fdef c0c5 | edef d285 
  0x000071da7c58cfa4: ;   {no_reloc}
  0x000071da7c58cfa4: c00f 85be | feff ff41 | b901 0000 | 0045 3bca | 0f8d 2501 | 0000 660f | 1f44 0000 | 438b 5c8e 
  0x000071da7c58cfc4: 1044 3bc3 | 0f84 9bfe | ffff 8b4b 

  0x000071da7c58cfd0: ;   {metadata('sun/security/x509/X509CertImpl')}
  0x000071da7c58cfd0: 0881 f910 | 08ed 000f | 8516 2900 | 008b 4b20 | 488b f148 | 8bfd 483b | fe0f 84cb | 0000 0048 
  0x000071da7c58cff0: 85ff 0f84 | c900 0000 | 4885 f60f | 84c0 0000 | 008b 4f0c | 3b4e 0c0f | 85b4 0000 | 0085 c90f 
  0x000071da7c58d010: 84a5 0000 | 0048 8d7f | 1048 8d76 | 108b c183 | e01f 83e1 | e00f 844b | 0000 0048 | 8d3c 0f48 
  0x000071da7c58d030: 8d34 0e48 | f7d9 c5fe | 6f14 0fc5 | fe6f 040e | c5ed efd0 | c4e2 7d17 | d20f 8572 | 0000 0048 
  0x000071da7c58d050: 83c1 2075 | e185 c00f | 845d 0000 | 00c5 fe6f | 5407 e0c5 | fe6f 4406 | e0c5 edef | d0c4 e27d 
  0x000071da7c58d070: 17d2 754d | eb44 8bc8 | 83e1 fc74 | 1948 8d3c | 0f48 8d34 | 0e48 f7d9 | 8b1c 0f3b | 1c0e 7531 
  0x000071da7c58d090: 4883 c104 | 75f2 a802 | 7412 0fb7 | 1f0f b70e | 3bd9 751d | 488d 7f02 | 488d 7602 | a801 740a 
  0x000071da7c58d0b0: 0fb6 1f0f | b60e 3bd9 | 7507 b801 | 0000 00eb | 0233 c0c5 | edef d2c5 | fdef c085 | c00f 8596 
  0x000071da7c58d0d0: ;   {no_reloc}
  0x000071da7c58d0d0: fdff ff41 | ffc1 453b | ca0f 8ce1 | feff ffbe | 45ff ffff | 488b 6c24 | 104c 8b44 | 2428 4c89 
  0x000071da7c58d0f0: 4424 104c | 8b44 2430 | 4c89 4424 | 284c 8974 | 2430 4889 | 5424 3844 | 895c 2440 | 4489 6c24 
  0x000071da7c58d110: 4444 894c | 2448 4489 | 5424 4c90 

  0x000071da7c58d11c: ;   {runtime_call UncommonTrapBlob}
  0x000071da7c58d11c: c5f8 77e8 

  0x000071da7c58d120: ; ImmutableOopMap {rbp=Oop [8]=Oop [16]=Oop [24]=Oop [40]=Oop [48]=Oop [56]=Oop }
                      ;*if_icmpge {reexecute=1 rethrow=0 return_oop=0}
                      ; - (reexecute) java.lang.ClassLoader::compareCerts@152 (line 1209)
                      ; - java.lang.ClassLoader::checkCerts@80 (line 1172)
                      ; - java.lang.ClassLoader::preDefineClass@113 (line 917)
                      ; - java.lang.ClassLoader::defineClass@4 (line 1025)
  0x000071da7c58d120: dcd1 7fff 

  0x000071da7c58d124: ;   {other}
  0x000071da7c58d124: 0f1f 8400 | 1424 001f | 498b dde9 | d0e6 ffff | 498b f266 | 6690 c5f8 | 7748 b8ff | ffff ffff 
  0x000071da7c58d144: ;   {virtual_call}
  0x000071da7c58d144: ffff ffe8 

  0x000071da7c58d148: ; ImmutableOopMap {[16]=Oop [24]=Oop [40]=Oop [48]=Oop }
                      ;*invokevirtual toExternalForm {reexecute=0 rethrow=0 return_oop=1}
                      ; - java.net.URL::toExternalForm@5 (line 1203)
                      ; - java.net.URL::toString@1 (line 1189)
                      ; - java.lang.ClassLoader::defineClassSourceLocation@22 (line 927)
                      ; - java.lang.ClassLoader::defineClass@12 (line 1026)
  0x000071da7c58d148: 3482 7fff 

  0x000071da7c58d14c: ;   {other}
  0x000071da7c58d14c: 0f1f 8400 | 3c24 0020 | 488b d8e9 | 12f0 ffff | 4533 d244 | 8954 2470 | e937 e7ff | ff48 8bf0 
  0x000071da7c58d16c: 488b e890 

  0x000071da7c58d170: ;   {optimized virtual_call}
  0x000071da7c58d170: c5f8 77e8 

  0x000071da7c58d174: ; ImmutableOopMap {rbp=Oop [8]=Oop [16]=Oop [48]=Oop }
                      ;*invokevirtual initClassName {reexecute=0 rethrow=0 return_oop=1}
                      ; - java.lang.Class::getName@14 (line 948)
                      ; - java.lang.Class::getPackageName@40 (line 1167)
                      ; - java.lang.ClassLoader::postDefineClass@2 (line 934)
                      ; - java.lang.ClassLoader::defineClass@37 (line 1028)
  0x000071da7c58d174: 484c d6ff 

  0x000071da7c58d178: ;   {other}
  0x000071da7c58d178: 0f1f 8400 | 6824 0021 | 488b d848 | 85c0 0f85 | 47f0 ffff | bef6 ffff | ff66 6690 

  0x000071da7c58d194: ;   {runtime_call UncommonTrapBlob}
  0x000071da7c58d194: c5f8 77e8 

  0x000071da7c58d198: ; ImmutableOopMap {}
                      ;*invokevirtual lastIndexOf {reexecute=0 rethrow=0 return_oop=0}
                      ; - java.lang.Class::getPackageName@47 (line 1168)
                      ; - java.lang.ClassLoader::postDefineClass@2 (line 934)
                      ; - java.lang.ClassLoader::defineClass@37 (line 1028)
  0x000071da7c58d198: 64d1 7fff 

  0x000071da7c58d19c: ;   {other}
  0x000071da7c58d19c: 0f1f 8400 | 8c24 0022 | 488b 7424 | 1866 6690 

  0x000071da7c58d1ac: ;   {optimized virtual_call}
  0x000071da7c58d1ac: c5f8 77e8 

  0x000071da7c58d1b0: ; ImmutableOopMap {[8]=Oop [16]=Oop [24]=Oop [32]=NarrowOop [40]=Oop [48]=Oop }
                      ;*invokevirtual intern {reexecute=0 rethrow=0 return_oop=1}
                      ; - java.lang.NamedPackage::<init>@47 (line 51)
                      ; - java.lang.ClassLoader::getNamedPackage@22 (line 343)
                      ; - java.lang.ClassLoader::postDefineClass@9 (line 934)
                      ; - java.lang.ClassLoader::defineClass@37 (line 1028)
  0x000071da7c58d1b0: 0c1a d6ff 

  0x000071da7c58d1b4: ;   {other}
  0x000071da7c58d1b4: 0f1f 8400 | a424 0023 | 4c8b 4424 | 2844 8b4c | 2420 4589 | 4810 4c8b | d845 8958 | 0c4d 8bd0 
  0x000071da7c58d1d4: 49c1 ea09 | 49bb 0040 | 7191 da71 | 0000 4788 | 2413 4c8b | 5c24 1045 | 8b53 3845 | 85d2 0f84 
  0x000071da7c58d1f4: ec20 0000 | 498b f248 | 8b54 2418 | 498b c890 

  0x000071da7c58d204: ;   {optimized virtual_call}
  0x000071da7c58d204: c5f8 77e8 

  0x000071da7c58d208: ; ImmutableOopMap {[8]=Oop [16]=Oop [32]=NarrowOop [40]=Oop [48]=Oop }
                      ;*invokevirtual putIfAbsent {reexecute=0 rethrow=0 return_oop=1}
                      ; - java.lang.ClassLoader::getNamedPackage@32 (line 345)
                      ; - java.lang.ClassLoader::postDefineClass@9 (line 934)
                      ; - java.lang.ClassLoader::defineClass@37 (line 1028)
  0x000071da7c58d208: b445 e7ff 

  0x000071da7c58d20c: ;   {other}
  0x000071da7c58d20c: 0f1f 8400 | fc24 0024 | 4885 c00f | 8498 f5ff | ff44 8b50 | 0849 bb00 | 0000 26da | 7100 004d 
  0x000071da7c58d22c: 03da 4d8b 

  0x000071da7c58d230: ;   {metadata('java/lang/NamedPackage')}
  0x000071da7c58d230: 5338 49bb | e0c2 0126 | da71 0000 | 4d3b d30f | 84b7 2000 | 00be deff | ffff 488b | e866 6690 
  0x000071da7c58d250: ;   {runtime_call UncommonTrapBlob}
  0x000071da7c58d250: c5f8 77e8 

  0x000071da7c58d254: ; ImmutableOopMap {rbp=Oop }
                      ;*checkcast {reexecute=0 rethrow=0 return_oop=0}
                      ; - java.lang.ClassLoader::getNamedPackage@35 (line 345)
                      ; - java.lang.ClassLoader::postDefineClass@9 (line 934)
                      ; - java.lang.ClassLoader::defineClass@37 (line 1028)
  0x000071da7c58d254: a8d0 7fff 

  0x000071da7c58d258: ;   {other}
  0x000071da7c58d258: 0f1f 8400 | 4825 0025 | 4533 ede9 | 91e3 ffff | 4533 d244 | 8954 2470 | e90e e4ff | ffbb ffff 
  0x000071da7c58d278: ffff e9c0 | e2ff ff4c | 8954 2450 | 4c8b 5424 | 384c 8954 | 2448 4489 | 6c24 404c | 8b54 2430 
  0x000071da7c58d298: 4c89 5424 | 384c 8b54 | 2410 4c89 | 5424 0848 | 8b6c 2428 | 488b 7424 | 5066 6690 

  0x000071da7c58d2b4: ;   {optimized virtual_call}
  0x000071da7c58d2b4: c5f8 77e8 

  0x000071da7c58d2b8: ; ImmutableOopMap {rbp=Oop [8]=Oop [24]=Oop [56]=Oop [64]=NarrowOop [72]=Oop [80]=Oop }
                      ;*invokevirtual isLatin1 {reexecute=0 rethrow=0 return_oop=0}
                      ; - java.lang.AbstractStringBuilder::append@46 (line 810)
                      ; - java.lang.StringBuilder::append@2 (line 246)
                      ; - java.net.URLStreamHandler::toExternalForm@16 (line 480)
                      ; - java.net.URL::toExternalForm@5 (line 1203)
                      ; - java.net.URL::toString@1 (line 1189)
                      ; - java.lang.ClassLoader::defineClassSourceLocation@22 (line 927)
                      ; - java.lang.ClassLoader::defineClass@12 (line 1026)
  0x000071da7c58d2b8: c47d 7fff 

  0x000071da7c58d2bc: ;   {other}
  0x000071da7c58d2bc: 0f1f 8400 | ac25 0026 | 85c0 0f85 | f902 0000 | 4c8b 5424 | 5045 8b5a | 1441 8b52 | 0c49 8bf3 
  0x000071da7c58d2dc: 448d 5a01 | 4589 5a0c | b93a 0000 | 0066 6690 

  0x000071da7c58d2ec: ;   {static_call}
  0x000071da7c58d2ec: c5f8 77e8 

  0x000071da7c58d2f0: ; ImmutableOopMap {rbp=Oop [8]=Oop [24]=Oop [56]=Oop [64]=NarrowOop [72]=Oop [80]=Oop }
                      ;*invokestatic putCharSB {reexecute=0 rethrow=0 return_oop=0}
                      ; - java.lang.AbstractStringBuilder::append@72 (line 813)
                      ; - java.lang.StringBuilder::append@2 (line 246)
                      ; - java.net.URLStreamHandler::toExternalForm@16 (line 480)
                      ; - java.net.URL::toExternalForm@5 (line 1203)
                      ; - java.net.URL::toString@1 (line 1189)
                      ; - java.lang.ClassLoader::defineClassSourceLocation@22 (line 927)
                      ; - java.lang.ClassLoader::defineClass@12 (line 1026)
  0x000071da7c58d2f0: 8c83 7fff 

  0x000071da7c58d2f4: ;   {other}
  0x000071da7c58d2f4: 0f1f 8400 | e425 0027 | 4889 6c24 | 284c 8b54 | 2408 4c89 | 5424 104c | 8b54 2438 | 4c89 5424 
  0x000071da7c58d314: 3044 8b6c | 2440 4c8b | 5424 484c | 8954 2438 | 4c8b 5424 | 504c 8954 | 2440 e977 | e8ff ff4c 
  0x000071da7c58d334: 8b54 2440 | 4c89 5424 | 5048 8954 | 2448 4489 | 6c24 404c | 8b54 2430 | 4c89 5424 | 384c 8b54 
  0x000071da7c58d354: 2410 4c89 | 5424 0848 | 8b6c 2428 | 488b 7424 | 5066 6690 

  0x000071da7c58d368: ;   {optimized virtual_call}
  0x000071da7c58d368: c5f8 77e8 

  0x000071da7c58d36c: ; ImmutableOopMap {rbp=Oop [8]=Oop [24]=Oop [56]=Oop [64]=NarrowOop [72]=Oop [80]=Oop }
                      ;*invokevirtual appendNull {reexecute=0 rethrow=0 return_oop=1}
                      ; - java.lang.AbstractStringBuilder::append@5 (line 584)
                      ; - java.lang.StringBuilder::append@2 (line 179)
                      ; - java.net.URLStreamHandler::toExternalForm@11 (line 480)
                      ; - java.net.URL::toExternalForm@5 (line 1203)
                      ; - java.net.URL::toString@1 (line 1189)
                      ; - java.lang.ClassLoader::defineClassSourceLocation@22 (line 927)
                      ; - java.lang.ClassLoader::defineClass@12 (line 1026)
  0x000071da7c58d36c: 107d 7fff 

  0x000071da7c58d370: ;   {other}
  0x000071da7c58d370: 0f1f 8400 | 6026 0028 | 4889 6c24 | 284c 8b54 | 2408 4c89 | 5424 104c | 8b54 2438 | 4c89 5424 
  0x000071da7c58d390: 3044 8b6c | 2440 4c8b | 5424 484c | 8954 2438 | 4c8b 5424 | 504c 8954 | 2440 e930 

  0x000071da7c58d3ac: ;   {oop(""{0x0000000080000000})}
  0x000071da7c58d3ac: e7ff ff48 | bb00 0000 | 8000 0000 | 00e9 46e4 | ffff 33c0 | e946 f0ff | ff48 63d5 | 4c8d 5210 
  0x000071da7c58d3cc: 498b ca48 | 83e1 f849 | 8bfe 4803 | f949 c1ea | 034d 2bc2 | 498b c848 | 33c0 4883 | f908 7f10 
  0x000071da7c58d3ec: 48ff c978 | 4f48 8904 | cf48 ffc9 | 7df7 eb44 | c5fd efc0 | e90d 0000 | 00c5 fe7f | 07c5 fe7f 
  0x000071da7c58d40c: 4720 4883 | c740 4883 | e908 7ded | 4883 c104 | 7c0c c5fe | 7f07 4883 | c720 4883 | e904 4883 
  0x000071da7c58d42c: c104 7e10 | 48ff c9c5 | f9d6 0748 | 83c7 0848 | ffc9 7df3 | 498b fb49 | 8bf1 c5f8 | 7749 bac0 
  0x000071da7c58d44c: ded6 7bda | 7100 0041 

  0x000071da7c58d454: ;   {other}
  0x000071da7c58d454: ffd2 0f1f | 8400 0000 | 0000 e981 | e3ff ff48 | 63d5 4c8d | 5a10 4d8b | cb49 83e1 | f849 8bfd 
  0x000071da7c58d474: 4903 f949 | c1eb 0349 | 2bcb 4833 | c048 83f9 | 087f 1048 | ffc9 784f | 4889 04cf | 48ff c97d 
  0x000071da7c58d494: f7eb 44c5 | fdef c0e9 | 0d00 0000 | c5fe 7f07 | c5fe 7f47 | 2048 83c7 | 4048 83e9 | 087d ed48 
  0x000071da7c58d4b4: 83c1 047c | 0cc5 fe7f | 0748 83c7 | 2048 83e9 | 0448 83c1 | 047e 1048 | ffc9 c5f9 | d607 4883 
  0x000071da7c58d4d4: c708 48ff | c97d f349 | 8bf8 498b | f2c5 f877 | 49ba c0de | d67b da71 | 0000 41ff 

  0x000071da7c58d4f0: ;   {other}
  0x000071da7c58d4f0: d20f 1f84 | 0000 0000 | 00e9 54ec 

  0x000071da7c58d4fc: ;   {oop(""{0x0000000080000000})}
  0x000071da7c58d4fc: ffff 48bb | 0000 0080 | 0000 0000 | e99b eeff | ff48 63d5 | 4c8d 4a10 | 498b c948 | 83e1 f849 
  0x000071da7c58d51c: 8bfd 4803 | f949 c1e9 | 034d 2bd9 | 498b cb48 | 33c0 4883 | f908 7f10 | 48ff c978 | 4f48 8904 
  0x000071da7c58d53c: cf48 ffc9 | 7df7 eb44 | c5fd efc0 | e90d 0000 | 00c5 fe7f | 07c5 fe7f | 4720 4883 | c740 4883 
  0x000071da7c58d55c: e908 7ded | 4883 c104 | 7c0c c5fe | 7f07 4883 | c720 4883 | e904 4883 | c104 7e10 | 48ff c9c5 
  0x000071da7c58d57c: f9d6 0748 | 83c7 0848 | ffc9 7df3 | 498b fa49 | 8bf0 c5f8 | 7749 bac0 | ded6 7bda | 7100 0041 
  0x000071da7c58d59c: ;   {other}
  0x000071da7c58d59c: ffd2 0f1f | 8400 0000 | 0000 e9dd | edff ff48 | 8b4c 2418 | c641 1101 | 33c0 448b | 5424 2044 
  0x000071da7c58d5bc: 8b4c 2424 | e946 eeff | ff48 8b74 | 2450 6690 

  0x000071da7c58d5cc: ;   {optimized virtual_call}
  0x000071da7c58d5cc: c5f8 77e8 

  0x000071da7c58d5d0: ; ImmutableOopMap {rbp=Oop [8]=Oop [24]=Oop [56]=Oop [64]=NarrowOop [72]=Oop [80]=Oop }
                      ;*invokevirtual inflate {reexecute=0 rethrow=0 return_oop=0}
                      ; - java.lang.AbstractStringBuilder::append@53 (line 811)
                      ; - java.lang.StringBuilder::append@2 (line 246)
                      ; - java.net.URLStreamHandler::toExternalForm@16 (line 480)
                      ; - java.net.URL::toExternalForm@5 (line 1203)
                      ; - java.net.URL::toString@1 (line 1189)
                      ; - java.lang.ClassLoader::defineClassSourceLocation@22 (line 927)
                      ; - java.lang.ClassLoader::defineClass@12 (line 1026)
  0x000071da7c58d5d0: ac7a 7fff 

  0x000071da7c58d5d4: ;   {other}
  0x000071da7c58d5d4: 0f1f 8400 | c428 0029 | e9eb fcff | ff44 0fb7 | 5d10 4183 | fb6a 0f85 | 04e0 ffff | 440f b75d 
  0x000071da7c58d5f4: 1241 83fb | 610f 85f5 | dfff ff44 | 0fb7 5d14 | 4183 fb76 | 0f85 e6df | ffff 440f | b75d 1641 
  0x000071da7c58d614: 83fb 610f | 85d7 dfff | ff44 0fb7 | 5d18 4183 | fb2e 0f85 | c8df ffff | e9a6 dfff | ff45 0fbe 
  0x000071da7c58d634: 5010 458b | 5814 458b | 4b0c c442 | 2af7 d941 | 83c3 0245 | 85db 0f8c | 5821 0000 | c4c2 29f7 
  0x000071da7c58d654: d381 fa00 | 0010 000f | 873f 2100 | 004c 63da | 498b e881 | fa00 0010 | 000f 8761 | 1e00 004d 
  0x000071da7c58d674: 8b8f b801 | 0000 4983 | c317 4983 | e3f8 498b | c949 03cb | 493b 8fc8 | 0100 000f | 833f 1e00 
  0x000071da7c58d694: 0049 898f | b801 0000 | 0f0d 89c0 | 0000 0049 | c701 0100 | 0000 0f0d | 8900 0100 

  0x000071da7c58d6b0: ;   {metadata({type array byte})}
  0x000071da7c58d6b0: 0041 c741 | 0818 2300 | 0041 8951 | 0c0f 0d89 | 4001 0000 | 0f0d 8980 | 0100 0045 | 85d2 0f84 
  0x000071da7c58d6d0: 1402 0000 | 41bb 2f00 | 0000 6645 | 8959 10b9 | 2f00 0000 | 6641 8949 | 12b9 0400 | 0000 498d 
  0x000071da7c58d6f0: 5c09 1045 | 8b58 1441 | 8b53 0c49 | 8bcb 4d8d | 5b10 4180 | 7810 000f | 8460 0100 | 004d 8bc3 
  0x000071da7c58d710: 4c8b db4c | 894c 2458 | 4489 5424 | 504c 8b54 | 2440 4c89 | 5424 484c | 8b54 2438 | 4c89 5424 
  0x000071da7c58d730: 4044 896c | 2438 d1fa | 4863 d249 | 8bf8 498b | f3c5 f877 | 49ba 60e0 | d67b da71 | 0000 41ff 
  0x000071da7c58d750: ;   {other}
  0x000071da7c58d750: d20f 1f84 | 0000 0000 | 0044 8b6c | 2438 4c8b | 5424 404c | 8954 2438 | 4c8b 5424 | 484c 8954 
  0x000071da7c58d770: 2440 448b | 5424 504c | 8b4c 2458 | e999 0000 | 0049 8bf3 | 488b fb8b | ca83 e10f | 83e2 f074 
  0x000071da7c58d790: 1c48 8d34 | 1648 8d3c | 5748 f7da | c4e2 7d30 | 0416 c5fe | 7f04 5748 | 83c2 1075 | ef8b d183 
  0x000071da7c58d7b0: e107 83e2 | f874 27c4 | e279 3006 | c5fa 7f07 | 4883 c608 | 4883 c710 | e911 0000 | 00c4 e279 
  0x000071da7c58d7d0: 3004 16c5 | fa7f 0457 | 4883 c208 | 75ef 8bd1 | 83fa 047c | 19c5 f96e | 06c4 e279 | 30c0 c5f9 
  0x000071da7c58d7f0: d607 4883 | ea04 4883 | c604 4883 | c708 85d2 | 7418 488d | 3416 488d | 3c57 48f7 | da0f b60c 
  0x000071da7c58d810: 1666 890c | 5748 ffc2 | 75f3 498b | 87b8 0100 | 004c 8bd8 | 4983 c318 | 4d3b 9fc8 | 0100 000f 
  0x000071da7c58d830: 830f 1c00 | 004d 899f | b801 0000 | 410f 0d8b | c000 0000 | 48c7 0001 

  0x000071da7c58d848: ;   {metadata('java/lang/String')}
  0x000071da7c58d848: 0000 00c7 | 4008 70ea | 0000 4489 | 600c 4c89 | 6010 4c8b | c045 8850 | 104d 8bd1 | 4589 5014 
  0x000071da7c58d868: e961 e3ff | ff45 85d2 | 0f85 0bff | ffff 4d8b | c34c 8bdb | 4c89 4c24 | 5844 8954 | 2450 4c8b 
  0x000071da7c58d888: 5424 404c | 8954 2448 | 4c8b 5424 | 384c 8954 | 2440 4489 | 6c24 3848 | 63d2 498b | f849 8bf3 
  0x000071da7c58d8a8: c5f8 7749 | bac0 ded6 | 7bda 7100 | 0041 ffd2 

  0x000071da7c58d8b8: ;   {other}
  0x000071da7c58d8b8: 0f1f 8400 | 0000 0000 | 448b 6c24 | 384c 8b54 | 2440 4c89 | 5424 384c | 8b54 2448 | 4c89 5424 
  0x000071da7c58d8d8: 4044 8b54 | 2450 4c8b | 4c24 58e9 | 32ff ffff | 41c6 4110 | 2f41 c641 | 112f b902 | 0000 00e9 
  0x000071da7c58d8f8: f2fd ffff | 4c8b 5424 | 084c 8954 | 2410 4c8b | 5424 204c | 8954 2430 | 4889 6c24 | 0848 8b4c 
  0x000071da7c58d918: 2438 448b | 4c24 1c44 | 8b54 2440 | 488b 5c24 | 48e9 38eb | ffff 488b | f266 6690 

  0x000071da7c58d934: ;   {optimized virtual_call}
  0x000071da7c58d934: c5f8 77e8 

  0x000071da7c58d938: ; ImmutableOopMap {rbp=NarrowOop [8]=Oop [16]=Oop [24]=Oop [40]=Oop }
                      ;*invokevirtual length {reexecute=0 rethrow=0 return_oop=0}
                      ; - java.lang.String::indexOf@30 (line 2462)
                      ; - java.lang.String::indexOf@3 (line 2405)
                      ; - java.lang.ClassLoader::checkName@16 (line 1157)
                      ; - java.lang.ClassLoader::preDefineClass@1 (line 900)
                      ; - java.lang.ClassLoader::defineClass@4 (line 1025)
  0x000071da7c58d938: 4477 7fff 

  0x000071da7c58d93c: ;   {other}
  0x000071da7c58d93c: 0f1f 8400 | 2c2c 002a | 488b f5ba | 2f00 0000 | 33c9 448b | c048 8b6c | 2410 6690 

  0x000071da7c58d958: ;   {static_call}
  0x000071da7c58d958: c5f8 77e8 

  0x000071da7c58d95c: ; ImmutableOopMap {rbp=Oop [8]=Oop [16]=Oop [24]=Oop [40]=Oop }
                      ;*invokestatic indexOf {reexecute=0 rethrow=0 return_oop=0}
                      ; - java.lang.String::indexOf@33 (line 2462)
                      ; - java.lang.String::indexOf@3 (line 2405)
                      ; - java.lang.ClassLoader::checkName@16 (line 1157)
                      ; - java.lang.ClassLoader::preDefineClass@1 (line 900)
                      ; - java.lang.ClassLoader::defineClass@4 (line 1025)
  0x000071da7c58d95c: 207d 7fff 

  0x000071da7c58d960: ;   {other}
  0x000071da7c58d960: 0f1f 8400 | 502c 002b | 8bd8 e9d0 | dbff ff49 | 8b87 b801 | 0000 4c8b | d049 83c2 | 1844 8b4c 
  0x000071da7c58d980: 2438 498b | c94d 3b97 | c801 0000 | 0f83 d51b | 0000 4d89 | 97b8 0100 | 0041 0f0d | 8ac0 0000 
  0x000071da7c58d9a0: 0048 c700 | 0100 0000 

  0x000071da7c58d9a8: ;   {metadata('java/util/ArrayList')}
  0x000071da7c58d9a8: c740 08b0 | b20b 0044 | 8960 0c44 | 8960 1045 

  0x000071da7c58d9b8: ;   {oop(a 'java/lang/Object'[0] {0x00000000807f6460})}
  0x000071da7c58d9b8: 8b53 0cc7 | 4014 6064 | 7f80 4c8b | c045 85d2 | 0f86 fb00 | 0000 4533 | c9eb 3a66 | 0f1f 8400 
  0x000071da7c58d9d8: 0000 0000 | 6666 6690 | 4889 6c24 | 284c 8b54 | 2408 4c89 | 5424 104c | 8b6c 2440 | 4c8b 5424 
  0x000071da7c58d9f8: 484c 8954 | 2430 488b | 5c24 5048 | 8b4c 2458 | 4c8b 4424 | 6041 8b7b | 0c44 3bcf | 0f83 161d 
  0x000071da7c58da18: 0000 478b | 5c8b 1045 | 8b53 1045 | 8b52 1044 | 894c 243c | 4c89 4424 | 6048 894c | 2458 4889 
  0x000071da7c58da38: 5c24 504c | 8b5c 2430 | 4c89 5c24 | 484c 896c | 2440 4c8b | 5c24 104c | 895c 2408 | 488b 6c24 
  0x000071da7c58da58: 2849 8bd2 | 488b 7424 | 6066 6690 

  0x000071da7c58da64: ;   {optimized virtual_call}
  0x000071da7c58da64: c5f8 77e8 

  0x000071da7c58da68: ; ImmutableOopMap {rbp=Oop [8]=Oop [24]=Oop [56]=NarrowOop [64]=Oop [72]=Oop [80]=Oop [88]=Oop [96]=Oop }
                      ;*invokevirtual addAll {reexecute=0 rethrow=0 return_oop=0}
                      ; - java.security.CodeSource::getCertificates@57 (line 212)
                      ; - java.lang.ClassLoader::checkCerts@34 (line 1168)
                      ; - java.lang.ClassLoader::preDefineClass@113 (line 917)
                      ; - java.lang.ClassLoader::defineClass@4 (line 1025)
  0x000071da7c58da68: 1476 7fff 

  0x000071da7c58da6c: ;   {other}
  0x000071da7c58da6c: 0f1f 8400 | 5c2d 002c | 4d8b 9750 | 0400 0044 | 8b5c 2438 | 458b 5b10 | 448b 4c24 

  0x000071da7c58da88: ; ImmutableOopMap {r11=NarrowOop rbp=Oop [8]=Oop [24]=Oop [56]=NarrowOop [64]=Oop [72]=Oop [80]=Oop [88]=Oop [96]=Oop }
                      ;*goto {reexecute=1 rethrow=0 return_oop=0}
                      ; - (reexecute) java.security.CodeSource::getCertificates@64 (line 211)
                      ; - java.lang.ClassLoader::checkCerts@34 (line 1168)
                      ; - java.lang.ClassLoader::preDefineClass@113 (line 917)
                      ; - java.lang.ClassLoader::defineClass@4 (line 1025)
  0x000071da7c58da88: 3c41 ffc1 

  0x000071da7c58da8c: ;   {poll}
  0x000071da7c58da8c: 4185 0245 | 8b53 0c45 | 3bca 0f8c | 44ff ffff | 4889 6c24 | 284c 8b54 | 2408 4c89 | 5424 104c 
  0x000071da7c58daac: 8b6c 2440 | 4c8b 5424 | 484c 8954 | 2430 488b | 5c24 5048 | 8b4c 2458 | 4c8b 4424 | 6049 8b87 
  0x000071da7c58dacc: b801 0000 | 4c8b d049 | 83c2 104d | 3b97 c801 | 0000 0f83 | 0c1b 0000 | 4d89 97b8 | 0100 0041 
  0x000071da7c58daec: 0f0d 8ac0 | 0000 0048 | c700 0100 | 0000 410f | 0d8a 0001 

  0x000071da7c58db00: ;   {metadata('java/security/cert/Certificate'[])}
  0x000071da7c58db00: 0000 c740 | 08c8 5210 | 0041 0f0d | 8a40 0100 | 0044 8960 | 0c41 0f0d | 8a80 0100 | 0048 8b6c 
  0x000071da7c58db20: 2428 4c8b | 5424 104c | 8954 2408 | 448b 5c24 | 7044 895c | 243c 4c89 | 6c24 4048 | 895c 2448 
  0x000071da7c58db40: 4889 4c24 | 504c 8944 | 2458 488b | d048 8b74 | 2458 6690 

  0x000071da7c58db54: ;   {optimized virtual_call}
  0x000071da7c58db54: c5f8 77e8 

  0x000071da7c58db58: ; ImmutableOopMap {rbp=Oop [8]=Oop [24]=Oop [48]=Oop [56]=NarrowOop [64]=Oop [72]=Oop [80]=Oop }
                      ;*invokevirtual toArray {reexecute=0 rethrow=0 return_oop=1}
                      ; - java.security.CodeSource::getCertificates@73 (line 215)
                      ; - java.lang.ClassLoader::checkCerts@34 (line 1168)
                      ; - java.lang.ClassLoader::preDefineClass@113 (line 917)
                      ; - java.lang.ClassLoader::defineClass@4 (line 1025)
  0x000071da7c58db58: 2475 7fff 

  0x000071da7c58db5c: ;   {other}
  0x000071da7c58db5c: 0f1f 8400 | 4c2e 002e | 488b c844 

  0x000071da7c58db68: ;   {metadata('java/security/cert/Certificate'[])}
  0x000071da7c58db68: 8b50 0841 | 81fa c852 | 1000 0f85 | d81d 0000 | 448b 490c | 4c8b 5424 | 504d 8bda | 4d63 c149 
  0x000071da7c58db88: c1eb 0949 | ba00 4071 | 91da 7100 | 0047 8824 | 1a49 c1e0 | 024c 8bd1 | 448b 5c24 | 3845 8953 
  0x000071da7c58dba8: 1441 81f9 | 0000 0400 | 0f87 8b1a | 0000 498b | 9fb8 0100 | 004d 8d50 | 1749 83e2 | f84c 8bdb 
  0x000071da7c58dbc8: 4d03 da4d | 3b9f c801 | 0000 0f83 | 691a 0000 | 4d89 9fb8 | 0100 0041 | 0f0d 8bc0 | 0000 0048 
  0x000071da7c58dbe8: c703 0100 | 0000 410f | 0d8b 0001 

  0x000071da7c58dbf4: ;   {metadata('java/security/cert/Certificate'[])}
  0x000071da7c58dbf4: 0000 c743 | 08c8 5210 | 0044 894b | 0c41 0f0d | 8b40 0100 | 0041 0f0d | 8b80 0100 | 0048 8bf9 
  0x000071da7c58dc14: 4883 c710 | 488b f348 | 83c6 1049 | 83c0 0749 | c1e8 0349 | 8bd0 c5f8 | 7749 ba00 | e3d6 7bda 
  0x000071da7c58dc34: 7100 0041 

  0x000071da7c58dc38: ;   {other}
  0x000071da7c58dc38: ffd2 0f1f | 8400 0000 | 0000 4c8b | d348 896c | 2428 4c8b | 5c24 084c | 895c 2410 | 448b 4424 
  0x000071da7c58dc58: 3c44 8944 | 2470 4c8b | 6c24 4048 | 8b5c 2448 | 4d8b f2e9 | bddb ffff | 4489 5424 | 5489 7424 
  0x000071da7c58dc78: 5044 894c | 244c 448b | 5424 3844 | 8954 2448 | 4c8b 5424 | 304c 8954 | 2440 4c89 | 6c24 384c 
  0x000071da7c58dc98: 8b54 2428 | 4c89 5424 

  0x000071da7c58dca0: ;   {metadata('java/lang/String')}
  0x000071da7c58dca0: 0848 be70 | ea00 26da | 7100 0090 

  0x000071da7c58dcac: ;   {runtime_call _new_instance_Java}
  0x000071da7c58dcac: c5f8 77e8 

  0x000071da7c58dcb0: ; ImmutableOopMap {rbp=Oop [8]=Oop [16]=Oop [24]=Oop [56]=Oop [64]=Oop [72]=NarrowOop [76]=NarrowOop }
                      ;*new {reexecute=0 rethrow=0 return_oop=1}
                      ; - java.lang.StringLatin1::newString@7 (line 752)
                      ; - java.lang.String::substring@41 (line 2839)
                      ; - java.lang.ClassLoader::checkCerts@21 (line 1164)
                      ; - java.lang.ClassLoader::preDefineClass@113 (line 917)
                      ; - java.lang.ClassLoader::defineClass@4 (line 1025)
  0x000071da7c58dcb0: ccaa 8aff 

  0x000071da7c58dcb4: ;   {other}
  0x000071da7c58dcb4: 0f1f 8400 | a42f 002f | 4c8b 5424 | 084c 8954 | 2428 4c8b | 6c24 384c | 8b54 2440 | 4c89 5424 
  0x000071da7c58dcd4: 3044 8b44 | 2448 4489 | 4424 3844 | 8b4c 244c | 8b74 2450 | 448b 5424 | 5448 8bd8 | e902 daff 
  0x000071da7c58dcf4: ff48 8954 | 2448 4489 | 6c24 404c | 8b54 2430 | 4c89 5424 | 384c 8b54 | 2410 4c89 | 5424 0848 
  0x000071da7c58dd14: 8b6c 2428 

  0x000071da7c58dd18: ;   {metadata('java/lang/StringBuilder')}
  0x000071da7c58dd18: 48be 3882 | 0026 da71 | 0000 6690 

  0x000071da7c58dd24: ;   {runtime_call _new_instance_Java}
  0x000071da7c58dd24: c5f8 77e8 

  0x000071da7c58dd28: ; ImmutableOopMap {rbp=Oop [8]=Oop [24]=Oop [56]=Oop [64]=NarrowOop [72]=Oop }
                      ;*new {reexecute=0 rethrow=0 return_oop=1}
                      ; - java.net.URLStreamHandler::toExternalForm@0 (line 480)
                      ; - java.net.URL::toExternalForm@5 (line 1203)
                      ; - java.net.URL::toString@1 (line 1189)
                      ; - java.lang.ClassLoader::defineClassSourceLocation@22 (line 927)
                      ; - java.lang.ClassLoader::defineClass@12 (line 1026)
  0x000071da7c58dd28: 54aa 8aff 

  0x000071da7c58dd2c: ;   {other}
  0x000071da7c58dd2c: 0f1f 8400 | 1c30 0030 | 4889 6c24 | 284c 8b54 | 2408 4c89 | 5424 104c | 8b54 2438 | 4c89 5424 
  0x000071da7c58dd4c: 3044 8b6c | 2440 4c8b | 5424 4849 | 8bd2 e9af | dbff ff4c | 8b54 2440 | 4c89 5424 | 5048 8954 
  0x000071da7c58dd6c: 2448 4489 | 6c24 404c | 8b54 2430 | 4c89 5424 | 384c 8b54 | 2410 4c89 | 5424 0848 | 8b6c 2428 
  0x000071da7c58dd8c: ba10 0000 

  0x000071da7c58dd90: ;   {metadata({type array byte})}
  0x000071da7c58dd90: 0048 be18 | 2300 26da | 7100 0090 

  0x000071da7c58dd9c: ;   {runtime_call _new_array_Java}
  0x000071da7c58dd9c: c5f8 77e8 

  0x000071da7c58dda0: ; ImmutableOopMap {rbp=Oop [8]=Oop [24]=Oop [56]=Oop [64]=NarrowOop [72]=Oop [80]=Oop }
                      ;*newarray {reexecute=0 rethrow=0 return_oop=1}
                      ; - java.lang.AbstractStringBuilder::<init>@12 (line 101)
                      ; - java.lang.StringBuilder::<init>@3 (line 106)
                      ; - java.net.URLStreamHandler::toExternalForm@4 (line 480)
                      ; - java.net.URL::toExternalForm@5 (line 1203)
                      ; - java.net.URL::toString@1 (line 1189)
                      ; - java.lang.ClassLoader::defineClassSourceLocation@22 (line 927)
                      ; - java.lang.ClassLoader::defineClass@12 (line 1026)
  0x000071da7c58dda0: 5cc9 8aff 

  0x000071da7c58dda4: ;   {other}
  0x000071da7c58dda4: 0f1f 8400 | 9430 0031 | 4889 6c24 | 284c 8b54 | 2408 4c89 | 5424 104c | 8b54 2438 | 4c89 5424 
  0x000071da7c58ddc4: 3044 8b6c | 2440 4c8b | 5424 484c | 8b5c 2450 | 4c89 5c24 | 4049 8bd2 | e991 dbff 

  0x000071da7c58dde0: ;   {metadata('java/lang/String')}
  0x000071da7c58dde0: ff48 be70 | ea00 26da | 7100 0090 

  0x000071da7c58ddec: ;   {runtime_call _new_instance_Java}
  0x000071da7c58ddec: c5f8 77e8 

  0x000071da7c58ddf0: ; ImmutableOopMap {[16]=Oop [24]=Oop [40]=Oop [48]=Oop [64]=Oop }
                      ;*new {reexecute=0 rethrow=0 return_oop=1}
                      ; - java.lang.StringBuilder::toString@0 (line 475)
                      ; - java.net.URLStreamHandler::toExternalForm@152 (line 486)
                      ; - java.net.URL::toExternalForm@5 (line 1203)
                      ; - java.net.URL::toString@1 (line 1189)
                      ; - java.lang.ClassLoader::defineClassSourceLocation@22 (line 927)
                      ; - java.lang.ClassLoader::defineClass@12 (line 1026)
  0x000071da7c58ddf0: 8ca9 8aff 

  0x000071da7c58ddf4: ;   {other}
  0x000071da7c58ddf4: 0f1f 8400 | e430 0032 | 488b d8e9 | 33e2 ffff | 4889 5424 | 684c 8944 | 2460 4c89 | 5c24 5848 
  0x000071da7c58de14: 895c 2450 | 4489 5424 | 4c44 8b5c | 2438 4489 | 5c24 484c | 8b54 2430 | 4c89 5424 | 404c 896c 
  0x000071da7c58de34: 2438 448b | 5c24 7044 | 895c 2430 | 4c8b 5424 | 284c 8954 

  0x000071da7c58de48: ;   {metadata({type array byte})}
  0x000071da7c58de48: 2408 48be | 1823 0026 | da71 0000 | 8b54 244c 

  0x000071da7c58de58: ;   {runtime_call _new_array_nozero_Java}
  0x000071da7c58de58: c5f8 77e8 

  0x000071da7c58de5c: ; ImmutableOopMap {[8]=Oop [16]=Oop [24]=Oop [56]=Oop [64]=Oop [72]=NarrowOop [80]=Oop [128]=Oop [88]=Derived_oop_[128] }
                      ;*newarray {reexecute=0 rethrow=0 return_oop=1}
                      ; - java.util.Arrays::copyOfRangeByte@10 (line 3863)
                      ; - java.util.Arrays::copyOfRange@13 (line 3854)
                      ; - java.lang.StringLatin1::newString@16 (line 752)
                      ; - java.lang.String::substring@41 (line 2839)
                      ; - java.lang.ClassLoader::checkCerts@21 (line 1164)
                      ; - java.lang.ClassLoader::preDefineClass@113 (line 917)
                      ; - java.lang.ClassLoader::defineClass@4 (line 1025)
  0x000071da7c58de5c: a0c5 8aff 

  0x000071da7c58de60: ;   {other}
  0x000071da7c58de60: 0f1f 8400 | 5031 0033 | 4c8b 5424 | 084c 8954 | 2428 448b | 5424 3044 | 8954 2470 | 4c8b 6c24 
  0x000071da7c58de80: 384c 8b54 | 2440 4c89 | 5424 3044 | 8b5c 2448 | 4489 5c24 | 3844 8b54 | 244c 488b | 5c24 504c 
  0x000071da7c58dea0: 8b5c 2458 | 4c8b 4424 | 6048 8b54 | 2468 4c8b | f0e9 ecd8 | ffff 498b | 87b8 0100 | 004c 8bd8 
  0x000071da7c58dec0: 4983 c318 | 498b da4d | 3b9f c801 | 0000 0f83 | a617 0000 | 4d89 9fb8 | 0100 0041 | 0f0d 8bc0 
  0x000071da7c58dee0: 0000 0048 | c700 0100 

  0x000071da7c58dee8: ;   {metadata('java/util/ArrayList')}
  0x000071da7c58dee8: 0000 c740 | 08b0 b20b | 0044 8960 | 0c44 8960 | 1045 8b41 

  0x000071da7c58defc: ;   {oop(a 'java/lang/Object'[0] {0x00000000807f6460})}
  0x000071da7c58defc: 0cc7 4014 | 6064 7f80 | 488b c845 | 85c0 0f86 | bd00 0000 | 4533 c0eb | 2466 6666 | 0f1f 8400 
  0x000071da7c58df1c: 0000 0000 | 4889 6c24 | 1048 ff74 | 2418 488f | 4424 0848 | 8b5c 2428 | 488b 4c24 | 3045 8b59 
  0x000071da7c58df3c: 0c45 3bc3 | 0f83 2e18 | 0000 478b | 5c81 1045 | 8b4b 1045 | 8b59 1044 | 8944 2424 | 4889 4c24 
  0x000071da7c58df5c: 3048 895c | 2428 4489 | 5424 2048 | ff74 2408 | 488f 4424 | 1848 8b6c | 2410 498b | d348 8bf1 
  0x000071da7c58df7c: ;   {optimized virtual_call}
  0x000071da7c58df7c: c5f8 77e8 

  0x000071da7c58df80: ; ImmutableOopMap {rbp=Oop [24]=Oop [32]=NarrowOop [40]=Oop [48]=Oop }
                      ;*invokevirtual addAll {reexecute=0 rethrow=0 return_oop=0}
                      ; - java.security.CodeSource::getCertificates@57 (line 212)
                      ; - java.lang.ClassLoader::postDefineClass@24 (line 937)
                      ; - java.lang.ClassLoader::defineClass@37 (line 1028)
  0x000071da7c58df80: fc70 7fff 

  0x000071da7c58df84: ;   {other}
  0x000071da7c58df84: 0f1f 8400 | 7432 0034 | 4d8b 9f50 | 0400 0044 | 8b54 2420 | 458b 4a10 | 448b 4424 

  0x000071da7c58dfa0: ; ImmutableOopMap {r10=NarrowOop r9=NarrowOop rbp=Oop [24]=Oop [40]=Oop [48]=Oop }
                      ;*goto {reexecute=1 rethrow=0 return_oop=0}
                      ; - (reexecute) java.security.CodeSource::getCertificates@64 (line 211)
                      ; - java.lang.ClassLoader::postDefineClass@24 (line 937)
                      ; - java.lang.ClassLoader::defineClass@37 (line 1028)
  0x000071da7c58dfa0: 2441 ffc0 

  0x000071da7c58dfa4: ;   {poll}
  0x000071da7c58dfa4: 4185 0341 | 8b49 0c44 | 3bc1 0f8c | 6cff ffff | 4889 6c24 | 1048 ff74 | 2418 488f | 4424 0848 
  0x000071da7c58dfc4: 8b5c 2428 | 488b 4c24 | 3049 8b87 | b801 0000 | 4c8b d849 | 83c3 104d | 3b9f c801 | 0000 0f83 
  0x000071da7c58dfe4: ef16 0000 | 4d89 9fb8 | 0100 0041 | 0f0d 8bc0 | 0000 0048 | c700 0100 | 0000 410f | 0d8b 0001 
  0x000071da7c58e004: ;   {metadata('java/security/cert/Certificate'[])}
  0x000071da7c58e004: 0000 c740 | 08c8 5210 | 0041 0f0d | 8b40 0100 | 0044 8960 | 0c41 0f0d | 8b80 0100 | 0044 8954 
  0x000071da7c58e024: 2418 488b | eb48 894c | 2420 488b | d048 8b74 | 2420 6690 

  0x000071da7c58e038: ;   {optimized virtual_call}
  0x000071da7c58e038: c5f8 77e8 

  0x000071da7c58e03c: ; ImmutableOopMap {rbp=Oop [8]=Oop [16]=Oop [24]=NarrowOop }
                      ;*invokevirtual toArray {reexecute=0 rethrow=0 return_oop=1}
                      ; - java.security.CodeSource::getCertificates@73 (line 215)
                      ; - java.lang.ClassLoader::postDefineClass@24 (line 937)
                      ; - java.lang.ClassLoader::defineClass@37 (line 1028)
  0x000071da7c58e03c: 4070 7fff 

  0x000071da7c58e040: ;   {other}
  0x000071da7c58e040: 0f1f 8400 | 3033 0036 | 4c8b d044 

  0x000071da7c58e04c: ;   {metadata('java/security/cert/Certificate'[])}
  0x000071da7c58e04c: 8b58 0841 | 81fb c852 | 1000 0f85 | 4c19 0000 | 4c89 5424 | 2845 8b52 | 0c4c 8bc5 | 4963 ea49 
  0x000071da7c58e06c: c1e8 0949 | bb00 4071 | 91da 7100 | 0047 8824 | 0348 c1e5 | 024c 8b5c | 2428 448b | 4424 1845 
  0x000071da7c58e08c: 8958 1441 | 81fa 0000 | 0400 0f87 | 6d16 0000 | 498b 9fb8 | 0100 004c | 8d5d 1749 | 83e3 f84c 
  0x000071da7c58e0ac: 8bc3 4d03 | c34d 3b87 | c801 0000 | 0f83 4b16 | 0000 4d89 | 87b8 0100 | 0041 0f0d | 88c0 0000 
  0x000071da7c58e0cc: 0048 c703 | 0100 0000 | 410f 0d88 | 0001 0000 

  0x000071da7c58e0dc: ;   {metadata('java/security/cert/Certificate'[])}
  0x000071da7c58e0dc: c743 08c8 | 5210 0044 | 8953 0c41 | 0f0d 8840 | 0100 0041 | 0f0d 8880 | 0100 0048 | 8b7c 2428 
  0x000071da7c58e0fc: 4883 c710 | 488b f348 | 83c6 1048 | 83c5 0748 | c1ed 0348 | 8bd5 c5f8 | 7749 ba00 | e3d6 7bda 
  0x000071da7c58e11c: 7100 0041 

  0x000071da7c58e120: ;   {other}
  0x000071da7c58e120: ffd2 0f1f | 8400 0000 | 0000 e9aa | e9ff ff48 | 8954 2460 | 4889 4c24 | 584c 8944 | 2450 4489 
  0x000071da7c58e140: 5c24 4848 | 895c 2440 | 4c8b 5424 | 304c 8954 | 2438 448b | 5424 7044 | 8954 2430 | 4c8b 5424 
  0x000071da7c58e160: 284c 8954 

  0x000071da7c58e164: ;   {metadata({type array byte})}
  0x000071da7c58e164: 2408 48be | 1823 0026 | da71 0000 | 418b d390 

  0x000071da7c58e174: ;   {runtime_call _new_array_nozero_Java}
  0x000071da7c58e174: c5f8 77e8 

  0x000071da7c58e178: ; ImmutableOopMap {[8]=Oop [16]=Oop [24]=Oop [56]=Oop [64]=Oop [120]=Oop [80]=Derived_oop_[120] }
                      ;*newarray {reexecute=0 rethrow=0 return_oop=1}
                      ; - java.util.Arrays::copyOfRangeByte@10 (line 3863)
                      ; - java.util.Arrays::copyOfRange@13 (line 3854)
                      ; - java.lang.String::<init>@32 (line 4788)
                      ; - java.lang.String::<init>@3 (line 1507)
                      ; - java.lang.StringBuilder::toString@5 (line 475)
                      ; - java.net.URLStreamHandler::toExternalForm@152 (line 486)
                      ; - java.net.URL::toExternalForm@5 (line 1203)
                      ; - java.net.URL::toString@1 (line 1189)
                      ; - java.lang.ClassLoader::defineClassSourceLocation@22 (line 927)
                      ; - java.lang.ClassLoader::defineClass@12 (line 1026)
  0x000071da7c58e178: 84c2 8aff 

  0x000071da7c58e17c: ;   {other}
  0x000071da7c58e17c: 0f1f 8400 | 6c34 0037 | 4c8b 5c24 | 084c 895c | 2428 448b | 5c24 3044 | 895c 2470 | 4c8b 5c24 
  0x000071da7c58e19c: 384c 895c | 2430 488b | 5c24 4044 | 8b5c 2448 | 4c8b 4424 | 5048 8b4c | 2458 488b | 5424 604c 
  0x000071da7c58e1bc: 8be8 e94d | dfff ffbe | e4ff ffff | 4489 5424 | 0844 8b5c | 2420 4489 | 5c24 0c44 | 8b54 2424 
  0x000071da7c58e1dc: 4489 5424 | 204c 896c | 2448 448b | 5c24 3844 | 895c 2424 | 4489 4c24 | 3c66 6690 

  0x000071da7c58e1f8: ;   {runtime_call UncommonTrapBlob}
  0x000071da7c58e1f8: c5f8 77e8 

  0x000071da7c58e1fc: ; ImmutableOopMap {[16]=Oop [24]=Oop [36]=NarrowOop [40]=Oop [48]=Oop [60]=NarrowOop [72]=Oop }
                      ;*baload {reexecute=0 rethrow=0 return_oop=0}
                      ; - java.lang.StringLatin1::lastIndexOf@24 (line 286)
                      ; - java.lang.String::lastIndexOf@13 (line 2573)
                      ; - java.lang.String::lastIndexOf@8 (line 2535)
                      ; - java.lang.ClassLoader::checkCerts@3 (line 1163)
                      ; - java.lang.ClassLoader::preDefineClass@113 (line 917)
                      ; - java.lang.ClassLoader::defineClass@4 (line 1025)
  0x000071da7c58e1fc: 00c1 7fff 

  0x000071da7c58e200: ;   {other}
  0x000071da7c58e200: 0f1f 8400 | f034 0038 | 894c 2438 | 4489 4c24 | 2c44 8944 | 2428 4c8b | 5424 084c | 8954 2420 
  0x000071da7c58e220: 4c8b 5424 | 304c 8954 | 2418 488b 

  0x000071da7c58e22c: ;   {metadata('java/lang/String')}
  0x000071da7c58e22c: 6c24 1048 | be70 ea00 | 26da 7100 | 0066 6690 

  0x000071da7c58e23c: ;   {runtime_call _new_instance_Java}
  0x000071da7c58e23c: c5f8 77e8 

  0x000071da7c58e240: ; ImmutableOopMap {rbp=Oop [24]=Oop [32]=Oop [40]=NarrowOop [120]=Oop }
                      ;*new {reexecute=0 rethrow=0 return_oop=1}
                      ; - java.lang.StringLatin1::newString@7 (line 752)
                      ; - java.lang.String::substring@41 (line 2839)
                      ; - java.lang.Class::getPackageName@62 (line 1169)
                      ; - java.lang.ClassLoader::postDefineClass@2 (line 934)
                      ; - java.lang.ClassLoader::defineClass@37 (line 1028)
  0x000071da7c58e240: 3ca5 8aff 

  0x000071da7c58e244: ;   {other}
  0x000071da7c58e244: 0f1f 8400 | 3435 0039 | 4889 6c24 | 104c 8b5c | 2418 4c89 | 5c24 304c | 8b5c 2420 | 4c89 5c24 
  0x000071da7c58e264: 0844 8b44 | 2428 448b | 4c24 2c8b | 4c24 3848 | 8bd8 e92a | e0ff ff48 | 8954 2450 | 4c89 5c24 
  0x000071da7c58e284: 484c 8954 | 2440 4889 | 5c24 3889 | 4c24 1c4c | 8b54 2408 | 4c89 5424 | 284c 8b54 | 2430 4c89 
  0x000071da7c58e2a4: 5424 2044 | 8b5c 2470 | 4489 5c24 | 184c 8b54 | 2410 4c89 

  0x000071da7c58e2b8: ;   {metadata({type array byte})}
  0x000071da7c58e2b8: 5424 0848 | be18 2300 | 26da 7100 | 008b d14c | 8b54 2428 | 4c89 5424 | 1066 6690 

  0x000071da7c58e2d4: ;   {runtime_call _new_array_nozero_Java}
  0x000071da7c58e2d4: c5f8 77e8 

  0x000071da7c58e2d8: ; ImmutableOopMap {[8]=Oop [16]=Oop [32]=Oop [40]=Oop [56]=Oop [120]=Oop [64]=Derived_oop_[120] }
                      ;*newarray {reexecute=0 rethrow=0 return_oop=1}
                      ; - java.util.Arrays::copyOfRangeByte@10 (line 3863)
                      ; - java.util.Arrays::copyOfRange@13 (line 3854)
                      ; - java.lang.StringLatin1::newString@16 (line 752)
                      ; - java.lang.String::substring@41 (line 2839)
                      ; - java.lang.Class::getPackageName@62 (line 1169)
                      ; - java.lang.ClassLoader::postDefineClass@2 (line 934)
                      ; - java.lang.ClassLoader::defineClass@37 (line 1028)
  0x000071da7c58e2d8: 24c1 8aff 

  0x000071da7c58e2dc: ;   {other}
  0x000071da7c58e2dc: 0f1f 8400 | cc35 003a | 4c8b 5424 | 084c 8954 | 2410 448b | 5424 1844 | 8954 2470 | 4c8b 5424 
  0x000071da7c58e2fc: 204c 8954 | 2430 4c8b | 5424 284c | 8954 2408 | 8b4c 241c | 488b 5c24 | 384c 8b54 | 2440 4c8b 
  0x000071da7c58e31c: 5c24 4848 | 8b54 2450 | 4c8b e8e9 | 1be0 ffff | 4489 4c24 | 2048 894c 

  0x000071da7c58e334: ;   {metadata('java/lang/NamedPackage')}
  0x000071da7c58e334: 2418 48be | e0c2 0126 | da71 0000 

  0x000071da7c58e340: ;   {runtime_call _new_instance_Java}
  0x000071da7c58e340: c5f8 77e8 

  0x000071da7c58e344: ; ImmutableOopMap {[8]=Oop [16]=Oop [24]=Oop [32]=NarrowOop [48]=Oop }
                      ;*new {reexecute=0 rethrow=0 return_oop=1}
                      ; - java.lang.ClassLoader::getNamedPackage@16 (line 343)
                      ; - java.lang.ClassLoader::postDefineClass@9 (line 934)
                      ; - java.lang.ClassLoader::defineClass@37 (line 1028)
  0x000071da7c58e344: 38a4 8aff 

  0x000071da7c58e348: ;   {other}
  0x000071da7c58e348: 0f1f 8400 | 3836 003b | e937 e2ff | ffbe e4ff | ffff 488b | 6c24 084c | 8b54 2430 | 4c89 5424 
  0x000071da7c58e368: 2048 895c | 2430 4489 | 4424 4089 | 4c24 4490 

  0x000071da7c58e378: ;   {runtime_call UncommonTrapBlob}
  0x000071da7c58e378: c5f8 77e8 

  0x000071da7c58e37c: ; ImmutableOopMap {rbp=Oop [16]=Oop [32]=Oop [48]=Oop [64]=NarrowOop }
                      ;*baload {reexecute=0 rethrow=0 return_oop=0}
                      ; - java.lang.StringLatin1::lastIndexOf@24 (line 286)
                      ; - java.lang.String::lastIndexOf@13 (line 2573)
                      ; - java.lang.String::lastIndexOf@8 (line 2535)
                      ; - java.lang.Class::getPackageName@47 (line 1168)
                      ; - java.lang.ClassLoader::postDefineClass@2 (line 934)
                      ; - java.lang.ClassLoader::defineClass@37 (line 1028)
  0x000071da7c58e37c: 80bf 7fff 

  0x000071da7c58e380: ;   {other}
  0x000071da7c58e380: 0f1f 8400 | 7036 003c 

  0x000071da7c58e388: ;   {metadata('java/lang/InternalError')}
  0x000071da7c58e388: 48be 3009 | 0126 da71 | 0000 6690 

  0x000071da7c58e394: ;   {runtime_call _new_instance_Java}
  0x000071da7c58e394: c5f8 77e8 

  0x000071da7c58e398: ; ImmutableOopMap {[8]=Oop [16]=Oop [24]=Oop [32]=NarrowOop [40]=Oop [48]=Oop [56]=Oop }
                      ;*new {reexecute=0 rethrow=0 return_oop=1}
                      ; - java.lang.NamedPackage::<init>@18 (line 49)
                      ; - java.lang.ClassLoader::getNamedPackage@22 (line 343)
                      ; - java.lang.ClassLoader::postDefineClass@9 (line 934)
                      ; - java.lang.ClassLoader::defineClass@37 (line 1028)
  0x000071da7c58e398: e4a3 8aff 

  0x000071da7c58e39c: ;   {other}
  0x000071da7c58e39c: 0f1f 8400 | 8c36 003d | e983 e2ff 

  0x000071da7c58e3a8: ;   {metadata('java/lang/StringBuilder')}
  0x000071da7c58e3a8: ff48 be38 | 8200 26da | 7100 0090 

  0x000071da7c58e3b4: ;   {runtime_call _new_instance_Java}
  0x000071da7c58e3b4: c5f8 77e8 

  0x000071da7c58e3b8: ; ImmutableOopMap {[8]=Oop [16]=Oop [24]=Oop [32]=NarrowOop [40]=Oop [48]=Oop [56]=Oop [80]=Oop }
                      ;*new {reexecute=0 rethrow=0 return_oop=1}
                      ; - java.lang.NamedPackage::<init>@22 (line 49)
                      ; - java.lang.ClassLoader::getNamedPackage@22 (line 343)
                      ; - java.lang.ClassLoader::postDefineClass@9 (line 934)
                      ; - java.lang.ClassLoader::defineClass@37 (line 1028)
  0x000071da7c58e3b8: c4a3 8aff 

  0x000071da7c58e3bc: ;   {other}
  0x000071da7c58e3bc: 0f1f 8400 | ac36 003e | e9a8 e2ff | ff49 8bea | 4889 5424 | 604c 895c | 2458 4889 | 5c24 5044 
  0x000071da7c58e3dc: 8bd6 4489 | 4c24 4c44 | 8b5c 2438 | 4489 5c24 | 484c 8b5c | 2430 4c89 | 5c24 404c | 896c 2438 
  0x000071da7c58e3fc: 448b 5c24 | 7044 895c | 2430 4c8b | 5c24 284c | 895c 2408 

  0x000071da7c58e410: ;   {metadata({type array byte})}
  0x000071da7c58e410: 48be 1823 | 0026 da71 | 0000 418b | d266 6690 

  0x000071da7c58e420: ;   {runtime_call _new_array_nozero_Java}
  0x000071da7c58e420: c5f8 77e8 

  0x000071da7c58e424: ; ImmutableOopMap {rbp=Oop [88]=Derived_oop_rbp [8]=Oop [16]=Oop [24]=Oop [56]=Oop [64]=Oop [72]=NarrowOop [76]=NarrowOop [80]=Oop }
                      ;*invokevirtual clone {reexecute=1 rethrow=0 return_oop=1}
                      ; - (reexecute) java.util.Arrays::copyOfRange@18 (line 3856)
                      ; - java.lang.StringLatin1::newString@16 (line 752)
                      ; - java.lang.String::substring@41 (line 2839)
                      ; - java.lang.ClassLoader::checkCerts@21 (line 1164)
                      ; - java.lang.ClassLoader::preDefineClass@113 (line 917)
                      ; - java.lang.ClassLoader::defineClass@4 (line 1025)
  0x000071da7c58e424: d8bf 8aff 

  0x000071da7c58e428: ;   {other}
  0x000071da7c58e428: 0f1f 8400 | 1837 003f | 4c8b 5424 | 084c 8954 | 2428 448b | 5424 3044 | 8954 2470 | 4c8b 6c24 
  0x000071da7c58e448: 384c 8b54 | 2440 4c89 | 5424 3044 | 8b54 2448 | 4489 5424 | 3848 8b5c | 2450 4c8b | 5c24 5848 
  0x000071da7c58e468: 8b54 2460 | 488b e8e9 | 50e4 ffff | 4889 5424 | 584c 8944 | 2450 4489 | 4c24 4848 | 895c 2440 
  0x000071da7c58e488: 4c8b 5424 | 304c 8954 | 2438 4c8b | 5424 104c | 8954 2408 | 488b 6c24 

  0x000071da7c58e4a0: ;   {metadata({type array byte})}
  0x000071da7c58e4a0: 2848 be18 | 2300 26da | 7100 008b | d766 6690 

  0x000071da7c58e4b0: ;   {runtime_call _new_array_nozero_Java}
  0x000071da7c58e4b0: c5f8 77e8 

  0x000071da7c58e4b4: ; ImmutableOopMap {rbp=Oop [8]=Oop [24]=Oop [56]=Oop [64]=Oop [72]=NarrowOop [120]=Oop [80]=Derived_oop_[120] }
                      ;*invokevirtual clone {reexecute=1 rethrow=0 return_oop=1}
                      ; - (reexecute) java.util.Arrays::copyOfRange@18 (line 3856)
                      ; - java.lang.String::<init>@32 (line 4788)
                      ; - java.lang.String::<init>@3 (line 1507)
                      ; - java.lang.StringBuilder::toString@5 (line 475)
                      ; - java.net.URLStreamHandler::toExternalForm@152 (line 486)
                      ; - java.net.URL::toExternalForm@5 (line 1203)
                      ; - java.net.URL::toString@1 (line 1189)
                      ; - java.lang.ClassLoader::defineClassSourceLocation@22 (line 927)
                      ; - java.lang.ClassLoader::defineClass@12 (line 1026)
  0x000071da7c58e4b4: 48bf 8aff 

  0x000071da7c58e4b8: ;   {other}
  0x000071da7c58e4b8: 0f1f 8400 | a837 0040 | 4889 6c24 | 284c 8b5c | 2408 4c89 | 5c24 104c | 8b5c 2438 | 4c89 5c24 
  0x000071da7c58e4d8: 3048 8b5c | 2440 4c8b | 4424 5048 | 8b54 2458 | 488b e8e9 | 70e4 ffff | 4889 5424 | 5844 8954 
  0x000071da7c58e4f8: 2450 4889 | 5c24 484c | 8b54 2430 | 4c89 5424 | 404c 896c | 2438 4c8b | 5424 284c | 8954 2408 
  0x000071da7c58e518: 48be 0000 | 0026 da71 | 0000 4903 | f141 8bd3 

  0x000071da7c58e528: ;   {runtime_call _new_array_Java}
  0x000071da7c58e528: c5f8 77e8 

  0x000071da7c58e52c: ; ImmutableOopMap {rbp=Oop [8]=Oop [16]=Oop [24]=Oop [56]=Oop [64]=Oop [72]=Oop [80]=NarrowOop }
                      ;*invokevirtual clone {reexecute=1 rethrow=0 return_oop=1}
                      ; - (reexecute) java.security.CodeSource::getCertificates@11 (line 205)
                      ; - java.lang.ClassLoader::checkCerts@34 (line 1168)
                      ; - java.lang.ClassLoader::preDefineClass@113 (line 917)
                      ; - java.lang.ClassLoader::defineClass@4 (line 1025)
  0x000071da7c58e52c: d0c1 8aff 

  0x000071da7c58e530: ;   {other}
  0x000071da7c58e530: 0f1f 8400 | 2038 0041 | 4c8b 5424 | 084c 8954 | 2428 4c8b | 6c24 384c | 8b54 2440 | 4c89 5424 
  0x000071da7c58e550: 3048 8b5c | 2448 448b | 5424 5048 | 8b54 2458 | 4c8b f0e9 | 9de4 ffff | 4889 4c24 | 2844 8944 
  0x000071da7c58e570: 2420 48ff | 7424 0848 | 8f44 2418 | 4c8b 5424 | 104c 8954 | 2408 48be | 0000 0026 | da71 0000 
  0x000071da7c58e590: 4803 f741 | 8bd1 6690 

  0x000071da7c58e598: ;   {runtime_call _new_array_Java}
  0x000071da7c58e598: c5f8 77e8 

  0x000071da7c58e59c: ; ImmutableOopMap {rbp=Oop [8]=Oop [24]=Oop [32]=NarrowOop }
                      ;*invokevirtual clone {reexecute=1 rethrow=0 return_oop=1}
                      ; - (reexecute) java.security.CodeSource::getCertificates@11 (line 205)
                      ; - java.lang.ClassLoader::postDefineClass@24 (line 937)
                      ; - java.lang.ClassLoader::defineClass@37 (line 1028)
  0x000071da7c58e59c: 60c1 8aff 

  0x000071da7c58e5a0: ;   {other}
  0x000071da7c58e5a0: 0f1f 8400 | 9038 0042 | 48ff 7424 | 1848 8f44 | 2408 448b | 4424 2048 | 8b4c 2428 | 488b d8e9 
  0x000071da7c58e5c0: e7e4 ffff | 4889 5424 | 484c 8954 | 2440 4889 | 5c24 3844 | 8944 2428 | 4c8b 5424 | 084c 8954 
  0x000071da7c58e5e0: 2420 4c8b | 5424 304c | 8954 2418 | 488b 6c24 

  0x000071da7c58e5f0: ;   {metadata({type array byte})}
  0x000071da7c58e5f0: 1048 be18 | 2300 26da | 7100 0041 | 8bd1 6690 

  0x000071da7c58e600: ;   {runtime_call _new_array_nozero_Java}
  0x000071da7c58e600: c5f8 77e8 

  0x000071da7c58e604: ; ImmutableOopMap {rbp=Oop [24]=Oop [32]=Oop [40]=NarrowOop [56]=Oop [120]=Oop [64]=Derived_oop_[120] }
                      ;*invokevirtual clone {reexecute=1 rethrow=0 return_oop=1}
                      ; - (reexecute) java.util.Arrays::copyOfRange@18 (line 3856)
                      ; - java.lang.StringLatin1::newString@16 (line 752)
                      ; - java.lang.String::substring@41 (line 2839)
                      ; - java.lang.Class::getPackageName@62 (line 1169)
                      ; - java.lang.ClassLoader::postDefineClass@2 (line 934)
                      ; - java.lang.ClassLoader::defineClass@37 (line 1028)
  0x000071da7c58e604: f8bd 8aff 

  0x000071da7c58e608: ;   {other}
  0x000071da7c58e608: 0f1f 8400 | f838 0043 | 4889 6c24 | 104c 8b54 | 2418 4c89 | 5424 304c | 8b54 2420 | 4c89 5424 
  0x000071da7c58e628: 0848 8b5c | 2438 4c8b | 5424 4048 | 8b54 2448 | 488b e8e9 | 21e5 ffff | 498b f233 | d248 8b6c 
  0x000071da7c58e648: 2410 6690 

  0x000071da7c58e64c: ;   {static_call}
  0x000071da7c58e64c: c5f8 77e8 

  0x000071da7c58e650: ; ImmutableOopMap {rbp=Oop [8]=Oop [16]=Oop [24]=Oop [40]=Oop }
                      ;*invokestatic charAt {reexecute=0 rethrow=0 return_oop=0}
                      ; - java.lang.String::charAt@21 (line 1557)
                      ; - java.lang.ClassLoader::checkName@25 (line 1157)
                      ; - java.lang.ClassLoader::preDefineClass@1 (line 900)
                      ; - java.lang.ClassLoader::defineClass@4 (line 1025)
  0x000071da7c58e650: 2c70 7fff 

  0x000071da7c58e654: ;   {other}
  0x000071da7c58e654: 0f1f 8400 | 4439 0044 | 448b d8e9 | 0ecf ffff | bef6 ffff | ff48 8be8 

  0x000071da7c58e66c: ;   {runtime_call UncommonTrapBlob}
  0x000071da7c58e66c: c5f8 77e8 

  0x000071da7c58e670: ; ImmutableOopMap {rbp=Oop }
                      ;*invokevirtual get {reexecute=0 rethrow=0 return_oop=0}
                      ; - java.lang.ClassLoader::getNamedPackage@5 (line 341)
                      ; - java.lang.ClassLoader::postDefineClass@9 (line 934)
                      ; - java.lang.ClassLoader::defineClass@37 (line 1028)
  0x000071da7c58e670: 8cbc 7fff 

  0x000071da7c58e674: ;   {other}
  0x000071da7c58e674: 0f1f 8400 | 6439 0045 | bef6 ffff | ff48 8beb | 4c89 7424 | 0866 6690 

  0x000071da7c58e68c: ;   {runtime_call UncommonTrapBlob}
  0x000071da7c58e68c: c5f8 77e8 

  0x000071da7c58e690: ; ImmutableOopMap {rbp=Oop [8]=Oop }
                      ;*invokevirtual putIfAbsent {reexecute=0 rethrow=0 return_oop=0}
                      ; - java.lang.ClassLoader::checkCerts@62 (line 1171)
                      ; - java.lang.ClassLoader::preDefineClass@113 (line 917)
                      ; - java.lang.ClassLoader::defineClass@4 (line 1025)
  0x000071da7c58e690: 6cbc 7fff 

  0x000071da7c58e694: ;   {other}
  0x000071da7c58e694: 0f1f 8400 | 8439 0046 | be45 ffff | ff48 8b6c | 2410 6690 

  0x000071da7c58e6a8: ;   {runtime_call UncommonTrapBlob}
  0x000071da7c58e6a8: c5f8 77e8 

  0x000071da7c58e6ac: ; ImmutableOopMap {rbp=Oop [8]=Oop [24]=Oop [40]=Oop }
                      ;*ifeq {reexecute=1 rethrow=0 return_oop=0}
                      ; - (reexecute) java.lang.ClassLoader::checkName@8 (line 1155)
                      ; - java.lang.ClassLoader::preDefineClass@1 (line 900)
                      ; - java.lang.ClassLoader::defineClass@4 (line 1025)
  0x000071da7c58e6ac: 50bc 7fff 

  0x000071da7c58e6b0: ;   {other}
  0x000071da7c58e6b0: 0f1f 8400 | a039 0047 | bee4 ffff | ff44 8954 | 2440 6690 

  0x000071da7c58e6c4: ;   {runtime_call UncommonTrapBlob}
  0x000071da7c58e6c4: c5f8 77e8 

  0x000071da7c58e6c8: ; ImmutableOopMap {[8]=Oop [16]=Oop [24]=Oop [40]=Oop [64]=NarrowOop }
                      ;*invokestatic checkIndex {reexecute=0 rethrow=0 return_oop=0}
                      ; - java.lang.String::checkIndex@5 (line 4832)
                      ; - java.lang.StringLatin1::charAt@3 (line 46)
                      ; - java.lang.String::charAt@12 (line 1555)
                      ; - java.lang.ClassLoader::checkName@25 (line 1157)
                      ; - java.lang.ClassLoader::preDefineClass@1 (line 900)
                      ; - java.lang.ClassLoader::defineClass@4 (line 1025)
  0x000071da7c58e6c8: 34bc 7fff 

  0x000071da7c58e6cc: ;   {other}
  0x000071da7c58e6cc: 0f1f 8400 | bc39 0048 | bece ffff | ff89 5424 | 4866 6690 

  0x000071da7c58e6e0: ;   {runtime_call UncommonTrapBlob}
  0x000071da7c58e6e0: c5f8 77e8 

  0x000071da7c58e6e4: ; ImmutableOopMap {rbp=NarrowOop [8]=Oop [16]=Oop [24]=Oop [40]=Oop }
                      ;*invokestatic indexOfChar {reexecute=0 rethrow=0 return_oop=0}
                      ; - java.lang.StringLatin1::indexOf@33 (line 204)
                      ; - java.lang.String::indexOf@17 (line 2461)
                      ; - java.lang.String::indexOf@3 (line 2405)
                      ; - java.lang.ClassLoader::checkName@16 (line 1157)
                      ; - java.lang.ClassLoader::preDefineClass@1 (line 900)
                      ; - java.lang.ClassLoader::defineClass@4 (line 1025)
  0x000071da7c58e6e4: 18bc 7fff 

  0x000071da7c58e6e8: ;   {other}
  0x000071da7c58e6e8: 0f1f 8400 | d839 0049 | bee4 ffff | ff4c 8b54 | 2410 4c89 | 5424 084c | 8b54 2428 | 4c89 5424 
  0x000071da7c58e708: 104c 8b54 | 2430 4c89 | 5424 2844 | 896c 2430 | 4489 4424 | 3466 6690 

  0x000071da7c58e720: ;   {runtime_call UncommonTrapBlob}
  0x000071da7c58e720: c5f8 77e8 

  0x000071da7c58e724: ; ImmutableOopMap {[8]=Oop [16]=Oop [24]=Oop [40]=Oop [48]=NarrowOop [52]=NarrowOop [64]=Oop }
                      ;*bastore {reexecute=0 rethrow=0 return_oop=0}
                      ; - java.lang.AbstractStringBuilder::append@41 (line 808)
                      ; - java.lang.StringBuilder::append@2 (line 246)
                      ; - java.net.URLStreamHandler::toExternalForm@16 (line 480)
                      ; - java.net.URL::toExternalForm@5 (line 1203)
                      ; - java.net.URL::toString@1 (line 1189)
                      ; - java.lang.ClassLoader::defineClassSourceLocation@22 (line 927)
                      ; - java.lang.ClassLoader::defineClass@12 (line 1026)
  0x000071da7c58e724: d8bb 7fff 

  0x000071da7c58e728: ;   {other}
  0x000071da7c58e728: 0f1f 8400 | 183a 004a | becc ffff | ff4c 8b5c | 2410 4c89 | 5c24 084c | 8b5c 2428 | 4c89 5c24 
  0x000071da7c58e748: 104c 8b5c | 2430 4c89 | 5c24 2844 | 896c 2430 | 4489 7424 | 3444 8944 | 2448 4489 | 5424 4c89 
  0x000071da7c58e768: 4c24 5090 

  0x000071da7c58e76c: ;   {runtime_call UncommonTrapBlob}
  0x000071da7c58e76c: c5f8 77e8 

  0x000071da7c58e770: ; ImmutableOopMap {[8]=Oop [16]=Oop [24]=Oop [40]=Oop [48]=NarrowOop [64]=Oop [72]=NarrowOop [76]=NarrowOop }
                      ;*invokestatic arraycopy {reexecute=0 rethrow=0 return_oop=0}
                      ; - java.lang.String::getBytes@22 (line 4726)
                      ; - java.lang.AbstractStringBuilder::putStringAt@15 (line 1751)
                      ; - java.lang.AbstractStringBuilder::append@30 (line 588)
                      ; - java.lang.StringBuilder::append@2 (line 179)
                      ; - java.net.URLStreamHandler::toExternalForm@59 (line 483)
                      ; - java.net.URL::toExternalForm@5 (line 1203)
                      ; - java.net.URL::toString@1 (line 1189)
                      ; - java.lang.ClassLoader::defineClassSourceLocation@22 (line 927)
                      ; - java.lang.ClassLoader::defineClass@12 (line 1026)
  0x000071da7c58e770: 8cbb 7fff 

  0x000071da7c58e774: ;   {other}
  0x000071da7c58e774: 0f1f 8400 | 643a 004b | becc ffff | ff4c 8b54 | 2410 4c89 | 5424 084c | 8b54 2428 | 4c89 5424 
  0x000071da7c58e794: 104c 8b54 | 2430 4c89 | 5424 2844 | 896c 2430 | 895c 2434 | 4489 5c24 | 4844 894c | 244c 894c 
  0x000071da7c58e7b4: 2450 6690 

  0x000071da7c58e7b8: ;   {runtime_call UncommonTrapBlob}
  0x000071da7c58e7b8: c5f8 77e8 

  0x000071da7c58e7bc: ; ImmutableOopMap {[8]=Oop [16]=Oop [24]=Oop [40]=Oop [48]=NarrowOop [64]=Oop [72]=NarrowOop [76]=NarrowOop }
                      ;*invokestatic arraycopy {reexecute=0 rethrow=0 return_oop=0}
                      ; - java.lang.String::getBytes@22 (line 4726)
                      ; - java.lang.AbstractStringBuilder::putStringAt@15 (line 1751)
                      ; - java.lang.AbstractStringBuilder::append@30 (line 588)
                      ; - java.lang.StringBuilder::append@2 (line 179)
                      ; - java.net.URLStreamHandler::toExternalForm@77 (line 484)
                      ; - java.net.URL::toExternalForm@5 (line 1203)
                      ; - java.net.URL::toString@1 (line 1189)
                      ; - java.lang.ClassLoader::defineClassSourceLocation@22 (line 927)
                      ; - java.lang.ClassLoader::defineClass@12 (line 1026)
  0x000071da7c58e7bc: 40bb 7fff 

  0x000071da7c58e7c0: ;   {other}
  0x000071da7c58e7c0: 0f1f 8400 | b03a 004c | becc ffff | ff4c 8b5c | 2410 4c89 | 5c24 084c | 8b5c 2428 | 4c89 5c24 
  0x000071da7c58e7e0: 104c 8b5c | 2430 4c89 | 5c24 2844 | 896c 2430 | 4489 5424 | 3466 6690 

  0x000071da7c58e7f8: ;   {runtime_call UncommonTrapBlob}
  0x000071da7c58e7f8: c5f8 77e8 

  0x000071da7c58e7fc: ; ImmutableOopMap {rbp=NarrowOop [8]=Oop [16]=Oop [24]=Oop [40]=Oop [48]=NarrowOop [64]=Oop }
                      ;*invokestatic arraycopy {reexecute=0 rethrow=0 return_oop=0}
                      ; - java.lang.String::getBytes@22 (line 4726)
                      ; - java.lang.AbstractStringBuilder::putStringAt@15 (line 1751)
                      ; - java.lang.AbstractStringBuilder::append@30 (line 588)
                      ; - java.lang.StringBuilder::append@2 (line 179)
                      ; - java.net.URLStreamHandler::toExternalForm@113 (line 485)
                      ; - java.net.URL::toExternalForm@5 (line 1203)
                      ; - java.net.URL::toString@1 (line 1189)
                      ; - java.lang.ClassLoader::defineClassSourceLocation@22 (line 927)
                      ; - java.lang.ClassLoader::defineClass@12 (line 1026)
  0x000071da7c58e7fc: 00bb 7fff 

  0x000071da7c58e800: ;   {other}
  0x000071da7c58e800: 0f1f 8400 | f03a 004d | becc ffff | ff4c 8b5c | 2410 4c89 | 5c24 084c | 8b5c 2428 | 4c89 5c24 
  0x000071da7c58e820: 104c 8b5c | 2430 4c89 | 5c24 284c | 8b5c 2440 | 4c89 5c24 | 3844 8954 | 2440 6690 

  0x000071da7c58e83c: ;   {runtime_call UncommonTrapBlob}
  0x000071da7c58e83c: c5f8 77e8 

  0x000071da7c58e840: ; ImmutableOopMap {rbp=NarrowOop [8]=Oop [16]=Oop [24]=Oop [40]=Oop [56]=Oop }
                      ;*invokestatic arraycopy {reexecute=0 rethrow=0 return_oop=0}
                      ; - java.lang.String::getBytes@22 (line 4726)
                      ; - java.lang.AbstractStringBuilder::putStringAt@15 (line 1751)
                      ; - java.lang.AbstractStringBuilder::append@30 (line 588)
                      ; - java.lang.StringBuilder::append@2 (line 179)
                      ; - java.net.URLStreamHandler::toExternalForm@149 (line 486)
                      ; - java.net.URL::toExternalForm@5 (line 1203)
                      ; - java.net.URL::toString@1 (line 1189)
                      ; - java.lang.ClassLoader::defineClassSourceLocation@22 (line 927)
                      ; - java.lang.ClassLoader::defineClass@12 (line 1026)
  0x000071da7c58e840: bcba 7fff 

  0x000071da7c58e844: ;   {other}
  0x000071da7c58e844: 0f1f 8400 | 343b 004e | becc ffff | ff4c 8b5c | 2410 4c89 | 5c24 084c | 8b5c 2428 | 4c89 5c24 
  0x000071da7c58e864: 104c 8b5c | 2430 4c89 | 5c24 2844 | 896c 2430 | 895c 2434 | 894c 2448 | 4489 4c24 | 4c44 8954 
  0x000071da7c58e884: 2450 6690 

  0x000071da7c58e888: ;   {runtime_call UncommonTrapBlob}
  0x000071da7c58e888: c5f8 77e8 

  0x000071da7c58e88c: ; ImmutableOopMap {[8]=Oop [16]=Oop [24]=Oop [40]=Oop [48]=NarrowOop [64]=Oop [72]=NarrowOop [76]=NarrowOop }
                      ;*invokestatic arraycopy {reexecute=0 rethrow=0 return_oop=0}
                      ; - java.lang.String::getBytes@22 (line 4726)
                      ; - java.lang.AbstractStringBuilder::putStringAt@15 (line 1751)
                      ; - java.lang.AbstractStringBuilder::append@30 (line 588)
                      ; - java.lang.StringBuilder::append@2 (line 179)
                      ; - java.net.URLStreamHandler::toExternalForm@11 (line 480)
                      ; - java.net.URL::toExternalForm@5 (line 1203)
                      ; - java.net.URL::toString@1 (line 1189)
                      ; - java.lang.ClassLoader::defineClassSourceLocation@22 (line 927)
                      ; - java.lang.ClassLoader::defineClass@12 (line 1026)
  0x000071da7c58e88c: 70ba 7fff 

  0x000071da7c58e890: ;   {other}
  0x000071da7c58e890: 0f1f 8400 | 803b 004f | bee4 ffff | ff66 6690 

  0x000071da7c58e8a0: ;   {runtime_call UncommonTrapBlob}
  0x000071da7c58e8a0: c5f8 77e8 

  0x000071da7c58e8a4: ; ImmutableOopMap {rbp=NarrowOop [8]=Oop [16]=Oop [24]=Oop [40]=Oop }
                      ;*baload {reexecute=0 rethrow=0 return_oop=0}
                      ; - jdk.internal.util.ArraysSupport::mismatch@82 (line 402)
                      ; - java.lang.String::startsWith@70 (line 2297)
                      ; - java.lang.String::startsWith@3 (line 2327)
                      ; - java.lang.ClassLoader::preDefineClass@43 (line 906)
                      ; - java.lang.ClassLoader::defineClass@4 (line 1025)
  0x000071da7c58e8a4: 58ba 7fff 

  0x000071da7c58e8a8: ;   {other}
  0x000071da7c58e8a8: 0f1f 8400 | 983b 0050 | 4d63 c2e9 | 5cce ffff | 4983 c0fe | 498b c849 | 8bf9 4833 | c048 83f9 
  0x000071da7c58e8c8: 087f 1048 | ffc9 784f | 4889 04cf | 48ff c97d | f7eb 44c5 | fdef c0e9 | 0d00 0000 | c5fe 7f07 
  0x000071da7c58e8e8: c5fe 7f47 | 2048 83c7 | 4048 83e9 | 087d ed48 | 83c1 047c | 0cc5 fe7f | 0748 83c7 | 2048 83e9 
  0x000071da7c58e908: 0448 83c1 | 047e 1048 | ffc9 c5f9 | d607 4883 | c708 48ff | c97d f3e9 | c0ce ffff | 4963 cbe9 
  0x000071da7c58e928: 5dd7 ffff | 4883 c1fe | 498b fa48 | 33c0 4883 | f908 7f10 | 48ff c978 | 4f48 8904 | cf48 ffc9 
  0x000071da7c58e948: 7df7 eb44 | c5fd efc0 | e90d 0000 | 00c5 fe7f | 07c5 fe7f | 4720 4883 | c740 4883 | e908 7ded 
  0x000071da7c58e968: 4883 c104 | 7c0c c5fe | 7f07 4883 | c720 4883 | e904 4883 | c104 7e10 | 48ff c9c5 | f9d6 0748 
  0x000071da7c58e988: 83c7 0848 | ffc9 7df3 | e9bd d7ff | ffbe ccff | ffff 4489 | 5424 0844 | 8b5c 2420 

  0x000071da7c58e9a4: ;   {no_reloc}
  0x000071da7c58e9a4: 4489 5c24 | 0c44 8b54 | 2424 4489 | 5424 204c | 896c 2448 | 448b 5424 | 3844 8954 | 2424 4889 
  0x000071da7c58e9c4: 5c24 5044 | 894c 2458 

  0x000071da7c58e9cc: ;   {runtime_call UncommonTrapBlob}
  0x000071da7c58e9cc: c5f8 77e8 

  0x000071da7c58e9d0: ; ImmutableOopMap {[16]=Oop [24]=Oop [36]=NarrowOop [40]=Oop [48]=Oop [72]=Oop [80]=Oop [88]=NarrowOop }
                      ;*newarray {reexecute=1 rethrow=0 return_oop=0}
                      ; - (reexecute) java.util.Arrays::copyOfRangeByte@10 (line 3863)
                      ; - java.util.Arrays::copyOfRange@13 (line 3854)
                      ; - java.lang.StringLatin1::newString@16 (line 752)
                      ; - java.lang.String::substring@41 (line 2839)
                      ; - java.lang.ClassLoader::checkCerts@21 (line 1164)
                      ; - java.lang.ClassLoader::preDefineClass@113 (line 917)
                      ; - java.lang.ClassLoader::defineClass@4 (line 1025)
  0x000071da7c58e9d0: 2cb9 7fff 

  0x000071da7c58e9d4: ;   {other}
  0x000071da7c58e9d4: 0f1f 8400 | c43c 0051 | becc ffff | ff48 8b6c | 2410 4c8b | 5424 284c | 8954 2408 | 4c8b 5424 
  0x000071da7c58e9f4: 184c 8954 | 2410 448b | 5424 2044 | 8954 2418 | 448b 4424 | 2444 8944 | 241c 4c8b | 5424 304c 
  0x000071da7c58ea14: 8954 2420 | 4889 5c24 | 3044 894c | 2438 4489 | 5c24 4090 

  0x000071da7c58ea28: ;   {runtime_call UncommonTrapBlob}
  0x000071da7c58ea28: c5f8 77e8 

  0x000071da7c58ea2c: ; ImmutableOopMap {rbp=Oop [8]=Oop [16]=Oop [32]=Oop [48]=Oop [56]=NarrowOop }
                      ;*newarray {reexecute=1 rethrow=0 return_oop=0}
                      ; - (reexecute) java.util.Arrays::copyOfRangeByte@10 (line 3863)
                      ; - java.util.Arrays::copyOfRange@13 (line 3854)
                      ; - java.lang.String::<init>@32 (line 4788)
                      ; - java.lang.String::<init>@3 (line 1507)
                      ; - java.lang.StringBuilder::toString@5 (line 475)
                      ; - java.net.URLStreamHandler::toExternalForm@152 (line 486)
                      ; - java.net.URL::toExternalForm@5 (line 1203)
                      ; - java.net.URL::toString@1 (line 1189)
                      ; - java.lang.ClassLoader::defineClassSourceLocation@22 (line 927)
                      ; - java.lang.ClassLoader::defineClass@12 (line 1026)
  0x000071da7c58ea2c: d0b8 7fff 

  0x000071da7c58ea30: ;   {other}
  0x000071da7c58ea30: 0f1f 8400 | 203d 0052 | bede ffff | ff66 6690 

  0x000071da7c58ea40: ;   {runtime_call UncommonTrapBlob}
  0x000071da7c58ea40: c5f8 77e8 

  0x000071da7c58ea44: ; ImmutableOopMap {rbp=NarrowOop }
                      ;*checkcast {reexecute=0 rethrow=0 return_oop=0}
                      ; - java.lang.ClassLoader::getNamedPackage@8 (line 341)
                      ; - java.lang.ClassLoader::postDefineClass@9 (line 934)
                      ; - java.lang.ClassLoader::defineClass@37 (line 1028)
  0x000071da7c58ea44: b8b8 7fff 

  0x000071da7c58ea48: ;   {other}
  0x000071da7c58ea48: 0f1f 8400 | 383d 0053 | be45 ffff | ff48 8b6c | 2410 895c | 2438 6690 

  0x000071da7c58ea60: ;   {runtime_call UncommonTrapBlob}
  0x000071da7c58ea60: c5f8 77e8 

  0x000071da7c58ea64: ; ImmutableOopMap {rbp=Oop [8]=Oop [24]=Oop [40]=Oop }
                      ;*if_icmpne {reexecute=1 rethrow=0 return_oop=0}
                      ; - (reexecute) java.lang.ClassLoader::checkName@20 (line 1157)
                      ; - java.lang.ClassLoader::preDefineClass@1 (line 900)
                      ; - java.lang.ClassLoader::defineClass@4 (line 1025)
  0x000071da7c58ea64: 98b8 7fff 

  0x000071da7c58ea68: ;   {other}
  0x000071da7c58ea68: 0f1f 8400 | 583d 0054 | 4533 d285 | c941 0f94 | c2be 45ff | ffff 4c89 | 6c24 4844 | 8954 243c 
  0x000071da7c58ea88: ;   {runtime_call UncommonTrapBlob}
  0x000071da7c58ea88: c5f8 77e8 

  0x000071da7c58ea8c: ; ImmutableOopMap {[16]=Oop [24]=Oop [40]=Oop [48]=Oop [56]=NarrowOop [72]=Oop }
                      ;*ifeq {reexecute=1 rethrow=0 return_oop=0}
                      ; - (reexecute) java.lang.String::lastIndexOf@4 (line 2573)
                      ; - java.lang.String::lastIndexOf@8 (line 2535)
                      ; - java.lang.ClassLoader::checkCerts@3 (line 1163)
                      ; - java.lang.ClassLoader::preDefineClass@113 (line 917)
                      ; - java.lang.ClassLoader::defineClass@4 (line 1025)
  0x000071da7c58ea8c: 70b8 7fff 

  0x000071da7c58ea90: ;   {other}
  0x000071da7c58ea90: 0f1f 8400 | 803d 0055 | be45 ffff | ff44 8954 | 2408 4489 | 5424 0c4c | 896c 2450 | 4489 5c24 
  0x000071da7c58eab0: 5866 6690 

  0x000071da7c58eab4: ;   {runtime_call UncommonTrapBlob}
  0x000071da7c58eab4: c5f8 77e8 

  0x000071da7c58eab8: ; ImmutableOopMap {[16]=Oop [24]=Oop [40]=Oop [48]=Oop [56]=NarrowOop [80]=Oop }
                      ;*if_icmpgt {reexecute=1 rethrow=0 return_oop=0}
                      ; - (reexecute) jdk.internal.util.Preconditions::checkFromToIndex@6 (line 348)
                      ; - java.lang.String::checkBoundsBeginEnd@6 (line 4865)
                      ; - java.lang.String::substring@8 (line 2834)
                      ; - java.lang.ClassLoader::checkCerts@21 (line 1164)
                      ; - java.lang.ClassLoader::preDefineClass@113 (line 917)
                      ; - java.lang.ClassLoader::defineClass@4 (line 1025)
  0x000071da7c58eab8: 44b8 7fff 

  0x000071da7c58eabc: ;   {other}
  0x000071da7c58eabc: 0f1f 8400 | ac3d 0056 | be45 ffff | ff4c 8b54 | 2430 4c89 | 5424 2048 | 894c 2428 | 4489 4c24 
  0x000071da7c58eadc: 3044 8944 | 2434 6690 

  0x000071da7c58eae4: ;   {runtime_call UncommonTrapBlob}
  0x000071da7c58eae4: c5f8 77e8 

  0x000071da7c58eae8: ; ImmutableOopMap {[8]=Oop [16]=Oop [32]=Oop [40]=Oop [48]=NarrowOop }
                      ;*ifle {reexecute=1 rethrow=0 return_oop=0}
                      ; - (reexecute) java.util.concurrent.ConcurrentHashMap::get@23 (line 937)
                      ; - java.lang.ClassLoader::getNamedPackage@5 (line 341)
                      ; - java.lang.ClassLoader::postDefineClass@9 (line 934)
                      ; - java.lang.ClassLoader::defineClass@37 (line 1028)
  0x000071da7c58eae8: 14b8 7fff 

  0x000071da7c58eaec: ;   {other}
  0x000071da7c58eaec: 0f1f 8400 | dc3d 0057 | be45 ffff | ff48 8b6c | 2410 4489 | 5c24 3890 

  0x000071da7c58eb04: ;   {runtime_call UncommonTrapBlob}
  0x000071da7c58eb04: c5f8 77e8 

  0x000071da7c58eb08: ; ImmutableOopMap {rbp=Oop [8]=Oop [24]=Oop [40]=Oop }
                      ;*if_icmpne {reexecute=1 rethrow=0 return_oop=0}
                      ; - (reexecute) java.lang.ClassLoader::checkName@30 (line 1157)
                      ; - java.lang.ClassLoader::preDefineClass@1 (line 900)
                      ; - java.lang.ClassLoader::defineClass@4 (line 1025)
  0x000071da7c58eb08: f4b7 7fff 

  0x000071da7c58eb0c: ;   {other}
  0x000071da7c58eb0c: 0f1f 8400 | fc3d 0058 | be45 ffff | ff41 8bea | 4c89 6c24 | 4066 6690 

  0x000071da7c58eb24: ;   {runtime_call UncommonTrapBlob}
  0x000071da7c58eb24: c5f8 77e8 

  0x000071da7c58eb28: ; ImmutableOopMap {[16]=Oop [24]=Oop [40]=Oop [48]=Oop [56]=NarrowOop [64]=Oop }
                      ;*if_icmpne {reexecute=1 rethrow=0 return_oop=0}
                      ; - (reexecute) java.lang.ClassLoader::checkCerts@9 (line 1164)
                      ; - java.lang.ClassLoader::preDefineClass@113 (line 917)
                      ; - java.lang.ClassLoader::defineClass@4 (line 1025)
  0x000071da7c58eb28: d4b7 7fff 

  0x000071da7c58eb2c: ;   {other}
  0x000071da7c58eb2c: 0f1f 8400 | 1c3e 0059 | be45 ffff | ff44 8954 | 2408 4489 | 5424 0c4c | 896c 2450 | 4489 5c24 
  0x000071da7c58eb4c: 5844 895c | 245c 6690 

  0x000071da7c58eb54: ;   {runtime_call UncommonTrapBlob}
  0x000071da7c58eb54: c5f8 77e8 

  0x000071da7c58eb58: ; ImmutableOopMap {[16]=Oop [24]=Oop [40]=Oop [48]=Oop [56]=NarrowOop [80]=Oop }
                      ;*if_icmple {reexecute=1 rethrow=0 return_oop=0}
                      ; - (reexecute) jdk.internal.util.Preconditions::checkFromToIndex@11 (line 348)
                      ; - java.lang.String::checkBoundsBeginEnd@6 (line 4865)
                      ; - java.lang.String::substring@8 (line 2834)
                      ; - java.lang.ClassLoader::checkCerts@21 (line 1164)
                      ; - java.lang.ClassLoader::preDefineClass@113 (line 917)
                      ; - java.lang.ClassLoader::defineClass@4 (line 1025)
  0x000071da7c58eb58: a4b7 7fff 

  0x000071da7c58eb5c: ;   {other}
  0x000071da7c58eb5c: 0f1f 8400 | 4c3e 005a | be45 ffff | ff48 8b4c | 2410 488b | e948 8b4c | 2428 4889 | 4c24 0848 
  0x000071da7c58eb7c: ff74 2418 | 488f 4424 | 1048 8944 | 24f8 8b44 | 2420 8944 | 2418 488b | 4424 f848 | 8944 24f8 
  0x000071da7c58eb9c: 8b44 2424 | 8944 241c | 488b 4424 | f848 8b4c | 2430 4889 | 4c24 2044 | 896c 2428 | 48ff 7424 
  0x000071da7c58ebbc: 4048 8f44 | 2438 4489 | 7424 2c4c | 8944 2440 | 4489 5424 | 4889 5c24 | 4c44 895c | 2450 4489 
  0x000071da7c58ebdc: 4c24 5490 

  0x000071da7c58ebe0: ;   {runtime_call UncommonTrapBlob}
  0x000071da7c58ebe0: c5f8 77e8 

  0x000071da7c58ebe4: ; ImmutableOopMap {rbp=Oop [8]=Oop [16]=Oop [32]=Oop [40]=NarrowOop [56]=Oop [64]=Oop [72]=NarrowOop }
                      ;*if_icmpne {reexecute=1 rethrow=0 return_oop=0}
                      ; - (reexecute) java.lang.String::getBytes@5 (line 4725)
                      ; - java.lang.AbstractStringBuilder::putStringAt@15 (line 1751)
                      ; - java.lang.AbstractStringBuilder::append@30 (line 588)
                      ; - java.lang.StringBuilder::append@2 (line 179)
                      ; - java.net.URLStreamHandler::toExternalForm@59 (line 483)
                      ; - java.net.URL::toExternalForm@5 (line 1203)
                      ; - java.net.URL::toString@1 (line 1189)
                      ; - java.lang.ClassLoader::defineClassSourceLocation@22 (line 927)
                      ; - java.lang.ClassLoader::defineClass@12 (line 1026)
  0x000071da7c58ebe4: 18b7 7fff 

  0x000071da7c58ebe8: ;   {other}
  0x000071da7c58ebe8: 0f1f 8400 | d83e 005b | be45 ffff | ff48 8b6c | 2410 4c8b | 5c24 284c | 895c 2408 | 4c8b 5c24 
  0x000071da7c58ec08: 184c 895c | 2410 8b54 | 2420 8954 | 2418 448b | 5c24 2444 | 895c 241c | 4c8b 5c24 | 304c 895c 
  0x000071da7c58ec28: 2420 4489 | 6c24 284c | 8b5c 2440 | 4c89 5c24 | 3889 5c24 | 2c44 8944 | 2440 4489 | 4c24 4489 
  0x000071da7c58ec48: 7c24 4889 | 4c24 4c44 | 8954 2450 

  0x000071da7c58ec54: ;   {runtime_call UncommonTrapBlob}
  0x000071da7c58ec54: c5f8 77e8 

  0x000071da7c58ec58: ; ImmutableOopMap {rbp=Oop [8]=Oop [16]=Oop [32]=Oop [40]=NarrowOop [56]=Oop [64]=NarrowOop [68]=NarrowOop }
                      ;*if_icmpne {reexecute=1 rethrow=0 return_oop=0}
                      ; - (reexecute) java.lang.String::getBytes@5 (line 4725)
                      ; - java.lang.AbstractStringBuilder::putStringAt@15 (line 1751)
                      ; - java.lang.AbstractStringBuilder::append@30 (line 588)
                      ; - java.lang.StringBuilder::append@2 (line 179)
                      ; - java.net.URLStreamHandler::toExternalForm@77 (line 484)
                      ; - java.net.URL::toExternalForm@5 (line 1203)
                      ; - java.net.URL::toString@1 (line 1189)
                      ; - java.lang.ClassLoader::defineClassSourceLocation@22 (line 927)
                      ; - java.lang.ClassLoader::defineClass@12 (line 1026)
  0x000071da7c58ec58: a4b6 7fff 

  0x000071da7c58ec5c: ;   {other}
  0x000071da7c58ec5c: 0f1f 8400 | 4c3f 005c | 4585 d244 | 8b44 2470 | 410f 94c0 | 418b c8be | 45ff ffff | 488b 6c24 
  0x000071da7c58ec7c: 104c 8b54 | 2428 4c89 | 5424 084c | 8b54 2418 | 4c89 5424 | 1044 8b44 | 2420 4489 | 4424 1844 
  0x000071da7c58ec9c: 8b54 2424 | 4489 5424 | 1c4c 8b54 | 2430 4c89 | 5424 2048 | 895c 2430 | 4c8b 5424 | 404c 8954 
  0x000071da7c58ecbc: 2438 4489 | 4c24 4044 | 895c 2444 | 894c 2448 

  0x000071da7c58eccc: ;   {runtime_call UncommonTrapBlob}
  0x000071da7c58eccc: c5f8 77e8 

  0x000071da7c58ecd0: ; ImmutableOopMap {rbp=Oop [8]=Oop [16]=Oop [32]=Oop [48]=Oop [56]=Oop [64]=NarrowOop }
                      ;*ifeq {reexecute=1 rethrow=0 return_oop=0}
                      ; - (reexecute) java.lang.String::<init>@19 (line 4786)
                      ; - java.lang.String::<init>@3 (line 1507)
                      ; - java.lang.StringBuilder::toString@5 (line 475)
                      ; - java.net.URLStreamHandler::toExternalForm@152 (line 486)
                      ; - java.net.URL::toExternalForm@5 (line 1203)
                      ; - java.net.URL::toString@1 (line 1189)
                      ; - java.lang.ClassLoader::defineClassSourceLocation@22 (line 927)
                      ; - java.lang.ClassLoader::defineClass@12 (line 1026)
  0x000071da7c58ecd0: 2cb6 7fff 

  0x000071da7c58ecd4: ;   {other}
  0x000071da7c58ecd4: 0f1f 8400 | c43f 005d | be45 ffff | ff48 8944 | 2428 6690 

  0x000071da7c58ece8: ;   {runtime_call UncommonTrapBlob}
  0x000071da7c58ece8: c5f8 77e8 

  0x000071da7c58ecec: ; ImmutableOopMap {[8]=Oop [16]=Oop [40]=Oop [48]=Oop }
                      ;*ifeq {reexecute=1 rethrow=0 return_oop=0}
                      ; - (reexecute) java.lang.Class::getPackageName@13 (line 1163)
                      ; - java.lang.ClassLoader::postDefineClass@2 (line 934)
                      ; - java.lang.ClassLoader::defineClass@37 (line 1028)
  0x000071da7c58ecec: 10b6 7fff 

  0x000071da7c58ecf0: ;   {other}
  0x000071da7c58ecf0: 0f1f 8400 | e03f 005e | be45 ffff | ff48 8b6c | 2410 488b | 4c24 2848 | 894c 2408 | 488b 4c24 
  0x000071da7c58ed10: 1848 894c | 2410 8b4c | 2420 894c | 2418 8b54 | 2424 8954 | 241c 488b | 4c24 3048 | 894c 2420 
  0x000071da7c58ed30: 4489 6c24 | 2848 8b4c | 2440 4889 | 4c24 3889 | 5c24 2c44 | 8954 2440 | 4489 4c24 | 4444 8944 
  0x000071da7c58ed50: 2448 897c | 244c 4489 | 5c24 5090 

  0x000071da7c58ed5c: ;   {runtime_call UncommonTrapBlob}
  0x000071da7c58ed5c: c5f8 77e8 

  0x000071da7c58ed60: ; ImmutableOopMap {rbp=Oop [8]=Oop [16]=Oop [32]=Oop [40]=NarrowOop [56]=Oop [64]=NarrowOop [68]=NarrowOop }
                      ;*if_icmpne {reexecute=1 rethrow=0 return_oop=0}
                      ; - (reexecute) java.lang.String::getBytes@5 (line 4725)
                      ; - java.lang.AbstractStringBuilder::putStringAt@15 (line 1751)
                      ; - java.lang.AbstractStringBuilder::append@30 (line 588)
                      ; - java.lang.StringBuilder::append@2 (line 179)
                      ; - java.net.URLStreamHandler::toExternalForm@11 (line 480)
                      ; - java.net.URL::toExternalForm@5 (line 1203)
                      ; - java.net.URL::toString@1 (line 1189)
                      ; - java.lang.ClassLoader::defineClassSourceLocation@22 (line 927)
                      ; - java.lang.ClassLoader::defineClass@12 (line 1026)
  0x000071da7c58ed60: 9cb5 7fff 

  0x000071da7c58ed64: ;   {other}
  0x000071da7c58ed64: 0f1f 8400 | 5440 005f | be45 ffff | ff48 8b6c | 2410 4c8b | 5424 284c | 8954 2410 | 4c8b 5424 
  0x000071da7c58ed84: 304c 8954 | 2428 4489 | 5c24 3090 

  0x000071da7c58ed90: ;   {runtime_call UncommonTrapBlob}
  0x000071da7c58ed90: c5f8 77e8 

  0x000071da7c58ed94: ; ImmutableOopMap {rbp=Oop [8]=Oop [16]=Oop [24]=Oop [40]=Oop }
                      ;*ifne {reexecute=1 rethrow=0 return_oop=0}
                      ; - (reexecute) java.lang.ClassLoader::compareCerts@7 (line 1186)
                      ; - java.lang.ClassLoader::checkCerts@80 (line 1172)
                      ; - java.lang.ClassLoader::preDefineClass@113 (line 917)
                      ; - java.lang.ClassLoader::defineClass@4 (line 1025)
  0x000071da7c58ed94: 68b5 7fff 

  0x000071da7c58ed98: ;   {other}
  0x000071da7c58ed98: 0f1f 8400 | 8840 0060 | be45 ffff | ff4c 8b54 | 2410 498b | ea4c 8b54 | 2428 4c89 | 5424 0848 
  0x000071da7c58edb8: ff74 2418 | 488f 4424 | 1048 8944 | 24f8 8b44 | 2420 8944 | 2418 488b | 4424 f848 | 8944 24f8 
  0x000071da7c58edd8: 8b44 2424 | 8944 241c | 488b 4424 | f84c 8b54 | 2430 4c89 | 5424 2044 | 896c 2428 | 4489 7424 
  0x000071da7c58edf8: 2c89 5c24 | 504c 8944 | 2458 4489 | 4c24 5444 | 895c 2460 

  0x000071da7c58ee0c: ;   {runtime_call UncommonTrapBlob}
  0x000071da7c58ee0c: c5f8 77e8 

  0x000071da7c58ee10: ; ImmutableOopMap {rbp=Oop [8]=Oop [16]=Oop [32]=Oop [40]=NarrowOop [64]=Oop [88]=Oop }
                      ;*if_icmpeq {reexecute=1 rethrow=0 return_oop=0}
                      ; - (reexecute) java.lang.AbstractStringBuilder::inflateIfNeededFor@14 (line 1733)
                      ; - java.lang.AbstractStringBuilder::putStringAt@2 (line 1750)
                      ; - java.lang.AbstractStringBuilder::append@30 (line 588)
                      ; - java.lang.StringBuilder::append@2 (line 179)
                      ; - java.net.URLStreamHandler::toExternalForm@59 (line 483)
                      ; - java.net.URL::toExternalForm@5 (line 1203)
                      ; - java.net.URL::toString@1 (line 1189)
                      ; - java.lang.ClassLoader::defineClassSourceLocation@22 (line 927)
                      ; - java.lang.ClassLoader::defineClass@12 (line 1026)
  0x000071da7c58ee10: ecb4 7fff 

  0x000071da7c58ee14: ;   {other}
  0x000071da7c58ee14: 0f1f 8400 | 0441 0061 | be45 ffff | ff48 8b6c | 2410 4c8b | 5c24 284c | 895c 2408 | 4c8b 5c24 
  0x000071da7c58ee34: 184c 895c | 2410 448b | 5c24 2044 | 895c 2418 | 448b 5c24 | 2444 895c | 241c 4c8b | 5c24 304c 
  0x000071da7c58ee54: 895c 2420 | 4489 6c24 | 2889 5c24 | 2c89 7c24 | 4844 8944 | 244c 4489 | 5424 5889 | 4c24 5c90 
  0x000071da7c58ee74: ;   {runtime_call UncommonTrapBlob}
  0x000071da7c58ee74: c5f8 77e8 

  0x000071da7c58ee78: ; ImmutableOopMap {rbp=Oop [8]=Oop [16]=Oop [32]=Oop [40]=NarrowOop [64]=Oop [76]=NarrowOop }
                      ;*if_icmpeq {reexecute=1 rethrow=0 return_oop=0}
                      ; - (reexecute) java.lang.AbstractStringBuilder::inflateIfNeededFor@14 (line 1733)
                      ; - java.lang.AbstractStringBuilder::putStringAt@2 (line 1750)
                      ; - java.lang.AbstractStringBuilder::append@30 (line 588)
                      ; - java.lang.StringBuilder::append@2 (line 179)
                      ; - java.net.URLStreamHandler::toExternalForm@77 (line 484)
                      ; - java.net.URL::toExternalForm@5 (line 1203)
                      ; - java.net.URL::toString@1 (line 1189)
                      ; - java.lang.ClassLoader::defineClassSourceLocation@22 (line 927)
                      ; - java.lang.ClassLoader::defineClass@12 (line 1026)
  0x000071da7c58ee78: 84b4 7fff 

  0x000071da7c58ee7c: ;   {other}
  0x000071da7c58ee7c: 0f1f 8400 | 6c41 0062 | be45 ffff | ff4c 8b54 | 2410 4c89 | 5424 084c | 8b54 2428 | 4c89 5424 
  0x000071da7c58ee9c: 104c 8b54 | 2430 4c89 | 5424 2844 | 896c 2430 

  0x000071da7c58eeac: ;   {runtime_call UncommonTrapBlob}
  0x000071da7c58eeac: c5f8 77e8 

  0x000071da7c58eeb0: ; ImmutableOopMap {rbp=NarrowOop [8]=Oop [16]=Oop [24]=Oop [40]=Oop [48]=NarrowOop [64]=Oop }
                      ;*ifnull {reexecute=1 rethrow=0 return_oop=0}
                      ; - (reexecute) java.net.URLStreamHandler::toExternalForm@86 (line 485)
                      ; - java.net.URL::toExternalForm@5 (line 1203)
                      ; - java.net.URL::toString@1 (line 1189)
                      ; - java.lang.ClassLoader::defineClassSourceLocation@22 (line 927)
                      ; - java.lang.ClassLoader::defineClass@12 (line 1026)
  0x000071da7c58eeb0: 4cb4 7fff 

  0x000071da7c58eeb4: ;   {other}
  0x000071da7c58eeb4: 0f1f 8400 | a441 0063 | be45 ffff | ff48 8b6c | 2410 4c8b | 5c24 284c | 895c 2408 | 4c8b 5c24 
  0x000071da7c58eed4: 184c 895c | 2410 448b | 4c24 2044 | 894c 2418 | 448b 5c24 | 2444 895c | 241c 4c8b | 5c24 304c 
  0x000071da7c58eef4: 895c 2420 | 4489 6c24 | 2844 8954 | 242c 4489 | 4424 5090 

  0x000071da7c58ef08: ;   {runtime_call UncommonTrapBlob}
  0x000071da7c58ef08: c5f8 77e8 

  0x000071da7c58ef0c: ; ImmutableOopMap {rbp=Oop [8]=Oop [16]=Oop [32]=Oop [40]=NarrowOop [64]=Oop }
                      ;*if_icmpeq {reexecute=1 rethrow=0 return_oop=0}
                      ; - (reexecute) java.lang.AbstractStringBuilder::inflateIfNeededFor@14 (line 1733)
                      ; - java.lang.AbstractStringBuilder::putStringAt@2 (line 1750)
                      ; - java.lang.AbstractStringBuilder::append@30 (line 588)
                      ; - java.lang.StringBuilder::append@2 (line 179)
                      ; - java.net.URLStreamHandler::toExternalForm@113 (line 485)
                      ; - java.net.URL::toExternalForm@5 (line 1203)
                      ; - java.net.URL::toString@1 (line 1189)
                      ; - java.lang.ClassLoader::defineClassSourceLocation@22 (line 927)
                      ; - java.lang.ClassLoader::defineClass@12 (line 1026)
  0x000071da7c58ef0c: f0b3 7fff 

  0x000071da7c58ef10: ;   {other}
  0x000071da7c58ef10: 0f1f 8400 | 0042 0064 | be45 ffff | ff4c 8b54 | 2410 4c89 | 5424 084c | 8b54 2428 | 4c89 5424 
  0x000071da7c58ef30: 104c 8b54 | 2430 4c89 | 5424 2890 

  0x000071da7c58ef3c: ;   {runtime_call UncommonTrapBlob}
  0x000071da7c58ef3c: c5f8 77e8 

  0x000071da7c58ef40: ; ImmutableOopMap {rbp=NarrowOop [8]=Oop [16]=Oop [24]=Oop [40]=Oop [64]=Oop }
                      ;*ifnull {reexecute=1 rethrow=0 return_oop=0}
                      ; - (reexecute) java.net.URLStreamHandler::toExternalForm@122 (line 486)
                      ; - java.net.URL::toExternalForm@5 (line 1203)
                      ; - java.net.URL::toString@1 (line 1189)
                      ; - java.lang.ClassLoader::defineClassSourceLocation@22 (line 927)
                      ; - java.lang.ClassLoader::defineClass@12 (line 1026)
  0x000071da7c58ef40: bcb3 7fff 

  0x000071da7c58ef44: ;   {other}
  0x000071da7c58ef44: 0f1f 8400 | 3442 0065 | be45 ffff | ff4c 8b5c | 2410 4c89 | 5c24 084c | 8b5c 2428 | 4c89 5c24 
  0x000071da7c58ef64: 104c 8b5c | 2430 4c89 | 5c24 2844 | 8954 2448 

  0x000071da7c58ef74: ;   {runtime_call UncommonTrapBlob}
  0x000071da7c58ef74: c5f8 77e8 

  0x000071da7c58ef78: ; ImmutableOopMap {[8]=Oop [16]=Oop [24]=Oop [40]=Oop [64]=Oop }
                      ;*if_icmpeq {reexecute=1 rethrow=0 return_oop=0}
                      ; - (reexecute) java.lang.AbstractStringBuilder::inflateIfNeededFor@14 (line 1733)
                      ; - java.lang.AbstractStringBuilder::putStringAt@2 (line 1750)
                      ; - java.lang.AbstractStringBuilder::append@30 (line 588)
                      ; - java.lang.StringBuilder::append@2 (line 179)
                      ; - java.net.URLStreamHandler::toExternalForm@149 (line 486)
                      ; - java.net.URL::toExternalForm@5 (line 1203)
                      ; - java.net.URL::toString@1 (line 1189)
                      ; - java.lang.ClassLoader::defineClassSourceLocation@22 (line 927)
                      ; - java.lang.ClassLoader::defineClass@12 (line 1026)
  0x000071da7c58ef78: 84b3 7fff 

  0x000071da7c58ef7c: ;   {other}
  0x000071da7c58ef7c: 0f1f 8400 | 6c42 0066 | be45 ffff | ff48 8b6c | 2410 4c8b | 4c24 284c | 894c 2408 | 4c8b 4c24 
  0x000071da7c58ef9c: 184c 894c | 2410 448b | 4c24 2044 | 894c 2418 | 8b4c 2424 | 894c 241c | 4c8b 4c24 | 304c 894c 
  0x000071da7c58efbc: 2420 4489 | 6c24 2889 | 5c24 2c44 | 8944 2448 | 4489 5424 | 4c44 895c | 2458 897c | 245c 6690 
  0x000071da7c58efdc: ;   {runtime_call UncommonTrapBlob}
  0x000071da7c58efdc: c5f8 77e8 

  0x000071da7c58efe0: ; ImmutableOopMap {rbp=Oop [8]=Oop [16]=Oop [32]=Oop [40]=NarrowOop [64]=Oop [76]=NarrowOop }
                      ;*if_icmpeq {reexecute=1 rethrow=0 return_oop=0}
                      ; - (reexecute) java.lang.AbstractStringBuilder::inflateIfNeededFor@14 (line 1733)
                      ; - java.lang.AbstractStringBuilder::putStringAt@2 (line 1750)
                      ; - java.lang.AbstractStringBuilder::append@30 (line 588)
                      ; - java.lang.StringBuilder::append@2 (line 179)
                      ; - java.net.URLStreamHandler::toExternalForm@11 (line 480)
                      ; - java.net.URL::toExternalForm@5 (line 1203)
                      ; - java.net.URL::toString@1 (line 1189)
                      ; - java.lang.ClassLoader::defineClassSourceLocation@22 (line 927)
                      ; - java.lang.ClassLoader::defineClass@12 (line 1026)
  0x000071da7c58efe0: 1cb3 7fff 

  0x000071da7c58efe4: ;   {other}
  0x000071da7c58efe4: 0f1f 8400 | d442 0067 | 4c63 d9e9 | cdd2 ffff | 4983 c3fe | 498b cb49 | 8bf8 4833 | c048 83f9 
  0x000071da7c58f004: 087f 1048 | ffc9 784f | 4889 04cf | 48ff c97d | f7eb 44c5 | fdef c0e9 | 0d00 0000 | c5fe 7f07 
  0x000071da7c58f024: c5fe 7f47 | 2048 83c7 | 4048 83e9 | 087d ed48 | 83c1 047c | 0cc5 fe7f | 0748 83c7 | 2048 83e9 
  0x000071da7c58f044: 0448 83c1 | 047e 1048 | ffc9 c5f9 | d607 4883 | c708 48ff | c97d f3e9 | 28d3 ffff | be45 ffff 
  0x000071da7c58f064: ff48 8b6c | 2410 4c8b | 5424 284c | 8954 2408 | 4c8b 5424 | 184c 8954 | 2410 448b | 5424 2044 
  0x000071da7c58f084: 8954 2418 | 448b 4424 | 2444 8944 | 241c 4c8b | 5424 304c | 8954 2420 | 4889 5c24 | 3044 894c 
  0x000071da7c58f0a4: 2438 4489 | 5c24 4044 | 895c 2444 

  0x000071da7c58f0b0: ;   {runtime_call UncommonTrapBlob}
  0x000071da7c58f0b0: c5f8 77e8 

  0x000071da7c58f0b4: ; ImmutableOopMap {rbp=Oop [8]=Oop [16]=Oop [32]=Oop [48]=Oop [56]=NarrowOop }
                      ;*if_icmpge {reexecute=1 rethrow=0 return_oop=0}
                      ; - (reexecute) java.util.Arrays::checkLength@2 (line 3820)
                      ; - java.util.Arrays::copyOfRangeByte@2 (line 3861)
                      ; - java.util.Arrays::copyOfRange@13 (line 3854)
                      ; - java.lang.String::<init>@32 (line 4788)
                      ; - java.lang.String::<init>@3 (line 1507)
                      ; - java.lang.StringBuilder::toString@5 (line 475)
                      ; - java.net.URLStreamHandler::toExternalForm@152 (line 486)
                      ; - java.net.URL::toExternalForm@5 (line 1203)
                      ; - java.net.URL::toString@1 (line 1189)
                      ; - java.lang.ClassLoader::defineClassSourceLocation@22 (line 927)
                      ; - java.lang.ClassLoader::defineClass@12 (line 1026)
  0x000071da7c58f0b4: 48b2 7fff 

  0x000071da7c58f0b8: ;   {other}
  0x000071da7c58f0b8: 0f1f 8400 | a843 0068 | becc ffff | ff4c 8b54 | 2430 4c89 | 5424 2048 | 895c 2438 | 4489 4424 
  0x000071da7c58f0d8: 4089 4c24 | 4866 6690 

  0x000071da7c58f0e0: ;   {runtime_call UncommonTrapBlob}
  0x000071da7c58f0e0: c5f8 77e8 

  0x000071da7c58f0e4: ; ImmutableOopMap {[8]=Oop [16]=Oop [32]=Oop [56]=Oop [64]=NarrowOop }
                      ;*newarray {reexecute=1 rethrow=0 return_oop=0}
                      ; - (reexecute) java.util.Arrays::copyOfRangeByte@10 (line 3863)
                      ; - java.util.Arrays::copyOfRange@13 (line 3854)
                      ; - java.lang.StringLatin1::newString@16 (line 752)
                      ; - java.lang.String::substring@41 (line 2839)
                      ; - java.lang.Class::getPackageName@62 (line 1169)
                      ; - java.lang.ClassLoader::postDefineClass@2 (line 934)
                      ; - java.lang.ClassLoader::defineClass@37 (line 1028)
  0x000071da7c58f0e4: 18b2 7fff 

  0x000071da7c58f0e8: ;   {other}
  0x000071da7c58f0e8: 0f1f 8400 | d843 0069 | bef6 ffff | ff66 6690 

  0x000071da7c58f0f8: ;   {runtime_call UncommonTrapBlob}
  0x000071da7c58f0f8: c5f8 77e8 

  0x000071da7c58f0fc: ; ImmutableOopMap {}
                      ;*invokevirtual isNamed {reexecute=0 rethrow=0 return_oop=0}
                      ; - java.lang.NamedPackage::<init>@12 (line 48)
                      ; - java.lang.ClassLoader::getNamedPackage@22 (line 343)
                      ; - java.lang.ClassLoader::postDefineClass@9 (line 934)
                      ; - java.lang.ClassLoader::defineClass@37 (line 1028)
  0x000071da7c58f0fc: 00b2 7fff 

  0x000071da7c58f100: ;   {other}
  0x000071da7c58f100: 0f1f 8400 | f043 006a | bef6 ffff | ff66 6690 

  0x000071da7c58f110: ;   {runtime_call UncommonTrapBlob}
  0x000071da7c58f110: c5f8 77e8 

  0x000071da7c58f114: ; ImmutableOopMap {[32]=NarrowOop }
                      ;*invokevirtual append {reexecute=0 rethrow=0 return_oop=0}
                      ; - java.lang.NamedPackage::<init>@35 (line 49)
                      ; - java.lang.ClassLoader::getNamedPackage@22 (line 343)
                      ; - java.lang.ClassLoader::postDefineClass@9 (line 934)
                      ; - java.lang.ClassLoader::defineClass@37 (line 1028)
  0x000071da7c58f114: e8b1 7fff 

  0x000071da7c58f118: ;   {other}
  0x000071da7c58f118: 0f1f 8400 | 0844 006b | bef6 ffff | ff66 6690 

  0x000071da7c58f128: ;   {runtime_call UncommonTrapBlob}
  0x000071da7c58f128: c5f8 77e8 

  0x000071da7c58f12c: ; ImmutableOopMap {}
                      ;*invokevirtual toString {reexecute=0 rethrow=0 return_oop=0}
                      ; - java.lang.NamedPackage::<init>@38 (line 49)
                      ; - java.lang.ClassLoader::getNamedPackage@22 (line 343)
                      ; - java.lang.ClassLoader::postDefineClass@9 (line 934)
                      ; - java.lang.ClassLoader::defineClass@37 (line 1028)
  0x000071da7c58f12c: d0b1 7fff 

  0x000071da7c58f130: ;   {other}
  0x000071da7c58f130: 0f1f 8400 | 2044 006c | 85c9 448b | 5c24 7041 | 0f94 c3be | 45ff ffff | 488b 6c24 | 084c 8b44 
  0x000071da7c58f150: 2430 4c89 | 4424 2048 | 895c 2438 | 4489 5424 | 4044 895c | 2444 6690 

  0x000071da7c58f168: ;   {runtime_call UncommonTrapBlob}
  0x000071da7c58f168: c5f8 77e8 

  0x000071da7c58f16c: ; ImmutableOopMap {rbp=Oop [16]=Oop [32]=Oop [56]=Oop }
                      ;*ifeq {reexecute=1 rethrow=0 return_oop=0}
                      ; - (reexecute) java.lang.String::lastIndexOf@4 (line 2573)
                      ; - java.lang.String::lastIndexOf@8 (line 2535)
                      ; - java.lang.Class::getPackageName@47 (line 1168)
                      ; - java.lang.ClassLoader::postDefineClass@2 (line 934)
                      ; - java.lang.ClassLoader::defineClass@37 (line 1028)
  0x000071da7c58f16c: 90b1 7fff 

  0x000071da7c58f170: ;   {other}
  0x000071da7c58f170: 0f1f 8400 | 6044 006d | be45 ffff | ff48 8b6c | 2408 4c8b | 5424 304c | 8954 2420 | 4889 5c24 
  0x000071da7c58f190: 3089 4c24 | 4044 895c | 2444 894c | 2448 6690 

  0x000071da7c58f1a0: ;   {runtime_call UncommonTrapBlob}
  0x000071da7c58f1a0: c5f8 77e8 

  0x000071da7c58f1a4: ; ImmutableOopMap {rbp=Oop [16]=Oop [32]=Oop [48]=Oop }
                      ;*if_icmpgt {reexecute=1 rethrow=0 return_oop=0}
                      ; - (reexecute) jdk.internal.util.Preconditions::checkFromToIndex@6 (line 348)
                      ; - java.lang.String::checkBoundsBeginEnd@6 (line 4865)
                      ; - java.lang.String::substring@8 (line 2834)
                      ; - java.lang.Class::getPackageName@62 (line 1169)
                      ; - java.lang.ClassLoader::postDefineClass@2 (line 934)
                      ; - java.lang.ClassLoader::defineClass@37 (line 1028)
  0x000071da7c58f1a4: 58b1 7fff 

  0x000071da7c58f1a8: ;   {other}
  0x000071da7c58f1a8: 0f1f 8400 | 9844 006e | be45 ffff | ff48 8b6c | 2408 4c8b | 5424 304c | 8954 2420 | 894c 2430 
  0x000071da7c58f1c8: ;   {runtime_call UncommonTrapBlob}
  0x000071da7c58f1c8: c5f8 77e8 

  0x000071da7c58f1cc: ; ImmutableOopMap {rbp=Oop [16]=Oop [32]=Oop }
                      ;*if_icmpeq {reexecute=1 rethrow=0 return_oop=0}
                      ; - (reexecute) java.lang.Class::getPackageName@55 (line 1169)
                      ; - java.lang.ClassLoader::postDefineClass@2 (line 934)
                      ; - java.lang.ClassLoader::defineClass@37 (line 1028)
  0x000071da7c58f1cc: 30b1 7fff 

  0x000071da7c58f1d0: ;   {other}
  0x000071da7c58f1d0: 0f1f 8400 | c044 006f | be45 ffff | ff48 8b6c | 2408 4c8b | 5424 304c | 8954 2420 | 4889 5c24 
  0x000071da7c58f1f0: 3089 4c24 | 4044 895c | 2444 894c | 2448 4489 | 5c24 4c90 

  0x000071da7c58f204: ;   {runtime_call UncommonTrapBlob}
  0x000071da7c58f204: c5f8 77e8 

  0x000071da7c58f208: ; ImmutableOopMap {rbp=Oop [16]=Oop [32]=Oop [48]=Oop }
                      ;*if_icmple {reexecute=1 rethrow=0 return_oop=0}
                      ; - (reexecute) jdk.internal.util.Preconditions::checkFromToIndex@11 (line 348)
                      ; - java.lang.String::checkBoundsBeginEnd@6 (line 4865)
                      ; - java.lang.String::substring@8 (line 2834)
                      ; - java.lang.Class::getPackageName@62 (line 1169)
                      ; - java.lang.ClassLoader::postDefineClass@2 (line 934)
                      ; - java.lang.ClassLoader::defineClass@37 (line 1028)
  0x000071da7c58f208: f4b0 7fff 

  0x000071da7c58f20c: ;   {other}
  0x000071da7c58f20c: 0f1f 8400 | fc44 0070 | be45 ffff | ff48 8b5c | 2430 4889 | 5c24 2044 | 894c 2430 | 4889 4c24 
  0x000071da7c58f22c: 3844 8944 | 2434 4489 | 5424 4044 | 895c 2444 

  0x000071da7c58f23c: ;   {runtime_call UncommonTrapBlob}
  0x000071da7c58f23c: c5f8 77e8 

  0x000071da7c58f240: ; ImmutableOopMap {[8]=Oop [16]=Oop [32]=Oop [48]=NarrowOop [52]=NarrowOop [56]=Oop }
                      ;*ifge {reexecute=1 rethrow=0 return_oop=0}
                      ; - (reexecute) java.util.concurrent.ConcurrentHashMap::get@86 (line 943)
                      ; - java.lang.ClassLoader::getNamedPackage@5 (line 341)
                      ; - java.lang.ClassLoader::postDefineClass@9 (line 934)
                      ; - java.lang.ClassLoader::defineClass@37 (line 1028)
  0x000071da7c58f240: bcb0 7fff 

  0x000071da7c58f244: ;   {other}
  0x000071da7c58f244: 0f1f 8400 | 3445 0071 | be45 ffff | ff4c 8b5c | 2430 4c89 | 5c24 2044 | 894c 2438 | 4889 4c24 
  0x000071da7c58f264: 4044 8944 | 243c 4489 | 5424 4890 

  0x000071da7c58f270: ;   {runtime_call UncommonTrapBlob}
  0x000071da7c58f270: c5f8 77e8 

  0x000071da7c58f274: ; ImmutableOopMap {rbp=NarrowOop [8]=Oop [16]=Oop [32]=Oop [56]=NarrowOop [60]=NarrowOop [64]=Oop }
                      ;*ifnull {reexecute=1 rethrow=0 return_oop=0}
                      ; - (reexecute) java.util.concurrent.ConcurrentHashMap::get@67 (line 940)
                      ; - java.lang.ClassLoader::getNamedPackage@5 (line 341)
                      ; - java.lang.ClassLoader::postDefineClass@9 (line 934)
                      ; - java.lang.ClassLoader::defineClass@37 (line 1028)
  0x000071da7c58f274: 88b0 7fff 

  0x000071da7c58f278: ;   {other}
  0x000071da7c58f278: 0f1f 8400 | 6845 0072 | be45 ffff | ff89 4424 | 2c66 6690 

  0x000071da7c58f28c: ;   {runtime_call UncommonTrapBlob}
  0x000071da7c58f28c: c5f8 77e8 

  0x000071da7c58f290: ; ImmutableOopMap {[8]=Oop [16]=Oop [24]=Oop [32]=NarrowOop [40]=NarrowOop [48]=Oop }
                      ;*ifeq {reexecute=1 rethrow=0 return_oop=0}
                      ; - (reexecute) java.util.concurrent.ConcurrentHashMap::get@76 (line 940)
                      ; - java.lang.ClassLoader::getNamedPackage@5 (line 341)
                      ; - java.lang.ClassLoader::postDefineClass@9 (line 934)
                      ; - java.lang.ClassLoader::defineClass@37 (line 1028)
  0x000071da7c58f290: 6cb0 7fff 

  0x000071da7c58f294: ;   {other}
  0x000071da7c58f294: 0f1f 8400 | 8445 0073 | 4585 db44 | 8b44 2470 | 410f 94c0 | 458b d8be | 45ff ffff | 4c8b 4424 
  0x000071da7c58f2b4: 304c 8944 | 2420 4489 | 4c24 3044 | 8954 2434 | 4889 4c24 | 3848 894c | 2440 4489 | 5c24 4890 
  0x000071da7c58f2d4: ;   {runtime_call UncommonTrapBlob}
  0x000071da7c58f2d4: c5f8 77e8 

  0x000071da7c58f2d8: ; ImmutableOopMap {[8]=Oop [16]=Oop [32]=Oop [48]=NarrowOop [52]=NarrowOop [56]=Oop [64]=Oop }
                      ;*ifeq {reexecute=1 rethrow=0 return_oop=0}
                      ; - (reexecute) java.lang.String::hashCode@20 (line 2369)
                      ; - java.util.concurrent.ConcurrentHashMap::get@1 (line 936)
                      ; - java.lang.ClassLoader::getNamedPackage@5 (line 341)
                      ; - java.lang.ClassLoader::postDefineClass@9 (line 934)
                      ; - java.lang.ClassLoader::defineClass@37 (line 1028)
  0x000071da7c58f2d8: 24b0 7fff 

  0x000071da7c58f2dc: ;   {other}
  0x000071da7c58f2dc: 0f1f 8400 | cc45 0074 | bef6 ffff | ff66 6690 

  0x000071da7c58f2ec: ;   {runtime_call UncommonTrapBlob}
  0x000071da7c58f2ec: c5f8 77e8 

  0x000071da7c58f2f0: ; ImmutableOopMap {[24]=Oop [40]=Oop }
                      ;*invokevirtual putIfAbsent {reexecute=0 rethrow=0 return_oop=0}
                      ; - java.lang.ClassLoader::getNamedPackage@32 (line 345)
                      ; - java.lang.ClassLoader::postDefineClass@9 (line 934)
                      ; - java.lang.ClassLoader::defineClass@37 (line 1028)
  0x000071da7c58f2f0: 0cb0 7fff 

  0x000071da7c58f2f4: ;   {other}
  0x000071da7c58f2f4: 0f1f 8400 | e445 0075 | 488b e8be | 54ff ffff 

  0x000071da7c58f304: ;   {runtime_call UncommonTrapBlob}
  0x000071da7c58f304: c5f8 77e8 

  0x000071da7c58f308: ; ImmutableOopMap {rbp=Oop [8]=Oop [16]=Oop [32]=NarrowOop [40]=Oop [48]=Oop }
                      ;*ifnull {reexecute=1 rethrow=0 return_oop=0}
                      ; - (reexecute) java.lang.ClassLoader::getNamedPackage@42 (line 346)
                      ; - java.lang.ClassLoader::postDefineClass@9 (line 934)
                      ; - java.lang.ClassLoader::defineClass@37 (line 1028)
  0x000071da7c58f308: f4af 7fff 

  0x000071da7c58f30c: ;   {other}
  0x000071da7c58f30c: 0f1f 8400 | fc45 0076 | be76 ffff | ff48 8b6c | 2410 4c8b | 5c24 284c | 895c 2410 | 4c8b 5c24 
  0x000071da7c58f32c: 304c 895c | 2428 4889 | 5424 3044 | 8954 244c 

  0x000071da7c58f33c: ;   {runtime_call UncommonTrapBlob}
  0x000071da7c58f33c: c5f8 77e8 

  0x000071da7c58f340: ; ImmutableOopMap {rbp=Oop [8]=Oop [16]=Oop [24]=Oop [40]=Oop [48]=Oop [56]=Oop }
                      ;*if_icmpge {reexecute=1 rethrow=0 return_oop=0}
                      ; - (reexecute) java.lang.ClassLoader::compareCerts@40 (line 1195)
                      ; - java.lang.ClassLoader::checkCerts@80 (line 1172)
                      ; - java.lang.ClassLoader::preDefineClass@113 (line 917)
                      ; - java.lang.ClassLoader::defineClass@4 (line 1025)
  0x000071da7c58f340: bcaf 7fff 

  0x000071da7c58f344: ;   {other}
  0x000071da7c58f344: 0f1f 8400 | 3446 0077 | bebe ffff | ff48 8b6c | 2410 4c8b | 5c24 284c | 895c 2410 | 4c8b 5c24 
  0x000071da7c58f364: 304c 895c | 2428 4889 | 5424 3044 | 8954 244c 

  0x000071da7c58f374: ;   {runtime_call UncommonTrapBlob}
  0x000071da7c58f374: c5f8 77e8 

  0x000071da7c58f378: ; ImmutableOopMap {rbp=Oop [8]=Oop [16]=Oop [24]=Oop [40]=Oop [48]=Oop [56]=Oop }
                      ;*if_icmpge {reexecute=1 rethrow=0 return_oop=0}
                      ; - (reexecute) java.lang.ClassLoader::compareCerts@40 (line 1195)
                      ; - java.lang.ClassLoader::checkCerts@80 (line 1172)
                      ; - java.lang.ClassLoader::preDefineClass@113 (line 917)
                      ; - java.lang.ClassLoader::defineClass@4 (line 1025)
  0x000071da7c58f378: 84af 7fff 

  0x000071da7c58f37c: ;   {other}
  0x000071da7c58f37c: 0f1f 8400 | 6c46 0078 | be45 ffff | ff48 8b6c | 2410 4c8b | 4424 284c | 8944 2410 | 4c8b 4424 
  0x000071da7c58f39c: 304c 8944 | 2428 4489 | 5424 3044 | 895c 2434 

  0x000071da7c58f3ac: ;   {runtime_call UncommonTrapBlob}
  0x000071da7c58f3ac: c5f8 77e8 

  0x000071da7c58f3b0: ; ImmutableOopMap {rbp=Oop [8]=Oop [16]=Oop [24]=Oop [40]=Oop }
                      ;*if_icmpeq {reexecute=1 rethrow=0 return_oop=0}
                      ; - (reexecute) java.lang.ClassLoader::compareCerts@20 (line 1189)
                      ; - java.lang.ClassLoader::checkCerts@80 (line 1172)
                      ; - java.lang.ClassLoader::preDefineClass@113 (line 917)
                      ; - java.lang.ClassLoader::defineClass@4 (line 1025)
  0x000071da7c58f3b0: 4caf 7fff 

  0x000071da7c58f3b4: ;   {other}
  0x000071da7c58f3b4: 0f1f 8400 | a446 0079 | 41b8 0100 | 0000 be45 | ffff ff48 | 8b6c 2410 | 4c8b 4c24 | 284c 894c 
  0x000071da7c58f3d4: 2410 4c8b | 4c24 304c | 894c 2428 | 4889 5424 | 304c 8974 | 2440 4489 | 5424 4844 | 896c 244c 
  0x000071da7c58f3f4: 4489 4424 | 5044 895c | 2454 6690 

  0x000071da7c58f400: ;   {runtime_call UncommonTrapBlob}
  0x000071da7c58f400: c5f8 77e8 

  0x000071da7c58f404: ; ImmutableOopMap {rbp=Oop [8]=Oop [16]=Oop [24]=Oop [40]=Oop [48]=Oop [64]=Oop }
                      ;*if_icmpge {reexecute=1 rethrow=0 return_oop=0}
                      ; - (reexecute) java.lang.ClassLoader::compareCerts@67 (line 1197)
                      ; - java.lang.ClassLoader::checkCerts@80 (line 1172)
                      ; - java.lang.ClassLoader::preDefineClass@113 (line 917)
                      ; - java.lang.ClassLoader::defineClass@4 (line 1025)
  0x000071da7c58f404: f8ae 7fff 

  0x000071da7c58f408: ;   {other}
  0x000071da7c58f408: 0f1f 8400 | f846 007a | be45 ffff | ff4c 8b5c | 2430 4c89 | 5c24 2044 | 894c 2438 | 4889 4c24 
  0x000071da7c58f428: 404c 8944 | 2448 4489 | 5424 3c90 

  0x000071da7c58f434: ;   {runtime_call UncommonTrapBlob}
  0x000071da7c58f434: c5f8 77e8 

  0x000071da7c58f438: ; ImmutableOopMap {rbp=NarrowOop [8]=Oop [16]=Oop [32]=Oop [56]=NarrowOop [64]=Oop [72]=Oop }
                      ;*ifnull {reexecute=1 rethrow=0 return_oop=0}
                      ; - (reexecute) java.util.concurrent.ConcurrentHashMap::get@143 (line 946)
                      ; - java.lang.ClassLoader::getNamedPackage@5 (line 341)
                      ; - java.lang.ClassLoader::postDefineClass@9 (line 934)
                      ; - java.lang.ClassLoader::defineClass@37 (line 1028)
  0x000071da7c58f438: c4ae 7fff 

  0x000071da7c58f43c: ;   {other}
  0x000071da7c58f43c: 0f1f 8400 | 2c47 007b | 4c89 4c24 | 6044 8954 | 2458 4c8b | 5424 404c | 8954 2450 | 4c8b 5424 
  0x000071da7c58f45c: 384c 8954 | 2448 4489 | 6c24 404c | 8b54 2430 | 4c89 5424 | 384c 8b54 | 2428 4c89 

  0x000071da7c58f478: ;   {metadata('java/lang/String')}
  0x000071da7c58f478: 5424 0848 | be70 ea00 | 26da 7100 | 0066 6690 

  0x000071da7c58f488: ;   {runtime_call _new_instance_Java}
  0x000071da7c58f488: c5f8 77e8 

  0x000071da7c58f48c: ; ImmutableOopMap {rbp=Oop [8]=Oop [16]=Oop [24]=Oop [56]=Oop [64]=NarrowOop [72]=Oop [80]=Oop [96]=Oop }
                      ;*new {reexecute=1 rethrow=0 return_oop=1}
                      ; - (reexecute) java.net.URLStreamHandler::toExternalForm@35 (line 483)
                      ; - java.net.URL::toExternalForm@5 (line 1203)
                      ; - java.net.URL::toString@1 (line 1189)
                      ; - java.lang.ClassLoader::defineClassSourceLocation@22 (line 927)
                      ; - java.lang.ClassLoader::defineClass@12 (line 1026)
  0x000071da7c58f48c: f092 8aff 

  0x000071da7c58f490: ;   {other}
  0x000071da7c58f490: 0f1f 8400 | 8047 007c | 4c8b 5424 | 084c 8954 | 2428 4c8b | 5424 384c | 8954 2430 | 448b 6c24 
  0x000071da7c58f4b0: 404c 8b54 | 2448 4c89 | 5424 384c | 8b54 2450 | 4c89 5424 | 4044 8b54 | 2458 4c8b | 4c24 60e9 
  0x000071da7c58f4d0: 86e3 ffff | 4489 5424 | 5c44 8944 | 2458 4c8b | 5424 404c | 8954 2450 | 4c8b 5424 | 384c 8954 
  0x000071da7c58f4f0: 2448 4489 | 6c24 404c | 8b54 2430 | 4c89 5424 | 384c 8b54 | 2428 4c89 

  0x000071da7c58f508: ;   {metadata({type array byte})}
  0x000071da7c58f508: 5424 0848 | be18 2300 | 26da 7100 | 0066 6690 

  0x000071da7c58f518: ;   {runtime_call _new_array_Java}
  0x000071da7c58f518: c5f8 77e8 

  0x000071da7c58f51c: ; ImmutableOopMap {rbp=Oop [8]=Oop [16]=Oop [24]=Oop [56]=Oop [64]=NarrowOop [72]=Oop [80]=Oop [88]=NarrowOop }
                      ;*new {reexecute=1 rethrow=0 return_oop=1}
                      ; - (reexecute) java.net.URLStreamHandler::toExternalForm@35 (line 483)
                      ; - java.net.URL::toExternalForm@5 (line 1203)
                      ; - java.net.URL::toString@1 (line 1189)
                      ; - java.lang.ClassLoader::defineClassSourceLocation@22 (line 927)
                      ; - java.lang.ClassLoader::defineClass@12 (line 1026)
  0x000071da7c58f51c: e0b1 8aff 

  0x000071da7c58f520: ;   {other}
  0x000071da7c58f520: 0f1f 8400 | 1048 007d | 4c8b 5424 | 084c 8954 | 2428 4c8b | 5424 384c | 8954 2430 | 448b 6c24 
  0x000071da7c58f540: 404c 8b54 | 2448 4c89 | 5424 384c | 8b54 2450 | 4c89 5424 | 4044 8b44 | 2458 448b | 5424 5c4c 
  0x000071da7c58f560: 8bc8 e964 | e1ff ff48 | 894c 2458 | 4489 5c24 | 4c48 895c | 2450 4489 | 4c24 484c | 8b54 2430 
  0x000071da7c58f580: 4c89 5424 | 404c 896c | 2438 4c8b | 5424 104c | 8954 2408 | 488b 6c24 

  0x000071da7c58f598: ;   {metadata('java/util/ArrayList')}
  0x000071da7c58f598: 2848 beb0 | b20b 26da | 7100 0090 

  0x000071da7c58f5a4: ;   {runtime_call _new_instance_Java}
  0x000071da7c58f5a4: c5f8 77e8 

  0x000071da7c58f5a8: ; ImmutableOopMap {rbp=Oop [8]=Oop [24]=Oop [56]=Oop [64]=Oop [72]=NarrowOop [76]=NarrowOop [80]=Oop [88]=Oop }
                      ;*new {reexecute=0 rethrow=0 return_oop=1}
                      ; - java.security.CodeSource::getCertificates@25 (line 209)
                      ; - java.lang.ClassLoader::checkCerts@34 (line 1168)
                      ; - java.lang.ClassLoader::preDefineClass@113 (line 917)
                      ; - java.lang.ClassLoader::defineClass@4 (line 1025)
  0x000071da7c58f5a8: d491 8aff 

  0x000071da7c58f5ac: ;   {other}
  0x000071da7c58f5ac: 0f1f 8400 | 9c48 007e | 4889 6c24 | 284c 8b54 | 2408 4c89 | 5424 104c | 8b6c 2438 | 4c8b 5424 
  0x000071da7c58f5cc: 404c 8954 | 2430 448b | 5424 4844 | 8954 2438 | 488b 5c24 | 5044 8b5c | 244c 488b | 4c24 58e9 
  0x000071da7c58f5ec: c7e3 ffff | 4c89 4424 | 5848 894c | 2450 4889 | 5c24 484c | 896c 2440 | 448b 5424 | 7044 8954 
  0x000071da7c58f60c: 243c 4c8b | 5424 104c | 8954 2408 | 488b 6c24 

  0x000071da7c58f61c: ;   {metadata('java/security/cert/Certificate'[])}
  0x000071da7c58f61c: 2848 bec8 | 5210 26da | 7100 008b | 5424 7090 

  0x000071da7c58f62c: ;   {runtime_call _new_array_Java}
  0x000071da7c58f62c: c5f8 77e8 

  0x000071da7c58f630: ; ImmutableOopMap {rbp=Oop [8]=Oop [24]=Oop [48]=Oop [56]=NarrowOop [64]=Oop [72]=Oop [80]=Oop [88]=Oop }
                      ;*anewarray {reexecute=0 rethrow=0 return_oop=1}
                      ; - java.security.CodeSource::getCertificates@70 (line 215)
                      ; - java.lang.ClassLoader::checkCerts@34 (line 1168)
                      ; - java.lang.ClassLoader::preDefineClass@113 (line 917)
                      ; - java.lang.ClassLoader::defineClass@4 (line 1025)
  0x000071da7c58f630: ccb0 8aff 

  0x000071da7c58f634: ;   {other}
  0x000071da7c58f634: 0f1f 8400 | 2449 007f | e909 e5ff | ff4c 8944 | 2428 4889 

  0x000071da7c58f648: ;   {metadata('java/security/cert/Certificate'[])}
  0x000071da7c58f648: 4c24 1048 | bec8 5210 | 26da 7100 | 0041 8bd1 

  0x000071da7c58f658: ;   {runtime_call _new_array_Java}
  0x000071da7c58f658: c5f8 77e8 

  0x000071da7c58f65c: ; ImmutableOopMap {rbp=Oop [8]=Oop [16]=Oop [24]=Oop [48]=Oop [64]=Oop [72]=Oop }
                      ;*invokevirtual clone {reexecute=1 rethrow=0 return_oop=1}
                      ; - (reexecute) java.security.CodeSource::getCertificates@86 (line 217)
                      ; - java.lang.ClassLoader::checkCerts@34 (line 1168)
                      ; - java.lang.ClassLoader::preDefineClass@113 (line 917)
                      ; - java.lang.ClassLoader::defineClass@4 (line 1025)
  0x000071da7c58f65c: a0b0 8aff 

  0x000071da7c58f660: ;   {other}
  0x000071da7c58f660: 0f1f 8400 | 5049 0080 | 488b 4c24 | 104c 8b44 | 2428 488b | d8e9 97e5 | ffff 4889 | 5c24 2844 
  0x000071da7c58f680: 894c 2424 | 4489 5424 | 2048 ff74 | 2408 488f | 4424 1848 | 8b6c 2410 

  0x000071da7c58f698: ;   {metadata('java/util/ArrayList')}
  0x000071da7c58f698: 48be b0b2 | 0b26 da71 | 0000 6690 

  0x000071da7c58f6a4: ;   {runtime_call _new_instance_Java}
  0x000071da7c58f6a4: c5f8 77e8 

  0x000071da7c58f6a8: ; ImmutableOopMap {rbp=Oop [24]=Oop [32]=NarrowOop [36]=NarrowOop [40]=Oop }
                      ;*new {reexecute=0 rethrow=0 return_oop=1}
                      ; - java.security.CodeSource::getCertificates@25 (line 209)
                      ; - java.lang.ClassLoader::postDefineClass@24 (line 937)
                      ; - java.lang.ClassLoader::defineClass@37 (line 1028)
  0x000071da7c58f6a8: d490 8aff 

  0x000071da7c58f6ac: ;   {other}
  0x000071da7c58f6ac: 0f1f 8400 | 9c49 0081 | 4889 6c24 | 1048 ff74 | 2418 488f | 4424 0844 | 8b54 2420 | 448b 4c24 
  0x000071da7c58f6cc: 2448 8b5c | 2428 e922 | e8ff ff48 | 894c 2420 | 488b eb44 | 8954 2418 

  0x000071da7c58f6e4: ;   {metadata('java/security/cert/Certificate'[])}
  0x000071da7c58f6e4: 48be c852 | 1026 da71 | 0000 8b54 | 2470 6690 

  0x000071da7c58f6f4: ;   {runtime_call _new_array_Java}
  0x000071da7c58f6f4: c5f8 77e8 

  0x000071da7c58f6f8: ; ImmutableOopMap {rbp=Oop [8]=Oop [16]=Oop [24]=NarrowOop [32]=Oop }
                      ;*anewarray {reexecute=0 rethrow=0 return_oop=1}
                      ; - java.security.CodeSource::getCertificates@70 (line 215)
                      ; - java.lang.ClassLoader::postDefineClass@24 (line 937)
                      ; - java.lang.ClassLoader::defineClass@37 (line 1028)
  0x000071da7c58f6f8: 04b0 8aff 

  0x000071da7c58f6fc: ;   {other}
  0x000071da7c58f6fc: 0f1f 8400 | ec49 0082 | e925 e9ff 

  0x000071da7c58f708: ;   {metadata('java/security/cert/Certificate'[])}
  0x000071da7c58f708: ff48 bec8 | 5210 26da | 7100 0041 | 8bd2 6690 

  0x000071da7c58f718: ;   {runtime_call _new_array_Java}
  0x000071da7c58f718: c5f8 77e8 

  0x000071da7c58f71c: ; ImmutableOopMap {[8]=Oop [16]=Oop [40]=Oop }
                      ;*invokevirtual clone {reexecute=1 rethrow=0 return_oop=1}
                      ; - (reexecute) java.security.CodeSource::getCertificates@86 (line 217)
                      ; - java.lang.ClassLoader::postDefineClass@24 (line 937)
                      ; - java.lang.ClassLoader::defineClass@37 (line 1028)
  0x000071da7c58f71c: e0af 8aff 

  0x000071da7c58f720: ;   {other}
  0x000071da7c58f720: 0f1f 8400 | 104a 0083 | 488b d8e9 | c7e9 ffff | bee4 ffff | ff4c 8b54 | 2428 4c89 | 5424 084c 
  0x000071da7c58f740: 8b54 2430 | 4c89 5424 | 284c 896c | 2430 4889 | 5c24 404c | 8944 2450 | 4489 5c24 | 5844 894c 
  0x000071da7c58f760: 245c 6690 

  0x000071da7c58f764: ;   {runtime_call UncommonTrapBlob}
  0x000071da7c58f764: c5f8 77e8 

  0x000071da7c58f768: ; ImmutableOopMap {[8]=Oop [16]=Oop [24]=Oop [40]=Oop [48]=Oop [56]=NarrowOop [64]=Oop [80]=Oop [88]=NarrowOop }
                      ;*aaload {reexecute=0 rethrow=0 return_oop=0}
                      ; - java.security.CodeSource::getCertificates@50 (line 212)
                      ; - java.lang.ClassLoader::checkCerts@34 (line 1168)
                      ; - java.lang.ClassLoader::preDefineClass@113 (line 917)
                      ; - java.lang.ClassLoader::defineClass@4 (line 1025)
  0x000071da7c58f768: 94ab 7fff 

  0x000071da7c58f76c: ;   {other}
  0x000071da7c58f76c: 0f1f 8400 | 5c4a 0084 | bee4 ffff | ff44 8954 | 2418 4889 | 4c24 2844 | 894c 2430 | 4489 4424 
  0x000071da7c58f78c: 3466 6690 

  0x000071da7c58f790: ;   {runtime_call UncommonTrapBlob}
  0x000071da7c58f790: c5f8 77e8 

  0x000071da7c58f794: ; ImmutableOopMap {[8]=Oop [16]=Oop [24]=NarrowOop [40]=Oop [48]=NarrowOop }
                      ;*aaload {reexecute=0 rethrow=0 return_oop=0}
                      ; - java.security.CodeSource::getCertificates@50 (line 212)
                      ; - java.lang.ClassLoader::postDefineClass@24 (line 937)
                      ; - java.lang.ClassLoader::defineClass@37 (line 1028)
  0x000071da7c58f794: 68ab 7fff 

  0x000071da7c58f798: ;   {other}
  0x000071da7c58f798: 0f1f 8400 | 884a 0085 | 4c63 dae9 | bcde ffff | becc ffff | ff48 8b6c | 2410 4c8b | 5424 284c 
  0x000071da7c58f7b8: 8954 2408 | 4c8b 5424 | 184c 8954 | 2410 448b | 5c24 2044 | 895c 2418 | 448b 5424 | 2444 8954 
  0x000071da7c58f7d8: 241c 4c8b | 5424 304c | 8954 2420 | 4489 6c24 | 2844 8944 | 242c 6690 

  0x000071da7c58f7f0: ;   {runtime_call UncommonTrapBlob}
  0x000071da7c58f7f0: c5f8 77e8 

  0x000071da7c58f7f4: ; ImmutableOopMap {rbp=Oop [8]=Oop [16]=Oop [32]=Oop [40]=NarrowOop [44]=NarrowOop [64]=Oop }
                      ;*new {reexecute=0 rethrow=0 return_oop=0}
                      ; - java.net.URLStreamHandler::toExternalForm@35 (line 483)
                      ; - java.net.URL::toExternalForm@5 (line 1203)
                      ; - java.net.URL::toString@1 (line 1189)
                      ; - java.lang.ClassLoader::defineClassSourceLocation@22 (line 927)
                      ; - java.lang.ClassLoader::defineClass@12 (line 1026)
  0x000071da7c58f7f4: 08ab 7fff 

  0x000071da7c58f7f8: ;   {other}
  0x000071da7c58f7f8: 0f1f 8400 | e84a 0086 | bede ffff | ff48 8944 | 2440 6690 

  0x000071da7c58f80c: ;   {runtime_call UncommonTrapBlob}
  0x000071da7c58f80c: c5f8 77e8 

  0x000071da7c58f810: ; ImmutableOopMap {[8]=Oop [16]=Oop [24]=Oop [40]=Oop [48]=Oop [56]=Oop [64]=Oop }
                      ;*checkcast {reexecute=0 rethrow=0 return_oop=0}
                      ; - java.lang.ClassLoader::checkCerts@65 (line 1171)
                      ; - java.lang.ClassLoader::preDefineClass@113 (line 917)
                      ; - java.lang.ClassLoader::defineClass@4 (line 1025)
  0x000071da7c58f810: ecaa 7fff 

  0x000071da7c58f814: ;   {other}
  0x000071da7c58f814: 0f1f 8400 | 044b 0087 | be66 ffff | ff48 8b6c | 2410 4c8b | 4424 284c | 8944 2410 | 4c8b 4424 
  0x000071da7c58f834: 304c 8944 | 2428 4c89 | 7424 4044 | 8954 2448 | 4489 6c24 | 4c48 8954 | 2458 4489 | 5c24 5489 
  0x000071da7c58f854: 4c24 6044 | 894c 2464 | 4489 4c24 | 6866 6690 

  0x000071da7c58f864: ;   {runtime_call UncommonTrapBlob}
  0x000071da7c58f864: c5f8 77e8 

  0x000071da7c58f868: ; ImmutableOopMap {rbp=Oop [8]=Oop [16]=Oop [24]=Oop [40]=Oop [64]=Oop [88]=Oop [96]=NarrowOop [100]=NarrowOop [104]=NarrowOop }
                      ;*instanceof {reexecute=0 rethrow=0 return_oop=0}
                      ; - sun.security.x509.X509CertImpl::getEncodedInternal@1 (line 1524)
                      ; - java.security.cert.Certificate::equals@17 (line 115)
                      ; - java.lang.ClassLoader::compareCerts@81 (line 1198)
                      ; - java.lang.ClassLoader::checkCerts@80 (line 1172)
                      ; - java.lang.ClassLoader::preDefineClass@113 (line 917)
                      ; - java.lang.ClassLoader::defineClass@4 (line 1025)
  0x000071da7c58f868: 94aa 7fff 

  0x000071da7c58f86c: ;   {other}
  0x000071da7c58f86c: 0f1f 8400 | 5c4b 0088 | be66 ffff | ff48 8954 | 2440 4489 | 5c24 4844 | 896c 244c | 4c89 7424 
  0x000071da7c58f88c: 5844 8954 | 2454 4489 | 4424 6044 | 8944 2464 

  0x000071da7c58f89c: ;   {runtime_call UncommonTrapBlob}
  0x000071da7c58f89c: c5f8 77e8 

  0x000071da7c58f8a0: ; ImmutableOopMap {rbp=NarrowOop [8]=Oop [16]=Oop [24]=Oop [40]=Oop [48]=Oop [64]=Oop [88]=Oop [96]=NarrowOop [100]=NarrowOop }
                      ;*instanceof {reexecute=0 rethrow=0 return_oop=0}
                      ; - sun.security.x509.X509CertImpl::getEncodedInternal@1 (line 1524)
                      ; - java.security.cert.Certificate::equals@17 (line 115)
                      ; - java.lang.ClassLoader::compareCerts@166 (line 1210)
                      ; - java.lang.ClassLoader::checkCerts@80 (line 1172)
                      ; - java.lang.ClassLoader::preDefineClass@113 (line 917)
                      ; - java.lang.ClassLoader::defineClass@4 (line 1025)
  0x000071da7c58f8a0: 5caa 7fff 

  0x000071da7c58f8a4: ;   {other}
  0x000071da7c58f8a4: 0f1f 8400 | 944b 0089 | 4533 c0be | 66ff ffff | 4c89 7424 | 4844 8954 | 2450 4489 | 6c24 5444 
  0x000071da7c58f8c4: 894c 2458 | 4889 5424 | 6044 895c | 245c 4489 | 4424 68c5 | fa11 4424 | 6c66 6690 

  0x000071da7c58f8e0: ;   {runtime_call UncommonTrapBlob}
  0x000071da7c58f8e0: c5f8 77e8 

  0x000071da7c58f8e4: ; ImmutableOopMap {rbp=Oop [8]=Oop [16]=Oop [24]=Oop [40]=Oop [48]=Oop [72]=Oop [88]=NarrowOop [96]=Oop [108]=NarrowOop }
                      ;*instanceof {reexecute=0 rethrow=0 return_oop=0}
                      ; - sun.security.x509.X509CertImpl::getEncodedInternal@1 (line 1524)
                      ; - java.security.cert.Certificate::equals@25 (line 116)
                      ; - java.lang.ClassLoader::compareCerts@81 (line 1198)
                      ; - java.lang.ClassLoader::checkCerts@80 (line 1172)
                      ; - java.lang.ClassLoader::preDefineClass@113 (line 917)
                      ; - java.lang.ClassLoader::defineClass@4 (line 1025)
  0x000071da7c58f8e4: 18aa 7fff 

  0x000071da7c58f8e8: ;   {other}
  0x000071da7c58f8e8: 0f1f 8400 | d84b 008a | 4533 c9be | 66ff ffff | 488b 6c24 | 1048 8b4c | 2428 4889 | 4c24 1048 
  0x000071da7c58f908: 8b4c 2430 | 4889 4c24 | 2848 8954 | 2438 4489 | 5c24 4044 | 896c 2444 | 4489 4424 | 484c 8974 
  0x000071da7c58f928: 2450 4489 | 5424 4c44 | 894c 2458 | c5fa 114c | 245c 4889 | 5c24 6890 

  0x000071da7c58f940: ;   {runtime_call UncommonTrapBlob}
  0x000071da7c58f940: c5f8 77e8 

  0x000071da7c58f944: ; ImmutableOopMap {rbp=Oop [8]=Oop [16]=Oop [24]=Oop [40]=Oop [56]=Oop [72]=NarrowOop [80]=Oop [92]=NarrowOop [104]=Oop }
                      ;*instanceof {reexecute=0 rethrow=0 return_oop=0}
                      ; - sun.security.x509.X509CertImpl::getEncodedInternal@1 (line 1524)
                      ; - java.security.cert.Certificate::equals@25 (line 116)
                      ; - java.lang.ClassLoader::compareCerts@166 (line 1210)
                      ; - java.lang.ClassLoader::checkCerts@80 (line 1172)
                      ; - java.lang.ClassLoader::preDefineClass@113 (line 917)
                      ; - java.lang.ClassLoader::defineClass@4 (line 1025)
  0x000071da7c58f944: b8a9 7fff 

  0x000071da7c58f948: ;   {other}
  0x000071da7c58f948: 0f1f 8400 | 384c 008b | bede ffff | ff4c 8b54 | 2418 4c89 | 5424 1044 | 8b5c 2420 | 4489 5c24 
  0x000071da7c58f968: 1844 8b54 | 2424 4489 | 5424 1c4c | 8b54 2430 | 4c89 5424 | 204c 8b54 | 2440 4c89 | 5424 304c 
  0x000071da7c58f988: 8b54 2448 | 4c89 5424 | 4048 8944 | 2448 6690 

  0x000071da7c58f998: ;   {runtime_call UncommonTrapBlob}
  0x000071da7c58f998: c5f8 77e8 

  0x000071da7c58f99c: ; ImmutableOopMap {rbp=Oop [8]=Oop [16]=Oop [32]=Oop [48]=Oop [56]=NarrowOop [64]=Oop [72]=Oop }
                      ;*checkcast {reexecute=0 rethrow=0 return_oop=0}
                      ; - java.security.CodeSource::getCertificates@76 (line 215)
                      ; - java.lang.ClassLoader::checkCerts@34 (line 1168)
                      ; - java.lang.ClassLoader::preDefineClass@113 (line 917)
                      ; - java.lang.ClassLoader::defineClass@4 (line 1025)
  0x000071da7c58f99c: 60a9 7fff 

  0x000071da7c58f9a0: ;   {other}
  0x000071da7c58f9a0: 0f1f 8400 | 904c 008c | bede ffff | ff48 8944 | 2420 6690 

  0x000071da7c58f9b4: ;   {runtime_call UncommonTrapBlob}
  0x000071da7c58f9b4: c5f8 77e8 

  0x000071da7c58f9b8: ; ImmutableOopMap {[8]=Oop [16]=Oop [24]=NarrowOop [32]=Oop }
                      ;*checkcast {reexecute=0 rethrow=0 return_oop=0}
                      ; - java.security.CodeSource::getCertificates@76 (line 215)
                      ; - java.lang.ClassLoader::postDefineClass@24 (line 937)
                      ; - java.lang.ClassLoader::defineClass@37 (line 1028)
  0x000071da7c58f9b8: 44a9 7fff 

  0x000071da7c58f9bc: ;   {other}
  0x000071da7c58f9bc: 0f1f 8400 | ac4c 008d | bef6 ffff | ff66 6690 

  0x000071da7c58f9cc: ;   {runtime_call UncommonTrapBlob}
  0x000071da7c58f9cc: c5f8 77e8 

  0x000071da7c58f9d0: ; ImmutableOopMap {}
                      ;*invokevirtual getCodeSource {reexecute=0 rethrow=0 return_oop=0}
                      ; - java.lang.ClassLoader::defineClassSourceLocation@1 (line 924)
                      ; - java.lang.ClassLoader::defineClass@12 (line 1026)
  0x000071da7c58f9d0: 2ca9 7fff 

  0x000071da7c58f9d4: ;   {other}
  0x000071da7c58f9d4: 0f1f 8400 | c44c 008e | bef6 ffff | ff66 6690 

  0x000071da7c58f9e4: ;   {runtime_call UncommonTrapBlob}
  0x000071da7c58f9e4: c5f8 77e8 

  0x000071da7c58f9e8: ; ImmutableOopMap {}
                      ;*invokevirtual getPackageName {reexecute=0 rethrow=0 return_oop=0}
                      ; - java.lang.ClassLoader::postDefineClass@2 (line 934)
                      ; - java.lang.ClassLoader::defineClass@37 (line 1028)
  0x000071da7c58f9e8: 14a9 7fff 

  0x000071da7c58f9ec: ;   {other}
  0x000071da7c58f9ec: 0f1f 8400 | dc4c 008f | bef6 ffff | ff66 6690 

  0x000071da7c58f9fc: ;   {runtime_call UncommonTrapBlob}
  0x000071da7c58f9fc: c5f8 77e8 

  0x000071da7c58fa00: ; ImmutableOopMap {}
                      ;*invokevirtual hashCode {reexecute=0 rethrow=0 return_oop=0}
                      ; - java.util.concurrent.ConcurrentHashMap::get@1 (line 936)
                      ; - java.lang.ClassLoader::getNamedPackage@5 (line 341)
                      ; - java.lang.ClassLoader::postDefineClass@9 (line 934)
                      ; - java.lang.ClassLoader::defineClass@37 (line 1028)
  0x000071da7c58fa00: fca8 7fff 

  0x000071da7c58fa04: ;   {other}
  0x000071da7c58fa04: 0f1f 8400 | f44c 0090 | bef6 ffff | ff66 6690 

  0x000071da7c58fa14: ;   {runtime_call UncommonTrapBlob}
  0x000071da7c58fa14: c5f8 77e8 

  0x000071da7c58fa18: ; ImmutableOopMap {}
                      ;*arraylength {reexecute=0 rethrow=0 return_oop=0}
                      ; - java.lang.String::isEmpty@4 (line 1532)
                      ; - java.lang.ClassLoader::checkName@5 (line 1155)
                      ; - java.lang.ClassLoader::preDefineClass@1 (line 900)
                      ; - java.lang.ClassLoader::defineClass@4 (line 1025)
  0x000071da7c58fa18: e4a8 7fff 

  0x000071da7c58fa1c: ;   {other}
  0x000071da7c58fa1c: 0f1f 8400 | 0c4d 0091 | bef6 ffff | ff66 6690 

  0x000071da7c58fa2c: ;   {runtime_call UncommonTrapBlob}
  0x000071da7c58fa2c: c5f8 77e8 

  0x000071da7c58fa30: ; ImmutableOopMap {}
                      ;*arraylength {reexecute=0 rethrow=0 return_oop=0}
                      ; - java.lang.StringLatin1::charAt@2 (line 46)
                      ; - java.lang.String::charAt@12 (line 1555)
                      ; - java.lang.ClassLoader::checkName@25 (line 1157)
                      ; - java.lang.ClassLoader::preDefineClass@1 (line 900)
                      ; - java.lang.ClassLoader::defineClass@4 (line 1025)
  0x000071da7c58fa30: cca8 7fff 

  0x000071da7c58fa34: ;   {other}
  0x000071da7c58fa34: 0f1f 8400 | 244d 0092 | bef6 ffff | ff66 6690 

  0x000071da7c58fa44: ;   {runtime_call UncommonTrapBlob}
  0x000071da7c58fa44: c5f8 77e8 

  0x000071da7c58fa48: ; ImmutableOopMap {}
                      ;*arraylength {reexecute=0 rethrow=0 return_oop=0}
                      ; - java.lang.String::length@4 (line 1519)
                      ; - java.lang.String::startsWith@6 (line 2285)
                      ; - java.lang.String::startsWith@3 (line 2327)
                      ; - java.lang.ClassLoader::preDefineClass@43 (line 906)
                      ; - java.lang.ClassLoader::defineClass@4 (line 1025)
  0x000071da7c58fa48: b4a8 7fff 

  0x000071da7c58fa4c: ;   {other}
  0x000071da7c58fa4c: 0f1f 8400 | 3c4d 0093 | bef6 ffff | ff66 6690 

  0x000071da7c58fa5c: ;   {runtime_call UncommonTrapBlob}
  0x000071da7c58fa5c: c5f8 77e8 

  0x000071da7c58fa60: ; ImmutableOopMap {}
                      ;*invokevirtual getCodeSource {reexecute=0 rethrow=0 return_oop=0}
                      ; - java.lang.ClassLoader::preDefineClass@110 (line 917)
                      ; - java.lang.ClassLoader::defineClass@4 (line 1025)
  0x000071da7c58fa60: 9ca8 7fff 

  0x000071da7c58fa64: ;   {other}
  0x000071da7c58fa64: 0f1f 8400 | 544d 0094 | bef6 ffff | ff66 6690 

  0x000071da7c58fa74: ;   {runtime_call UncommonTrapBlob}
  0x000071da7c58fa74: c5f8 77e8 

  0x000071da7c58fa78: ; ImmutableOopMap {}
                      ;*arraylength {reexecute=0 rethrow=0 return_oop=0}
                      ; - java.lang.String::length@4 (line 1519)
                      ; - java.lang.String::lastIndexOf@3 (line 2535)
                      ; - java.lang.ClassLoader::checkCerts@3 (line 1163)
                      ; - java.lang.ClassLoader::preDefineClass@113 (line 917)
                      ; - java.lang.ClassLoader::defineClass@4 (line 1025)
  0x000071da7c58fa78: 84a8 7fff 

  0x000071da7c58fa7c: ;   {other}
  0x000071da7c58fa7c: 0f1f 8400 | 6c4d 0095 | bef6 ffff | ff41 8bed 

  0x000071da7c58fa8c: ;   {runtime_call UncommonTrapBlob}
  0x000071da7c58fa8c: c5f8 77e8 

  0x000071da7c58fa90: ; ImmutableOopMap {rbp=NarrowOop }
                      ;*invokevirtual toExternalForm {reexecute=0 rethrow=0 return_oop=0}
                      ; - java.net.URL::toExternalForm@5 (line 1203)
                      ; - java.net.URL::toString@1 (line 1189)
                      ; - java.lang.ClassLoader::defineClassSourceLocation@22 (line 927)
                      ; - java.lang.ClassLoader::defineClass@12 (line 1026)
  0x000071da7c58fa90: 6ca8 7fff 

  0x000071da7c58fa94: ;   {other}
  0x000071da7c58fa94: 0f1f 8400 | 844d 0096 | bef6 ffff | ff66 6690 

  0x000071da7c58faa4: ;   {runtime_call UncommonTrapBlob}
  0x000071da7c58faa4: c5f8 77e8 

  0x000071da7c58faa8: ; ImmutableOopMap {}
                      ;*arraylength {reexecute=0 rethrow=0 return_oop=0}
                      ; - java.lang.AbstractStringBuilder::ensureCapacityInternal@4 (line 240)
                      ; - java.lang.AbstractStringBuilder::append@7 (line 806)
                      ; - java.lang.StringBuilder::append@2 (line 246)
                      ; - java.net.URLStreamHandler::toExternalForm@16 (line 480)
                      ; - java.net.URL::toExternalForm@5 (line 1203)
                      ; - java.net.URL::toString@1 (line 1189)
                      ; - java.lang.ClassLoader::defineClassSourceLocation@22 (line 927)
                      ; - java.lang.ClassLoader::defineClass@12 (line 1026)
  0x000071da7c58faa8: 54a8 7fff 

  0x000071da7c58faac: ;   {other}
  0x000071da7c58faac: 0f1f 8400 | 9c4d 0097 | bef6 ffff | ff66 6690 

  0x000071da7c58fabc: ;   {runtime_call UncommonTrapBlob}
  0x000071da7c58fabc: c5f8 77e8 

  0x000071da7c58fac0: ; ImmutableOopMap {}
                      ;*arraylength {reexecute=0 rethrow=0 return_oop=0}
                      ; - java.lang.String::length@4 (line 1519)
                      ; - java.lang.AbstractStringBuilder::append@10 (line 586)
                      ; - java.lang.StringBuilder::append@2 (line 179)
                      ; - java.net.URLStreamHandler::toExternalForm@59 (line 483)
                      ; - java.net.URL::toExternalForm@5 (line 1203)
                      ; - java.net.URL::toString@1 (line 1189)
                      ; - java.lang.ClassLoader::defineClassSourceLocation@22 (line 927)
                      ; - java.lang.ClassLoader::defineClass@12 (line 1026)
  0x000071da7c58fac0: 3ca8 7fff 

  0x000071da7c58fac4: ;   {other}
  0x000071da7c58fac4: 0f1f 8400 | b44d 0098 | bef6 ffff | ff66 6690 

  0x000071da7c58fad4: ;   {runtime_call UncommonTrapBlob}
  0x000071da7c58fad4: c5f8 77e8 

  0x000071da7c58fad8: ; ImmutableOopMap {}
                      ;*arraylength {reexecute=0 rethrow=0 return_oop=0}
                      ; - java.lang.AbstractStringBuilder::ensureCapacityInternal@4 (line 240)
                      ; - java.lang.AbstractStringBuilder::append@21 (line 587)
                      ; - java.lang.StringBuilder::append@2 (line 179)
                      ; - java.net.URLStreamHandler::toExternalForm@59 (line 483)
                      ; - java.net.URL::toExternalForm@5 (line 1203)
                      ; - java.net.URL::toString@1 (line 1189)
                      ; - java.lang.ClassLoader::defineClassSourceLocation@22 (line 927)
                      ; - java.lang.ClassLoader::defineClass@12 (line 1026)
  0x000071da7c58fad8: 24a8 7fff 

  0x000071da7c58fadc: ;   {other}
  0x000071da7c58fadc: 0f1f 8400 | cc4d 0099 | bef6 ffff | ff66 6690 

  0x000071da7c58faec: ;   {runtime_call UncommonTrapBlob}
  0x000071da7c58faec: c5f8 77e8 

  0x000071da7c58faf0: ; ImmutableOopMap {}
                      ;*arraylength {reexecute=0 rethrow=0 return_oop=0}
                      ; - java.lang.String::getBytes@21 (line 4726)
                      ; - java.lang.AbstractStringBuilder::putStringAt@15 (line 1751)
                      ; - java.lang.AbstractStringBuilder::append@30 (line 588)
                      ; - java.lang.StringBuilder::append@2 (line 179)
                      ; - java.net.URLStreamHandler::toExternalForm@59 (line 483)
                      ; - java.net.URL::toExternalForm@5 (line 1203)
                      ; - java.net.URL::toString@1 (line 1189)
                      ; - java.lang.ClassLoader::defineClassSourceLocation@22 (line 927)
                      ; - java.lang.ClassLoader::defineClass@12 (line 1026)
  0x000071da7c58faf0: 0ca8 7fff 

  0x000071da7c58faf4: ;   {other}
  0x000071da7c58faf4: 0f1f 8400 | e44d 009a | bef6 ffff | ff44 8944 | 2408 894c | 240c 6690 

  0x000071da7c58fb0c: ;   {runtime_call UncommonTrapBlob}
  0x000071da7c58fb0c: c5f8 77e8 

  0x000071da7c58fb10: ; ImmutableOopMap {[8]=NarrowOop }
                      ;*invokestatic arraycopy {reexecute=0 rethrow=0 return_oop=0}
                      ; - java.lang.String::getBytes@22 (line 4726)
                      ; - java.lang.AbstractStringBuilder::putStringAt@15 (line 1751)
                      ; - java.lang.AbstractStringBuilder::append@30 (line 588)
                      ; - java.lang.StringBuilder::append@2 (line 179)
                      ; - java.net.URLStreamHandler::toExternalForm@59 (line 483)
                      ; - java.net.URL::toExternalForm@5 (line 1203)
                      ; - java.net.URL::toString@1 (line 1189)
                      ; - java.lang.ClassLoader::defineClassSourceLocation@22 (line 927)
                      ; - java.lang.ClassLoader::defineClass@12 (line 1026)
  0x000071da7c58fb10: eca7 7fff 

  0x000071da7c58fb14: ;   {other}
  0x000071da7c58fb14: 0f1f 8400 | 044e 009b | bef6 ffff | ff66 6690 

  0x000071da7c58fb24: ;   {runtime_call UncommonTrapBlob}
  0x000071da7c58fb24: c5f8 77e8 

  0x000071da7c58fb28: ; ImmutableOopMap {}
                      ;*arraylength {reexecute=0 rethrow=0 return_oop=0}
                      ; - java.lang.String::length@4 (line 1519)
                      ; - java.lang.AbstractStringBuilder::append@10 (line 586)
                      ; - java.lang.StringBuilder::append@2 (line 179)
                      ; - java.net.URLStreamHandler::toExternalForm@77 (line 484)
                      ; - java.net.URL::toExternalForm@5 (line 1203)
                      ; - java.net.URL::toString@1 (line 1189)
                      ; - java.lang.ClassLoader::defineClassSourceLocation@22 (line 927)
                      ; - java.lang.ClassLoader::defineClass@12 (line 1026)
  0x000071da7c58fb28: d4a7 7fff 

  0x000071da7c58fb2c: ;   {other}
  0x000071da7c58fb2c: 0f1f 8400 | 1c4e 009c | bef6 ffff | ff66 6690 

  0x000071da7c58fb3c: ;   {runtime_call UncommonTrapBlob}
  0x000071da7c58fb3c: c5f8 77e8 

  0x000071da7c58fb40: ; ImmutableOopMap {}
                      ;*arraylength {reexecute=0 rethrow=0 return_oop=0}
                      ; - java.lang.AbstractStringBuilder::ensureCapacityInternal@4 (line 240)
                      ; - java.lang.AbstractStringBuilder::append@21 (line 587)
                      ; - java.lang.StringBuilder::append@2 (line 179)
                      ; - java.net.URLStreamHandler::toExternalForm@77 (line 484)
                      ; - java.net.URL::toExternalForm@5 (line 1203)
                      ; - java.net.URL::toString@1 (line 1189)
                      ; - java.lang.ClassLoader::defineClassSourceLocation@22 (line 927)
                      ; - java.lang.ClassLoader::defineClass@12 (line 1026)
  0x000071da7c58fb40: bca7 7fff 

  0x000071da7c58fb44: ;   {other}
  0x000071da7c58fb44: 0f1f 8400 | 344e 009d | bef6 ffff | ff66 6690 

  0x000071da7c58fb54: ;   {runtime_call UncommonTrapBlob}
  0x000071da7c58fb54: c5f8 77e8 

  0x000071da7c58fb58: ; ImmutableOopMap {}
                      ;*arraylength {reexecute=0 rethrow=0 return_oop=0}
                      ; - java.lang.String::getBytes@21 (line 4726)
                      ; - java.lang.AbstractStringBuilder::putStringAt@15 (line 1751)
                      ; - java.lang.AbstractStringBuilder::append@30 (line 588)
                      ; - java.lang.StringBuilder::append@2 (line 179)
                      ; - java.net.URLStreamHandler::toExternalForm@77 (line 484)
                      ; - java.net.URL::toExternalForm@5 (line 1203)
                      ; - java.net.URL::toString@1 (line 1189)
                      ; - java.lang.ClassLoader::defineClassSourceLocation@22 (line 927)
                      ; - java.lang.ClassLoader::defineClass@12 (line 1026)
  0x000071da7c58fb58: a4a7 7fff 

  0x000071da7c58fb5c: ;   {other}
  0x000071da7c58fb5c: 0f1f 8400 | 4c4e 009e | bef6 ffff | ff44 895c | 2408 894c | 240c 6690 

  0x000071da7c58fb74: ;   {runtime_call UncommonTrapBlob}
  0x000071da7c58fb74: c5f8 77e8 

  0x000071da7c58fb78: ; ImmutableOopMap {[8]=NarrowOop }
                      ;*invokestatic arraycopy {reexecute=0 rethrow=0 return_oop=0}
                      ; - java.lang.String::getBytes@22 (line 4726)
                      ; - java.lang.AbstractStringBuilder::putStringAt@15 (line 1751)
                      ; - java.lang.AbstractStringBuilder::append@30 (line 588)
                      ; - java.lang.StringBuilder::append@2 (line 179)
                      ; - java.net.URLStreamHandler::toExternalForm@77 (line 484)
                      ; - java.net.URL::toExternalForm@5 (line 1203)
                      ; - java.net.URL::toString@1 (line 1189)
                      ; - java.lang.ClassLoader::defineClassSourceLocation@22 (line 927)
                      ; - java.lang.ClassLoader::defineClass@12 (line 1026)
  0x000071da7c58fb78: 84a7 7fff 

  0x000071da7c58fb7c: ;   {other}
  0x000071da7c58fb7c: 0f1f 8400 | 6c4e 009f | bef6 ffff | ff66 6690 

  0x000071da7c58fb8c: ;   {runtime_call UncommonTrapBlob}
  0x000071da7c58fb8c: c5f8 77e8 

  0x000071da7c58fb90: ; ImmutableOopMap {}
                      ;*arraylength {reexecute=0 rethrow=0 return_oop=0}
                      ; - java.lang.AbstractStringBuilder::ensureCapacityInternal@4 (line 240)
                      ; - java.lang.AbstractStringBuilder::append@21 (line 587)
                      ; - java.lang.StringBuilder::append@2 (line 179)
                      ; - java.net.URLStreamHandler::toExternalForm@113 (line 485)
                      ; - java.net.URL::toExternalForm@5 (line 1203)
                      ; - java.net.URL::toString@1 (line 1189)
                      ; - java.lang.ClassLoader::defineClassSourceLocation@22 (line 927)
                      ; - java.lang.ClassLoader::defineClass@12 (line 1026)
  0x000071da7c58fb90: 6ca7 7fff 

  0x000071da7c58fb94: ;   {other}
  0x000071da7c58fb94: 0f1f 8400 | 844e 00a0 | bef6 ffff | ff41 8bea 

  0x000071da7c58fba4: ;   {runtime_call UncommonTrapBlob}
  0x000071da7c58fba4: c5f8 77e8 

  0x000071da7c58fba8: ; ImmutableOopMap {}
                      ;*invokestatic arraycopy {reexecute=0 rethrow=0 return_oop=0}
                      ; - java.lang.String::getBytes@22 (line 4726)
                      ; - java.lang.AbstractStringBuilder::putStringAt@15 (line 1751)
                      ; - java.lang.AbstractStringBuilder::append@30 (line 588)
                      ; - java.lang.StringBuilder::append@2 (line 179)
                      ; - java.net.URLStreamHandler::toExternalForm@113 (line 485)
                      ; - java.net.URL::toExternalForm@5 (line 1203)
                      ; - java.net.URL::toString@1 (line 1189)
                      ; - java.lang.ClassLoader::defineClassSourceLocation@22 (line 927)
                      ; - java.lang.ClassLoader::defineClass@12 (line 1026)
  0x000071da7c58fba8: 54a7 7fff 

  0x000071da7c58fbac: ;   {other}
  0x000071da7c58fbac: 0f1f 8400 | 9c4e 00a1 | bef6 ffff | ff66 6690 

  0x000071da7c58fbbc: ;   {runtime_call UncommonTrapBlob}
  0x000071da7c58fbbc: c5f8 77e8 

  0x000071da7c58fbc0: ; ImmutableOopMap {}
                      ;*arraylength {reexecute=0 rethrow=0 return_oop=0}
                      ; - java.lang.AbstractStringBuilder::ensureCapacityInternal@4 (line 240)
                      ; - java.lang.AbstractStringBuilder::append@21 (line 587)
                      ; - java.lang.StringBuilder::append@2 (line 179)
                      ; - java.net.URLStreamHandler::toExternalForm@149 (line 486)
                      ; - java.net.URL::toExternalForm@5 (line 1203)
                      ; - java.net.URL::toString@1 (line 1189)
                      ; - java.lang.ClassLoader::defineClassSourceLocation@22 (line 927)
                      ; - java.lang.ClassLoader::defineClass@12 (line 1026)
  0x000071da7c58fbc0: 3ca7 7fff 

  0x000071da7c58fbc4: ;   {other}
  0x000071da7c58fbc4: 0f1f 8400 | b44e 00a2 | bef6 ffff | ff41 8bea 

  0x000071da7c58fbd4: ;   {runtime_call UncommonTrapBlob}
  0x000071da7c58fbd4: c5f8 77e8 

  0x000071da7c58fbd8: ; ImmutableOopMap {}
                      ;*invokestatic arraycopy {reexecute=0 rethrow=0 return_oop=0}
                      ; - java.lang.String::getBytes@22 (line 4726)
                      ; - java.lang.AbstractStringBuilder::putStringAt@15 (line 1751)
                      ; - java.lang.AbstractStringBuilder::append@30 (line 588)
                      ; - java.lang.StringBuilder::append@2 (line 179)
                      ; - java.net.URLStreamHandler::toExternalForm@149 (line 486)
                      ; - java.net.URL::toExternalForm@5 (line 1203)
                      ; - java.net.URL::toString@1 (line 1189)
                      ; - java.lang.ClassLoader::defineClassSourceLocation@22 (line 927)
                      ; - java.lang.ClassLoader::defineClass@12 (line 1026)
  0x000071da7c58fbd8: 24a7 7fff 

  0x000071da7c58fbdc: ;   {other}
  0x000071da7c58fbdc: 0f1f 8400 | cc4e 00a3 | bef6 ffff | ff66 6690 

  0x000071da7c58fbec: ;   {runtime_call UncommonTrapBlob}
  0x000071da7c58fbec: c5f8 77e8 

  0x000071da7c58fbf0: ; ImmutableOopMap {}
                      ;*arraylength {reexecute=0 rethrow=0 return_oop=0}
                      ; - java.util.Arrays::copyOfRange@6 (line 3853)
                      ; - java.lang.String::<init>@32 (line 4788)
                      ; - java.lang.String::<init>@3 (line 1507)
                      ; - java.lang.StringBuilder::toString@5 (line 475)
                      ; - java.net.URLStreamHandler::toExternalForm@152 (line 486)
                      ; - java.net.URL::toExternalForm@5 (line 1203)
                      ; - java.net.URL::toString@1 (line 1189)
                      ; - java.lang.ClassLoader::defineClassSourceLocation@22 (line 927)
                      ; - java.lang.ClassLoader::defineClass@12 (line 1026)
  0x000071da7c58fbf0: 0ca7 7fff 

  0x000071da7c58fbf4: ;   {other}
  0x000071da7c58fbf4: 0f1f 8400 | e44e 00a4 | bef6 ffff | ff66 6690 

  0x000071da7c58fc04: ;   {runtime_call UncommonTrapBlob}
  0x000071da7c58fc04: c5f8 77e8 

  0x000071da7c58fc08: ; ImmutableOopMap {}
                      ;*arraylength {reexecute=0 rethrow=0 return_oop=0}
                      ; - java.lang.String::length@4 (line 1519)
                      ; - java.lang.AbstractStringBuilder::append@10 (line 586)
                      ; - java.lang.StringBuilder::append@2 (line 179)
                      ; - java.net.URLStreamHandler::toExternalForm@11 (line 480)
                      ; - java.net.URL::toExternalForm@5 (line 1203)
                      ; - java.net.URL::toString@1 (line 1189)
                      ; - java.lang.ClassLoader::defineClassSourceLocation@22 (line 927)
                      ; - java.lang.ClassLoader::defineClass@12 (line 1026)
  0x000071da7c58fc08: f4a6 7fff 

  0x000071da7c58fc0c: ;   {other}
  0x000071da7c58fc0c: 0f1f 8400 | fc4e 00a5 | bef6 ffff | ff66 6690 

  0x000071da7c58fc1c: ;   {runtime_call UncommonTrapBlob}
  0x000071da7c58fc1c: c5f8 77e8 

  0x000071da7c58fc20: ; ImmutableOopMap {}
                      ;*arraylength {reexecute=0 rethrow=0 return_oop=0}
                      ; - java.lang.String::getBytes@21 (line 4726)
                      ; - java.lang.AbstractStringBuilder::putStringAt@15 (line 1751)
                      ; - java.lang.AbstractStringBuilder::append@30 (line 588)
                      ; - java.lang.StringBuilder::append@2 (line 179)
                      ; - java.net.URLStreamHandler::toExternalForm@11 (line 480)
                      ; - java.net.URL::toExternalForm@5 (line 1203)
                      ; - java.net.URL::toString@1 (line 1189)
                      ; - java.lang.ClassLoader::defineClassSourceLocation@22 (line 927)
                      ; - java.lang.ClassLoader::defineClass@12 (line 1026)
  0x000071da7c58fc20: dca6 7fff 

  0x000071da7c58fc24: ;   {other}
  0x000071da7c58fc24: 0f1f 8400 | 144f 00a6 | bef6 ffff | ff89 4c24 | 0844 8954 | 240c 6690 

  0x000071da7c58fc3c: ;   {runtime_call UncommonTrapBlob}
  0x000071da7c58fc3c: c5f8 77e8 

  0x000071da7c58fc40: ; ImmutableOopMap {[8]=NarrowOop }
                      ;*invokestatic arraycopy {reexecute=0 rethrow=0 return_oop=0}
                      ; - java.lang.String::getBytes@22 (line 4726)
                      ; - java.lang.AbstractStringBuilder::putStringAt@15 (line 1751)
                      ; - java.lang.AbstractStringBuilder::append@30 (line 588)
                      ; - java.lang.StringBuilder::append@2 (line 179)
                      ; - java.net.URLStreamHandler::toExternalForm@11 (line 480)
                      ; - java.net.URL::toExternalForm@5 (line 1203)
                      ; - java.net.URL::toString@1 (line 1189)
                      ; - java.lang.ClassLoader::defineClassSourceLocation@22 (line 927)
                      ; - java.lang.ClassLoader::defineClass@12 (line 1026)
  0x000071da7c58fc40: bca6 7fff 

  0x000071da7c58fc44: ;   {other}
  0x000071da7c58fc44: 0f1f 8400 | 344f 00a7 | bef6 ffff | ff66 6690 

  0x000071da7c58fc54: ;   {runtime_call UncommonTrapBlob}
  0x000071da7c58fc54: c5f8 77e8 

  0x000071da7c58fc58: ; ImmutableOopMap {}
                      ;*bastore {reexecute=0 rethrow=0 return_oop=0}
                      ; - java.lang.AbstractStringBuilder::append@41 (line 808)
                      ; - java.lang.StringBuilder::append@2 (line 246)
                      ; - java.net.URLStreamHandler::toExternalForm@16 (line 480)
                      ; - java.net.URL::toExternalForm@5 (line 1203)
                      ; - java.net.URL::toString@1 (line 1189)
                      ; - java.lang.ClassLoader::defineClassSourceLocation@22 (line 927)
                      ; - java.lang.ClassLoader::defineClass@12 (line 1026)
  0x000071da7c58fc58: a4a6 7fff 

  0x000071da7c58fc5c: ;   {other}
  0x000071da7c58fc5c: 0f1f 8400 | 4c4f 00a8 | bef6 ffff | ff66 6690 

  0x000071da7c58fc6c: ;   {runtime_call UncommonTrapBlob}
  0x000071da7c58fc6c: c5f8 77e8 

  0x000071da7c58fc70: ; ImmutableOopMap {}
                      ;*arraylength {reexecute=0 rethrow=0 return_oop=0}
                      ; - java.lang.String::isEmpty@4 (line 1532)
                      ; - java.net.URLStreamHandler::toExternalForm@29 (line 482)
                      ; - java.net.URL::toExternalForm@5 (line 1203)
                      ; - java.net.URL::toString@1 (line 1189)
                      ; - java.lang.ClassLoader::defineClassSourceLocation@22 (line 927)
                      ; - java.lang.ClassLoader::defineClass@12 (line 1026)
  0x000071da7c58fc70: 8ca6 7fff 

  0x000071da7c58fc74: ;   {other}
  0x000071da7c58fc74: 0f1f 8400 | 644f 00a9 | be45 ffff | ff48 8b6c | 2410 4c8b | 5c24 284c | 895c 2408 | 4c8b 5c24 
  0x000071da7c58fc94: 184c 895c | 2410 448b | 4424 2044 | 8944 2418 | 448b 5c24 | 2444 895c | 241c 4489 | 5424 2c90 
  0x000071da7c58fcb4: ;   {runtime_call UncommonTrapBlob}
  0x000071da7c58fcb4: c5f8 77e8 

  0x000071da7c58fcb8: ; ImmutableOopMap {rbp=Oop [8]=Oop [16]=Oop [44]=NarrowOop [48]=Oop }
                      ;*ifnull {reexecute=1 rethrow=0 return_oop=0}
                      ; - (reexecute) java.lang.ClassLoader::defineClassSourceLocation@8 (line 926)
                      ; - java.lang.ClassLoader::defineClass@12 (line 1026)
  0x000071da7c58fcb8: 44a6 7fff 

  0x000071da7c58fcbc: ;   {other}
  0x000071da7c58fcbc: 0f1f 8400 | ac4f 00aa | be45 ffff | ff48 8b6c | 2410 4c8b | 5424 284c | 8954 2408 | 4c8b 5424 
  0x000071da7c58fcdc: 304c 8954 | 2428 4c89 | 6c24 3048 | 895c 2440 

  0x000071da7c58fcec: ;   {runtime_call UncommonTrapBlob}
  0x000071da7c58fcec: c5f8 77e8 

  0x000071da7c58fcf0: ; ImmutableOopMap {rbp=Oop [8]=Oop [24]=Oop [40]=Oop [48]=Oop [56]=NarrowOop [64]=Oop }
                      ;*ifnull {reexecute=1 rethrow=0 return_oop=0}
                      ; - (reexecute) java.lang.ClassLoader::checkCerts@30 (line 1167)
                      ; - java.lang.ClassLoader::preDefineClass@113 (line 917)
                      ; - java.lang.ClassLoader::defineClass@4 (line 1025)
  0x000071da7c58fcf0: 0ca6 7fff 

  0x000071da7c58fcf4: ;   {other}
  0x000071da7c58fcf4: 0f1f 8400 | e44f 00ab | 4d85 d244 | 8b5c 2470 | 410f 94c3 | 458b d3be | 45ff ffff | 4c8b 5c24 
  0x000071da7c58fd14: 304c 895c | 2420 4889 | 4424 2844 | 8954 2430 

  0x000071da7c58fd24: ;   {runtime_call UncommonTrapBlob}
  0x000071da7c58fd24: c5f8 77e8 

  0x000071da7c58fd28: ; ImmutableOopMap {[8]=Oop [16]=Oop [32]=Oop [40]=Oop }
                      ;*ifeq {reexecute=1 rethrow=0 return_oop=0}
                      ; - (reexecute) java.lang.Class::getPackageName@29 (line 1164)
                      ; - java.lang.ClassLoader::postDefineClass@2 (line 934)
                      ; - java.lang.ClassLoader::defineClass@37 (line 1028)
  0x000071da7c58fd28: d4a5 7fff 

  0x000071da7c58fd2c: ;   {other}
  0x000071da7c58fd2c: 0f1f 8400 | 1c50 00ac | bef6 ffff | ff66 6690 

  0x000071da7c58fd3c: ;   {runtime_call UncommonTrapBlob}
  0x000071da7c58fd3c: c5f8 77e8 

  0x000071da7c58fd40: ; ImmutableOopMap {}
                      ;*arraylength {reexecute=0 rethrow=0 return_oop=0}
                      ; - java.lang.String::length@4 (line 1519)
                      ; - java.lang.String::lastIndexOf@3 (line 2535)
                      ; - java.lang.Class::getPackageName@47 (line 1168)
                      ; - java.lang.ClassLoader::postDefineClass@2 (line 934)
                      ; - java.lang.ClassLoader::defineClass@37 (line 1028)
  0x000071da7c58fd40: bca5 7fff 

  0x000071da7c58fd44: ;   {other}
  0x000071da7c58fd44: 0f1f 8400 | 3450 00ad | be45 ffff | ff48 8b6c | 2410 4c8b | 5424 284c | 8954 2408 | 4c8b 5424 
  0x000071da7c58fd64: 184c 8954 | 2410 448b | 5424 2044 | 8954 2418 | 448b 5c24 | 2444 895c | 241c 4c8b | 5424 304c 
  0x000071da7c58fd84: 8954 2420 | 4489 6c24 | 2844 8944 | 2438 6690 

  0x000071da7c58fd94: ;   {runtime_call UncommonTrapBlob}
  0x000071da7c58fd94: c5f8 77e8 

  0x000071da7c58fd98: ; ImmutableOopMap {rbp=Oop [8]=Oop [16]=Oop [32]=Oop [40]=NarrowOop [56]=NarrowOop [64]=Oop }
                      ;*ifnull {reexecute=1 rethrow=0 return_oop=0}
                      ; - (reexecute) java.net.URLStreamHandler::toExternalForm@68 (line 484)
                      ; - java.net.URL::toExternalForm@5 (line 1203)
                      ; - java.net.URL::toString@1 (line 1189)
                      ; - java.lang.ClassLoader::defineClassSourceLocation@22 (line 927)
                      ; - java.lang.ClassLoader::defineClass@12 (line 1026)
  0x000071da7c58fd98: 64a5 7fff 

  0x000071da7c58fd9c: ;   {other}
  0x000071da7c58fd9c: 0f1f 8400 | 8c50 00ae | be45 ffff | ff48 8b6c | 2408 4489 | 5424 0890 

  0x000071da7c58fdb4: ;   {runtime_call UncommonTrapBlob}
  0x000071da7c58fdb4: c5f8 77e8 

  0x000071da7c58fdb8: ; ImmutableOopMap {rbp=Oop [8]=NarrowOop }
                      ;*ifnull {reexecute=1 rethrow=0 return_oop=0}
                      ; - (reexecute) java.lang.ClassLoader::postDefineClass@17 (line 936)
                      ; - java.lang.ClassLoader::defineClass@37 (line 1028)
  0x000071da7c58fdb8: 44a5 7fff 

  0x000071da7c58fdbc: ;   {other}
  0x000071da7c58fdbc: 0f1f 8400 | ac50 00af | be76 ffff | ff48 8b6c | 2410 4c8b | 4424 284c | 8944 2410 | 4c8b 4424 
  0x000071da7c58fddc: 304c 8944 | 2428 4c89 | 7424 4044 | 8954 2448 | 4489 6c24 | 4c44 894c | 2450 4889 | 5424 5844 
  0x000071da7c58fdfc: 895c 2460 

  0x000071da7c58fe00: ;   {runtime_call UncommonTrapBlob}
  0x000071da7c58fe00: c5f8 77e8 

  0x000071da7c58fe04: ; ImmutableOopMap {rbp=Oop [8]=Oop [16]=Oop [24]=Oop [40]=Oop [64]=Oop [80]=NarrowOop [88]=Oop }
                      ;*if_icmpge {reexecute=1 rethrow=0 return_oop=0}
                      ; - (reexecute) java.lang.ClassLoader::compareCerts@67 (line 1197)
                      ; - java.lang.ClassLoader::checkCerts@80 (line 1172)
                      ; - java.lang.ClassLoader::preDefineClass@113 (line 917)
                      ; - java.lang.ClassLoader::defineClass@4 (line 1025)
  0x000071da7c58fe04: f8a4 7fff 

  0x000071da7c58fe08: ;   {other}
  0x000071da7c58fe08: 0f1f 8400 | f850 00b0 | be76 ffff | ff48 8b6c | 2410 4c8b | 4c24 284c | 894c 2410 | 4c8b 4c24 
  0x000071da7c58fe28: 304c 894c | 2428 4889 | 5424 3844 | 895c 2440 | 4489 6c24 | 4444 8944 | 2448 4c89 | 7424 5044 
  0x000071da7c58fe48: 8954 2458 

  0x000071da7c58fe4c: ;   {runtime_call UncommonTrapBlob}
  0x000071da7c58fe4c: c5f8 77e8 

  0x000071da7c58fe50: ; ImmutableOopMap {rbp=Oop [8]=Oop [16]=Oop [24]=Oop [40]=Oop [56]=Oop [72]=NarrowOop [80]=Oop }
                      ;*if_icmpge {reexecute=1 rethrow=0 return_oop=0}
                      ; - (reexecute) java.lang.ClassLoader::compareCerts@152 (line 1209)
                      ; - java.lang.ClassLoader::checkCerts@80 (line 1172)
                      ; - java.lang.ClassLoader::preDefineClass@113 (line 917)
                      ; - java.lang.ClassLoader::defineClass@4 (line 1025)
  0x000071da7c58fe50: aca4 7fff 

  0x000071da7c58fe54: ;   {other}
  0x000071da7c58fe54: 0f1f 8400 | 4451 00b1 | 4533 c0be | f4ff ffff | 488b 6c24 | 1048 8b4c | 2428 4889 | 4c24 1048 
  0x000071da7c58fe74: 8b4c 2430 | 4889 4c24 | 284c 8974 | 2440 4489 | 5424 4844 | 896c 244c | 4889 5424 | 5844 895c 
  0x000071da7c58fe94: 2454 4489 | 4424 6044 | 894c 2464 

  0x000071da7c58fea0: ;   {runtime_call UncommonTrapBlob}
  0x000071da7c58fea0: c5f8 77e8 

  0x000071da7c58fea4: ; ImmutableOopMap {rbp=Oop [8]=Oop [16]=Oop [24]=Oop [40]=Oop [64]=Oop [88]=Oop [100]=NarrowOop }
                      ;*instanceof {reexecute=0 rethrow=0 return_oop=0}
                      ; - java.security.cert.Certificate::equals@8 (line 111)
                      ; - java.lang.ClassLoader::compareCerts@81 (line 1198)
                      ; - java.lang.ClassLoader::checkCerts@80 (line 1172)
                      ; - java.lang.ClassLoader::preDefineClass@113 (line 917)
                      ; - java.lang.ClassLoader::defineClass@4 (line 1025)
  0x000071da7c58fea4: 58a4 7fff 

  0x000071da7c58fea8: ;   {other}
  0x000071da7c58fea8: 0f1f 8400 | 9851 00b2 | 4533 c9be | f4ff ffff | 488b 6c24 | 1048 8b4c | 2428 4889 | 4c24 1048 
  0x000071da7c58fec8: 8b4c 2430 | 4889 4c24 | 2848 8954 | 2438 4489 | 5c24 4044 | 896c 2444 | 4c89 7424 | 5044 8954 
  0x000071da7c58fee8: 244c 4489 | 4c24 5844 | 8944 245c 

  0x000071da7c58fef4: ;   {runtime_call UncommonTrapBlob}
  0x000071da7c58fef4: c5f8 77e8 

  0x000071da7c58fef8: ; ImmutableOopMap {rbp=Oop [8]=Oop [16]=Oop [24]=Oop [40]=Oop [56]=Oop [80]=Oop [92]=NarrowOop }
                      ;*instanceof {reexecute=0 rethrow=0 return_oop=0}
                      ; - java.security.cert.Certificate::equals@8 (line 111)
                      ; - java.lang.ClassLoader::compareCerts@166 (line 1210)
                      ; - java.lang.ClassLoader::checkCerts@80 (line 1172)
                      ; - java.lang.ClassLoader::preDefineClass@113 (line 917)
                      ; - java.lang.ClassLoader::defineClass@4 (line 1025)
  0x000071da7c58fef8: 04a4 7fff 

  0x000071da7c58fefc: ;   {other}
  0x000071da7c58fefc: 0f1f 8400 | ec51 00b3 | bef6 ffff | ff41 8be9 

  0x000071da7c58ff0c: ;   {runtime_call UncommonTrapBlob}
  0x000071da7c58ff0c: c5f8 77e8 

  0x000071da7c58ff10: ; ImmutableOopMap {}
                      ;*aaload {reexecute=0 rethrow=0 return_oop=0}
                      ; - java.security.CodeSource::getCertificates@50 (line 212)
                      ; - java.lang.ClassLoader::checkCerts@34 (line 1168)
                      ; - java.lang.ClassLoader::preDefineClass@113 (line 917)
                      ; - java.lang.ClassLoader::defineClass@4 (line 1025)
  0x000071da7c58ff10: eca3 7fff 

  0x000071da7c58ff14: ;   {other}
  0x000071da7c58ff14: 0f1f 8400 | 0452 00b4 | bef6 ffff | ff66 6690 

  0x000071da7c58ff24: ;   {runtime_call UncommonTrapBlob}
  0x000071da7c58ff24: c5f8 77e8 

  0x000071da7c58ff28: ; ImmutableOopMap {}
                      ;*invokevirtual getSignerCertPath {reexecute=0 rethrow=0 return_oop=0}
                      ; - java.security.CodeSource::getCertificates@51 (line 213)
                      ; - java.lang.ClassLoader::checkCerts@34 (line 1168)
                      ; - java.lang.ClassLoader::preDefineClass@113 (line 917)
                      ; - java.lang.ClassLoader::defineClass@4 (line 1025)
  0x000071da7c58ff28: d4a3 7fff 

  0x000071da7c58ff2c: ;   {other}
  0x000071da7c58ff2c: 0f1f 8400 | 1c52 00b5 | bef6 ffff | ff66 6690 

  0x000071da7c58ff3c: ;   {runtime_call UncommonTrapBlob}
  0x000071da7c58ff3c: c5f8 77e8 

  0x000071da7c58ff40: ; ImmutableOopMap {}
                      ;*invokevirtual getCertificates {reexecute=0 rethrow=0 return_oop=0}
                      ; - java.security.CodeSource::getCertificates@54 (line 213)
                      ; - java.lang.ClassLoader::checkCerts@34 (line 1168)
                      ; - java.lang.ClassLoader::preDefineClass@113 (line 917)
                      ; - java.lang.ClassLoader::defineClass@4 (line 1025)
  0x000071da7c58ff40: bca3 7fff 

  0x000071da7c58ff44: ;   {other}
  0x000071da7c58ff44: 0f1f 8400 | 3452 00b6 | bef6 ffff | ff66 6690 

  0x000071da7c58ff54: ;   {runtime_call UncommonTrapBlob}
  0x000071da7c58ff54: c5f8 77e8 

  0x000071da7c58ff58: ; ImmutableOopMap {}
                      ;*arraylength {reexecute=0 rethrow=0 return_oop=0}
                      ; - java.security.CodeSource::getCertificates@40 (line 211)
                      ; - java.lang.ClassLoader::checkCerts@34 (line 1168)
                      ; - java.lang.ClassLoader::preDefineClass@113 (line 917)
                      ; - java.lang.ClassLoader::defineClass@4 (line 1025)
  0x000071da7c58ff58: a4a3 7fff 

  0x000071da7c58ff5c: ;   {other}
  0x000071da7c58ff5c: 0f1f 8400 | 4c52 00b7 | bef6 ffff | ff41 8be8 

  0x000071da7c58ff6c: ;   {runtime_call UncommonTrapBlob}
  0x000071da7c58ff6c: c5f8 77e8 

  0x000071da7c58ff70: ; ImmutableOopMap {}
                      ;*aaload {reexecute=0 rethrow=0 return_oop=0}
                      ; - java.security.CodeSource::getCertificates@50 (line 212)
                      ; - java.lang.ClassLoader::postDefineClass@24 (line 937)
                      ; - java.lang.ClassLoader::defineClass@37 (line 1028)
  0x000071da7c58ff70: 8ca3 7fff 

  0x000071da7c58ff74: ;   {other}
  0x000071da7c58ff74: 0f1f 8400 | 6452 00b8 | bef6 ffff | ff66 6690 

  0x000071da7c58ff84: ;   {runtime_call UncommonTrapBlob}
  0x000071da7c58ff84: c5f8 77e8 

  0x000071da7c58ff88: ; ImmutableOopMap {}
                      ;*invokevirtual getSignerCertPath {reexecute=0 rethrow=0 return_oop=0}
                      ; - java.security.CodeSource::getCertificates@51 (line 213)
                      ; - java.lang.ClassLoader::postDefineClass@24 (line 937)
                      ; - java.lang.ClassLoader::defineClass@37 (line 1028)
  0x000071da7c58ff88: 74a3 7fff 

  0x000071da7c58ff8c: ;   {other}
  0x000071da7c58ff8c: 0f1f 8400 | 7c52 00b9 | bef6 ffff | ff66 6690 

  0x000071da7c58ff9c: ;   {runtime_call UncommonTrapBlob}
  0x000071da7c58ff9c: c5f8 77e8 

  0x000071da7c58ffa0: ; ImmutableOopMap {}
                      ;*invokevirtual getCertificates {reexecute=0 rethrow=0 return_oop=0}
                      ; - java.security.CodeSource::getCertificates@54 (line 213)
                      ; - java.lang.ClassLoader::postDefineClass@24 (line 937)
                      ; - java.lang.ClassLoader::defineClass@37 (line 1028)
  0x000071da7c58ffa0: 5ca3 7fff 

  0x000071da7c58ffa4: ;   {other}
  0x000071da7c58ffa4: 0f1f 8400 | 9452 00ba | bef6 ffff | ff66 6690 

  0x000071da7c58ffb4: ;   {runtime_call UncommonTrapBlob}
  0x000071da7c58ffb4: c5f8 77e8 

  0x000071da7c58ffb8: ; ImmutableOopMap {}
                      ;*arraylength {reexecute=0 rethrow=0 return_oop=0}
                      ; - java.security.CodeSource::getCertificates@40 (line 211)
                      ; - java.lang.ClassLoader::postDefineClass@24 (line 937)
                      ; - java.lang.ClassLoader::defineClass@37 (line 1028)
  0x000071da7c58ffb8: 44a3 7fff 

  0x000071da7c58ffbc: ;   {other}
  0x000071da7c58ffbc: 0f1f 8400 | ac52 00bb | be97 ffff | ff48 8b6c | 2410 4c8b | 5424 404c | 8954 2428 | 4c8b 5424 
  0x000071da7c58ffdc: 384c 8954 | 2430 448b | 5424 4844 | 8954 2438 

  0x000071da7c58ffec: ;   {runtime_call UncommonTrapBlob}
  0x000071da7c58ffec: c5f8 77e8 

  0x000071da7c58fff0: ; ImmutableOopMap {rbp=Oop [8]=Oop [24]=Oop [40]=Oop [48]=Oop [56]=NarrowOop [76]=NarrowOop [80]=Oop }
                      ;*invokevirtual clone {reexecute=1 rethrow=0 return_oop=0}
                      ; - (reexecute) java.util.Arrays::copyOfRange@18 (line 3856)
                      ; - java.lang.StringLatin1::newString@16 (line 752)
                      ; - java.lang.String::substring@41 (line 2839)
                      ; - java.lang.ClassLoader::checkCerts@21 (line 1164)
                      ; - java.lang.ClassLoader::preDefineClass@113 (line 917)
                      ; - java.lang.ClassLoader::defineClass@4 (line 1025)
  0x000071da7c58fff0: 0ca3 7fff 

  0x000071da7c58fff4: ;   {other}
  0x000071da7c58fff4: 0f1f 8400 | e452 00bc | be97 ffff | ff4c 8b54 | 2418 4c89 | 5424 1044 | 8b54 2420 | 4489 5424 
  0x000071da7c590014: 1844 8b5c | 2424 4489 | 5c24 1c4c | 8b54 2438 | 4c89 5424 | 204c 8b54 | 2440 4c89 | 5424 3090 
  0x000071da7c590034: ;   {runtime_call UncommonTrapBlob}
  0x000071da7c590034: c5f8 77e8 

  0x000071da7c590038: ; ImmutableOopMap {rbp=Oop [8]=Oop [16]=Oop [32]=Oop [48]=Oop [64]=Oop [72]=NarrowOop }
                      ;*invokevirtual clone {reexecute=1 rethrow=0 return_oop=0}
                      ; - (reexecute) java.util.Arrays::copyOfRange@18 (line 3856)
                      ; - java.lang.String::<init>@32 (line 4788)
                      ; - java.lang.String::<init>@3 (line 1507)
                      ; - java.lang.StringBuilder::toString@5 (line 475)
                      ; - java.net.URLStreamHandler::toExternalForm@152 (line 486)
                      ; - java.net.URL::toExternalForm@5 (line 1203)
                      ; - java.net.URL::toString@1 (line 1189)
                      ; - java.lang.ClassLoader::defineClassSourceLocation@22 (line 927)
                      ; - java.lang.ClassLoader::defineClass@12 (line 1026)
  0x000071da7c590038: c4a2 7fff 

  0x000071da7c59003c: ;   {other}
  0x000071da7c59003c: 0f1f 8400 | 2c53 00bd | be97 ffff | ff48 8b6c | 2410 4c8b | 5424 404c | 8954 2428 | 4c8b 5424 
  0x000071da7c59005c: 384c 8954 | 2430 6690 

  0x000071da7c590064: ;   {runtime_call UncommonTrapBlob}
  0x000071da7c590064: c5f8 77e8 

  0x000071da7c590068: ; ImmutableOopMap {rbp=Oop [8]=Oop [24]=Oop [40]=Oop [48]=Oop [72]=Oop [80]=NarrowOop }
                      ;*invokevirtual clone {reexecute=1 rethrow=0 return_oop=0}
                      ; - (reexecute) java.security.CodeSource::getCertificates@11 (line 205)
                      ; - java.lang.ClassLoader::checkCerts@34 (line 1168)
                      ; - java.lang.ClassLoader::preDefineClass@113 (line 917)
                      ; - java.lang.ClassLoader::defineClass@4 (line 1025)
  0x000071da7c590068: 94a2 7fff 

  0x000071da7c59006c: ;   {other}
  0x000071da7c59006c: 0f1f 8400 | 5c53 00be | bef4 ffff | ff4c 8b54 | 2418 4c89 | 5424 1044 | 8b5c 2420 | 4489 5c24 
  0x000071da7c59008c: 1844 8b54 | 2424 4489 | 5424 1c4c | 8b54 2430 | 4c89 5424 | 204c 8b54 | 2440 4c89 | 5424 3090 
  0x000071da7c5900ac: ;   {runtime_call UncommonTrapBlob}
  0x000071da7c5900ac: c5f8 77e8 

  0x000071da7c5900b0: ; ImmutableOopMap {rbp=Oop [8]=Oop [16]=Oop [32]=Oop [48]=Oop [56]=NarrowOop [72]=Oop }
                      ;*checkcast {reexecute=0 rethrow=0 return_oop=0}
                      ; - java.security.CodeSource::getCertificates@76 (line 215)
                      ; - java.lang.ClassLoader::checkCerts@34 (line 1168)
                      ; - java.lang.ClassLoader::preDefineClass@113 (line 917)
                      ; - java.lang.ClassLoader::defineClass@4 (line 1025)
  0x000071da7c5900b0: 4ca2 7fff 

  0x000071da7c5900b4: ;   {other}
  0x000071da7c5900b4: 0f1f 8400 | a453 00bf | be97 ffff | ff48 8b6c | 2418 6690 

  0x000071da7c5900c8: ;   {runtime_call UncommonTrapBlob}
  0x000071da7c5900c8: c5f8 77e8 

  0x000071da7c5900cc: ; ImmutableOopMap {rbp=Oop [8]=Oop [32]=NarrowOop }
                      ;*invokevirtual clone {reexecute=1 rethrow=0 return_oop=0}
                      ; - (reexecute) java.security.CodeSource::getCertificates@11 (line 205)
                      ; - java.lang.ClassLoader::postDefineClass@24 (line 937)
                      ; - java.lang.ClassLoader::defineClass@37 (line 1028)
  0x000071da7c5900cc: 30a2 7fff 

  0x000071da7c5900d0: ;   {other}
  0x000071da7c5900d0: 0f1f 8400 | c053 00c0 | bef4 ffff | ff66 6690 

  0x000071da7c5900e0: ;   {runtime_call UncommonTrapBlob}
  0x000071da7c5900e0: c5f8 77e8 

  0x000071da7c5900e4: ; ImmutableOopMap {[8]=Oop [16]=Oop [24]=NarrowOop }
                      ;*checkcast {reexecute=0 rethrow=0 return_oop=0}
                      ; - java.security.CodeSource::getCertificates@76 (line 215)
                      ; - java.lang.ClassLoader::postDefineClass@24 (line 937)
                      ; - java.lang.ClassLoader::defineClass@37 (line 1028)
  0x000071da7c5900e4: 18a2 7fff 

  0x000071da7c5900e8: ;   {other}
  0x000071da7c5900e8: 0f1f 8400 | d853 00c1 | be97 ffff | ff4c 8b54 | 2420 4c89 | 5424 0890 

  0x000071da7c590100: ;   {runtime_call UncommonTrapBlob}
  0x000071da7c590100: c5f8 77e8 

  0x000071da7c590104: ; ImmutableOopMap {rbp=Oop [8]=Oop [24]=Oop [40]=NarrowOop [56]=Oop }
                      ;*invokevirtual clone {reexecute=1 rethrow=0 return_oop=0}
                      ; - (reexecute) java.util.Arrays::copyOfRange@18 (line 3856)
                      ; - java.lang.StringLatin1::newString@16 (line 752)
                      ; - java.lang.String::substring@41 (line 2839)
                      ; - java.lang.Class::getPackageName@62 (line 1169)
                      ; - java.lang.ClassLoader::postDefineClass@2 (line 934)
                      ; - java.lang.ClassLoader::defineClass@37 (line 1028)
  0x000071da7c590104: f8a1 7fff 

  0x000071da7c590108: ;   {other}
  0x000071da7c590108: 0f1f 8400 | f853 00c2 | be97 ffff | ff4c 8b54 | 2430 4c89 | 5424 284c | 8b54 2440 | 4c89 5424 
  0x000071da7c590128: 3866 6690 

  0x000071da7c59012c: ;   {runtime_call UncommonTrapBlob}
  0x000071da7c59012c: c5f8 77e8 

  0x000071da7c590130: ; ImmutableOopMap {rbp=Oop [8]=Oop [16]=Oop [24]=Oop [40]=Oop [56]=Oop [72]=Oop }
                      ;*invokevirtual clone {reexecute=1 rethrow=0 return_oop=0}
                      ; - (reexecute) java.security.CodeSource::getCertificates@86 (line 217)
                      ; - java.lang.ClassLoader::checkCerts@34 (line 1168)
                      ; - java.lang.ClassLoader::preDefineClass@113 (line 917)
                      ; - java.lang.ClassLoader::defineClass@4 (line 1025)
  0x000071da7c590130: cca1 7fff 

  0x000071da7c590134: ;   {other}
  0x000071da7c590134: 0f1f 8400 | 2454 00c3 | be97 ffff | ff66 6690 

  0x000071da7c590144: ;   {runtime_call UncommonTrapBlob}
  0x000071da7c590144: c5f8 77e8 

  0x000071da7c590148: ; ImmutableOopMap {[8]=Oop [16]=Oop [40]=Oop }
                      ;*invokevirtual clone {reexecute=1 rethrow=0 return_oop=0}
                      ; - (reexecute) java.security.CodeSource::getCertificates@86 (line 217)
                      ; - java.lang.ClassLoader::postDefineClass@24 (line 937)
                      ; - java.lang.ClassLoader::defineClass@37 (line 1028)
  0x000071da7c590148: b4a1 7fff 

  0x000071da7c59014c: ;   {other}
  0x000071da7c59014c: 0f1f 8400 | 3c54 00c4 | eb70 eb6e | eb6c eb6a | eb68 eb66 | eb64 eb62 | eb60 eb5e | eb5c eb5a 
  0x000071da7c59016c: eb58 eb56 | eb54 eb52 | eb50 eb4e | eb4c eb4a | eb48 eb46 | eb44 eb42 | eb40 eb3e | eb3c eb3a 
  0x000071da7c59018c: eb38 eb36 | eb34 eb32 | eb30 eb2e | eb2c eb2a | eb28 eb26 | eb24 eb22 | eb20 eb1e | eb1c eb1a 
  0x000071da7c5901ac: eb18 eb16 | eb14 eb12 | eb10 eb0e | eb0c eb0a | eb08 eb06 | eb04 eb02 | eb00 488b | f0e9 47c5 
  0x000071da7c5901cc: ;   {internal_word}
  0x000071da7c5901cc: ffff 49ba | e8c7 587c | da71 0000 | 4d89 9760 

  0x000071da7c5901dc: ;   {runtime_call SafepointBlob}
  0x000071da7c5901dc: 0400 00e9 | 1cb2 7fff 

  0x000071da7c5901e4: ;   {runtime_call StubRoutines (final stubs)}
  0x000071da7c5901e4: e8f7 ed7d | ffe9 30b2 | ffff f4f4 
[Stub Code]
  0x000071da7c5901f0: ;   {no_reloc}
  0x000071da7c5901f0: 48bb 0000 | 0000 0000 

  0x000071da7c5901f8: ;   {runtime_call nmethod}
  0x000071da7c5901f8: 0000 e9fb 

  0x000071da7c5901fc: ;   {static_stub}
  0x000071da7c5901fc: ffff ff48 | bb00 0000 | 0000 0000 

  0x000071da7c590208: ;   {runtime_call nmethod}
  0x000071da7c590208: 00e9 fbff 

  0x000071da7c59020c: ;   {static_stub}
  0x000071da7c59020c: ffff 48bb | 0000 0000 | 0000 0000 

  0x000071da7c590218: ;   {runtime_call nmethod}
  0x000071da7c590218: e9fb ffff 

  0x000071da7c59021c: ;   {static_stub}
  0x000071da7c59021c: ff48 bb00 | 0000 0000 

  0x000071da7c590224: ;   {runtime_call nmethod}
  0x000071da7c590224: 0000 00e9 | fbff ffff 

  0x000071da7c59022c: ;   {static_stub}
  0x000071da7c59022c: 48bb 0000 | 0000 0000 

  0x000071da7c590234: ;   {runtime_call nmethod}
  0x000071da7c590234: 0000 e9fb 

  0x000071da7c590238: ;   {static_stub}
  0x000071da7c590238: ffff ff48 | bb00 0000 | 0000 0000 

  0x000071da7c590244: ;   {runtime_call nmethod}
  0x000071da7c590244: 00e9 fbff 

  0x000071da7c590248: ;   {static_stub}
  0x000071da7c590248: ffff 48bb | 0000 0000 | 0000 0000 

  0x000071da7c590254: ;   {runtime_call nmethod}
  0x000071da7c590254: e9fb ffff 

  0x000071da7c590258: ;   {static_stub}
  0x000071da7c590258: ff48 bb00 | 0000 0000 

  0x000071da7c590260: ;   {runtime_call nmethod}
  0x000071da7c590260: 0000 00e9 | fbff ffff 

  0x000071da7c590268: ;   {static_stub}
  0x000071da7c590268: 48bb 0000 | 0000 0000 

  0x000071da7c590270: ;   {runtime_call nmethod}
  0x000071da7c590270: 0000 e9fb 

  0x000071da7c590274: ;   {static_stub}
  0x000071da7c590274: ffff ff48 | bb00 0000 | 0000 0000 

  0x000071da7c590280: ;   {runtime_call nmethod}
  0x000071da7c590280: 00e9 fbff 

  0x000071da7c590284: ;   {static_stub}
  0x000071da7c590284: ffff 48bb | 0000 0000 | 0000 0000 

  0x000071da7c590290: ;   {runtime_call nmethod}
  0x000071da7c590290: e9fb ffff 

  0x000071da7c590294: ;   {static_stub}
  0x000071da7c590294: ff48 bb00 | 0000 0000 

  0x000071da7c59029c: ;   {runtime_call nmethod}
  0x000071da7c59029c: 0000 00e9 | fbff ffff 

  0x000071da7c5902a4: ;   {static_stub}
  0x000071da7c5902a4: 48bb 0000 | 0000 0000 

  0x000071da7c5902ac: ;   {runtime_call nmethod}
  0x000071da7c5902ac: 0000 e9fb 

  0x000071da7c5902b0: ;   {static_stub}
  0x000071da7c5902b0: ffff ff48 | bb00 0000 | 0000 0000 

  0x000071da7c5902bc: ;   {runtime_call nmethod}
  0x000071da7c5902bc: 00e9 fbff 

  0x000071da7c5902c0: ;   {static_stub}
  0x000071da7c5902c0: ffff 48bb | 0000 0000 | 0000 0000 

  0x000071da7c5902cc: ;   {runtime_call nmethod}
  0x000071da7c5902cc: e9fb ffff 

  0x000071da7c5902d0: ;   {static_stub}
  0x000071da7c5902d0: ff48 bb00 | 0000 0000 

  0x000071da7c5902d8: ;   {runtime_call nmethod}
  0x000071da7c5902d8: 0000 00e9 | fbff ffff 

  0x000071da7c5902e0: ;   {static_stub}
  0x000071da7c5902e0: 48bb 0000 | 0000 0000 

  0x000071da7c5902e8: ;   {runtime_call nmethod}
  0x000071da7c5902e8: 0000 e9fb 

  0x000071da7c5902ec: ;   {static_stub}
  0x000071da7c5902ec: ffff ff48 | bb00 0000 | 0000 0000 

  0x000071da7c5902f8: ;   {runtime_call nmethod}
  0x000071da7c5902f8: 00e9 fbff 

  0x000071da7c5902fc: ;   {static_stub}
  0x000071da7c5902fc: ffff 48bb | 0000 0000 | 0000 0000 

  0x000071da7c590308: ;   {runtime_call nmethod}
  0x000071da7c590308: e9fb ffff 

  0x000071da7c59030c: ;   {static_stub}
  0x000071da7c59030c: ff48 bb00 | 0000 0000 

  0x000071da7c590314: ;   {runtime_call nmethod}
  0x000071da7c590314: 0000 00e9 | fbff ffff 

  0x000071da7c59031c: ;   {static_stub}
  0x000071da7c59031c: 48bb 0000 | 0000 0000 

  0x000071da7c590324: ;   {runtime_call nmethod}
  0x000071da7c590324: 0000 e9fb 

  0x000071da7c590328: ;   {static_stub}
  0x000071da7c590328: ffff ff48 | bb00 0000 | 0000 0000 

  0x000071da7c590334: ;   {runtime_call nmethod}
  0x000071da7c590334: 00e9 fbff 

  0x000071da7c590338: ;   {static_stub}
  0x000071da7c590338: ffff 48bb | 0000 0000 | 0000 0000 

  0x000071da7c590344: ;   {runtime_call nmethod}
  0x000071da7c590344: e9fb ffff 

  0x000071da7c590348: ;   {static_stub}
  0x000071da7c590348: ff48 bb00 | 0000 0000 

  0x000071da7c590350: ;   {runtime_call nmethod}
  0x000071da7c590350: 0000 00e9 | fbff ffff 

  0x000071da7c590358: ;   {static_stub}
  0x000071da7c590358: 48bb 0000 | 0000 0000 

  0x000071da7c590360: ;   {runtime_call nmethod}
  0x000071da7c590360: 0000 e9fb 

  0x000071da7c590364: ;   {static_stub}
  0x000071da7c590364: ffff ff48 | bb00 0000 | 0000 0000 

  0x000071da7c590370: ;   {runtime_call nmethod}
  0x000071da7c590370: 00e9 fbff 

  0x000071da7c590374: ;   {static_stub}
  0x000071da7c590374: ffff 48bb | 0000 0000 | 0000 0000 

  0x000071da7c590380: ;   {runtime_call nmethod}
  0x000071da7c590380: e9fb ffff 

  0x000071da7c590384: ;   {static_stub}
  0x000071da7c590384: ff48 bb00 | 0000 0000 

  0x000071da7c59038c: ;   {runtime_call nmethod}
  0x000071da7c59038c: 0000 00e9 | fbff ffff 
[Exception Handler]
  0x000071da7c590394: ;   {runtime_call ExceptionBlob}
  0x000071da7c590394: e967 908a | ffe8 0000 | 0000 4883 

  0x000071da7c5903a0: ;   {runtime_call DeoptimizationBlob}
  0x000071da7c5903a0: 2c24 05e9 | f8a2 7fff 
[/MachCode]


Compiled method (c1) 3276 2838   !   3       org.eclipse.osgi.internal.loader.ModuleClassLoader::defineClass (67 bytes)
 total in heap  [0x000071da74d3ea10,0x000071da74d3f5e8] = 3032
 relocation     [0x000071da74d3eb68,0x000071da74d3ec10] = 168
 main code      [0x000071da74d3ec20,0x000071da74d3f220] = 1536
 stub code      [0x000071da74d3f220,0x000071da74d3f288] = 104
 oops           [0x000071da74d3f288,0x000071da74d3f290] = 8
 metadata       [0x000071da74d3f290,0x000071da74d3f2d0] = 64
 scopes data    [0x000071da74d3f2d0,0x000071da74d3f420] = 336
 scopes pcs     [0x000071da74d3f420,0x000071da74d3f530] = 272
 dependencies   [0x000071da74d3f530,0x000071da74d3f548] = 24
 handler table  [0x000071da74d3f548,0x000071da74d3f5c0] = 120
 nul chk table  [0x000071da74d3f5c0,0x000071da74d3f5e8] = 40

[Constant Pool (empty)]

[MachCode]
[Entry Point]
  # {method} {0x000071da1c5f6450} 'defineClass' '(Ljava/lang/String;[BLorg/eclipse/osgi/internal/loader/classpath/ClasspathEntry;)Lorg/eclipse/osgi/internal/loader/ModuleClassLoader$DefineClassResult;' in 'org/eclipse/osgi/internal/loader/ModuleClassLoader'
  # this:     rsi:rsi   = 'org/eclipse/osgi/internal/loader/ModuleClassLoader'
  # parm0:    rdx:rdx   = 'java/lang/String'
  # parm1:    rcx:rcx   = '[B'
  # parm2:    r8:r8     = 'org/eclipse/osgi/internal/loader/classpath/ClasspathEntry'
  #           [sp+0xb0]  (sp of caller)
  0x000071da74d3ec20: 448b 5608 | 49bb 0000 | 0026 da71 | 0000 4d03 | d34c 3bd0 

  0x000071da74d3ec34: ;   {runtime_call ic_miss_stub}
  0x000071da74d3ec34: 0f85 4661 | 0407 660f | 1f44 0000 
[Verified Entry Point]
  0x000071da74d3ec40: 8984 2400 | c0fe ff55 | 4881 eca0 | 0000 0090 | 4181 7f20 | 0200 0000 

  0x000071da74d3ec58: ;   {runtime_call StubRoutines (final stubs)}
  0x000071da74d3ec58: 7405 e881 

  0x000071da74d3ec5c: ;   {metadata(method data for {method} {0x000071da1c5f6450} 'defineClass' '(Ljava/lang/String;[BLorg/eclipse/osgi/internal/loader/classpath/ClasspathEntry;)Lorg/eclipse/osgi/internal/loader/ModuleClassLoader$DefineClassResult;' in 'org/eclipse/osgi/internal/loader/ModuleClassLoader')}
  0x000071da74d3ec5c: 0303 0748 | bf70 fc82 | 1cda 7100 | 008b 9ff4 | 0000 0083 | c302 899f | f400 0000 | 81e3 fe07 
  0x000071da74d3ec7c: 0000 85db | 0f84 5304 | 0000 4c89 | 4424 7048 | 894c 2468 

  0x000071da74d3ec90: ;   {metadata(method data for {method} {0x000071da1c5f6450} 'defineClass' '(Ljava/lang/String;[BLorg/eclipse/osgi/internal/loader/classpath/ClasspathEntry;)Lorg/eclipse/osgi/internal/loader/ModuleClassLoader$DefineClassResult;' in 'org/eclipse/osgi/internal/loader/ModuleClassLoader')}
  0x000071da74d3ec90: 488b fe48 | bb70 fc82 | 1cda 7100 | 008b 7f08 | 49ba 0000 | 0026 da71 | 0000 4903 | fa48 3bbb 
  0x000071da74d3ecb0: 4801 0000 | 750d 4883 | 8350 0100 | 0001 e960 | 0000 0048 | 3bbb 5801 | 0000 750d | 4883 8360 
  0x000071da74d3ecd0: 0100 0001 | e94a 0000 | 0048 83bb | 4801 0000 | 0075 1748 | 89bb 4801 | 0000 48c7 | 8350 0100 
  0x000071da74d3ecf0: 0001 0000 | 00e9 2900 | 0000 4883 | bb58 0100 | 0000 7517 | 4889 bb58 | 0100 0048 | c783 6001 
  0x000071da74d3ed10: 0000 0100 | 0000 e908 | 0000 0048 | 8383 3801 

  0x000071da74d3ed20: ;   {metadata(method data for {method} {0x000071da1c5f7100} 'getClassLoadingLock' '(Ljava/lang/String;)Ljava/lang/Object;' in 'org/eclipse/osgi/internal/loader/ModuleClassLoader')}
  0x000071da74d3ed20: 0000 0148 | bf00 007d | 1cda 7100 | 008b 9ff4 | 0000 0083 | c302 899f | f400 0000 | 81e3 feff 
  0x000071da74d3ed40: 1f00 85db | 0f84 b003 | 0000 8b7e | 5048 3b07 

  0x000071da74d3ed50: ;   {metadata(method data for {method} {0x000071da1c5f7100} 'getClassLoadingLock' '(Ljava/lang/String;)Ljava/lang/Object;' in 'org/eclipse/osgi/internal/loader/ModuleClassLoader')}
  0x000071da74d3ed50: 488b df48 | b800 007d | 1cda 7100 | 0048 8380 | 3801 0000 | 0148 8bda | 488b d348 | 8974 2458 
  0x000071da74d3ed70: 488b f748 | 895c 2460 | 0f1f 8000 

  0x000071da74d3ed7c: ;   {optimized virtual_call}
  0x000071da74d3ed7c: 0000 00e8 

  0x000071da74d3ed80: ; ImmutableOopMap {[88]=Oop [96]=Oop [104]=Oop [112]=Oop }
                      ;*invokevirtual getLock {reexecute=0 rethrow=0 return_oop=0}
                      ; - org.eclipse.osgi.internal.loader.ModuleClassLoader::getClassLoadingLock@5 (line 437)
                      ; - org.eclipse.osgi.internal.loader.ModuleClassLoader::defineClass@8 (line 312)
  0x000071da74d3ed80: 1cdf 8007 

  0x000071da74d3ed84: ;   {other}
  0x000071da74d3ed84: 0f1f 8400 | 7403 0000 | 4889 4424 | 7848 8db4 | 2480 0000 | 0048 8bf8 | 4889 7e08 

  0x000071da74d3eda0: ; implicit exception: dispatches to 0x000071da74d3f120
  0x000071da74d3eda0: 488b 0748 | 83c8 0148 | 8906 f048 | 0fb1 370f | 8412 0000 | 0048 2bc4 | 4825 07f0 | ffff 4889 
  0x000071da74d3edc0: 060f 855e | 0300 0049 | ff87 4805 | 0000 488b 

  0x000071da74d3edd0: ;   {metadata(method data for {method} {0x000071da1c5f6450} 'defineClass' '(Ljava/lang/String;[BLorg/eclipse/osgi/internal/loader/classpath/ClasspathEntry;)Lorg/eclipse/osgi/internal/loader/ModuleClassLoader$DefineClassResult;' in 'org/eclipse/osgi/internal/loader/ModuleClassLoader')}
  0x000071da74d3edd0: 7424 5848 | bf70 fc82 | 1cda 7100 | 0048 8387 | 7001 0000 

  0x000071da74d3ede4: ;   {metadata(method data for {method} {0x000071da264370b8} 'findLoadedClass' '(Ljava/lang/String;)Ljava/lang/Class;' in 'java/lang/ClassLoader')}
  0x000071da74d3ede4: 0148 bef0 | 7a0a 1cda | 7100 008b | bef4 0000 | 0083 c702 | 89be f400 | 0000 81e7 | feff 1f00 
  0x000071da74d3ee04: 85ff 0f84 | 2c03 0000 

  0x000071da74d3ee0c: ;   {metadata(method data for {method} {0x000071da264370b8} 'findLoadedClass' '(Ljava/lang/String;)Ljava/lang/Class;' in 'java/lang/ClassLoader')}
  0x000071da74d3ee0c: 48be f07a | 0a1c da71 | 0000 4883 | 8638 0100 | 0001 488b | 7424 600f 

  0x000071da74d3ee24: ;   {static_call}
  0x000071da74d3ee24: 1f40 00e8 

  0x000071da74d3ee28: ; ImmutableOopMap {[88]=Oop [96]=Oop [104]=Oop [112]=Oop [120]=Oop [136]=Oop }
                      ;*invokestatic checkName {reexecute=0 rethrow=0 return_oop=0}
                      ; - java.lang.ClassLoader::findLoadedClass@1 (line 1298)
                      ; - org.eclipse.osgi.internal.loader.ModuleClassLoader::defineClass@17 (line 313)
  0x000071da74d3ee28: 9477 4a00 

  0x000071da74d3ee2c: ;   {other}
  0x000071da74d3ee2c: 0f1f 8400 | 1c04 0001 

  0x000071da74d3ee34: ;   {metadata(method data for {method} {0x000071da264370b8} 'findLoadedClass' '(Ljava/lang/String;)Ljava/lang/Class;' in 'java/lang/ClassLoader')}
  0x000071da74d3ee34: 85c0 48ba | f07a 0a1c | da71 0000 | 48c7 c648 | 0100 0075 | 0748 c7c6 | 5801 0000 | 488b 3c32 
  0x000071da74d3ee54: 488d 7f01 | 4889 3c32 | 0f85 0f00 

  0x000071da74d3ee60: ;   {oop(nullptr)}
  0x000071da74d3ee60: 0000 48be | 0000 0000 | 0000 0000 | e936 0000 | 0048 8b74 

  0x000071da74d3ee74: ;   {metadata(method data for {method} {0x000071da264370b8} 'findLoadedClass' '(Ljava/lang/String;)Ljava/lang/Class;' in 'java/lang/ClassLoader')}
  0x000071da74d3ee74: 2458 48ba | f07a 0a1c | da71 0000 | 4883 8268 | 0100 0001 | 488b 5424 | 6048 8b74 | 2458 0f1f 
  0x000071da74d3ee94: ;   {optimized virtual_call}
  0x000071da74d3ee94: 4400 00e8 

  0x000071da74d3ee98: ; ImmutableOopMap {[88]=Oop [96]=Oop [104]=Oop [112]=Oop [120]=Oop [136]=Oop }
                      ;*invokevirtual findLoadedClass0 {reexecute=0 rethrow=0 return_oop=0}
                      ; - java.lang.ClassLoader::findLoadedClass@11 (line 1300)
                      ; - org.eclipse.osgi.internal.loader.ModuleClassLoader::defineClass@17 (line 313)
  0x000071da74d3ee98: a4ba 5a07 

  0x000071da74d3ee9c: ;   {other}
  0x000071da74d3ee9c: 0f1f 8400 | 8c04 0002 | 488b f048 

  0x000071da74d3eea8: ;   {metadata(method data for {method} {0x000071da1c5f6450} 'defineClass' '(Ljava/lang/String;[BLorg/eclipse/osgi/internal/loader/classpath/ClasspathEntry;)Lorg/eclipse/osgi/internal/loader/ModuleClassLoader$DefineClassResult;' in 'org/eclipse/osgi/internal/loader/ModuleClassLoader')}
  0x000071da74d3eea8: 85f6 48ba | 70fc 821c | da71 0000 | 48c7 c1b8 | 0100 0074 | 0748 c7c1 | a801 0000 | 4c8b 040a 
  0x000071da74d3eec8: 4d8d 4001 | 4c89 040a | 0f84 0e00 | 0000 488b | de41 b800 | 0000 00e9 | 6900 0000 | 4c8b 4424 
  0x000071da74d3eee8: 7048 8b4c | 2468 488b | 5424 6048 | 8b74 2458 

  0x000071da74d3eef8: ; implicit exception: dispatches to 0x000071da74d3f159
  0x000071da74d3eef8: 448b 490c 

  0x000071da74d3eefc: ; implicit exception: dispatches to 0x000071da74d3f15e
  0x000071da74d3eefc: 493b 0049 

  0x000071da74d3ef00: ;   {metadata(method data for {method} {0x000071da1c5f6450} 'defineClass' '(Ljava/lang/String;[BLorg/eclipse/osgi/internal/loader/classpath/ClasspathEntry;)Lorg/eclipse/osgi/internal/loader/ModuleClassLoader$DefineClassResult;' in 'org/eclipse/osgi/internal/loader/ModuleClassLoader')}
  0x000071da74d3ef00: 8bf8 48bb | 70fc 821c | da71 0000 | 4883 83e0 | 0100 0001 | 418b 7810 

  0x000071da74d3ef18: ;   {metadata(method data for {method} {0x000071da1c5f6450} 'defineClass' '(Ljava/lang/String;[BLorg/eclipse/osgi/internal/loader/classpath/ClasspathEntry;)Lorg/eclipse/osgi/internal/loader/ModuleClassLoader$DefineClassResult;' in 'org/eclipse/osgi/internal/loader/ModuleClassLoader')}
  0x000071da74d3ef18: 4c8b c648 | bb70 fc82 | 1cda 7100 | 0048 8383 | 0002 0000 | 0141 b800 | 0000 000f 

  0x000071da74d3ef34: ;   {optimized virtual_call}
  0x000071da74d3ef34: 1f40 00e8 

  0x000071da74d3ef38: ; ImmutableOopMap {[120]=Oop [136]=Oop }
                      ;*invokevirtual defineClass {reexecute=0 rethrow=0 return_oop=0}
                      ; - org.eclipse.osgi.internal.loader.ModuleClassLoader::defineClass@37 (line 315)
  0x000071da74d3ef38: c4c4 8407 

  0x000071da74d3ef3c: ;   {other}
  0x000071da74d3ef3c: 0f1f 8400 | 2c05 0003 | 488b d841 | b801 0000 | 0048 8d84 | 2480 0000 | 0048 8b10 | 4885 d20f 
  0x000071da74d3ef5c: 840f 0000 | 0048 8b70 | 08f0 480f | b116 0f85 | f301 0000 | 49ff 8f48 

  0x000071da74d3ef74: ;   {metadata(method data for {method} {0x000071da1c5f6450} 'defineClass' '(Ljava/lang/String;[BLorg/eclipse/osgi/internal/loader/classpath/ClasspathEntry;)Lorg/eclipse/osgi/internal/loader/ModuleClassLoader$DefineClassResult;' in 'org/eclipse/osgi/internal/loader/ModuleClassLoader')}
  0x000071da74d3ef74: 0500 0048 | ba70 fc82 | 1cda 7100 | 00ff 8238 

  0x000071da74d3ef84: ;   {metadata('org/eclipse/osgi/internal/loader/ModuleClassLoader$DefineClassResult')}
  0x000071da74d3ef84: 0200 0048 | ba08 6c0b | 2cda 7100 | 0049 8b87 | b801 0000 | 488d 7818 | 493b bfc8 | 0100 000f 
  0x000071da74d3efa4: 87d0 0100 | 0049 89bf | b801 0000 | 48c7 0001 | 0000 0048 | 8bca 49ba | 0000 0026 | da71 0000 
  0x000071da74d3efc4: 492b ca89 | 4808 4833 | c989 480c | 4833 c948 | 8948 1048 

  0x000071da74d3efd8: ;   {metadata(method data for {method} {0x000071da1c5f6450} 'defineClass' '(Ljava/lang/String;[BLorg/eclipse/osgi/internal/loader/classpath/ClasspathEntry;)Lorg/eclipse/osgi/internal/loader/ModuleClassLoader$DefineClassResult;' in 'org/eclipse/osgi/internal/loader/ModuleClassLoader')}
  0x000071da74d3efd8: 8bf0 48bf | 70fc 821c | da71 0000 | 4883 8750 | 0200 0001 

  0x000071da74d3efec: ;   {metadata(method data for {method} {0x000071da1c757a58} '<init>' '(Ljava/lang/Class;Z)V' in 'org/eclipse/osgi/internal/loader/ModuleClassLoader$DefineClassResult')}
  0x000071da74d3efec: 48be 504f | 871c da71 | 0000 8bbe | f400 0000 | 83c7 0289 | bef4 0000 | 0081 e7fe | ff1f 0085 
  0x000071da74d3f00c: ff0f 8473 | 0100 0048 

  0x000071da74d3f014: ;   {metadata(method data for {method} {0x000071da1c757a58} '<init>' '(Ljava/lang/Class;Z)V' in 'org/eclipse/osgi/internal/loader/ModuleClassLoader$DefineClassResult')}
  0x000071da74d3f014: 8bf0 48bf | 504f 871c | da71 0000 | 4883 8738 | 0100 0001 

  0x000071da74d3f028: ;   {metadata(method data for {method} {0x000071da26476d50} '<init>' '()V' in 'java/lang/Object')}
  0x000071da74d3f028: 48be 509e | 001c da71 | 0000 8bbe | f400 0000 | 83c7 0289 | bef4 0000 | 0081 e7fe | ff1f 0085 
  0x000071da74d3f048: ff0f 8458 | 0100 004c | 8bd3 4489 | 5010 488d | 3048 c1ee | 0948 bf00 | 4071 91da | 7100 00c6 
  0x000071da74d3f068: 043e 0041 | 83e0 0144 | 8840 0c48 | 81c4 a000 

  0x000071da74d3f078: ;   {poll_return}
  0x000071da74d3f078: 0000 5d49 | 3ba7 4804 | 0000 0f87 | 4001 0000 | c349 8b87 | f804 0000 | 4d33 d24d | 8997 f804 
  0x000071da74d3f098: 0000 4d33 | d24d 8997 | 0005 0000 | 488b f048 | 8d84 2480 | 0000 0048 | 8b38 4885 | ff0f 840f 
  0x000071da74d3f0b8: 0000 0048 | 8b58 08f0 | 480f b13b | 0f85 1401 | 0000 49ff | 8f48 0500 | 0048 8bc6 | e938 0100 
  0x000071da74d3f0d8: ;   {metadata({method} {0x000071da1c5f6450} 'defineClass' '(Ljava/lang/String;[BLorg/eclipse/osgi/internal/loader/classpath/ClasspathEntry;)Lorg/eclipse/osgi/internal/loader/ModuleClassLoader$DefineClassResult;' in 'org/eclipse/osgi/internal/loader/ModuleClassLoader')}
  0x000071da74d3f0d8: 0049 ba50 | 645f 1cda | 7100 004c | 8954 2408 | 48c7 0424 | ffff ffff 

  0x000071da74d3f0f0: ;   {runtime_call counter_overflow Runtime1 stub}
  0x000071da74d3f0f0: e88b 750f 

  0x000071da74d3f0f4: ; ImmutableOopMap {rsi=Oop rdx=Oop rcx=Oop r8=Oop }
                      ;*synchronization entry
                      ; - org.eclipse.osgi.internal.loader.ModuleClassLoader::defineClass@-1 (line 310)
  0x000071da74d3f0f4: 07e9 8cfb 

  0x000071da74d3f0f8: ;   {metadata({method} {0x000071da1c5f7100} 'getClassLoadingLock' '(Ljava/lang/String;)Ljava/lang/Object;' in 'org/eclipse/osgi/internal/loader/ModuleClassLoader')}
  0x000071da74d3f0f8: ffff 49ba | 0071 5f1c | da71 0000 | 4c89 5424 | 0848 c704 | 24ff ffff 

  0x000071da74d3f110: ;   {runtime_call counter_overflow Runtime1 stub}
  0x000071da74d3f110: ffe8 6a75 

  0x000071da74d3f114: ; ImmutableOopMap {rsi=Oop rdx=Oop [104]=Oop [112]=Oop }
                      ;*synchronization entry
                      ; - org.eclipse.osgi.internal.loader.ModuleClassLoader::getClassLoadingLock@-1 (line 437)
                      ; - org.eclipse.osgi.internal.loader.ModuleClassLoader::defineClass@8 (line 312)
  0x000071da74d3f114: 0f07 e92f 

  0x000071da74d3f118: ;   {runtime_call throw_null_pointer_exception Runtime1 stub}
  0x000071da74d3f118: fcff ffe8 

  0x000071da74d3f11c: ; ImmutableOopMap {rsi=Oop rdx=Oop rdi=Oop [104]=Oop [112]=Oop }
                      ;*invokevirtual getLock {reexecute=0 rethrow=0 return_oop=0}
                      ; - org.eclipse.osgi.internal.loader.ModuleClassLoader::getClassLoadingLock@5 (line 437)
                      ; - org.eclipse.osgi.internal.loader.ModuleClassLoader::defineClass@8 (line 312)
  0x000071da74d3f11c: 6026 0f07 

  0x000071da74d3f120: ;   {runtime_call throw_null_pointer_exception Runtime1 stub}
  0x000071da74d3f120: e85b 260f 

  0x000071da74d3f124: ; ImmutableOopMap {rdi=Oop [88]=Oop [96]=Oop [104]=Oop [112]=Oop [120]=Oop }
                      ;*monitorenter {reexecute=0 rethrow=0 return_oop=0}
                      ; - org.eclipse.osgi.internal.loader.ModuleClassLoader::defineClass@14 (line 312)
  0x000071da74d3f124: 0748 897c | 2408 4889 

  0x000071da74d3f12c: ;   {runtime_call monitorenter_nofpu Runtime1 stub}
  0x000071da74d3f12c: 3424 e84d 

  0x000071da74d3f130: ; ImmutableOopMap {rdi=Oop [88]=Oop [96]=Oop [104]=Oop [112]=Oop [120]=Oop [136]=Oop }
                      ;*monitorenter {reexecute=0 rethrow=0 return_oop=0}
                      ; - org.eclipse.osgi.internal.loader.ModuleClassLoader::defineClass@14 (line 312)
  0x000071da74d3f130: 560f 07e9 | 96fc ffff 

  0x000071da74d3f138: ;   {metadata({method} {0x000071da264370b8} 'findLoadedClass' '(Ljava/lang/String;)Ljava/lang/Class;' in 'java/lang/ClassLoader')}
  0x000071da74d3f138: 49ba b870 | 4326 da71 | 0000 4c89 | 5424 0848 | c704 24ff 

  0x000071da74d3f14c: ;   {runtime_call counter_overflow Runtime1 stub}
  0x000071da74d3f14c: ffff ffe8 

  0x000071da74d3f150: ; ImmutableOopMap {[88]=Oop [96]=Oop [104]=Oop [112]=Oop [120]=Oop [136]=Oop }
                      ;*synchronization entry
                      ; - java.lang.ClassLoader::findLoadedClass@-1 (line 1298)
                      ; - org.eclipse.osgi.internal.loader.ModuleClassLoader::defineClass@17 (line 313)
  0x000071da74d3f150: 2c75 0f07 | e9b3 fcff 

  0x000071da74d3f158: ;   {runtime_call throw_null_pointer_exception Runtime1 stub}
  0x000071da74d3f158: ffe8 2226 

  0x000071da74d3f15c: ; ImmutableOopMap {r8=Oop rcx=Oop rdx=Oop rsi=Oop [120]=Oop [136]=Oop }
                      ;*arraylength {reexecute=0 rethrow=0 return_oop=0}
                      ; - org.eclipse.osgi.internal.loader.ModuleClassLoader::defineClass@32 (line 315)
                      ;   {runtime_call throw_null_pointer_exception Runtime1 stub}
  0x000071da74d3f15c: 0f07 e81d 

  0x000071da74d3f160: ; ImmutableOopMap {r8=Oop rcx=Oop rdx=Oop rsi=Oop [120]=Oop [136]=Oop }
                      ;*invokevirtual getDomain {reexecute=0 rethrow=0 return_oop=0}
                      ; - org.eclipse.osgi.internal.loader.ModuleClassLoader::defineClass@34 (line 315)
  0x000071da74d3f160: 260f 0748 | 8d84 2480 | 0000 0048 

  0x000071da74d3f16c: ;   {runtime_call monitorexit_nofpu Runtime1 stub}
  0x000071da74d3f16c: 8904 24e8 | 0c5c 0f07 | e9fe fdff | ff48 8bd2 

  0x000071da74d3f17c: ;   {runtime_call fast_new_instance Runtime1 stub}
  0x000071da74d3f17c: e8ff 2e0f 

  0x000071da74d3f180: ; ImmutableOopMap {rbx=Oop }
                      ;*new {reexecute=0 rethrow=0 return_oop=0}
                      ; - org.eclipse.osgi.internal.loader.ModuleClassLoader::defineClass@55 (line 319)
  0x000071da74d3f180: 07e9 51fe 

  0x000071da74d3f184: ;   {metadata({method} {0x000071da1c757a58} '<init>' '(Ljava/lang/Class;Z)V' in 'org/eclipse/osgi/internal/loader/ModuleClassLoader$DefineClassResult')}
  0x000071da74d3f184: ffff 49ba | 587a 751c | da71 0000 | 4c89 5424 | 0848 c704 | 24ff ffff 

  0x000071da74d3f19c: ;   {runtime_call counter_overflow Runtime1 stub}
  0x000071da74d3f19c: ffe8 de74 

  0x000071da74d3f1a0: ; ImmutableOopMap {rbx=Oop rax=Oop }
                      ;*synchronization entry
                      ; - org.eclipse.osgi.internal.loader.ModuleClassLoader$DefineClassResult::<init>@-1 (line 96)
                      ; - org.eclipse.osgi.internal.loader.ModuleClassLoader::defineClass@63 (line 319)
  0x000071da74d3f1a0: 0f07 e96c 

  0x000071da74d3f1a4: ;   {metadata({method} {0x000071da26476d50} '<init>' '()V' in 'java/lang/Object')}
  0x000071da74d3f1a4: feff ff49 | ba50 6d47 | 26da 7100 | 004c 8954 | 2408 48c7 | 0424 ffff 

  0x000071da74d3f1bc: ;   {runtime_call counter_overflow Runtime1 stub}
  0x000071da74d3f1bc: ffff e8bd 

  0x000071da74d3f1c0: ; ImmutableOopMap {rbx=Oop rax=Oop }
                      ;*synchronization entry
                      ; - java.lang.Object::<init>@-1 (line 45)
                      ; - org.eclipse.osgi.internal.loader.ModuleClassLoader$DefineClassResult::<init>@1 (line 96)
                      ; - org.eclipse.osgi.internal.loader.ModuleClassLoader::defineClass@63 (line 319)
  0x000071da74d3f1c0: 740f 07e9 | 87fe ffff 

  0x000071da74d3f1c8: ;   {internal_word}
  0x000071da74d3f1c8: 49ba 7bf0 | d374 da71 | 0000 4d89 | 9760 0400 

  0x000071da74d3f1d8: ;   {runtime_call SafepointBlob}
  0x000071da74d3f1d8: 00e9 22c2 | 0407 488d | 8424 8000 | 0000 4889 

  0x000071da74d3f1e8: ;   {runtime_call monitorexit_nofpu Runtime1 stub}
  0x000071da74d3f1e8: 0424 e891 | 5b0f 07e9 | ddfe ffff | 498b 87f8 | 0400 0049 | c787 f804 | 0000 0000 | 0000 49c7 
  0x000071da74d3f208: 8700 0500 | 0000 0000 | 0048 81c4 | a000 0000 

  0x000071da74d3f218: ;   {runtime_call unwind_exception Runtime1 stub}
  0x000071da74d3f218: 5de9 6216 | 0f07 f4f4 
[Stub Code]
  0x000071da74d3f220: ;   {no_reloc}
  0x000071da74d3f220: 48bb 986a | 651c da71 

  0x000071da74d3f228: ;   {runtime_call I2C/C2I adapters}
  0x000071da74d3f228: 0000 e938 

  0x000071da74d3f22c: ;   {static_stub}
  0x000071da74d3f22c: ae04 0748 | bb50 6e43 | 26da 7100 

  0x000071da74d3f238: ;   {runtime_call I2C/C2I adapters}
  0x000071da74d3f238: 00e9 a552 

  0x000071da74d3f23c: ;   {static_stub}
  0x000071da74d3f23c: 0407 48bb | 0000 0000 | 0000 0000 

  0x000071da74d3f248: ;   {runtime_call nmethod}
  0x000071da74d3f248: e9fb ffff 

  0x000071da74d3f24c: ;   {static_stub}
  0x000071da74d3f24c: ff48 bb00 | 0000 0000 

  0x000071da74d3f254: ;   {runtime_call nmethod}
  0x000071da74d3f254: 0000 00e9 | fbff ffff 
[Exception Handler]
  0x000071da74d3f25c: ;   {runtime_call handle_exception_from_callee Runtime1 stub}
  0x000071da74d3f25c: e81f 430f 

  0x000071da74d3f260: ;   {external_word}
  0x000071da74d3f260: 0748 bf3c | 01f2 93da | 7100 0048 

  0x000071da74d3f26c: ;   {runtime_call MacroAssembler::debug64(char*, long, long*)}
  0x000071da74d3f26c: 83e4 f0e8 | 7cb6 cb1e 

  0x000071da74d3f274: ;   {section_word}
  0x000071da74d3f274: f449 ba75 | f2d3 74da | 7100 0041 

  0x000071da74d3f280: ;   {runtime_call DeoptimizationBlob}
  0x000071da74d3f280: 52e9 1ab4 | 0407 f4f4 
[/MachCode]


---------------  P R O C E S S  ---------------

Threads class SMR info:
_java_thread_list=0x000071d950037250, length=39, elements={
0x000071da8c01c320, 0x000071da8c1a85a0, 0x000071da8c1a9770, 0x000071da8c1aadf0,
0x000071da8c1ad820, 0x000071da8c1aedb0, 0x000071da8c1b0500, 0x000071da8c1b9aa0,
0x000071da8c1c9e50, 0x000071da0009ff10, 0x000071da8c22a000, 0x000071da0012e9f0,
0x000071da8c3fcfe0, 0x000071da8c458220, 0x000071d9d4024680, 0x000071da8c45c150,
0x000071d9c83e81e0, 0x000071d9c845ed20, 0x000071d9c817f430, 0x000071d9c84c8fe0,
0x000071d9c84ce900, 0x000071d9b4001a00, 0x000071d9c8548c50, 0x000071d9a4001000,
0x000071da8c441170, 0x000071da8c4c0900, 0x000071da8c4c14c0, 0x000071d98c2ec6c0,
0x000071d98c2ede20, 0x000071d98c366dc0, 0x000071d98c367ab0, 0x000071d98c368d20,
0x000071d98c369dc0, 0x000071d964001d40, 0x000071d968000fe0, 0x000071d95c000fe0,
0x000071d960000fe0, 0x000071d954000fe0, 0x000071d9a4027c70
}

Java Threads: ( => current thread )
  0x000071da8c01c320 JavaThread "main"                              [_thread_blocked, id=769875, stack(0x000071da92d00000,0x000071da92e00000) (1024K)]
  0x000071da8c1a85a0 JavaThread "Reference Handler"          daemon [_thread_blocked, id=769900, stack(0x000071da257f9000,0x000071da258f9000) (1024K)]
  0x000071da8c1a9770 JavaThread "Finalizer"                  daemon [_thread_blocked, id=769908, stack(0x000071da25100000,0x000071da25200000) (1024K)]
  0x000071da8c1aadf0 JavaThread "Signal Dispatcher"          daemon [_thread_blocked, id=769909, stack(0x000071da25000000,0x000071da25100000) (1024K)]
  0x000071da8c1ad820 JavaThread "Service Thread"             daemon [_thread_blocked, id=769910, stack(0x000071da24f00000,0x000071da25000000) (1024K)]
  0x000071da8c1aedb0 JavaThread "Monitor Deflation Thread"   daemon [_thread_blocked, id=769911, stack(0x000071da24e00000,0x000071da24f00000) (1024K)]
  0x000071da8c1b0500 JavaThread "C2 CompilerThread0"         daemon [_thread_blocked, id=769913, stack(0x000071da24d00000,0x000071da24e00000) (1024K)]
  0x000071da8c1b9aa0 JavaThread "C1 CompilerThread0"         daemon [_thread_blocked, id=769914, stack(0x000071da24c00000,0x000071da24d00000) (1024K)]
  0x000071da8c1c9e50 JavaThread "Common-Cleaner"             daemon [_thread_blocked, id=769943, stack(0x000071da24b00000,0x000071da24c00000) (1024K)]
  0x000071da0009ff10 JavaThread "C2 CompilerThread1"         daemon [_thread_blocked, id=769986, stack(0x000071da24a00000,0x000071da24b00000) (1024K)]
  0x000071da8c22a000 JavaThread "Notification Thread"        daemon [_thread_blocked, id=770154, stack(0x000071da24900000,0x000071da24a00000) (1024K)]
  0x000071da0012e9f0 JavaThread "C2 CompilerThread2"         daemon [_thread_blocked, id=770157, stack(0x000071da24800000,0x000071da24900000) (1024K)]
  0x000071da8c3fcfe0 JavaThread "Active Thread: Equinox Container: fbfe479a-2c01-4af3-82f3-7af0a732a7c9"        [_thread_blocked, id=770163, stack(0x000071da243fd000,0x000071da244fd000) (1024K)]
  0x000071da8c458220 JavaThread "Refresh Thread: Equinox Container: fbfe479a-2c01-4af3-82f3-7af0a732a7c9" daemon [_thread_blocked, id=770168, stack(0x000071da242fd000,0x000071da243fd000) (1024K)]
  0x000071d9d4024680 JavaThread "Framework Event Dispatcher: Equinox Container: fbfe479a-2c01-4af3-82f3-7af0a732a7c9" daemon [_thread_blocked, id=770179, stack(0x000071da240fc000,0x000071da241fc000) (1024K)]
  0x000071da8c45c150 JavaThread "Start Level: Equinox Container: fbfe479a-2c01-4af3-82f3-7af0a732a7c9" daemon [_thread_blocked, id=770180, stack(0x000071d9d3f00000,0x000071d9d4000000) (1024K)]
  0x000071d9c83e81e0 JavaThread "Bundle File Closer"         daemon [_thread_blocked, id=770189, stack(0x000071d9d3e00000,0x000071d9d3f00000) (1024K)]
  0x000071d9c845ed20 JavaThread "SCR Component Actor"        daemon [_thread_blocked, id=770191, stack(0x000071d9d3bff000,0x000071d9d3cff000) (1024K)]
  0x000071d9c817f430 JavaThread "Worker-JM"                         [_thread_blocked, id=770193, stack(0x000071d9d39fe000,0x000071d9d3afe000) (1024K)]
  0x000071d9c84c8fe0 JavaThread "Worker-0"                          [_thread_blocked, id=770194, stack(0x000071d9d38fe000,0x000071d9d39fe000) (1024K)]
  0x000071d9c84ce900 JavaThread "Worker-1"                          [_thread_blocked, id=770197, stack(0x000071d9d35fc000,0x000071d9d36fc000) (1024K)]
  0x000071d9b4001a00 JavaThread "Worker-2"                          [_thread_blocked, id=770198, stack(0x000071d9d34fc000,0x000071d9d35fc000) (1024K)]
  0x000071d9c8548c50 JavaThread "Java indexing"              daemon [_thread_blocked, id=770200, stack(0x000071d9d32fb000,0x000071d9d33fb000) (1024K)]
  0x000071d9a4001000 JavaThread "Worker-3"                          [_thread_blocked, id=770201, stack(0x000071d9d31fb000,0x000071d9d32fb000) (1024K)]
  0x000071da8c441170 JavaThread "pool-2-thread-1"                   [_thread_blocked, id=770202, stack(0x000071d9d30fb000,0x000071d9d31fb000) (1024K)]
  0x000071da8c4c0900 JavaThread "WorkspaceEventsHandler"            [_thread_blocked, id=770203, stack(0x000071d9d2ffb000,0x000071d9d30fb000) (1024K)]
  0x000071da8c4c14c0 JavaThread "pool-1-thread-1"                   [_thread_in_native, id=770204, stack(0x000071d9d2efb000,0x000071d9d2ffb000) (1024K)]
  0x000071d98c2ec6c0 JavaThread "ForkJoinPool.commonPool-worker-1" daemon [_thread_blocked, id=770205, stack(0x000071d9d2dfb000,0x000071d9d2efb000) (1024K)]
  0x000071d98c2ede20 JavaThread "ForkJoinPool.commonPool-worker-2" daemon [_thread_blocked, id=770206, stack(0x000071d9d2cfb000,0x000071d9d2dfb000) (1024K)]
  0x000071d98c366dc0 JavaThread "ForkJoinPool.commonPool-worker-3" daemon [_thread_blocked, id=770208, stack(0x000071d9d2bfb000,0x000071d9d2cfb000) (1024K)]
  0x000071d98c367ab0 JavaThread "ForkJoinPool.commonPool-worker-4" daemon [_thread_blocked, id=770209, stack(0x000071d9d2afb000,0x000071d9d2bfb000) (1024K)]
=>0x000071d98c368d20 JavaThread "ForkJoinPool.commonPool-worker-5" daemon [_thread_in_vm, id=770210, stack(0x000071d9d29fb000,0x000071d9d2afb000) (1024K)]
  0x000071d98c369dc0 JavaThread "ForkJoinPool.commonPool-worker-6" daemon [_thread_blocked, id=770211, stack(0x000071d9d28fb000,0x000071d9d29fb000) (1024K)]
  0x000071d964001d40 JavaThread "ForkJoinPool.commonPool-worker-7" daemon [_thread_blocked, id=770212, stack(0x000071d9d27fb000,0x000071d9d28fb000) (1024K)]
  0x000071d968000fe0 JavaThread "ForkJoinPool.commonPool-worker-8" daemon [_thread_blocked, id=770213, stack(0x000071d9d26fb000,0x000071d9d27fb000) (1024K)]
  0x000071d95c000fe0 JavaThread "ForkJoinPool.commonPool-worker-9" daemon [_thread_blocked, id=770214, stack(0x000071d9d25fb000,0x000071d9d26fb000) (1024K)]
  0x000071d960000fe0 JavaThread "ForkJoinPool.commonPool-worker-10" daemon [_thread_blocked, id=770215, stack(0x000071d9d24fb000,0x000071d9d25fb000) (1024K)]
  0x000071d954000fe0 JavaThread "ForkJoinPool.commonPool-worker-11" daemon [_thread_blocked, id=770216, stack(0x000071d9d23fb000,0x000071d9d24fb000) (1024K)]
  0x000071d9a4027c70 JavaThread "Worker-4"                          [_thread_blocked, id=770338, stack(0x000071d9d20fb000,0x000071d9d21fb000) (1024K)]
Total: 39

Other Threads:
  0x000071da8c19f240 VMThread "VM Thread"                           [id=769893, stack(0x000071da258fa000,0x000071da259fa000) (1024K)]
  0x000071da8c043da0 WatcherThread "VM Periodic Task Thread"        [id=769891, stack(0x000071da91100000,0x000071da91200000) (1024K)]
  0x000071da8c034c00 WorkerThread "GC Thread#0"                     [id=769876, stack(0x000071da91a14000,0x000071da91b14000) (1024K)]
  0x000071da14000f40 WorkerThread "GC Thread#1"                     [id=770159, stack(0x000071da24700000,0x000071da24800000) (1024K)]
  0x000071da14002fe0 WorkerThread "GC Thread#2"                     [id=770160, stack(0x000071da245ff000,0x000071da246ff000) (1024K)]
  0x000071da14003af0 WorkerThread "GC Thread#3"                     [id=770161, stack(0x000071da244fe000,0x000071da245fe000) (1024K)]
  0x000071da14004740 WorkerThread "GC Thread#4"                     [id=770178, stack(0x000071da241fd000,0x000071da242fd000) (1024K)]
  0x000071da14005a70 WorkerThread "GC Thread#5"                     [id=770190, stack(0x000071d9d3d00000,0x000071d9d3e00000) (1024K)]
  0x000071da14006600 WorkerThread "GC Thread#6"                     [id=770192, stack(0x000071d9d3aff000,0x000071d9d3bff000) (1024K)]
  0x000071da14007170 WorkerThread "GC Thread#7"                     [id=770195, stack(0x000071d9d37fe000,0x000071d9d38fe000) (1024K)]
  0x000071da14008520 WorkerThread "GC Thread#8"                     [id=770196, stack(0x000071d9d36fd000,0x000071d9d37fd000) (1024K)]
  0x000071da140090b0 WorkerThread "GC Thread#9"                     [id=770199, stack(0x000071d9d33fc000,0x000071d9d34fc000) (1024K)]
Total: 12

Threads with active compile tasks:
Total: 0

VM state: not at safepoint (normal execution)

VM Mutex/Monitor currently owned by a thread: None

Heap address: 0x0000000080000000, size: 2048 MB, Compressed Oops mode: 32-bit

CDS archive(s) mapped at: [0x000071da26000000-0x000071da26ca0000-0x000071da2bb28000), size 95584256, SharedBaseAddress: 0x000071da26000000, ArchiveRelocationMode: 1.
Compressed class space mapped at: 0x000071da2c000000-0x000071da6c000000, reserved size: 1073741824
Narrow klass base: 0x000071da26000000, Narrow klass shift: 0, Narrow klass range: 0x100000000

GC Precious Log:
 CardTable entry size: 512
 CPUs: 12 total, 12 available
 Memory: 15672M
 Large Page Support: Disabled
 NUMA Support: Disabled
 Compressed Oops: Enabled (32-bit)
 Alignments: Space 512K, Generation 512K, Heap 2M
 Heap Min Capacity: 100M
 Heap Initial Capacity: 100M
 Heap Max Capacity: 2G
 Pre-touch: Disabled
 Parallel Workers: 10

Heap:
 PSYoungGen      total 20480K, used 13358K [0x00000000d5580000, 0x00000000d6f80000, 0x0000000100000000)
  eden space 19456K, 63% used [0x00000000d5580000,0x00000000d61922b8,0x00000000d6880000)
  from space 1024K, 97% used [0x00000000d6a80000,0x00000000d6b79758,0x00000000d6b80000)
  to   space 3584K, 0% used [0x00000000d6c00000,0x00000000d6c00000,0x00000000d6f80000)
 ParOldGen       total 68608K, used 45726K [0x0000000080000000, 0x0000000084300000, 0x00000000d5580000)
  object space 68608K, 66% used [0x0000000080000000,0x0000000082ca7a08,0x0000000084300000)
 Metaspace       used 22403K, committed 23424K, reserved 1114112K
  class space    used 2097K, committed 2496K, reserved 1048576K

Card table byte_map: [0x000071da91b14000,0x000071da91f15000] _byte_map_base: 0x000071da91714000

Marking Bits: (ParMarkBitMap*) 0x000071da9432d000
 Begin Bits: [0x000071da6c000000, 0x000071da6e000000)
 End Bits:   [0x000071da6e000000, 0x000071da70000000)

Polling page: 0x000071da94781000

Metaspace:

Usage:
  Non-class:     19.83 MB used.
      Class:      2.05 MB used.
       Both:     21.88 MB used.

Virtual space:
  Non-class space:       64.00 MB reserved,      20.44 MB ( 32%) committed,  1 nodes.
      Class space:        1.00 GB reserved,       2.44 MB ( <1%) committed,  1 nodes.
             Both:        1.06 GB reserved,      22.88 MB (  2%) committed. 

Chunk freelists:
   Non-Class:  11.39 MB
       Class:  13.44 MB
        Both:  24.83 MB

MaxMetaspaceSize: unlimited
CompressedClassSpaceSize: 1.00 GB
Initial GC threshold: 21.00 MB
Current GC threshold: 35.00 MB
CDS: on
 - commit_granule_bytes: 65536.
 - commit_granule_words: 8192.
 - virtual_space_node_default_size: 8388608.
 - enlarge_chunks_in_place: 1.
 - use_allocation_guard: 0.


Internal statistics:

num_allocs_failed_limit: 3.
num_arena_births: 902.
num_arena_deaths: 38.
num_vsnodes_births: 2.
num_vsnodes_deaths: 0.
num_space_committed: 366.
num_space_uncommitted: 0.
num_chunks_returned_to_freelist: 51.
num_chunks_taken_from_freelist: 2169.
num_chunk_merges: 11.
num_chunk_splits: 1251.
num_chunks_enlarged: 599.
num_inconsistent_stats: 0.

CodeHeap 'non-profiled nmethods': size=120028Kb used=4983Kb max_used=4983Kb free=115044Kb
 bounds [0x000071da7c2c9000, 0x000071da7c7a9000, 0x000071da83800000]
CodeHeap 'profiled nmethods': size=120028Kb used=18638Kb max_used=18638Kb free=101389Kb
 bounds [0x000071da74800000, 0x000071da75a40000, 0x000071da7bd37000]
CodeHeap 'non-nmethods': size=5704Kb used=1421Kb max_used=1477Kb free=4282Kb
 bounds [0x000071da7bd37000, 0x000071da7bfa7000, 0x000071da7c2c9000]
CodeCache: size=245760Kb, used=25042Kb, max_used=25098Kb, free=220715Kb
 total_blobs=9503, nmethods=8755, adapters=655, full_count=0
Compilation: enabled, stopped_count=0, restarted_count=0

Compilation events (20 events):
Event: 3.125 Thread 0x000071da8c1b9aa0 8717       3       java.lang.Class::getInterfaces (49 bytes)
Event: 3.126 Thread 0x000071da8c1b9aa0 nmethod 8717 0x000071da75a15b90 code [0x000071da75a15d80, 0x000071da75a16210]
Event: 3.126 Thread 0x000071da8c1b9aa0 8687       3       org.eclipse.jdt.core.dom.ASTVisitor::postVisit (1 bytes)
Event: 3.126 Thread 0x000071da8c1b9aa0 nmethod 8687 0x000071da75a16390 code [0x000071da75a16520, 0x000071da75a16620]
Event: 3.126 Thread 0x000071da8c1b9aa0 8684       3       org.eclipse.jdt.core.dom.ASTVisitor::preVisit (1 bytes)
Event: 3.126 Thread 0x000071da8c1b9aa0 nmethod 8684 0x000071da75a16690 code [0x000071da75a16820, 0x000071da75a16920]
Event: 3.126 Thread 0x000071da8c1b9aa0 8688       3       org.eclipse.jdt.core.dom.ASTNode$NodeList$Cursor::hasNext (21 bytes)
Event: 3.126 Thread 0x000071da8c1b9aa0 nmethod 8688 0x000071da75a16990 code [0x000071da75a16b40, 0x000071da75a16d50]
Event: 3.126 Thread 0x000071da8c1b9aa0 8685       3       org.eclipse.jdt.core.dom.ASTNode::acceptChild (11 bytes)
Event: 3.126 Thread 0x000071da8c1b9aa0 nmethod 8685 0x000071da75a16e90 code [0x000071da75a17040, 0x000071da75a171d8]
Event: 3.126 Thread 0x000071da8c1b9aa0 8679       1       org.eclipse.jdt.core.dom.AST::apiLevel (5 bytes)
Event: 3.126 Thread 0x000071da8c1b9aa0 nmethod 8679 0x000071da7c78dc90 code [0x000071da7c78de20, 0x000071da7c78dee0]
Event: 3.126 Thread 0x000071da8c1b9aa0 8631       1       org.eclipse.jdt.internal.compiler.env.NameEnvironmentAnswer::getResolvedBinding (5 bytes)
Event: 3.126 Thread 0x000071da8c1b9aa0 nmethod 8631 0x000071da7c78df90 code [0x000071da7c78e120, 0x000071da7c78e1e0]
Event: 3.126 Thread 0x000071da8c1b9aa0 8627       3       java.util.HashMap$Values::iterator (12 bytes)
Event: 3.126 Thread 0x000071da8c1b9aa0 nmethod 8627 0x000071da75a17290 code [0x000071da75a17440, 0x000071da75a17648]
Event: 3.126 Thread 0x000071da8c1b9aa0 8706       1       org.eclipse.jdt.core.dom.VariableDeclaration::getInitializer (5 bytes)
Event: 3.126 Thread 0x000071da8c1b9aa0 nmethod 8706 0x000071da7c78e290 code [0x000071da7c78e420, 0x000071da7c78e4e0]
Event: 3.126 Thread 0x000071da8c1b9aa0 8675       1       org.eclipse.jdt.internal.compiler.ast.AbstractMethodDeclaration::isDefaultConstructor (2 bytes)
Event: 3.126 Thread 0x000071da8c1b9aa0 nmethod 8675 0x000071da7c78e590 code [0x000071da7c78e720, 0x000071da7c78e7e0]

GC Heap History (20 events):
Event: 2.411 GC heap before
{Heap before GC invocations=29 (full 0):
 PSYoungGen      total 20480K, used 20256K [0x00000000d5580000, 0x00000000d6b00000, 0x0000000100000000)
  eden space 19456K, 100% used [0x00000000d5580000,0x00000000d6880000,0x00000000d6880000)
  from space 1024K, 78% used [0x00000000d6a00000,0x00000000d6ac8010,0x00000000d6b00000)
  to   space 1024K, 0% used [0x00000000d6880000,0x00000000d6880000,0x00000000d6980000)
 ParOldGen       total 68608K, used 43034K [0x0000000080000000, 0x0000000084300000, 0x00000000d5580000)
  object space 68608K, 62% used [0x0000000080000000,0x0000000082a06ae8,0x0000000084300000)
 Metaspace       used 20130K, committed 21056K, reserved 1114112K
  class space    used 1874K, committed 2240K, reserved 1048576K
}
Event: 2.413 GC heap after
{Heap after GC invocations=29 (full 0):
 PSYoungGen      total 20480K, used 1024K [0x00000000d5580000, 0x00000000d7280000, 0x0000000100000000)
  eden space 19456K, 0% used [0x00000000d5580000,0x00000000d5580000,0x00000000d6880000)
  from space 1024K, 100% used [0x00000000d6880000,0x00000000d6980000,0x00000000d6980000)
  to   space 5120K, 0% used [0x00000000d6d80000,0x00000000d6d80000,0x00000000d7280000)
 ParOldGen       total 68608K, used 46387K [0x0000000080000000, 0x0000000084300000, 0x00000000d5580000)
  object space 68608K, 67% used [0x0000000080000000,0x0000000082d4cf68,0x0000000084300000)
 Metaspace       used 20130K, committed 21056K, reserved 1114112K
  class space    used 1874K, committed 2240K, reserved 1048576K
}
Event: 2.488 GC heap before
{Heap before GC invocations=30 (full 0):
 PSYoungGen      total 20480K, used 20480K [0x00000000d5580000, 0x00000000d7280000, 0x0000000100000000)
  eden space 19456K, 100% used [0x00000000d5580000,0x00000000d6880000,0x00000000d6880000)
  from space 1024K, 100% used [0x00000000d6880000,0x00000000d6980000,0x00000000d6980000)
  to   space 5120K, 0% used [0x00000000d6d80000,0x00000000d6d80000,0x00000000d7280000)
 ParOldGen       total 68608K, used 46387K [0x0000000080000000, 0x0000000084300000, 0x00000000d5580000)
  object space 68608K, 67% used [0x0000000080000000,0x0000000082d4cf68,0x0000000084300000)
 Metaspace       used 20504K, committed 21440K, reserved 1114112K
  class space    used 1915K, committed 2304K, reserved 1048576K
}
Event: 2.490 GC heap after
{Heap after GC invocations=30 (full 0):
 PSYoungGen      total 22016K, used 2368K [0x00000000d5580000, 0x00000000d7000000, 0x0000000100000000)
  eden space 19456K, 0% used [0x00000000d5580000,0x00000000d5580000,0x00000000d6880000)
  from space 2560K, 92% used [0x00000000d6d80000,0x00000000d6fd0000,0x00000000d7000000)
  to   space 3584K, 0% used [0x00000000d6900000,0x00000000d6900000,0x00000000d6c80000)
 ParOldGen       total 68608K, used 47433K [0x0000000080000000, 0x0000000084300000, 0x00000000d5580000)
  object space 68608K, 69% used [0x0000000080000000,0x0000000082e525e0,0x0000000084300000)
 Metaspace       used 20504K, committed 21440K, reserved 1114112K
  class space    used 1915K, committed 2304K, reserved 1048576K
}
Event: 2.502 GC heap before
{Heap before GC invocations=31 (full 0):
 PSYoungGen      total 22016K, used 5292K [0x00000000d5580000, 0x00000000d7000000, 0x0000000100000000)
  eden space 19456K, 15% used [0x00000000d5580000,0x00000000d585b0f8,0x00000000d6880000)
  from space 2560K, 92% used [0x00000000d6d80000,0x00000000d6fd0000,0x00000000d7000000)
  to   space 3584K, 0% used [0x00000000d6900000,0x00000000d6900000,0x00000000d6c80000)
 ParOldGen       total 68608K, used 47433K [0x0000000080000000, 0x0000000084300000, 0x00000000d5580000)
  object space 68608K, 69% used [0x0000000080000000,0x0000000082e525e0,0x0000000084300000)
 Metaspace       used 20587K, committed 21504K, reserved 1114112K
  class space    used 1918K, committed 2304K, reserved 1048576K
}
Event: 2.505 GC heap after
{Heap after GC invocations=31 (full 0):
 PSYoungGen      total 23040K, used 592K [0x00000000d5580000, 0x00000000d6e00000, 0x0000000100000000)
  eden space 19456K, 0% used [0x00000000d5580000,0x00000000d5580000,0x00000000d6880000)
  from space 3584K, 16% used [0x00000000d6900000,0x00000000d6994030,0x00000000d6c80000)
  to   space 1536K, 0% used [0x00000000d6c80000,0x00000000d6c80000,0x00000000d6e00000)
 ParOldGen       total 68608K, used 49593K [0x0000000080000000, 0x0000000084300000, 0x00000000d5580000)
  object space 68608K, 72% used [0x0000000080000000,0x000000008306e5e0,0x0000000084300000)
 Metaspace       used 20587K, committed 21504K, reserved 1114112K
  class space    used 1918K, committed 2304K, reserved 1048576K
}
Event: 2.505 GC heap before
{Heap before GC invocations=32 (full 1):
 PSYoungGen      total 23040K, used 592K [0x00000000d5580000, 0x00000000d6e00000, 0x0000000100000000)
  eden space 19456K, 0% used [0x00000000d5580000,0x00000000d5580000,0x00000000d6880000)
  from space 3584K, 16% used [0x00000000d6900000,0x00000000d6994030,0x00000000d6c80000)
  to   space 1536K, 0% used [0x00000000d6c80000,0x00000000d6c80000,0x00000000d6e00000)
 ParOldGen       total 68608K, used 49593K [0x0000000080000000, 0x0000000084300000, 0x00000000d5580000)
  object space 68608K, 72% used [0x0000000080000000,0x000000008306e5e0,0x0000000084300000)
 Metaspace       used 20587K, committed 21504K, reserved 1114112K
  class space    used 1918K, committed 2304K, reserved 1048576K
}
Event: 2.558 GC heap after
{Heap after GC invocations=32 (full 1):
 PSYoungGen      total 23040K, used 0K [0x00000000d5580000, 0x00000000d6e00000, 0x0000000100000000)
  eden space 19456K, 0% used [0x00000000d5580000,0x00000000d5580000,0x00000000d6880000)
  from space 3584K, 0% used [0x00000000d6900000,0x00000000d6900000,0x00000000d6c80000)
  to   space 1536K, 0% used [0x00000000d6c80000,0x00000000d6c80000,0x00000000d6e00000)
 ParOldGen       total 68608K, used 40012K [0x0000000080000000, 0x0000000084300000, 0x00000000d5580000)
  object space 68608K, 58% used [0x0000000080000000,0x0000000082713360,0x0000000084300000)
 Metaspace       used 20552K, committed 21504K, reserved 1114112K
  class space    used 1909K, committed 2304K, reserved 1048576K
}
Event: 2.636 GC heap before
{Heap before GC invocations=33 (full 1):
 PSYoungGen      total 23040K, used 19445K [0x00000000d5580000, 0x00000000d6e00000, 0x0000000100000000)
  eden space 19456K, 99% used [0x00000000d5580000,0x00000000d687d4f8,0x00000000d6880000)
  from space 3584K, 0% used [0x00000000d6900000,0x00000000d6900000,0x00000000d6c80000)
  to   space 1536K, 0% used [0x00000000d6c80000,0x00000000d6c80000,0x00000000d6e00000)
 ParOldGen       total 68608K, used 40012K [0x0000000080000000, 0x0000000084300000, 0x00000000d5580000)
  object space 68608K, 58% used [0x0000000080000000,0x0000000082713360,0x0000000084300000)
 Metaspace       used 20770K, committed 21760K, reserved 1114112K
  class space    used 1930K, committed 2304K, reserved 1048576K
}
Event: 2.637 GC heap after
{Heap after GC invocations=33 (full 1):
 PSYoungGen      total 20480K, used 912K [0x00000000d5580000, 0x00000000d6d80000, 0x0000000100000000)
  eden space 19456K, 0% used [0x00000000d5580000,0x00000000d5580000,0x00000000d6880000)
  from space 1024K, 89% used [0x00000000d6c80000,0x00000000d6d64050,0x00000000d6d80000)
  to   space 1024K, 0% used [0x00000000d6b80000,0x00000000d6b80000,0x00000000d6c80000)
 ParOldGen       total 68608K, used 40020K [0x0000000080000000, 0x0000000084300000, 0x00000000d5580000)
  object space 68608K, 58% used [0x0000000080000000,0x0000000082715360,0x0000000084300000)
 Metaspace       used 20770K, committed 21760K, reserved 1114112K
  class space    used 1930K, committed 2304K, reserved 1048576K
}
Event: 2.840 GC heap before
{Heap before GC invocations=34 (full 1):
 PSYoungGen      total 20480K, used 20368K [0x00000000d5580000, 0x00000000d6d80000, 0x0000000100000000)
  eden space 19456K, 100% used [0x00000000d5580000,0x00000000d6880000,0x00000000d6880000)
  from space 1024K, 89% used [0x00000000d6c80000,0x00000000d6d64050,0x00000000d6d80000)
  to   space 1024K, 0% used [0x00000000d6b80000,0x00000000d6b80000,0x00000000d6c80000)
 ParOldGen       total 68608K, used 40020K [0x0000000080000000, 0x0000000084300000, 0x00000000d5580000)
  object space 68608K, 58% used [0x0000000080000000,0x0000000082715360,0x0000000084300000)
 Metaspace       used 21151K, committed 22144K, reserved 1114112K
  class space    used 1959K, committed 2368K, reserved 1048576K
}
Event: 2.841 GC heap after
{Heap after GC invocations=34 (full 1):
 PSYoungGen      total 20480K, used 1001K [0x00000000d5580000, 0x00000000d6d80000, 0x0000000100000000)
  eden space 19456K, 0% used [0x00000000d5580000,0x00000000d5580000,0x00000000d6880000)
  from space 1024K, 97% used [0x00000000d6b80000,0x00000000d6c7a650,0x00000000d6c80000)
  to   space 1024K, 0% used [0x00000000d6c80000,0x00000000d6c80000,0x00000000d6d80000)
 ParOldGen       total 68608K, used 41176K [0x0000000080000000, 0x0000000084300000, 0x00000000d5580000)
  object space 68608K, 60% used [0x0000000080000000,0x0000000082836168,0x0000000084300000)
 Metaspace       used 21151K, committed 22144K, reserved 1114112K
  class space    used 1959K, committed 2368K, reserved 1048576K
}
Event: 2.867 GC heap before
{Heap before GC invocations=35 (full 1):
 PSYoungGen      total 20480K, used 20457K [0x00000000d5580000, 0x00000000d6d80000, 0x0000000100000000)
  eden space 19456K, 100% used [0x00000000d5580000,0x00000000d6880000,0x00000000d6880000)
  from space 1024K, 97% used [0x00000000d6b80000,0x00000000d6c7a650,0x00000000d6c80000)
  to   space 1024K, 0% used [0x00000000d6c80000,0x00000000d6c80000,0x00000000d6d80000)
 ParOldGen       total 68608K, used 41176K [0x0000000080000000, 0x0000000084300000, 0x00000000d5580000)
  object space 68608K, 60% used [0x0000000080000000,0x0000000082836168,0x0000000084300000)
 Metaspace       used 21166K, committed 22144K, reserved 1114112K
  class space    used 1959K, committed 2368K, reserved 1048576K
}
Event: 2.868 GC heap after
{Heap after GC invocations=35 (full 1):
 PSYoungGen      total 20480K, used 914K [0x00000000d5580000, 0x00000000d6d80000, 0x0000000100000000)
  eden space 19456K, 0% used [0x00000000d5580000,0x00000000d5580000,0x00000000d6880000)
  from space 1024K, 89% used [0x00000000d6c80000,0x00000000d6d64818,0x00000000d6d80000)
  to   space 1536K, 0% used [0x00000000d6a80000,0x00000000d6a80000,0x00000000d6c00000)
 ParOldGen       total 68608K, used 42540K [0x0000000080000000, 0x0000000084300000, 0x00000000d5580000)
  object space 68608K, 62% used [0x0000000080000000,0x000000008298b1b0,0x0000000084300000)
 Metaspace       used 21166K, committed 22144K, reserved 1114112K
  class space    used 1959K, committed 2368K, reserved 1048576K
}
Event: 2.886 GC heap before
{Heap before GC invocations=36 (full 1):
 PSYoungGen      total 20480K, used 20370K [0x00000000d5580000, 0x00000000d6d80000, 0x0000000100000000)
  eden space 19456K, 100% used [0x00000000d5580000,0x00000000d6880000,0x00000000d6880000)
  from space 1024K, 89% used [0x00000000d6c80000,0x00000000d6d64818,0x00000000d6d80000)
  to   space 1536K, 0% used [0x00000000d6a80000,0x00000000d6a80000,0x00000000d6c00000)
 ParOldGen       total 68608K, used 42540K [0x0000000080000000, 0x0000000084300000, 0x00000000d5580000)
  object space 68608K, 62% used [0x0000000080000000,0x000000008298b1b0,0x0000000084300000)
 Metaspace       used 21205K, committed 22208K, reserved 1114112K
  class space    used 1963K, committed 2368K, reserved 1048576K
}
Event: 2.887 GC heap after
{Heap after GC invocations=36 (full 1):
 PSYoungGen      total 20480K, used 975K [0x00000000d5580000, 0x00000000d6d00000, 0x0000000100000000)
  eden space 19456K, 0% used [0x00000000d5580000,0x00000000d5580000,0x00000000d6880000)
  from space 1024K, 95% used [0x00000000d6a80000,0x00000000d6b73e18,0x00000000d6b80000)
  to   space 1536K, 0% used [0x00000000d6b80000,0x00000000d6b80000,0x00000000d6d00000)
 ParOldGen       total 68608K, used 43091K [0x0000000080000000, 0x0000000084300000, 0x00000000d5580000)
  object space 68608K, 62% used [0x0000000080000000,0x0000000082a14f88,0x0000000084300000)
 Metaspace       used 21205K, committed 22208K, reserved 1114112K
  class space    used 1963K, committed 2368K, reserved 1048576K
}
Event: 2.902 GC heap before
{Heap before GC invocations=37 (full 1):
 PSYoungGen      total 20480K, used 20431K [0x00000000d5580000, 0x00000000d6d00000, 0x0000000100000000)
  eden space 19456K, 100% used [0x00000000d5580000,0x00000000d6880000,0x00000000d6880000)
  from space 1024K, 95% used [0x00000000d6a80000,0x00000000d6b73e18,0x00000000d6b80000)
  to   space 1536K, 0% used [0x00000000d6b80000,0x00000000d6b80000,0x00000000d6d00000)
 ParOldGen       total 68608K, used 43091K [0x0000000080000000, 0x0000000084300000, 0x00000000d5580000)
  object space 68608K, 62% used [0x0000000080000000,0x0000000082a14f88,0x0000000084300000)
 Metaspace       used 21213K, committed 22208K, reserved 1114112K
  class space    used 1963K, committed 2368K, reserved 1048576K
}
Event: 2.902 GC heap after
{Heap after GC invocations=37 (full 1):
 PSYoungGen      total 20480K, used 768K [0x00000000d5580000, 0x00000000d6c80000, 0x0000000100000000)
  eden space 19456K, 0% used [0x00000000d5580000,0x00000000d5580000,0x00000000d6880000)
  from space 1024K, 75% used [0x00000000d6b80000,0x00000000d6c40000,0x00000000d6c80000)
  to   space 1024K, 0% used [0x00000000d6a80000,0x00000000d6a80000,0x00000000d6b80000)
 ParOldGen       total 68608K, used 43710K [0x0000000080000000, 0x0000000084300000, 0x00000000d5580000)
  object space 68608K, 63% used [0x0000000080000000,0x0000000082aaf898,0x0000000084300000)
 Metaspace       used 21213K, committed 22208K, reserved 1114112K
  class space    used 1963K, committed 2368K, reserved 1048576K
}
Event: 2.983 GC heap before
{Heap before GC invocations=38 (full 1):
 PSYoungGen      total 20480K, used 20224K [0x00000000d5580000, 0x00000000d6c80000, 0x0000000100000000)
  eden space 19456K, 100% used [0x00000000d5580000,0x00000000d6880000,0x00000000d6880000)
  from space 1024K, 75% used [0x00000000d6b80000,0x00000000d6c40000,0x00000000d6c80000)
  to   space 1024K, 0% used [0x00000000d6a80000,0x00000000d6a80000,0x00000000d6b80000)
 ParOldGen       total 68608K, used 43710K [0x0000000080000000, 0x0000000084300000, 0x00000000d5580000)
  object space 68608K, 63% used [0x0000000080000000,0x0000000082aaf898,0x0000000084300000)
 Metaspace       used 21815K, committed 22848K, reserved 1114112K
  class space    used 2028K, committed 2432K, reserved 1048576K
}
Event: 2.984 GC heap after
{Heap after GC invocations=38 (full 1):
 PSYoungGen      total 20480K, used 997K [0x00000000d5580000, 0x00000000d6f80000, 0x0000000100000000)
  eden space 19456K, 0% used [0x00000000d5580000,0x00000000d5580000,0x00000000d6880000)
  from space 1024K, 97% used [0x00000000d6a80000,0x00000000d6b79758,0x00000000d6b80000)
  to   space 3584K, 0% used [0x00000000d6c00000,0x00000000d6c00000,0x00000000d6f80000)
 ParOldGen       total 68608K, used 45726K [0x0000000080000000, 0x0000000084300000, 0x00000000d5580000)
  object space 68608K, 66% used [0x0000000080000000,0x0000000082ca7a08,0x0000000084300000)
 Metaspace       used 21815K, committed 22848K, reserved 1114112K
  class space    used 2028K, committed 2432K, reserved 1048576K
}

Dll operation events (10 events):
Event: 0.003 Loaded shared library /usr/lib/jvm/java-21-openjdk-amd64/lib/libjava.so
Event: 0.057 Loaded shared library /usr/lib/jvm/java-21-openjdk-amd64/lib/libjsvml.so
Event: 0.087 Loaded shared library /usr/lib/jvm/java-21-openjdk-amd64/lib/libzip.so
Event: 0.088 Loaded shared library /usr/lib/jvm/java-21-openjdk-amd64/lib/libinstrument.so
Event: 0.089 Loaded shared library /usr/lib/jvm/java-21-openjdk-amd64/lib/libnio.so
Event: 0.090 Loaded shared library /usr/lib/jvm/java-21-openjdk-amd64/lib/libzip.so
Event: 0.098 Loaded shared library /usr/lib/jvm/java-21-openjdk-amd64/lib/libjimage.so
Event: 0.125 Loaded shared library /usr/lib/jvm/java-21-openjdk-amd64/lib/libverify.so
Event: 0.333 Loaded shared library /usr/lib/jvm/java-21-openjdk-amd64/lib/libnet.so
Event: 0.474 Loaded shared library /home/mulroney/.config/Code/User/globalStorage/redhat.java/1.46.2025100108/config_linux/org.eclipse.equinox.launcher/org.eclipse.equinox.launcher.gtk.linux.x86_64_1.2.1500.v20250801-0854/eclipse_11916.so

Deoptimization events (20 events):
Event: 3.108 Thread 0x000071d98c368d20 Uncommon trap: reason=unstable_if action=reinterpret pc=0x000071da7c6ea134 method=org.eclipse.jdt.internal.compiler.parser.Scanner.scanIdentifierOrKeyword()Lorg/eclipse/jdt/internal/compiler/parser/TerminalToken; @ 27 c2
Event: 3.108 Thread 0x000071d968000fe0 Uncommon trap: reason=unstable_if action=reinterpret pc=0x000071da7c6ea134 method=org.eclipse.jdt.internal.compiler.parser.Scanner.scanIdentifierOrKeyword()Lorg/eclipse/jdt/internal/compiler/parser/TerminalToken; @ 27 c2
Event: 3.108 Thread 0x000071d968000fe0 DEOPT PACKING pc=0x000071da7c6ea134 sp=0x000071d9d27f86f0
Event: 3.108 Thread 0x000071d98c368d20 DEOPT PACKING pc=0x000071da7c6ea134 sp=0x000071d9d2af86a0
Event: 3.108 Thread 0x000071d968000fe0 DEOPT UNPACKING pc=0x000071da7bd8a399 sp=0x000071d9d27f8690 mode 2
Event: 3.108 Thread 0x000071d98c368d20 DEOPT UNPACKING pc=0x000071da7bd8a399 sp=0x000071d9d2af8640 mode 2
Event: 3.118 Thread 0x000071d98c368d20 Uncommon trap: trap_request=0xffffff45 fr.pc=0x000071da7c6fa9d8 relative=0x0000000000000538
Event: 3.118 Thread 0x000071d98c368d20 Uncommon trap: reason=unstable_if action=reinterpret pc=0x000071da7c6fa9d8 method=org.eclipse.jdt.internal.compiler.parser.Scanner.getNextToken()Lorg/eclipse/jdt/internal/compiler/parser/TerminalToken; @ 92 c2
Event: 3.118 Thread 0x000071d98c368d20 DEOPT PACKING pc=0x000071da7c6fa9d8 sp=0x000071d9d2af83e0
Event: 3.118 Thread 0x000071d98c368d20 DEOPT UNPACKING pc=0x000071da7bd8a399 sp=0x000071d9d2af83a0 mode 2
Event: 3.120 Thread 0x000071d98c368d20 Uncommon trap: trap_request=0xffffff45 fr.pc=0x000071da7c6cdd60 relative=0x00000000000000c0
Event: 3.120 Thread 0x000071d98c368d20 Uncommon trap: reason=unstable_if action=reinterpret pc=0x000071da7c6cdd60 method=java.util.Hashtable$Enumerator.nextElement()Ljava/lang/Object; @ 87 c2
Event: 3.120 Thread 0x000071d98c368d20 DEOPT PACKING pc=0x000071da7c6cdd60 sp=0x000071d9d2af8a30
Event: 3.120 Thread 0x000071d98c368d20 DEOPT UNPACKING pc=0x000071da7bd8a399 sp=0x000071d9d2af8970 mode 2
Event: 3.120 Thread 0x000071d968000fe0 Uncommon trap: trap_request=0xffffff45 fr.pc=0x000071da7c6cd138 relative=0x0000000000000098
Event: 3.120 Thread 0x000071d968000fe0 Uncommon trap: reason=unstable_if action=reinterpret pc=0x000071da7c6cd138 method=java.util.Hashtable$Enumerator.nextElement()Ljava/lang/Object; @ 87 c2
Event: 3.120 Thread 0x000071d968000fe0 DEOPT PACKING pc=0x000071da7c6cd138 sp=0x000071d9d27f8a10
Event: 3.120 Thread 0x000071d968000fe0 DEOPT UNPACKING pc=0x000071da7bd8a399 sp=0x000071d9d27f89b8 mode 2
Event: 3.121 Thread 0x000071d98c368d20 DEOPT PACKING pc=0x000071da75773c83 sp=0x000071d9d2af64e0
Event: 3.121 Thread 0x000071d98c368d20 DEOPT UNPACKING pc=0x000071da7bd8ab2f sp=0x000071d9d2af59e0 mode 0

Classes loaded (20 events):
Event: 1.162 Loading class com/sun/org/apache/xerces/internal/impl/msg/XMLMessages_en
Event: 1.162 Loading class com/sun/org/apache/xerces/internal/impl/msg/XMLMessages_en done
Event: 1.162 Loading class com/sun/org/apache/xerces/internal/impl/msg/XMLMessages_en_GB
Event: 1.162 Loading class com/sun/org/apache/xerces/internal/impl/msg/XMLMessages_en_GB done
Event: 1.162 Loading class com/sun/org/apache/xerces/internal/impl/msg/XMLMessages_en_GB
Event: 1.162 Loading class com/sun/org/apache/xerces/internal/impl/msg/XMLMessages_en_GB done
Event: 1.193 Loading class com/sun/org/apache/xml/internal/serializer/XMLEntities
Event: 1.193 Loading class com/sun/org/apache/xml/internal/serializer/XMLEntities done
Event: 1.193 Loading class com/sun/org/apache/xml/internal/serializer/XMLEntities
Event: 1.193 Loading class com/sun/org/apache/xml/internal/serializer/XMLEntities done
Event: 1.193 Loading class com/sun/org/apache/xml/internal/serializer/XMLEntities_en
Event: 1.193 Loading class com/sun/org/apache/xml/internal/serializer/XMLEntities_en done
Event: 1.193 Loading class com/sun/org/apache/xml/internal/serializer/XMLEntities_en
Event: 1.193 Loading class com/sun/org/apache/xml/internal/serializer/XMLEntities_en done
Event: 1.193 Loading class com/sun/org/apache/xml/internal/serializer/XMLEntities_en_GB
Event: 1.193 Loading class com/sun/org/apache/xml/internal/serializer/XMLEntities_en_GB done
Event: 1.193 Loading class com/sun/org/apache/xml/internal/serializer/XMLEntities_en_GB
Event: 1.193 Loading class com/sun/org/apache/xml/internal/serializer/XMLEntities_en_GB done
Event: 1.297 Loading class jdk/internal/event/ThreadSleepEvent
Event: 1.297 Loading class jdk/internal/event/ThreadSleepEvent done

Classes unloaded (19 events):
Event: 2.516 Thread 0x000071da8c19f240 Unloading class 0x000071da2c234400 'java/lang/invoke/LambdaForm$MH+0x000071da2c234400'
Event: 2.516 Thread 0x000071da8c19f240 Unloading class 0x000071da2c234000 'java/lang/invoke/LambdaForm$MH+0x000071da2c234000'
Event: 2.516 Thread 0x000071da8c19f240 Unloading class 0x000071da2c21ac00 'java/lang/invoke/LambdaForm$MH+0x000071da2c21ac00'
Event: 2.516 Thread 0x000071da8c19f240 Unloading class 0x000071da2c21a800 'java/lang/invoke/LambdaForm$MH+0x000071da2c21a800'
Event: 2.516 Thread 0x000071da8c19f240 Unloading class 0x000071da2c21a400 'java/lang/invoke/LambdaForm$MH+0x000071da2c21a400'
Event: 2.516 Thread 0x000071da8c19f240 Unloading class 0x000071da2c219c00 'java/lang/invoke/LambdaForm$MH+0x000071da2c219c00'
Event: 2.516 Thread 0x000071da8c19f240 Unloading class 0x000071da2c219400 'java/lang/invoke/LambdaForm$MH+0x000071da2c219400'
Event: 2.516 Thread 0x000071da8c19f240 Unloading class 0x000071da2c219000 'java/lang/invoke/LambdaForm$MH+0x000071da2c219000'
Event: 2.516 Thread 0x000071da8c19f240 Unloading class 0x000071da2c218800 'java/lang/invoke/LambdaForm$MH+0x000071da2c218800'
Event: 2.516 Thread 0x000071da8c19f240 Unloading class 0x000071da2c215c00 'java/lang/invoke/LambdaForm$MH+0x000071da2c215c00'
Event: 2.516 Thread 0x000071da8c19f240 Unloading class 0x000071da2c218000 'java/lang/invoke/LambdaForm$MH+0x000071da2c218000'
Event: 2.516 Thread 0x000071da8c19f240 Unloading class 0x000071da2c215000 'java/lang/invoke/LambdaForm$MH+0x000071da2c215000'
Event: 2.516 Thread 0x000071da8c19f240 Unloading class 0x000071da2c215400 'java/lang/invoke/LambdaForm$MH+0x000071da2c215400'
Event: 2.516 Thread 0x000071da8c19f240 Unloading class 0x000071da2c214800 'java/lang/invoke/LambdaForm$MH+0x000071da2c214800'
Event: 2.516 Thread 0x000071da8c19f240 Unloading class 0x000071da2c214400 'java/lang/invoke/LambdaForm$MH+0x000071da2c214400'
Event: 2.516 Thread 0x000071da8c19f240 Unloading class 0x000071da2c0ec400 'java/lang/invoke/LambdaForm$MH+0x000071da2c0ec400'
Event: 2.516 Thread 0x000071da8c19f240 Unloading class 0x000071da2c0ec000 'java/lang/invoke/LambdaForm$MH+0x000071da2c0ec000'
Event: 2.516 Thread 0x000071da8c19f240 Unloading class 0x000071da2c0ebc00 'java/lang/invoke/LambdaForm$MH+0x000071da2c0ebc00'
Event: 2.516 Thread 0x000071da8c19f240 Unloading class 0x000071da2c0eb800 'java/lang/invoke/LambdaForm$MH+0x000071da2c0eb800'

Classes redefined (1 events):
Event: 3.085 Thread 0x000071da8c19f240 redefined class name=java.io.FileOutputStream, count=1

Internal exceptions (20 events):
Event: 2.904 Thread 0x000071d9a4027c70 Exception <a 'sun/nio/fs/UnixException'{0x00000000d5858aa0}> (0x00000000d5858aa0) 
thrown [./src/hotspot/share/prims/jni.cpp, line 520]
Event: 2.905 Thread 0x000071d9a4027c70 Exception <a 'sun/nio/fs/UnixException'{0x00000000d585a160}> (0x00000000d585a160) 
thrown [./src/hotspot/share/prims/jni.cpp, line 520]
Event: 2.905 Thread 0x000071d9a4027c70 Exception <a 'sun/nio/fs/UnixException'{0x00000000d58a99d8}> (0x00000000d58a99d8) 
thrown [./src/hotspot/share/prims/jni.cpp, line 520]
Event: 2.905 Thread 0x000071d9a4027c70 Exception <a 'sun/nio/fs/UnixException'{0x00000000d58f8968}> (0x00000000d58f8968) 
thrown [./src/hotspot/share/prims/jni.cpp, line 520]
Event: 2.905 Thread 0x000071d9a4027c70 Exception <a 'sun/nio/fs/UnixException'{0x00000000d5948188}> (0x00000000d5948188) 
thrown [./src/hotspot/share/prims/jni.cpp, line 520]
Event: 2.905 Thread 0x000071d9a4027c70 Exception <a 'sun/nio/fs/UnixException'{0x00000000d5949830}> (0x00000000d5949830) 
thrown [./src/hotspot/share/prims/jni.cpp, line 520]
Event: 2.905 Thread 0x000071d9a4027c70 Exception <a 'sun/nio/fs/UnixException'{0x00000000d594ba08}> (0x00000000d594ba08) 
thrown [./src/hotspot/share/prims/jni.cpp, line 520]
Event: 2.905 Thread 0x000071d9a4027c70 Exception <a 'sun/nio/fs/UnixException'{0x00000000d596fdc8}> (0x00000000d596fdc8) 
thrown [./src/hotspot/share/prims/jni.cpp, line 520]
Event: 2.906 Thread 0x000071d9a4027c70 Exception <a 'sun/nio/fs/UnixException'{0x00000000d5994af0}> (0x00000000d5994af0) 
thrown [./src/hotspot/share/prims/jni.cpp, line 520]
Event: 2.906 Thread 0x000071d9a4027c70 Exception <a 'sun/nio/fs/UnixException'{0x00000000d59960d0}> (0x00000000d59960d0) 
thrown [./src/hotspot/share/prims/jni.cpp, line 520]
Event: 2.906 Thread 0x000071d9a4027c70 Exception <a 'sun/nio/fs/UnixException'{0x00000000d59e5c10}> (0x00000000d59e5c10) 
thrown [./src/hotspot/share/prims/jni.cpp, line 520]
Event: 2.906 Thread 0x000071d9a4027c70 Exception <a 'sun/nio/fs/UnixException'{0x00000000d59e74a0}> (0x00000000d59e74a0) 
thrown [./src/hotspot/share/prims/jni.cpp, line 520]
Event: 2.906 Thread 0x000071d9a4027c70 Exception <a 'sun/nio/fs/UnixException'{0x00000000d59e9710}> (0x00000000d59e9710) 
thrown [./src/hotspot/share/prims/jni.cpp, line 520]
Event: 2.906 Thread 0x000071d9a4027c70 Exception <a 'sun/nio/fs/UnixException'{0x00000000d59eade0}> (0x00000000d59eade0) 
thrown [./src/hotspot/share/prims/jni.cpp, line 520]
Event: 2.906 Thread 0x000071d9a4027c70 Exception <a 'sun/nio/fs/UnixException'{0x00000000d5a0fe18}> (0x00000000d5a0fe18) 
thrown [./src/hotspot/share/prims/jni.cpp, line 520]
Event: 2.906 Thread 0x000071d9a4027c70 Exception <a 'sun/nio/fs/UnixException'{0x00000000d5a25d78}> (0x00000000d5a25d78) 
thrown [./src/hotspot/share/prims/jni.cpp, line 520]
Event: 2.983 Thread 0x000071d98c368d20 Exception <a 'java/lang/LinkageError'{0x00000000d68639d0}: loader lombok.launch.ShadowClassLoader @1d0aba4b attempted duplicate class definition for lombok.launch.PatchFixesHider$ExtensionMethod. (lombok.launch.PatchFixesHider$ExtensionMethod is in unnamed module of loader lombok.launch.ShadowClassLoader @1d0aba4b, parent loader org.eclipse.osgi.internal.loader.EquinoxClassLoader @167a3169)> (0x00000000d68639d0) 
thrown [./src/hotspot/share/classfile/systemDictionary.cpp, line 1682]
Event: 3.046 Thread 0x000071d950003d70 Implicit null exception at 0x000071da7c52ae38 to 0x000071da7c52b0b0
Event: 3.106 Thread 0x000071d98c368d20 Exception <a 'java/lang/LinkageError'{0x00000000d5aabba0}: loader lombok.launch.ShadowClassLoader @fe551d0 attempted duplicate class definition for lombok.eclipse.agent.PatchDiagnostics. (lombok.eclipse.agent.PatchDiagnostics is in unnamed module of loader lombok.launch.ShadowClassLoader @fe551d0, parent loader org.eclipse.osgi.internal.loader.EquinoxClassLoader @3d8ef5c8)> (0x00000000d5aabba0) 
thrown [./src/hotspot/share/classfile/systemDictionary.cpp, line 1682]
Event: 3.107 Thread 0x000071d968000fe0 Exception <a 'java/lang/LinkageError'{0x00000000d5ad96e8}: loader lombok.launch.ShadowClassLoader @fe551d0 attempted duplicate class definition for lombok.eclipse.EcjAugments. (lombok.eclipse.EcjAugments is in unnamed module of loader lombok.launch.ShadowClassLoader @fe551d0, parent loader org.eclipse.osgi.internal.loader.EquinoxClassLoader @3d8ef5c8)> (0x00000000d5ad96e8) 
thrown [./src/hotspot/share/classfile/systemDictionary.cpp, line 1682]

ZGC Phase Switch (0 events):
No events

VM Operations (20 events):
Event: 2.800 Executing VM operation: HandshakeAllThreads (Deoptimize)
Event: 2.800 Executing VM operation: HandshakeAllThreads (Deoptimize) done
Event: 2.840 Executing VM operation: ParallelGCFailedAllocation (Allocation Failure)
Event: 2.841 Executing VM operation: ParallelGCFailedAllocation (Allocation Failure) done
Event: 2.867 Executing VM operation: ParallelGCFailedAllocation (Allocation Failure)
Event: 2.868 Executing VM operation: ParallelGCFailedAllocation (Allocation Failure) done
Event: 2.885 Executing VM operation: ParallelGCFailedAllocation (Allocation Failure)
Event: 2.887 Executing VM operation: ParallelGCFailedAllocation (Allocation Failure) done
Event: 2.902 Executing VM operation: ParallelGCFailedAllocation (Allocation Failure)
Event: 2.902 Executing VM operation: ParallelGCFailedAllocation (Allocation Failure) done
Event: 2.926 Executing VM operation: HandshakeAllThreads (Deoptimize)
Event: 2.926 Executing VM operation: HandshakeAllThreads (Deoptimize) done
Event: 2.928 Executing VM operation: HandshakeAllThreads (Deoptimize)
Event: 2.928 Executing VM operation: HandshakeAllThreads (Deoptimize) done
Event: 2.977 Executing VM operation: ICBufferFull
Event: 2.977 Executing VM operation: ICBufferFull done
Event: 2.983 Executing VM operation: ParallelGCFailedAllocation (Allocation Failure)
Event: 2.984 Executing VM operation: ParallelGCFailedAllocation (Allocation Failure) done
Event: 3.074 Executing VM operation: RedefineClasses
Event: 3.099 Executing VM operation: RedefineClasses done

Memory protections (20 events):
Event: 2.385 Protecting memory [0x000071d9d2afb000,0x000071d9d2aff000] with protection modes 0
Event: 2.386 Protecting memory [0x000071d9d29fb000,0x000071d9d29ff000] with protection modes 0
Event: 2.386 Protecting memory [0x000071d9d28fb000,0x000071d9d28ff000] with protection modes 0
Event: 2.393 Protecting memory [0x000071d9d27fb000,0x000071d9d27ff000] with protection modes 0
Event: 2.393 Protecting memory [0x000071d9d26fb000,0x000071d9d26ff000] with protection modes 0
Event: 2.393 Protecting memory [0x000071d9d25fb000,0x000071d9d25ff000] with protection modes 0
Event: 2.393 Protecting memory [0x000071d9d24fb000,0x000071d9d24ff000] with protection modes 0
Event: 2.395 Protecting memory [0x000071d9d23fb000,0x000071d9d23ff000] with protection modes 0
Event: 2.441 Protecting memory [0x000071d9d22fb000,0x000071d9d22ff000] with protection modes 0
Event: 2.442 Protecting memory [0x000071d9d21fb000,0x000071d9d21ff000] with protection modes 0
Event: 2.442 Protecting memory [0x000071d9d20fb000,0x000071d9d20ff000] with protection modes 0
Event: 2.459 Protecting memory [0x000071d9d1ffb000,0x000071d9d1fff000] with protection modes 0
Event: 2.459 Protecting memory [0x000071d9d1efb000,0x000071d9d1eff000] with protection modes 0
Event: 2.498 Protecting memory [0x000071d9d1ffb000,0x000071d9d1fff000] with protection modes 0
Event: 2.499 Protecting memory [0x000071d9d22fb000,0x000071d9d22ff000] with protection modes 0
Event: 2.499 Protecting memory [0x000071d9d1efb000,0x000071d9d1eff000] with protection modes 0
Event: 2.500 Protecting memory [0x000071d9d20fb000,0x000071d9d20ff000] with protection modes 0
Event: 2.501 Protecting memory [0x000071d9d21fb000,0x000071d9d21ff000] with protection modes 0
Event: 2.645 Protecting memory [0x000071d9d20fb000,0x000071d9d20ff000] with protection modes 0
Event: 3.044 Protecting memory [0x000071d9d0a9d000,0x000071d9d0aa1000] with protection modes 0

Nmethod flushes (0 events):
No events

Events (20 events):
Event: 2.459 Thread 0x000071d9a4001000 Thread added: 0x000071d99005ee20
Event: 2.459 Thread 0x000071d9a4001000 Thread added: 0x000071d9900606a0
Event: 2.477 Thread 0x000071d99005c610 Thread exited: 0x000071d99005c610
Event: 2.477 Thread 0x000071d99005d8d0 Thread exited: 0x000071d99005d8d0
Event: 2.477 Thread 0x000071d9900606a0 Thread exited: 0x000071d9900606a0
Event: 2.477 Thread 0x000071d99005b790 Thread exited: 0x000071d99005b790
Event: 2.477 Thread 0x000071d99005ee20 Thread exited: 0x000071d99005ee20
Event: 2.498 Thread 0x000071d9a4001000 Thread added: 0x000071d99005a180
Event: 2.499 Thread 0x000071d9a4001000 Thread added: 0x000071d990065160
Event: 2.499 Thread 0x000071d9a4001000 Thread added: 0x000071d990065db0
Event: 2.500 Thread 0x000071d9a4001000 Thread added: 0x000071d99006ea80
Event: 2.501 Thread 0x000071d9a4001000 Thread added: 0x000071d99006f400
Event: 2.576 Thread 0x000071d990065160 Thread exited: 0x000071d990065160
Event: 2.576 Thread 0x000071d990065db0 Thread exited: 0x000071d990065db0
Event: 2.576 Thread 0x000071d99005a180 Thread exited: 0x000071d99005a180
Event: 2.576 Thread 0x000071d99006f400 Thread exited: 0x000071d99006f400
Event: 2.576 Thread 0x000071d99006ea80 Thread exited: 0x000071d99006ea80
Event: 2.645 Thread 0x000071d9b4001a00 Thread added: 0x000071d9a4027c70
Event: 3.044 Thread 0x000071d950003d70 Thread added: 0x000071d950003d70
Event: 3.127 Thread 0x000071d950003d70 Thread exited: 0x000071d950003d70


Dynamic libraries:
80000000-84300000 rw-p 00000000 00:00 0 
84300000-d5580000 ---p 00000000 00:00 0 
d5580000-d6f80000 rw-p 00000000 00:00 0 
d6f80000-100000000 ---p 00000000 00:00 0 
609b47ee0000-609b47ee1000 r--p 00000000 00:1c 249042                     /usr/lib/jvm/java-21-openjdk-amd64/bin/java
609b47ee1000-609b47ee2000 r-xp 00001000 00:1c 249042                     /usr/lib/jvm/java-21-openjdk-amd64/bin/java
609b47ee2000-609b47ee3000 r--p 00002000 00:1c 249042                     /usr/lib/jvm/java-21-openjdk-amd64/bin/java
609b47ee3000-609b47ee4000 r--p 00002000 00:1c 249042                     /usr/lib/jvm/java-21-openjdk-amd64/bin/java
609b47ee4000-609b47ee5000 rw-p 00003000 00:1c 249042                     /usr/lib/jvm/java-21-openjdk-amd64/bin/java
609b63cfb000-609b63d43000 rw-p 00000000 00:00 0                          [heap]
71d93c000000-71d93c021000 rw-p 00000000 00:00 0 
71d93c021000-71d940000000 ---p 00000000 00:00 0 
71d944000000-71d944021000 rw-p 00000000 00:00 0 
71d944021000-71d948000000 ---p 00000000 00:00 0 
71d948000000-71d948021000 rw-p 00000000 00:00 0 
71d948021000-71d94c000000 ---p 00000000 00:00 0 
71d94c000000-71d94c021000 rw-p 00000000 00:00 0 
71d94c021000-71d950000000 ---p 00000000 00:00 0 
71d950000000-71d950064000 rw-p 00000000 00:00 0 
71d950064000-71d954000000 ---p 00000000 00:00 0 
71d954000000-71d954021000 rw-p 00000000 00:00 0 
71d954021000-71d958000000 ---p 00000000 00:00 0 
71d958000000-71d958021000 rw-p 00000000 00:00 0 
71d958021000-71d95c000000 ---p 00000000 00:00 0 
71d95c000000-71d95c0f8000 rw-p 00000000 00:00 0 
71d95c0f8000-71d960000000 ---p 00000000 00:00 0 
71d960000000-71d960021000 rw-p 00000000 00:00 0 
71d960021000-71d964000000 ---p 00000000 00:00 0 
71d964000000-71d964021000 rw-p 00000000 00:00 0 
71d964021000-71d968000000 ---p 00000000 00:00 0 
71d968000000-71d968021000 rw-p 00000000 00:00 0 
71d968021000-71d96c000000 ---p 00000000 00:00 0 
71d96c000000-71d96c021000 rw-p 00000000 00:00 0 
71d96c021000-71d970000000 ---p 00000000 00:00 0 
71d970000000-71d970278000 rw-p 00000000 00:00 0 
71d970278000-71d974000000 ---p 00000000 00:00 0 
71d974000000-71d974021000 rw-p 00000000 00:00 0 
71d974021000-71d978000000 ---p 00000000 00:00 0 
71d978400000-71d97feb2000 r--s 00000000 00:1c 699895                     /usr/lib/jvm/java-17-openjdk-amd64/lib/modules
71d980000000-71d98005f000 rw-p 00000000 00:00 0 
71d98005f000-71d984000000 ---p 00000000 00:00 0 
71d984000000-71d98404e000 rw-p 00000000 00:00 0 
71d98404e000-71d988000000 ---p 00000000 00:00 0 
71d988000000-71d988021000 rw-p 00000000 00:00 0 
71d988021000-71d98c000000 ---p 00000000 00:00 0 
71d98c000000-71d98c3cc000 rw-p 00000000 00:00 0 
71d98c3cc000-71d990000000 ---p 00000000 00:00 0 
71d990000000-71d9900a6000 rw-p 00000000 00:00 0 
71d9900a6000-71d994000000 ---p 00000000 00:00 0 
71d994000000-71d994021000 rw-p 00000000 00:00 0 
71d994021000-71d998000000 ---p 00000000 00:00 0 
71d998000000-71d998021000 rw-p 00000000 00:00 0 
71d998021000-71d99c000000 ---p 00000000 00:00 0 
71d99c000000-71d99c02e000 rw-p 00000000 00:00 0 
71d99c02e000-71d9a0000000 ---p 00000000 00:00 0 
71d9a0000000-71d9a006b000 rw-p 00000000 00:00 0 
71d9a006b000-71d9a4000000 ---p 00000000 00:00 0 
71d9a4000000-71d9a452b000 rw-p 00000000 00:00 0 
71d9a452b000-71d9a8000000 ---p 00000000 00:00 0 
71d9a8000000-71d9a8021000 rw-p 00000000 00:00 0 
71d9a8021000-71d9ac000000 ---p 00000000 00:00 0 
71d9ac000000-71d9ac021000 rw-p 00000000 00:00 0 
71d9ac021000-71d9b0000000 ---p 00000000 00:00 0 
71d9b0000000-71d9b0021000 rw-p 00000000 00:00 0 
71d9b0021000-71d9b4000000 ---p 00000000 00:00 0 
71d9b4000000-71d9b4081000 rw-p 00000000 00:00 0 
71d9b4081000-71d9b8000000 ---p 00000000 00:00 0 
71d9b8000000-71d9b8021000 rw-p 00000000 00:00 0 
71d9b8021000-71d9bc000000 ---p 00000000 00:00 0 
71d9bc000000-71d9bc021000 rw-p 00000000 00:00 0 
71d9bc021000-71d9c0000000 ---p 00000000 00:00 0 
71d9c0000000-71d9c0021000 rw-p 00000000 00:00 0 
71d9c0021000-71d9c4000000 ---p 00000000 00:00 0 
71d9c4000000-71d9c4021000 rw-p 00000000 00:00 0 
71d9c4021000-71d9c8000000 ---p 00000000 00:00 0 
71d9c8000000-71d9c85be000 rw-p 00000000 00:00 0 
71d9c85be000-71d9cc000000 ---p 00000000 00:00 0 
71d9cc000000-71d9cc021000 rw-p 00000000 00:00 0 
71d9cc021000-71d9d0000000 ---p 00000000 00:00 0 
71d9d0a9c000-71d9d0a9d000 ---p 00000000 00:00 0 
71d9d0a9d000-71d9d0aa1000 ---p 00000000 00:00 0 
71d9d0aa1000-71d9d129d000 rw-p 00000000 00:00 0 
71d9d129d000-71d9d13d7000 r--p 00000000 00:1c 11216658                   /opt/traps/lib/libmoduleng64.so
71d9d13d7000-71d9d15fc000 r-xp 0013a000 00:1c 11216658                   /opt/traps/lib/libmoduleng64.so
71d9d15fc000-71d9d1757000 r--p 0035f000 00:1c 11216658                   /opt/traps/lib/libmoduleng64.so
71d9d1757000-71d9d17f7000 rw-p 004b9000 00:1c 11216658                   /opt/traps/lib/libmoduleng64.so
71d9d17f7000-71d9d1800000 rw-p 00000000 00:00 0 
71d9d1c17000-71d9d1efb000 rw-p 00000000 00:00 0 
71d9d1efb000-71d9d1eff000 ---p 00000000 00:00 0 
71d9d1eff000-71d9d1ffb000 rw-p 00000000 00:00 0 
71d9d1ffb000-71d9d1fff000 ---p 00000000 00:00 0 
71d9d1fff000-71d9d20fb000 rw-p 00000000 00:00 0 
71d9d20fb000-71d9d20ff000 ---p 00000000 00:00 0 
71d9d20ff000-71d9d21fb000 rw-p 00000000 00:00 0 
71d9d21fb000-71d9d21ff000 ---p 00000000 00:00 0 
71d9d21ff000-71d9d22fb000 rw-p 00000000 00:00 0 
71d9d22fb000-71d9d22ff000 ---p 00000000 00:00 0 
71d9d22ff000-71d9d23fb000 rw-p 00000000 00:00 0 
71d9d23fb000-71d9d23ff000 ---p 00000000 00:00 0 
71d9d23ff000-71d9d24fb000 rw-p 00000000 00:00 0 
71d9d24fb000-71d9d24ff000 ---p 00000000 00:00 0 
71d9d24ff000-71d9d25fb000 rw-p 00000000 00:00 0 
71d9d25fb000-71d9d25ff000 ---p 00000000 00:00 0 
71d9d25ff000-71d9d26fb000 rw-p 00000000 00:00 0 
71d9d26fb000-71d9d26ff000 ---p 00000000 00:00 0 
71d9d26ff000-71d9d27fb000 rw-p 00000000 00:00 0 
71d9d27fb000-71d9d27ff000 ---p 00000000 00:00 0 
71d9d27ff000-71d9d28fb000 rw-p 00000000 00:00 0 
71d9d28fb000-71d9d28ff000 ---p 00000000 00:00 0 
71d9d28ff000-71d9d29fb000 rw-p 00000000 00:00 0 
71d9d29fb000-71d9d29ff000 ---p 00000000 00:00 0 
71d9d29ff000-71d9d2afb000 rw-p 00000000 00:00 0 
71d9d2afb000-71d9d2aff000 ---p 00000000 00:00 0 
71d9d2aff000-71d9d2bfb000 rw-p 00000000 00:00 0 
71d9d2bfb000-71d9d2bff000 ---p 00000000 00:00 0 
71d9d2bff000-71d9d2cfb000 rw-p 00000000 00:00 0 
71d9d2cfb000-71d9d2cff000 ---p 00000000 00:00 0 
71d9d2cff000-71d9d2dfb000 rw-p 00000000 00:00 0 
71d9d2dfb000-71d9d2dff000 ---p 00000000 00:00 0 
71d9d2dff000-71d9d2efb000 rw-p 00000000 00:00 0 
71d9d2efb000-71d9d2eff000 ---p 00000000 00:00 0 
71d9d2eff000-71d9d2ffb000 rw-p 00000000 00:00 0 
71d9d2ffb000-71d9d2fff000 ---p 00000000 00:00 0 
71d9d2fff000-71d9d30fb000 rw-p 00000000 00:00 0 
71d9d30fb000-71d9d30ff000 ---p 00000000 00:00 0 
71d9d30ff000-71d9d31fb000 rw-p 00000000 00:00 0 
71d9d31fb000-71d9d31ff000 ---p 00000000 00:00 0 
71d9d31ff000-71d9d32fb000 rw-p 00000000 00:00 0 
71d9d32fb000-71d9d32ff000 ---p 00000000 00:00 0 
71d9d32ff000-71d9d33fb000 rw-p 00000000 00:00 0 
71d9d33fb000-71d9d33fc000 ---p 00000000 00:00 0 
71d9d33fc000-71d9d34fc000 rw-p 00000000 00:00 0 
71d9d34fc000-71d9d3500000 ---p 00000000 00:00 0 
71d9d3500000-71d9d35fc000 rw-p 00000000 00:00 0 
71d9d35fc000-71d9d3600000 ---p 00000000 00:00 0 
71d9d3600000-71d9d36fc000 rw-p 00000000 00:00 0 
71d9d36fc000-71d9d36fd000 ---p 00000000 00:00 0 
71d9d36fd000-71d9d37fd000 rw-p 00000000 00:00 0 
71d9d37fd000-71d9d37fe000 ---p 00000000 00:00 0 
71d9d37fe000-71d9d38fe000 rw-p 00000000 00:00 0 
71d9d38fe000-71d9d3902000 ---p 00000000 00:00 0 
71d9d3902000-71d9d39fe000 rw-p 00000000 00:00 0 
71d9d39fe000-71d9d3a02000 ---p 00000000 00:00 0 
71d9d3a02000-71d9d3afe000 rw-p 00000000 00:00 0 
71d9d3afe000-71d9d3aff000 ---p 00000000 00:00 0 
71d9d3aff000-71d9d3bff000 rw-p 00000000 00:00 0 
71d9d3bff000-71d9d3c03000 ---p 00000000 00:00 0 
71d9d3c03000-71d9d3cff000 rw-p 00000000 00:00 0 
71d9d3cff000-71d9d3d00000 ---p 00000000 00:00 0 
71d9d3d00000-71d9d3e00000 rw-p 00000000 00:00 0 
71d9d3e00000-71d9d3e04000 ---p 00000000 00:00 0 
71d9d3e04000-71d9d3f00000 rw-p 00000000 00:00 0 
71d9d3f00000-71d9d3f04000 ---p 00000000 00:00 0 
71d9d3f04000-71d9d4000000 rw-p 00000000 00:00 0 
71d9d4000000-71d9d402f000 rw-p 00000000 00:00 0 
71d9d402f000-71d9d8000000 ---p 00000000 00:00 0 
71d9d8000000-71d9d8021000 rw-p 00000000 00:00 0 
71d9d8021000-71d9dc000000 ---p 00000000 00:00 0 
71d9dc000000-71d9dc021000 rw-p 00000000 00:00 0 
71d9dc021000-71d9e0000000 ---p 00000000 00:00 0 
71d9e0000000-71d9e0021000 rw-p 00000000 00:00 0 
71d9e0021000-71d9e4000000 ---p 00000000 00:00 0 
71d9e4000000-71d9e4021000 rw-p 00000000 00:00 0 
71d9e4021000-71d9e8000000 ---p 00000000 00:00 0 
71d9e8000000-71d9e8021000 rw-p 00000000 00:00 0 
71d9e8021000-71d9ec000000 ---p 00000000 00:00 0 
71d9ec000000-71d9ec021000 rw-p 00000000 00:00 0 
71d9ec021000-71d9f0000000 ---p 00000000 00:00 0 
71d9f0000000-71d9f0fb2000 rw-p 00000000 00:00 0 
71d9f0fb2000-71d9f4000000 ---p 00000000 00:00 0 
71d9f4000000-71d9f4021000 rw-p 00000000 00:00 0 
71d9f4021000-71d9f8000000 ---p 00000000 00:00 0 
71d9f8000000-71d9f978f000 rw-p 00000000 00:00 0 
71d9f978f000-71d9fc000000 ---p 00000000 00:00 0 
71d9fc000000-71d9fd783000 rw-p 00000000 00:00 0 
71d9fd783000-71da00000000 ---p 00000000 00:00 0 
71da00000000-71da00983000 rw-p 00000000 00:00 0 
71da00983000-71da04000000 ---p 00000000 00:00 0 
71da04000000-71da04021000 rw-p 00000000 00:00 0 
71da04021000-71da08000000 ---p 00000000 00:00 0 
71da08000000-71da08021000 rw-p 00000000 00:00 0 
71da08021000-71da0c000000 ---p 00000000 00:00 0 
71da0c000000-71da0c021000 rw-p 00000000 00:00 0 
71da0c021000-71da10000000 ---p 00000000 00:00 0 
71da10000000-71da10021000 rw-p 00000000 00:00 0 
71da10021000-71da14000000 ---p 00000000 00:00 0 
71da14000000-71da14022000 rw-p 00000000 00:00 0 
71da14022000-71da18000000 ---p 00000000 00:00 0 
71da18000000-71da18021000 rw-p 00000000 00:00 0 
71da18021000-71da1c000000 ---p 00000000 00:00 0 
71da1c000000-71da1c3d0000 rw-p 00000000 00:00 0 
71da1c3d0000-71da1c400000 ---p 00000000 00:00 0 
71da1c400000-71da1d4a0000 rw-p 00000000 00:00 0 
71da1d4a0000-71da20000000 ---p 00000000 00:00 0 
71da20000000-71da20021000 rw-p 00000000 00:00 0 
71da20021000-71da24000000 ---p 00000000 00:00 0 
71da240fc000-71da24100000 ---p 00000000 00:00 0 
71da24100000-71da241fc000 rw-p 00000000 00:00 0 
71da241fc000-71da241fd000 ---p 00000000 00:00 0 
71da241fd000-71da242fd000 rw-p 00000000 00:00 0 
71da242fd000-71da24301000 ---p 00000000 00:00 0 
71da24301000-71da243fd000 rw-p 00000000 00:00 0 
71da243fd000-71da24401000 ---p 00000000 00:00 0 
71da24401000-71da244fd000 rw-p 00000000 00:00 0 
71da244fd000-71da244fe000 ---p 00000000 00:00 0 
71da244fe000-71da245fe000 rw-p 00000000 00:00 0 
71da245fe000-71da245ff000 ---p 00000000 00:00 0 
71da245ff000-71da246ff000 rw-p 00000000 00:00 0 
71da246ff000-71da24700000 ---p 00000000 00:00 0 
71da24700000-71da24800000 rw-p 00000000 00:00 0 
71da24800000-71da24804000 ---p 00000000 00:00 0 
71da24804000-71da24900000 rw-p 00000000 00:00 0 
71da24900000-71da24904000 ---p 00000000 00:00 0 
71da24904000-71da24a00000 rw-p 00000000 00:00 0 
71da24a00000-71da24a04000 ---p 00000000 00:00 0 
71da24a04000-71da24b00000 rw-p 00000000 00:00 0 
71da24b00000-71da24b04000 ---p 00000000 00:00 0 
71da24b04000-71da24c00000 rw-p 00000000 00:00 0 
71da24c00000-71da24c04000 ---p 00000000 00:00 0 
71da24c04000-71da24d00000 rw-p 00000000 00:00 0 
71da24d00000-71da24d04000 ---p 00000000 00:00 0 
71da24d04000-71da24e00000 rw-p 00000000 00:00 0 
71da24e00000-71da24e04000 ---p 00000000 00:00 0 
71da24e04000-71da24f00000 rw-p 00000000 00:00 0 
71da24f00000-71da24f04000 ---p 00000000 00:00 0 
71da24f04000-71da25000000 rw-p 00000000 00:00 0 
71da25000000-71da25004000 ---p 00000000 00:00 0 
71da25004000-71da25100000 rw-p 00000000 00:00 0 
71da25100000-71da25104000 ---p 00000000 00:00 0 
71da25104000-71da25200000 rw-p 00000000 00:00 0 
71da25200000-71da25775000 r--p 00000000 00:1c 234016                     /usr/lib/locale/locale-archive
71da257f9000-71da257fd000 ---p 00000000 00:00 0 
71da257fd000-71da258f9000 rw-p 00000000 00:00 0 
71da258f9000-71da258fa000 ---p 00000000 00:00 0 
71da258fa000-71da259fa000 rw-p 00000000 00:00 0 
71da259fa000-71da26000000 rw-p 00000000 00:00 0 
71da26000000-71da26ca0000 rw-p 00001000 00:1c 249196                     /usr/lib/jvm/java-21-openjdk-amd64/lib/server/classes.jsa
71da26ca0000-71da2bb28000 rw-p 00001000 00:1c 12420846                   /home/mulroney/.config/Code/User/globalStorage/redhat.java/1.46.2025100108/jdtls.jsa
71da2bb28000-71da2c000000 ---p 00000000 00:00 0 
71da2c000000-71da2c040000 rw-p 00000000 00:00 0 
71da2c040000-71da2c060000 rw-p 00000000 00:00 0 
71da2c060000-71da2c080000 ---p 00000000 00:00 0 
71da2c080000-71da2c290000 rw-p 00000000 00:00 0 
71da2c290000-71da6c000000 ---p 00000000 00:00 0 
71da6c000000-71da70021000 rw-p 00000000 00:00 0 
71da70021000-71da74000000 ---p 00000000 00:00 0 
71da740f9000-71da74800000 rw-p 00000000 00:00 0 
71da74800000-71da75a40000 rwxp 00000000 00:00 0 
71da75a40000-71da7bd37000 ---p 00000000 00:00 0 
71da7bd37000-71da7bfa7000 rwxp 00000000 00:00 0 
71da7bfa7000-71da7c2c9000 ---p 00000000 00:00 0 
71da7c2c9000-71da7c7a9000 rwxp 00000000 00:00 0 
71da7c7a9000-71da83800000 ---p 00000000 00:00 0 
71da83800000-71da8be2a000 r--s 00000000 00:1c 249192                     /usr/lib/jvm/java-21-openjdk-amd64/lib/modules
71da8be7e000-71da8bea1000 rw-p 00000000 00:00 0 
71da8becf000-71da8c4e5000 rw-p 00000000 00:00 0 
71da8c4e5000-71da90000000 ---p 00000000 00:00 0 
71da9000e000-71da9001e000 rw-p 00000000 00:00 0 
71da9001e000-71da90023000 r--p 00000000 00:1c 249176                     /usr/lib/jvm/java-21-openjdk-amd64/lib/libjsvml.so
71da90023000-71da90064000 r-xp 00005000 00:1c 249176                     /usr/lib/jvm/java-21-openjdk-amd64/lib/libjsvml.so
71da90064000-71da900ed000 r--p 00046000 00:1c 249176                     /usr/lib/jvm/java-21-openjdk-amd64/lib/libjsvml.so
71da900ed000-71da900ee000 r--p 000ce000 00:1c 249176                     /usr/lib/jvm/java-21-openjdk-amd64/lib/libjsvml.so
71da900ee000-71da900ef000 rw-p 000cf000 00:1c 249176                     /usr/lib/jvm/java-21-openjdk-amd64/lib/libjsvml.so
71da900ef000-71da910ff000 rw-p 00000000 00:00 0 
71da910ff000-71da91100000 ---p 00000000 00:00 0 
71da91100000-71da91200000 rw-p 00000000 00:00 0 
71da91200000-71da91600000 rw-p 00000000 00:00 0 
71da91638000-71da91648000 rw-p 00000000 00:00 0 
71da91678000-71da9167c000 r--p 00000000 00:1c 12413670                   /home/mulroney/.config/Code/User/globalStorage/redhat.java/1.46.2025100108/config_linux/org.eclipse.equinox.launcher/org.eclipse.equinox.launcher.gtk.linux.x86_64_1.2.1500.v20250801-0854/eclipse_11916.so
71da9167c000-71da91686000 r-xp 00004000 00:1c 12413670                   /home/mulroney/.config/Code/User/globalStorage/redhat.java/1.46.2025100108/config_linux/org.eclipse.equinox.launcher/org.eclipse.equinox.launcher.gtk.linux.x86_64_1.2.1500.v20250801-0854/eclipse_11916.so
71da91686000-71da91689000 r--p 0000e000 00:1c 12413670                   /home/mulroney/.config/Code/User/globalStorage/redhat.java/1.46.2025100108/config_linux/org.eclipse.equinox.launcher/org.eclipse.equinox.launcher.gtk.linux.x86_64_1.2.1500.v20250801-0854/eclipse_11916.so
71da91689000-71da9168a000 r--p 00010000 00:1c 12413670                   /home/mulroney/.config/Code/User/globalStorage/redhat.java/1.46.2025100108/config_linux/org.eclipse.equinox.launcher/org.eclipse.equinox.launcher.gtk.linux.x86_64_1.2.1500.v20250801-0854/eclipse_11916.so
71da9168a000-71da9168b000 rw-p 00011000 00:1c 12413670                   /home/mulroney/.config/Code/User/globalStorage/redhat.java/1.46.2025100108/config_linux/org.eclipse.equinox.launcher/org.eclipse.equinox.launcher.gtk.linux.x86_64_1.2.1500.v20250801-0854/eclipse_11916.so
71da9168b000-71da9178a000 rw-p 00000000 00:00 0 
71da9178a000-71da91a13000 ---p 00000000 00:00 0 
71da91a13000-71da91a14000 ---p 00000000 00:00 0 
71da91a14000-71da91b14000 rw-p 00000000 00:00 0 
71da91b14000-71da91b36000 rw-p 00000000 00:00 0 
71da91b36000-71da91dbe000 ---p 00000000 00:00 0 
71da91dbe000-71da91dcc000 rw-p 00000000 00:00 0 
71da91dcc000-71da91f15000 ---p 00000000 00:00 0 
71da91f15000-71da91f1f000 rw-p 00000000 00:00 0 
71da91f1f000-71da92000000 ---p 00000000 00:00 0 
71da92000000-71da928d4000 r--s 00000000 00:1c 12300971                   /var/lib/sss/mc/passwd
71da928d9000-71da928e0000 r--s 00000000 00:1c 223649                     /usr/lib/x86_64-linux-gnu/gconv/gconv-modules.cache
71da928e0000-71da928e4000 r--p 00000000 00:1c 249190                     /usr/lib/jvm/java-21-openjdk-amd64/lib/libverify.so
71da928e4000-71da928eb000 r-xp 00004000 00:1c 249190                     /usr/lib/jvm/java-21-openjdk-amd64/lib/libverify.so
71da928eb000-71da928ed000 r--p 0000b000 00:1c 249190                     /usr/lib/jvm/java-21-openjdk-amd64/lib/libverify.so
71da928ed000-71da928ef000 r--p 0000c000 00:1c 249190                     /usr/lib/jvm/java-21-openjdk-amd64/lib/libverify.so
71da928ef000-71da928f0000 rw-p 0000e000 00:1c 249190                     /usr/lib/jvm/java-21-openjdk-amd64/lib/libverify.so
71da928f0000-71da928f3000 r--p 00000000 00:1c 249183                     /usr/lib/jvm/java-21-openjdk-amd64/lib/libnet.so
71da928f3000-71da928fb000 r-xp 00003000 00:1c 249183                     /usr/lib/jvm/java-21-openjdk-amd64/lib/libnet.so
71da928fb000-71da928fd000 r--p 0000b000 00:1c 249183                     /usr/lib/jvm/java-21-openjdk-amd64/lib/libnet.so
71da928fd000-71da928fe000 r--p 0000c000 00:1c 249183                     /usr/lib/jvm/java-21-openjdk-amd64/lib/libnet.so
71da928fe000-71da928ff000 rw-p 0000d000 00:1c 249183                     /usr/lib/jvm/java-21-openjdk-amd64/lib/libnet.so
71da928ff000-71da92906000 r--p 00000000 00:1c 249184                     /usr/lib/jvm/java-21-openjdk-amd64/lib/libnio.so
71da92906000-71da9290f000 r-xp 00007000 00:1c 249184                     /usr/lib/jvm/java-21-openjdk-amd64/lib/libnio.so
71da9290f000-71da92913000 r--p 00010000 00:1c 249184                     /usr/lib/jvm/java-21-openjdk-amd64/lib/libnio.so
71da92913000-71da92914000 r--p 00014000 00:1c 249184                     /usr/lib/jvm/java-21-openjdk-amd64/lib/libnio.so
71da92914000-71da92915000 rw-p 00015000 00:1c 249184                     /usr/lib/jvm/java-21-openjdk-amd64/lib/libnio.so
71da92915000-71da9293a000 rw-p 00000000 00:00 0 
71da9293a000-71da92a00000 ---p 00000000 00:00 0 
71da92a00000-71da92a9d000 r--p 00000000 00:1c 15146                      /usr/lib/x86_64-linux-gnu/libstdc++.so.6.0.33
71da92a9d000-71da92be5000 r-xp 0009d000 00:1c 15146                      /usr/lib/x86_64-linux-gnu/libstdc++.so.6.0.33
71da92be5000-71da92c6c000 r--p 001e5000 00:1c 15146                      /usr/lib/x86_64-linux-gnu/libstdc++.so.6.0.33
71da92c6c000-71da92c77000 r--p 0026b000 00:1c 15146                      /usr/lib/x86_64-linux-gnu/libstdc++.so.6.0.33
71da92c77000-71da92c7a000 rw-p 00276000 00:1c 15146                      /usr/lib/x86_64-linux-gnu/libstdc++.so.6.0.33
71da92c7a000-71da92c7e000 rw-p 00000000 00:00 0 
71da92c89000-71da92cf2000 rw-p 00000000 00:00 0 
71da92cf2000-71da92cf4000 r--p 00000000 00:1c 178687                     /usr/lib/x86_64-linux-gnu/libnss_sss.so.2
71da92cf4000-71da92cfc000 r-xp 00002000 00:1c 178687                     /usr/lib/x86_64-linux-gnu/libnss_sss.so.2
71da92cfc000-71da92cfe000 r--p 0000a000 00:1c 178687                     /usr/lib/x86_64-linux-gnu/libnss_sss.so.2
71da92cfe000-71da92cff000 r--p 0000b000 00:1c 178687                     /usr/lib/x86_64-linux-gnu/libnss_sss.so.2
71da92cff000-71da92d00000 rw-p 0000c000 00:1c 178687                     /usr/lib/x86_64-linux-gnu/libnss_sss.so.2
71da92d00000-71da92d04000 ---p 00000000 00:00 0 
71da92d04000-71da92e00000 rw-p 00000000 00:00 0 
71da92e00000-71da930a2000 r--p 00000000 00:1c 249199                     /usr/lib/jvm/java-21-openjdk-amd64/lib/server/libjvm.so
71da930a2000-71da93f17000 r-xp 002a2000 00:1c 249199                     /usr/lib/jvm/java-21-openjdk-amd64/lib/server/libjvm.so
71da93f17000-71da941f1000 r--p 01117000 00:1c 249199                     /usr/lib/jvm/java-21-openjdk-amd64/lib/server/libjvm.so
71da941f1000-71da942c5000 r--p 013f0000 00:1c 249199                     /usr/lib/jvm/java-21-openjdk-amd64/lib/server/libjvm.so
71da942c5000-71da942f5000 rw-p 014c4000 00:1c 249199                     /usr/lib/jvm/java-21-openjdk-amd64/lib/server/libjvm.so
71da942f5000-71da9435b000 rw-p 00000000 00:00 0 
71da9435e000-71da9435f000 r--p 00000000 00:1c 223662                     /usr/lib/x86_64-linux-gnu/libdl.so.2
71da9435f000-71da94360000 r-xp 00001000 00:1c 223662                     /usr/lib/x86_64-linux-gnu/libdl.so.2
71da94360000-71da94361000 r--p 00002000 00:1c 223662                     /usr/lib/x86_64-linux-gnu/libdl.so.2
71da94361000-71da94362000 r--p 00002000 00:1c 223662                     /usr/lib/x86_64-linux-gnu/libdl.so.2
71da94362000-71da94363000 rw-p 00003000 00:1c 223662                     /usr/lib/x86_64-linux-gnu/libdl.so.2
71da94363000-71da9436b000 r--p 00000000 00:1c 11647307                   /usr/lib/x86_64-linux-gnu/libnss_systemd.so.2
71da9436b000-71da943aa000 r-xp 00008000 00:1c 11647307                   /usr/lib/x86_64-linux-gnu/libnss_systemd.so.2
71da943aa000-71da943ba000 r--p 00047000 00:1c 11647307                   /usr/lib/x86_64-linux-gnu/libnss_systemd.so.2
71da943ba000-71da943be000 r--p 00056000 00:1c 11647307                   /usr/lib/x86_64-linux-gnu/libnss_systemd.so.2
71da943be000-71da943bf000 rw-p 0005a000 00:1c 11647307                   /usr/lib/x86_64-linux-gnu/libnss_systemd.so.2
71da943c0000-71da943c1000 r--p 00000000 00:1c 223672                     /usr/lib/x86_64-linux-gnu/libpthread.so.0
71da943c1000-71da943c2000 r-xp 00001000 00:1c 223672                     /usr/lib/x86_64-linux-gnu/libpthread.so.0
71da943c2000-71da943c3000 r--p 00002000 00:1c 223672                     /usr/lib/x86_64-linux-gnu/libpthread.so.0
71da943c3000-71da943c4000 r--p 00002000 00:1c 223672                     /usr/lib/x86_64-linux-gnu/libpthread.so.0
71da943c4000-71da943c5000 rw-p 00003000 00:1c 223672                     /usr/lib/x86_64-linux-gnu/libpthread.so.0
71da943c5000-71da943c7000 r--p 00000000 00:1c 249191                     /usr/lib/jvm/java-21-openjdk-amd64/lib/libzip.so
71da943c7000-71da943cc000 r-xp 00002000 00:1c 249191                     /usr/lib/jvm/java-21-openjdk-amd64/lib/libzip.so
71da943cc000-71da943ce000 r--p 00007000 00:1c 249191                     /usr/lib/jvm/java-21-openjdk-amd64/lib/libzip.so
71da943ce000-71da943cf000 r--p 00008000 00:1c 249191                     /usr/lib/jvm/java-21-openjdk-amd64/lib/libzip.so
71da943cf000-71da943d0000 rw-p 00009000 00:1c 249191                     /usr/lib/jvm/java-21-openjdk-amd64/lib/libzip.so
71da943d0000-71da943d5000 rw-p 00000000 00:00 0 
71da943d5000-71da943dc000 ---p 00000000 00:00 0 
71da943dc000-71da943e9000 r--p 00000000 00:1c 249169                     /usr/lib/jvm/java-21-openjdk-amd64/lib/libjava.so
71da943e9000-71da943f8000 r-xp 0000d000 00:1c 249169                     /usr/lib/jvm/java-21-openjdk-amd64/lib/libjava.so
71da943f8000-71da943fd000 r--p 0001c000 00:1c 249169                     /usr/lib/jvm/java-21-openjdk-amd64/lib/libjava.so
71da943fd000-71da943fe000 r--p 00021000 00:1c 249169                     /usr/lib/jvm/java-21-openjdk-amd64/lib/libjava.so
71da943fe000-71da943ff000 rw-p 00022000 00:1c 249169                     /usr/lib/jvm/java-21-openjdk-amd64/lib/libjava.so
71da943ff000-71da94400000 rw-p 00000000 00:00 0 
71da94400000-71da94428000 r--p 00000000 00:1c 223660                     /usr/lib/x86_64-linux-gnu/libc.so.6
71da94428000-71da94516000 r-xp 00028000 00:1c 223660                     /usr/lib/x86_64-linux-gnu/libc.so.6
71da94516000-71da94517000 r-xp 00116000 00:1c 223660                     /usr/lib/x86_64-linux-gnu/libc.so.6
71da94517000-71da945b0000 r-xp 00117000 00:1c 223660                     /usr/lib/x86_64-linux-gnu/libc.so.6
71da945b0000-71da945ff000 r--p 001b0000 00:1c 223660                     /usr/lib/x86_64-linux-gnu/libc.so.6
71da945ff000-71da94603000 r--p 001fe000 00:1c 223660                     /usr/lib/x86_64-linux-gnu/libc.so.6
71da94603000-71da94605000 rw-p 00202000 00:1c 223660                     /usr/lib/x86_64-linux-gnu/libc.so.6
71da94605000-71da94612000 rw-p 00000000 00:00 0 
71da94614000-71da9461c000 rw-s 00000000 00:1c 12425326                   /tmp/hsperfdata_mulroney/769874
71da9461c000-71da9461f000 r--p 00000000 00:1c 14631                      /usr/lib/x86_64-linux-gnu/libcap.so.2.66
71da9461f000-71da94625000 r-xp 00003000 00:1c 14631                      /usr/lib/x86_64-linux-gnu/libcap.so.2.66
71da94625000-71da94627000 r--p 00009000 00:1c 14631                      /usr/lib/x86_64-linux-gnu/libcap.so.2.66
71da94627000-71da94628000 r--p 0000b000 00:1c 14631                      /usr/lib/x86_64-linux-gnu/libcap.so.2.66
71da94628000-71da94629000 rw-p 0000c000 00:1c 14631                      /usr/lib/x86_64-linux-gnu/libcap.so.2.66
71da94629000-71da9462d000 r--p 00000000 00:1c 14753                      /usr/lib/x86_64-linux-gnu/libgcc_s.so.1
71da9462d000-71da94651000 r-xp 00004000 00:1c 14753                      /usr/lib/x86_64-linux-gnu/libgcc_s.so.1
71da94651000-71da94655000 r--p 00028000 00:1c 14753                      /usr/lib/x86_64-linux-gnu/libgcc_s.so.1
71da94655000-71da94656000 r--p 0002b000 00:1c 14753                      /usr/lib/x86_64-linux-gnu/libgcc_s.so.1
71da94656000-71da94657000 rw-p 0002c000 00:1c 14753                      /usr/lib/x86_64-linux-gnu/libgcc_s.so.1
71da94657000-71da94667000 r--p 00000000 00:1c 223663                     /usr/lib/x86_64-linux-gnu/libm.so.6
71da94667000-71da946e6000 r-xp 00010000 00:1c 223663                     /usr/lib/x86_64-linux-gnu/libm.so.6
71da946e6000-71da9473e000 r--p 0008f000 00:1c 223663                     /usr/lib/x86_64-linux-gnu/libm.so.6
71da9473e000-71da9473f000 r--p 000e7000 00:1c 223663                     /usr/lib/x86_64-linux-gnu/libm.so.6
71da9473f000-71da94740000 rw-p 000e8000 00:1c 223663                     /usr/lib/x86_64-linux-gnu/libm.so.6
71da94740000-71da94742000 rw-p 00000000 00:00 0 
71da94742000-71da94744000 r--p 00000000 00:1c 249173                     /usr/lib/jvm/java-21-openjdk-amd64/lib/libjli.so
71da94744000-71da9474e000 r-xp 00002000 00:1c 249173                     /usr/lib/jvm/java-21-openjdk-amd64/lib/libjli.so
71da9474e000-71da94751000 r--p 0000c000 00:1c 249173                     /usr/lib/jvm/java-21-openjdk-amd64/lib/libjli.so
71da94751000-71da94752000 r--p 0000f000 00:1c 249173                     /usr/lib/jvm/java-21-openjdk-amd64/lib/libjli.so
71da94752000-71da94753000 rw-p 00010000 00:1c 249173                     /usr/lib/jvm/java-21-openjdk-amd64/lib/libjli.so
71da94753000-71da94755000 r--p 00000000 00:1c 15279                      /usr/lib/x86_64-linux-gnu/libz.so.1.3
71da94755000-71da94767000 r-xp 00002000 00:1c 15279                      /usr/lib/x86_64-linux-gnu/libz.so.1.3
71da94767000-71da9476d000 r--p 00014000 00:1c 15279                      /usr/lib/x86_64-linux-gnu/libz.so.1.3
71da9476d000-71da9476e000 r--p 0001a000 00:1c 15279                      /usr/lib/x86_64-linux-gnu/libz.so.1.3
71da9476e000-71da9476f000 rw-p 0001b000 00:1c 15279                      /usr/lib/x86_64-linux-gnu/libz.so.1.3
71da94772000-71da94773000 r-xp 00000000 00:00 0 
71da94773000-71da94774000 r--p 00000000 00:1c 85225                      /usr/share/locale-langpack/en_GB/LC_MESSAGES/libc.mo
71da94774000-71da94776000 r--p 00000000 00:1c 249164                     /usr/lib/jvm/java-21-openjdk-amd64/lib/libinstrument.so
71da94776000-71da9477c000 r-xp 00002000 00:1c 249164                     /usr/lib/jvm/java-21-openjdk-amd64/lib/libinstrument.so
71da9477c000-71da9477f000 r--p 00008000 00:1c 249164                     /usr/lib/jvm/java-21-openjdk-amd64/lib/libinstrument.so
71da9477f000-71da94780000 r--p 0000a000 00:1c 249164                     /usr/lib/jvm/java-21-openjdk-amd64/lib/libinstrument.so
71da94780000-71da94781000 rw-p 0000b000 00:1c 249164                     /usr/lib/jvm/java-21-openjdk-amd64/lib/libinstrument.so
71da94781000-71da94782000 ---p 00000000 00:00 0 
71da94782000-71da94783000 r--p 00000000 00:00 0 
71da94783000-71da94784000 ---p 00000000 00:00 0 
71da94784000-71da94786000 r--p 00000000 00:1c 249172                     /usr/lib/jvm/java-21-openjdk-amd64/lib/libjimage.so
71da94786000-71da94789000 r-xp 00002000 00:1c 249172                     /usr/lib/jvm/java-21-openjdk-amd64/lib/libjimage.so
71da94789000-71da9478a000 r--p 00005000 00:1c 249172                     /usr/lib/jvm/java-21-openjdk-amd64/lib/libjimage.so
71da9478a000-71da9478b000 r--p 00006000 00:1c 249172                     /usr/lib/jvm/java-21-openjdk-amd64/lib/libjimage.so
71da9478b000-71da9478c000 rw-p 00007000 00:1c 249172                     /usr/lib/jvm/java-21-openjdk-amd64/lib/libjimage.so
71da9478c000-71da9478e000 rw-p 00000000 00:00 0 
71da9478e000-71da94790000 r--p 00000000 00:00 0                          [vvar]
71da94790000-71da94792000 r--p 00000000 00:00 0                          [vvar_vclock]
71da94792000-71da94794000 r-xp 00000000 00:00 0                          [vdso]
71da94794000-71da94795000 r--p 00000000 00:1c 223657                     /usr/lib/x86_64-linux-gnu/ld-linux-x86-64.so.2
71da94795000-71da947c0000 r-xp 00001000 00:1c 223657                     /usr/lib/x86_64-linux-gnu/ld-linux-x86-64.so.2
71da947c0000-71da947ca000 r--p 0002c000 00:1c 223657                     /usr/lib/x86_64-linux-gnu/ld-linux-x86-64.so.2
71da947ca000-71da947cc000 r--p 00036000 00:1c 223657                     /usr/lib/x86_64-linux-gnu/ld-linux-x86-64.so.2
71da947cc000-71da947ce000 rw-p 00038000 00:1c 223657                     /usr/lib/x86_64-linux-gnu/ld-linux-x86-64.so.2
7ffec9503000-7ffec9525000 rw-p 00000000 00:00 0                          [stack]
ffffffffff600000-ffffffffff601000 --xp 00000000 00:00 0                  [vsyscall]
Total number of mappings: 411

JVMTI agents:
/home/mulroney/.vscode/extensions/redhat.java-1.46.2025100108/lombok/lombok-1.18.39-4050.jar path:none, loaded, initialized, instrumentlib options:none


VM Arguments:
jvm_args: --add-modules=ALL-SYSTEM --add-opens=java.base/java.util=ALL-UNNAMED --add-opens=java.base/java.lang=ALL-UNNAMED --add-opens=java.base/sun.nio.fs=ALL-UNNAMED -Declipse.application=org.eclipse.jdt.ls.core.id1 -Dosgi.bundles.defaultStartLevel=4 -Declipse.product=org.eclipse.jdt.ls.core.product -Djava.import.generatesMetadataFilesAtProjectRoot=false -DDetectVMInstallationsJob.disabled=true -Dfile.encoding=utf8 -XX:+UseParallelGC -XX:GCTimeRatio=4 -XX:AdaptiveSizePolicyWeight=90 -Dsun.zip.disableMemoryMapping=true -Xmx2G -Xms100m -Xlog:disable -javaagent:/home/mulroney/.vscode/extensions/redhat.java-1.46.2025100108/lombok/lombok-1.18.39-4050.jar -XX:+HeapDumpOnOutOfMemoryError -XX:HeapDumpPath=/home/mulroney/.config/Code/User/workspaceStorage/12b0b9412c28d26dad82d985a9a21889/redhat.java -Daether.dependencyCollector.impl=bf -XX:+UnlockDiagnosticVMOptions -XX:+AllowArchivingWithJavaAgent -XX:+AutoCreateSharedArchive -XX:SharedArchiveFile=/home/mulroney/.config/Code/User/globalStorage/redhat.java/1.46.2025100108/jdtls.jsa 
java_command: /home/mulroney/.vscode/extensions/redhat.java-1.46.2025100108/server/plugins/org.eclipse.equinox.launcher_1.7.0.v20250519-0528.jar -configuration /home/mulroney/.config/Code/User/globalStorage/redhat.java/1.46.2025100108/config_linux -data /home/mulroney/.config/Code/User/workspaceStorage/12b0b9412c28d26dad82d985a9a21889/redhat.java/jdt_ws --pipe=/run/user/226300/lsp-9020d17e6e7ca3faa8fcb18694407df1.sock
java_class_path (initial): /home/mulroney/.vscode/extensions/redhat.java-1.46.2025100108/server/plugins/org.eclipse.equinox.launcher_1.7.0.v20250519-0528.jar
Launcher Type: SUN_STANDARD

[Global flags]
    uintx AdaptiveSizePolicyWeight                 = 90                                        {product} {command line}
     bool AllowArchivingWithJavaAgent              = true                             {JVMCI diagnostic} {command line}
     bool AutoCreateSharedArchive                  = false                               {JVMCI product} {command line}
     intx CICompilerCount                          = 4                                         {product} {ergonomic}
    uintx GCTimeRatio                              = 4                                         {product} {command line}
     bool HeapDumpOnOutOfMemoryError               = true                                   {manageable} {command line}
    ccstr HeapDumpPath                             = /home/mulroney/.config/Code/User/workspaceStorage/12b0b9412c28d26dad82d985a9a21889/redhat.java         {manageable} {command line}
   size_t InitialHeapSize                          = 104857600                                 {product} {command line}
   size_t MaxHeapSize                              = 2147483648                                {product} {command line}
   size_t MaxNewSize                               = 715653120                                 {product} {ergonomic}
   size_t MinHeapDeltaBytes                        = 524288                                    {product} {ergonomic}
   size_t MinHeapSize                              = 104857600                                 {product} {command line}
   size_t NewSize                                  = 34603008                                  {product} {ergonomic}
    uintx NonNMethodCodeHeapSize                   = 5839372                                {pd product} {ergonomic}
    uintx NonProfiledCodeHeapSize                  = 122909434                              {pd product} {ergonomic}
   size_t OldSize                                  = 70254592                                  {product} {ergonomic}
    uintx ProfiledCodeHeapSize                     = 122909434                              {pd product} {ergonomic}
    uintx ReservedCodeCacheSize                    = 251658240                              {pd product} {ergonomic}
     bool SegmentedCodeCache                       = true                                      {product} {ergonomic}
    ccstr SharedArchiveFile                        = /home/mulroney/.config/Code/User/globalStorage/redhat.java/1.46.2025100108/jdtls.jsa      {JVMCI product} {command line}
   size_t SoftMaxHeapSize                          = 2147483648                             {manageable} {ergonomic}
     bool THPStackMitigation                       = false                                  {diagnostic} {ergonomic}
     bool UnlockDiagnosticVMOptions                = true                                   {diagnostic} {command line}
     bool UseCompressedOops                        = true                           {product lp64_product} {ergonomic}
     bool UseParallelGC                            = true                                      {product} {command line}

Logging:
Log output configuration:
 #0: stdout all=off uptime,level,tags foldmultilines=false
 #1: stderr all=off uptime,level,tags foldmultilines=false

Environment Variables:
JAVA_HOME=/usr/lib/jvm/java-21-openjdk-amd64
PATH=/usr/local/sbin:/usr/local/bin:/usr/sbin:/usr/bin:/sbin:/bin:/usr/games:/usr/local/games:/snap/bin:/snap/bin
USERNAME=mulroney
SHELL=/bin/bash
DISPLAY=:0
LANG=en_GB.UTF-8

Active Locale:
LC_ALL=en_GB.UTF-8
LC_COLLATE=en_GB.UTF-8
LC_CTYPE=en_GB.UTF-8
LC_MESSAGES=en_GB.UTF-8
LC_MONETARY=en_GB.UTF-8
LC_NUMERIC=en_GB.UTF-8
LC_TIME=en_GB.UTF-8

Signal Handlers:
   SIGSEGV: crash_handler in libjvm.so, mask=11100100010111111101111111111110, flags=SA_RESTART|SA_SIGINFO, unblocked
    SIGBUS: crash_handler in libjvm.so, mask=11100100010111111101111111111110, flags=SA_RESTART|SA_SIGINFO, unblocked
    SIGFPE: crash_handler in libjvm.so, mask=11100100010111111101111111111110, flags=SA_RESTART|SA_SIGINFO, unblocked
   SIGPIPE: javaSignalHandler in libjvm.so, mask=11100100010111111101111111111110, flags=SA_RESTART|SA_SIGINFO, blocked
   SIGXFSZ: javaSignalHandler in libjvm.so, mask=11100100010111111101111111111110, flags=SA_RESTART|SA_SIGINFO, blocked
    SIGILL: crash_handler in libjvm.so, mask=11100100010111111101111111111110, flags=SA_RESTART|SA_SIGINFO, unblocked
   SIGUSR2: SR_handler in libjvm.so, mask=00000000000000000000000000000000, flags=SA_RESTART|SA_SIGINFO, blocked
    SIGHUP: UserHandler in libjvm.so, mask=11100100010111111101111111111110, flags=SA_RESTART|SA_SIGINFO, blocked
    SIGINT: UserHandler in libjvm.so, mask=11100100010111111101111111111110, flags=SA_RESTART|SA_SIGINFO, blocked
   SIGTERM: UserHandler in libjvm.so, mask=11100100010111111101111111111110, flags=SA_RESTART|SA_SIGINFO, blocked
   SIGQUIT: UserHandler in libjvm.so, mask=11100100010111111101111111111110, flags=SA_RESTART|SA_SIGINFO, blocked
   SIGTRAP: crash_handler in libjvm.so, mask=11100100010111111101111111111110, flags=SA_RESTART|SA_SIGINFO, unblocked


Periodic native trim disabled

---------------  S Y S T E M  ---------------

OS:
DISTRIB_ID=Ubuntu
DISTRIB_RELEASE=24.04
DISTRIB_CODENAME=noble
DISTRIB_DESCRIPTION="Ubuntu 24.04.3 LTS"
uname: Linux 6.14.0-35-generic #35~24.04.1-Ubuntu SMP PREEMPT_DYNAMIC Tue Oct 14 13:55:17 UTC 2 x86_64
OS uptime: 0 days 12:37 hours
libc: glibc 2.39 NPTL 2.39 
rlimit (soft/hard): STACK 8192k/infinity , CORE 0k/infinity , NPROC 61848/61848 , NOFILE 1048576/1048576 , AS infinity/infinity , CPU infinity/infinity , DATA infinity/infinity , FSIZE infinity/infinity , MEMLOCK 2006032k/2006032k
load average: 3.55 2.01 1.18

/proc/meminfo:
MemTotal:       16048256 kB
MemFree:          547008 kB
MemAvailable:    8321776 kB
Buffers:            7700 kB
Cached:          7978368 kB
SwapCached:            0 kB
Active:          4222240 kB
Inactive:        8353428 kB
Active(anon):    3163368 kB
Inactive(anon):  2567852 kB
Active(file):    1058872 kB
Inactive(file):  5785576 kB
Unevictable:      841744 kB
Mlocked:              20 kB
SwapTotal:             0 kB
SwapFree:              0 kB
Zswap:                 0 kB
Zswapped:              0 kB
Dirty:              3136 kB
Writeback:             0 kB
AnonPages:       5431860 kB
Mapped:          1550672 kB
Shmem:           1141632 kB
KReclaimable:    1283476 kB
Slab:            1734928 kB
SReclaimable:    1283476 kB
SUnreclaim:       451452 kB
KernelStack:       42352 kB
PageTables:       107240 kB
SecPageTables:      5968 kB
NFS_Unstable:          0 kB
Bounce:                0 kB
WritebackTmp:          0 kB
CommitLimit:     8024128 kB
Committed_AS:   61624512 kB
VmallocTotal:   34359738367 kB
VmallocUsed:      109532 kB
VmallocChunk:          0 kB
Percpu:            13056 kB
HardwareCorrupted:     0 kB
AnonHugePages:         0 kB
ShmemHugePages:        0 kB
ShmemPmdMapped:        0 kB
FileHugePages:         0 kB
FilePmdMapped:         0 kB
Unaccepted:            0 kB
HugePages_Total:       0
HugePages_Free:        0
HugePages_Rsvd:        0
HugePages_Surp:        0
Hugepagesize:       2048 kB
Hugetlb:               0 kB
DirectMap4k:      405476 kB
DirectMap2M:     8706048 kB
DirectMap1G:     7340032 kB

/sys/kernel/mm/transparent_hugepage/enabled: always [madvise] never
/sys/kernel/mm/transparent_hugepage/hpage_pmd_size: 2097152
/sys/kernel/mm/transparent_hugepage/defrag (defrag/compaction efforts parameter): always defer defer+madvise [madvise] never

Process Memory:
Virtual Size: 7652040K (peak: 7700412K)
Resident Set Size: 350660K (peak: 350660K) (anon: 306084K, file: 44576K, shmem: 0K)
Swapped out: 0K
C-Heap outstanding allocations: 93872K, retained: 42811K
glibc malloc tunables: (default)

/proc/sys/kernel/threads-max (system-wide limit on the number of threads): 123696
/proc/sys/vm/max_map_count (maximum number of memory map areas a process may have): 1048576
/proc/sys/vm/swappiness (control to define how aggressively the kernel swaps out anonymous memory): 60
/proc/sys/kernel/pid_max (system-wide limit on number of process identifiers): 4194304

container information not found.
Steal ticks since vm start: 0
Steal ticks percentage since vm start:  0.000

CPU: total 12 (initial active 12) (6 cores per cpu, 2 threads per core) family 6 model 151 stepping 5 microcode 0x3a, cx8, cmov, fxsr, ht, mmx, 3dnowpref, sse, sse2, sse3, ssse3, sse4.1, sse4.2, popcnt, lzcnt, tsc, tscinvbit, avx, avx2, aes, erms, clmul, bmi1, bmi2, adx, sha, fma, vzeroupper, clflush, clflushopt, clwb, serialize, rdtscp, rdpid, fsrm, f16c, pku, ospke, cet_ibt, cet_ss
CPU Model and flags from /proc/cpuinfo:
model name	: 12th Gen Intel(R) Core(TM) i5-12500T
flags		: fpu vme de pse tsc msr pae mce cx8 apic sep mtrr pge mca cmov pat pse36 clflush dts acpi mmx fxsr sse sse2 ss ht tm pbe syscall nx pdpe1gb rdtscp lm constant_tsc art arch_perfmon pebs bts rep_good nopl xtopology nonstop_tsc cpuid aperfmperf tsc_known_freq pni pclmulqdq dtes64 monitor ds_cpl vmx smx est tm2 ssse3 sdbg fma cx16 xtpr pdcm pcid sse4_1 sse4_2 x2apic movbe popcnt tsc_deadline_timer aes xsave avx f16c rdrand lahf_lm abm 3dnowprefetch cpuid_fault epb ssbd ibrs ibpb stibp ibrs_enhanced tpr_shadow flexpriority ept vpid ept_ad fsgsbase tsc_adjust bmi1 avx2 smep bmi2 erms invpcid rdseed adx smap clflushopt clwb intel_pt sha_ni xsaveopt xsavec xgetbv1 xsaves split_lock_detect user_shstk avx_vnni dtherm ida arat pln pts hwp hwp_notify hwp_act_window hwp_epp hwp_pkg_req hfi vnmi umip pku ospke waitpkg gfni vaes vpclmulqdq rdpid movdiri movdir64b fsrm md_clear serialize pconfig arch_lbr ibt flush_l1d arch_capabilities

Online cpus: 0-11
Offline cpus: 
BIOS frequency limitation: <Not Available>
Frequency switch latency (ns): 0
Available cpu frequencies: <Not Available>
Current governor: powersave
Core performance/turbo boost: <Not Available>

Memory: 4k page, physical 16048256k(8321776k free), swap 0k(0k free)
Page Sizes: 4k

vm_info: OpenJDK 64-Bit Server VM (21.0.8+9-Ubuntu-0ubuntu124.04.1) for linux-amd64 JRE (21.0.8+9-Ubuntu-0ubuntu124.04.1), built on 2025-07-16T21:55:59Z by "buildd" with gcc 13.3.0

END.
