#
# A fatal error has been detected by the Java Runtime Environment:
#
#  SIGSEGV (0xb) at pc=0x00007134fcd501e0, pid=782557, tid=782602
#
# JRE version: OpenJDK Runtime Environment (21.0.8+9) (build 21.0.8+9-Ubuntu-0ubuntu124.04.1)
# Java VM: OpenJDK 64-Bit Server VM (21.0.8+9-Ubuntu-0ubuntu124.04.1, mixed mode, sharing, tiered, compressed oops, compressed class ptrs, parallel gc, linux-amd64)
# Problematic frame:
# V  [libjvm.so+0xb501e0]  klassVtable::update_inherited_vtable(Thread*, methodHandle const&, int, int, GrowableArray<InstanceKlass*>*)+0x1e0
#
# Core dump will be written. Default location: Core dumps may be processed with "/usr/share/apport/apport -p%p -s%s -c%c -d%d -P%P -u%u -g%g -F%F -- %E" (or dumping to /home/mulroney/h-drive/Year3/SCC331/331Distributed/part1/core.782557)
#
# If you would like to submit a bug report, please visit:
#   https://bugs.launchpad.net/ubuntu/+source/openjdk-21
#

---------------  S U M M A R Y ------------

Command Line: --add-modules=ALL-SYSTEM --add-opens=java.base/java.util=ALL-UNNAMED --add-opens=java.base/java.lang=ALL-UNNAMED --add-opens=java.base/sun.nio.fs=ALL-UNNAMED -Declipse.application=org.eclipse.jdt.ls.core.id1 -Dosgi.bundles.defaultStartLevel=4 -Declipse.product=org.eclipse.jdt.ls.core.product -Djava.import.generatesMetadataFilesAtProjectRoot=false -DDetectVMInstallationsJob.disabled=true -Dfile.encoding=utf8 -XX:+UseParallelGC -XX:GCTimeRatio=4 -XX:AdaptiveSizePolicyWeight=90 -Dsun.zip.disableMemoryMapping=true -Xmx2G -Xms100m -Xlog:disable -javaagent:/home/mulroney/.vscode/extensions/redhat.java-1.46.2025100108/lombok/lombok-1.18.39-4050.jar -XX:+HeapDumpOnOutOfMemoryError -XX:HeapDumpPath=/home/mulroney/.config/Code/User/workspaceStorage/12b0b9412c28d26dad82d985a9a21889/redhat.java -Daether.dependencyCollector.impl=bf -XX:+UnlockDiagnosticVMOptions -XX:+AllowArchivingWithJavaAgent -XX:+AutoCreateSharedArchive -XX:SharedArchiveFile=/home/mulroney/.config/Code/User/globalStorage/redhat.java/1.46.2025100108/jdtls.jsa /home/mulroney/.vscode/extensions/redhat.java-1.46.2025100108/server/plugins/org.eclipse.equinox.launcher_1.7.0.v20250519-0528.jar -configuration /home/mulroney/.config/Code/User/globalStorage/redhat.java/1.46.2025100108/config_linux -data /home/mulroney/.config/Code/User/workspaceStorage/12b0b9412c28d26dad82d985a9a21889/redhat.java/jdt_ws --pipe=/run/user/226300/lsp-75f26b0302889703141299922bea6799.sock

Host: 12th Gen Intel(R) Core(TM) i5-12500T, 12 cores, 15G, Ubuntu 24.04.3 LTS
Time: Fri Nov 21 13:44:15 2025 GMT elapsed time: 3.283666 seconds (0d 0h 0m 3s)

---------------  T H R E A D  ---------------

Current thread (0x00007133f42ffea0):  JavaThread "ForkJoinPool.commonPool-worker-2" daemon [_thread_in_vm, id=782602, stack(0x000071348c3f7000,0x000071348c4f7000) (1024K)]

Stack: [0x000071348c3f7000,0x000071348c4f7000],  sp=0x000071348c4f1910,  free space=1002k
Native frames: (J=compiled Java code, j=interpreted, Vv=VM code, C=native code)
V  [libjvm.so+0xb501e0]  klassVtable::update_inherited_vtable(Thread*, methodHandle const&, int, int, GrowableArray<InstanceKlass*>*)+0x1e0
V  [libjvm.so+0xb52d83]  klassVtable::initialize_vtable(GrowableArray<InstanceKlass*>*)+0x133
V  [libjvm.so+0x8e35f7]  InstanceKlass::restore_unshareable_info(ClassLoaderData*, Handle, PackageEntry*, JavaThread*)+0xd7
V  [libjvm.so+0xf4d41d]  SystemDictionary::load_shared_class(InstanceKlass*, Handle, Handle, ClassFileStream const*, PackageEntry*, JavaThread*)+0x17d
V  [libjvm.so+0xf50c42]  SystemDictionaryShared::acquire_class_for_current_thread(InstanceKlass*, Handle, Handle, ClassFileStream const*, JavaThread*)+0xd2
V  [libjvm.so+0xf4b856]  SystemDictionary::resolve_class_from_stream(ClassFileStream*, Symbol*, Handle, ClassLoadInfo const&, JavaThread*)+0xa6
V  [libjvm.so+0x9fc2de]  jvm_define_class_common(char const*, _jobject*, signed char const*, int, _jobject*, char const*, JavaThread*)+0x20e
V  [libjvm.so+0x9fc54a]  JVM_DefineClassWithSource+0x6a
C  [libjava.so+0xf283]  Java_java_lang_ClassLoader_defineClass1+0x133
J 1041  java.lang.ClassLoader.defineClass1(Ljava/lang/ClassLoader;Ljava/lang/String;[BIILjava/security/ProtectionDomain;Ljava/lang/String;)Ljava/lang/Class; java.base@21.0.8 (0 bytes) @ 0x00007134e4326d60 [0x00007134e4326c20+0x0000000000000140]
J 5721 c2 java.lang.ClassLoader.defineClass(Ljava/lang/String;[BIILjava/security/ProtectionDomain;)Ljava/lang/Class; java.base@21.0.8 (43 bytes) @ 0x00007134e4555808 [0x00007134e4554500+0x0000000000001308]
J 2811 c1 org.eclipse.osgi.internal.loader.ModuleClassLoader.defineClass(Ljava/lang/String;[BLorg/eclipse/osgi/internal/loader/classpath/ClasspathEntry;)Lorg/eclipse/osgi/internal/loader/ModuleClassLoader$DefineClassResult; (67 bytes) @ 0x00007134dcd39f3c [0x00007134dcd39c20+0x000000000000031c]
J 2517 c1 org.eclipse.osgi.internal.loader.classpath.ClasspathManager.defineClass(Ljava/lang/String;[BLorg/eclipse/osgi/internal/loader/classpath/ClasspathEntry;Lorg/eclipse/osgi/storage/bundlefile/BundleEntry;Ljava/util/List;)Ljava/lang/Class; (636 bytes) @ 0x00007134dcc997bc [0x00007134dcc97d20+0x0000000000001a9c]
J 6594 c1 org.eclipse.osgi.internal.loader.classpath.ClasspathManager.findClassImpl(Ljava/lang/String;Lorg/eclipse/osgi/internal/loader/classpath/ClasspathEntry;Ljava/util/List;)Ljava/lang/Class; (343 bytes) @ 0x00007134dd51812c [0x00007134dd514f00+0x000000000000322c]
J 5356 c2 org.eclipse.osgi.internal.loader.classpath.ClasspathManager.findLocalClassImpl(Ljava/lang/String;[Lorg/eclipse/osgi/internal/loader/classpath/ClasspathEntry;Ljava/util/List;)Ljava/lang/Class; (55 bytes) @ 0x00007134e4512cc4 [0x00007134e4512c20+0x00000000000000a4]
J 2376 c1 org.eclipse.osgi.internal.loader.classpath.ClasspathManager.findLocalClassImpl(Ljava/lang/String;Ljava/util/List;)Ljava/lang/Class; (132 bytes) @ 0x00007134dcc3ef6c [0x00007134dcc3ea40+0x000000000000052c]
J 2493 c1 org.eclipse.osgi.internal.loader.classpath.ClasspathManager.findLocalClass(Ljava/lang/String;)Ljava/lang/Class; (210 bytes) @ 0x00007134dcc8c884 [0x00007134dcc8bbc0+0x0000000000000cc4]
J 2282 c1 org.eclipse.osgi.internal.loader.BundleLoader.findLocalClass(Ljava/lang/String;)Ljava/lang/Class; (166 bytes) @ 0x00007134dcc11c44 [0x00007134dcc110c0+0x0000000000000b84]
J 5347 c2 org.eclipse.osgi.internal.loader.BundleLoader.findClass0(Ljava/lang/String;ZZ)Ljava/lang/Class; (491 bytes) @ 0x00007134e45275d8 [0x00007134e4526760+0x0000000000000e78]
J 5774 c2 org.eclipse.osgi.internal.loader.ModuleClassLoader.loadClass(Ljava/lang/String;Z)Ljava/lang/Class; (36 bytes) @ 0x00007134e4650c2c [0x00007134e4650b40+0x00000000000000ec]
J 4047 c2 java.lang.ClassLoader.loadClass(Ljava/lang/String;)Ljava/lang/Class; java.base@21.0.8 (7 bytes) @ 0x00007134e4486eec [0x00007134e4486ea0+0x000000000000004c]
v  ~StubRoutines::call_stub 0x00007134e3d37cc6
V  [libjvm.so+0x911e2a]  JavaCalls::call_helper(JavaValue*, methodHandle const&, JavaCallArguments*, JavaThread*)+0x2da
V  [libjvm.so+0x913812]  JavaCalls::call_virtual(JavaValue*, Handle, Klass*, Symbol*, Symbol*, Handle, JavaThread*)+0x1b2
V  [libjvm.so+0xf4d739]  SystemDictionary::load_instance_class_impl(Symbol*, Handle, JavaThread*)+0x189
V  [libjvm.so+0xf4bcc0]  SystemDictionary::load_instance_class(Symbol*, Handle, JavaThread*)+0x20
V  [libjvm.so+0xf4c7fc]  SystemDictionary::resolve_instance_class_or_null(Symbol*, Handle, Handle, JavaThread*)+0x9fc
V  [libjvm.so+0xf4ced9]  SystemDictionary::resolve_super_or_fail(Symbol*, Symbol*, Handle, Handle, bool, JavaThread*)+0x359
V  [libjvm.so+0xf4d107]  SystemDictionary::check_shared_class_super_type(InstanceKlass*, InstanceKlass*, Handle, Handle, bool, JavaThread*)+0xc7
V  [libjvm.so+0xf4d18f]  SystemDictionary::check_shared_class_super_types(InstanceKlass*, Handle, Handle, JavaThread*)+0x3f
V  [libjvm.so+0xf4d387]  SystemDictionary::load_shared_class(InstanceKlass*, Handle, Handle, ClassFileStream const*, PackageEntry*, JavaThread*)+0xe7
V  [libjvm.so+0xf50c42]  SystemDictionaryShared::acquire_class_for_current_thread(InstanceKlass*, Handle, Handle, ClassFileStream const*, JavaThread*)+0xd2
V  [libjvm.so+0xf4b856]  SystemDictionary::resolve_class_from_stream(ClassFileStream*, Symbol*, Handle, ClassLoadInfo const&, JavaThread*)+0xa6
V  [libjvm.so+0x9fc2de]  jvm_define_class_common(char const*, _jobject*, signed char const*, int, _jobject*, char const*, JavaThread*)+0x20e
V  [libjvm.so+0x9fc54a]  JVM_DefineClassWithSource+0x6a
C  [libjava.so+0xf283]  Java_java_lang_ClassLoader_defineClass1+0x133
J 1041  java.lang.ClassLoader.defineClass1(Ljava/lang/ClassLoader;Ljava/lang/String;[BIILjava/security/ProtectionDomain;Ljava/lang/String;)Ljava/lang/Class; java.base@21.0.8 (0 bytes) @ 0x00007134e4326d60 [0x00007134e4326c20+0x0000000000000140]
J 5721 c2 java.lang.ClassLoader.defineClass(Ljava/lang/String;[BIILjava/security/ProtectionDomain;)Ljava/lang/Class; java.base@21.0.8 (43 bytes) @ 0x00007134e4555808 [0x00007134e4554500+0x0000000000001308]
J 2811 c1 org.eclipse.osgi.internal.loader.ModuleClassLoader.defineClass(Ljava/lang/String;[BLorg/eclipse/osgi/internal/loader/classpath/ClasspathEntry;)Lorg/eclipse/osgi/internal/loader/ModuleClassLoader$DefineClassResult; (67 bytes) @ 0x00007134dcd39f3c [0x00007134dcd39c20+0x000000000000031c]
J 2517 c1 org.eclipse.osgi.internal.loader.classpath.ClasspathManager.defineClass(Ljava/lang/String;[BLorg/eclipse/osgi/internal/loader/classpath/ClasspathEntry;Lorg/eclipse/osgi/storage/bundlefile/BundleEntry;Ljava/util/List;)Ljava/lang/Class; (636 bytes) @ 0x00007134dcc997bc [0x00007134dcc97d20+0x0000000000001a9c]
J 6594 c1 org.eclipse.osgi.internal.loader.classpath.ClasspathManager.findClassImpl(Ljava/lang/String;Lorg/eclipse/osgi/internal/loader/classpath/ClasspathEntry;Ljava/util/List;)Ljava/lang/Class; (343 bytes) @ 0x00007134dd51812c [0x00007134dd514f00+0x000000000000322c]
J 5356 c2 org.eclipse.osgi.internal.loader.classpath.ClasspathManager.findLocalClassImpl(Ljava/lang/String;[Lorg/eclipse/osgi/internal/loader/classpath/ClasspathEntry;Ljava/util/List;)Ljava/lang/Class; (55 bytes) @ 0x00007134e4512cc4 [0x00007134e4512c20+0x00000000000000a4]
J 2376 c1 org.eclipse.osgi.internal.loader.classpath.ClasspathManager.findLocalClassImpl(Ljava/lang/String;Ljava/util/List;)Ljava/lang/Class; (132 bytes) @ 0x00007134dcc3ef6c [0x00007134dcc3ea40+0x000000000000052c]
J 2493 c1 org.eclipse.osgi.internal.loader.classpath.ClasspathManager.findLocalClass(Ljava/lang/String;)Ljava/lang/Class; (210 bytes) @ 0x00007134dcc8c884 [0x00007134dcc8bbc0+0x0000000000000cc4]
J 2282 c1 org.eclipse.osgi.internal.loader.BundleLoader.findLocalClass(Ljava/lang/String;)Ljava/lang/Class; (166 bytes) @ 0x00007134dcc11c44 [0x00007134dcc110c0+0x0000000000000b84]
J 5347 c2 org.eclipse.osgi.internal.loader.BundleLoader.findClass0(Ljava/lang/String;ZZ)Ljava/lang/Class; (491 bytes) @ 0x00007134e45275d8 [0x00007134e4526760+0x0000000000000e78]
J 5774 c2 org.eclipse.osgi.internal.loader.ModuleClassLoader.loadClass(Ljava/lang/String;Z)Ljava/lang/Class; (36 bytes) @ 0x00007134e4650c2c [0x00007134e4650b40+0x00000000000000ec]
J 4047 c2 java.lang.ClassLoader.loadClass(Ljava/lang/String;)Ljava/lang/Class; java.base@21.0.8 (7 bytes) @ 0x00007134e4486eec [0x00007134e4486ea0+0x000000000000004c]
v  ~StubRoutines::call_stub 0x00007134e3d37cc6
V  [libjvm.so+0x911e2a]  JavaCalls::call_helper(JavaValue*, methodHandle const&, JavaCallArguments*, JavaThread*)+0x2da
V  [libjvm.so+0x913812]  JavaCalls::call_virtual(JavaValue*, Handle, Klass*, Symbol*, Symbol*, Handle, JavaThread*)+0x1b2
V  [libjvm.so+0xf4d739]  SystemDictionary::load_instance_class_impl(Symbol*, Handle, JavaThread*)+0x189
V  [libjvm.so+0xf4bcc0]  SystemDictionary::load_instance_class(Symbol*, Handle, JavaThread*)+0x20
V  [libjvm.so+0xf4c7fc]  SystemDictionary::resolve_instance_class_or_null(Symbol*, Handle, Handle, JavaThread*)+0x9fc
V  [libjvm.so+0xf4dbc2]  SystemDictionary::resolve_or_fail(Symbol*, Handle, Handle, bool, JavaThread*)+0x52
V  [libjvm.so+0xfed716]  VerificationType::resolve_and_check_assignability(InstanceKlass*, Symbol*, Symbol*, bool, bool, bool, JavaThread*)+0x2a6
V  [libjvm.so+0xf57b6e]  SystemDictionaryShared::check_verification_constraints(InstanceKlass*, JavaThread*)+0x16e
V  [libjvm.so+0x8e43f1]  InstanceKlass::link_class_impl(JavaThread*)+0x4b1
V  [libjvm.so+0x8e9873]  InstanceKlass::initialize_impl(JavaThread*)+0x2e3
V  [libjvm.so+0x906e08]  InterpreterRuntime::_new(JavaThread*, ConstantPool*, int)+0x138
j  org.eclipse.jdt.ls.core.internal.text.correction.RefactorProposalUtility.getExtractMethodProposal(Lorg/eclipse/lsp4j/CodeActionParams;Lorg/eclipse/jdt/ui/text/java/IInvocationContext;Lorg/eclipse/jdt/core/dom/ASTNode;ZLjava/util/Map;ZZ)Lorg/eclipse/jdt/ls/core/internal/corrections/ProposalKindWrapper;+103
j  org.eclipse.jdt.ls.core.internal.text.correction.RefactorProposalUtility.getExtractMethodCommandProposal(Lorg/eclipse/lsp4j/CodeActionParams;Lorg/eclipse/jdt/ui/text/java/IInvocationContext;Lorg/eclipse/jdt/core/dom/ASTNode;ZZ)Lorg/eclipse/jdt/ls/core/internal/corrections/ProposalKindWrapper;+8
j  org.eclipse.jdt.ls.core.internal.corrections.RefactorProcessor.getExtractMethodProposal(Lorg/eclipse/lsp4j/CodeActionParams;Lorg/eclipse/jdt/ui/text/java/IInvocationContext;Lorg/eclipse/jdt/core/dom/ASTNode;ZLjava/util/Collection;)Z+38
j  org.eclipse.jdt.ls.core.internal.corrections.RefactorProcessor.getProposals(Lorg/eclipse/lsp4j/CodeActionParams;Lorg/eclipse/jdt/ui/text/java/IInvocationContext;[Lorg/eclipse/jdt/ui/text/java/IProblemLocation;Lorg/eclipse/core/runtime/IProgressMonitor;)Ljava/util/List;+194
j  org.eclipse.jdt.ls.core.internal.handlers.CodeActionHandler.getCodeActionCommands(Lorg/eclipse/lsp4j/CodeActionParams;Lorg/eclipse/core/runtime/IProgressMonitor;)Ljava/util/List;+556
j  org.eclipse.jdt.ls.core.internal.handlers.JDTLanguageServer.lambda$15(Lorg/eclipse/jdt/ls/core/internal/handlers/CodeActionHandler;Lorg/eclipse/lsp4j/CodeActionParams;Lorg/eclipse/core/runtime/IProgressMonitor;)Ljava/util/List;+16
j  org.eclipse.jdt.ls.core.internal.handlers.JDTLanguageServer$$Lambda+0x00007134941fa678.apply(Ljava/lang/Object;)Ljava/lang/Object;+16
j  org.eclipse.jdt.ls.core.internal.BaseJDTLanguageServer.lambda$0(Ljava/util/function/Function;Lorg/eclipse/lsp4j/jsonrpc/CancelChecker;)Ljava/lang/Object;+6
j  org.eclipse.jdt.ls.core.internal.BaseJDTLanguageServer$$Lambda+0x00007134941c7cc0.apply(Ljava/lang/Object;)Ljava/lang/Object;+12
j  java.util.concurrent.CompletableFuture$UniApply.tryFire(I)Ljava/util/concurrent/CompletableFuture;+106 java.base@21.0.8
j  java.util.concurrent.CompletableFuture$Completion.exec()Z+2 java.base@21.0.8
j  java.util.concurrent.ForkJoinTask.doExec()I+10 java.base@21.0.8
j  java.util.concurrent.ForkJoinPool$WorkQueue.topLevelExec(Ljava/util/concurrent/ForkJoinTask;Ljava/util/concurrent/ForkJoinPool$WorkQueue;)V+19 java.base@21.0.8
j  java.util.concurrent.ForkJoinPool.scan(Ljava/util/concurrent/ForkJoinPool$WorkQueue;II)I+211 java.base@21.0.8
j  java.util.concurrent.ForkJoinPool.runWorker(Ljava/util/concurrent/ForkJoinPool$WorkQueue;)V+35 java.base@21.0.8
j  java.util.concurrent.ForkJoinWorkerThread.run()V+31 java.base@21.0.8
v  ~StubRoutines::call_stub 0x00007134e3d37cc6
V  [libjvm.so+0x911e2a]  JavaCalls::call_helper(JavaValue*, methodHandle const&, JavaCallArguments*, JavaThread*)+0x2da
V  [libjvm.so+0x913612]  JavaCalls::call_virtual(JavaValue*, Handle, Klass*, Symbol*, Symbol*, JavaThread*)+0x1a2
V  [libjvm.so+0x9ef2e3]  thread_entry(JavaThread*, JavaThread*)+0x93
V  [libjvm.so+0x929f66]  JavaThread::thread_main_inner()+0x1e6
V  [libjvm.so+0xf8dba7]  Thread::call_run()+0xa7
V  [libjvm.so+0xd044d5]  thread_native_entry(Thread*)+0xd5
C  [libc.so.6+0x9caa4]
Java frames: (J=compiled Java code, j=interpreted, Vv=VM code)
J 1041  java.lang.ClassLoader.defineClass1(Ljava/lang/ClassLoader;Ljava/lang/String;[BIILjava/security/ProtectionDomain;Ljava/lang/String;)Ljava/lang/Class; java.base@21.0.8 (0 bytes) @ 0x00007134e4326ce5 [0x00007134e4326c20+0x00000000000000c5]
J 5721 c2 java.lang.ClassLoader.defineClass(Ljava/lang/String;[BIILjava/security/ProtectionDomain;)Ljava/lang/Class; java.base@21.0.8 (43 bytes) @ 0x00007134e4555808 [0x00007134e4554500+0x0000000000001308]
J 2811 c1 org.eclipse.osgi.internal.loader.ModuleClassLoader.defineClass(Ljava/lang/String;[BLorg/eclipse/osgi/internal/loader/classpath/ClasspathEntry;)Lorg/eclipse/osgi/internal/loader/ModuleClassLoader$DefineClassResult; (67 bytes) @ 0x00007134dcd39f3c [0x00007134dcd39c20+0x000000000000031c]
J 2517 c1 org.eclipse.osgi.internal.loader.classpath.ClasspathManager.defineClass(Ljava/lang/String;[BLorg/eclipse/osgi/internal/loader/classpath/ClasspathEntry;Lorg/eclipse/osgi/storage/bundlefile/BundleEntry;Ljava/util/List;)Ljava/lang/Class; (636 bytes) @ 0x00007134dcc997bc [0x00007134dcc97d20+0x0000000000001a9c]
J 6594 c1 org.eclipse.osgi.internal.loader.classpath.ClasspathManager.findClassImpl(Ljava/lang/String;Lorg/eclipse/osgi/internal/loader/classpath/ClasspathEntry;Ljava/util/List;)Ljava/lang/Class; (343 bytes) @ 0x00007134dd51812c [0x00007134dd514f00+0x000000000000322c]
J 5356 c2 org.eclipse.osgi.internal.loader.classpath.ClasspathManager.findLocalClassImpl(Ljava/lang/String;[Lorg/eclipse/osgi/internal/loader/classpath/ClasspathEntry;Ljava/util/List;)Ljava/lang/Class; (55 bytes) @ 0x00007134e4512cc4 [0x00007134e4512c20+0x00000000000000a4]
J 2376 c1 org.eclipse.osgi.internal.loader.classpath.ClasspathManager.findLocalClassImpl(Ljava/lang/String;Ljava/util/List;)Ljava/lang/Class; (132 bytes) @ 0x00007134dcc3ef6c [0x00007134dcc3ea40+0x000000000000052c]
J 2493 c1 org.eclipse.osgi.internal.loader.classpath.ClasspathManager.findLocalClass(Ljava/lang/String;)Ljava/lang/Class; (210 bytes) @ 0x00007134dcc8c884 [0x00007134dcc8bbc0+0x0000000000000cc4]
J 2282 c1 org.eclipse.osgi.internal.loader.BundleLoader.findLocalClass(Ljava/lang/String;)Ljava/lang/Class; (166 bytes) @ 0x00007134dcc11c44 [0x00007134dcc110c0+0x0000000000000b84]
J 5347 c2 org.eclipse.osgi.internal.loader.BundleLoader.findClass0(Ljava/lang/String;ZZ)Ljava/lang/Class; (491 bytes) @ 0x00007134e45275d8 [0x00007134e4526760+0x0000000000000e78]
J 5774 c2 org.eclipse.osgi.internal.loader.ModuleClassLoader.loadClass(Ljava/lang/String;Z)Ljava/lang/Class; (36 bytes) @ 0x00007134e4650c2c [0x00007134e4650b40+0x00000000000000ec]
J 4047 c2 java.lang.ClassLoader.loadClass(Ljava/lang/String;)Ljava/lang/Class; java.base@21.0.8 (7 bytes) @ 0x00007134e4486eec [0x00007134e4486ea0+0x000000000000004c]
v  ~StubRoutines::call_stub 0x00007134e3d37cc6
J 1041  java.lang.ClassLoader.defineClass1(Ljava/lang/ClassLoader;Ljava/lang/String;[BIILjava/security/ProtectionDomain;Ljava/lang/String;)Ljava/lang/Class; java.base@21.0.8 (0 bytes) @ 0x00007134e4326ce5 [0x00007134e4326c20+0x00000000000000c5]
J 5721 c2 java.lang.ClassLoader.defineClass(Ljava/lang/String;[BIILjava/security/ProtectionDomain;)Ljava/lang/Class; java.base@21.0.8 (43 bytes) @ 0x00007134e4555808 [0x00007134e4554500+0x0000000000001308]
J 2811 c1 org.eclipse.osgi.internal.loader.ModuleClassLoader.defineClass(Ljava/lang/String;[BLorg/eclipse/osgi/internal/loader/classpath/ClasspathEntry;)Lorg/eclipse/osgi/internal/loader/ModuleClassLoader$DefineClassResult; (67 bytes) @ 0x00007134dcd39f3c [0x00007134dcd39c20+0x000000000000031c]
J 2517 c1 org.eclipse.osgi.internal.loader.classpath.ClasspathManager.defineClass(Ljava/lang/String;[BLorg/eclipse/osgi/internal/loader/classpath/ClasspathEntry;Lorg/eclipse/osgi/storage/bundlefile/BundleEntry;Ljava/util/List;)Ljava/lang/Class; (636 bytes) @ 0x00007134dcc997bc [0x00007134dcc97d20+0x0000000000001a9c]
J 6594 c1 org.eclipse.osgi.internal.loader.classpath.ClasspathManager.findClassImpl(Ljava/lang/String;Lorg/eclipse/osgi/internal/loader/classpath/ClasspathEntry;Ljava/util/List;)Ljava/lang/Class; (343 bytes) @ 0x00007134dd51812c [0x00007134dd514f00+0x000000000000322c]
J 5356 c2 org.eclipse.osgi.internal.loader.classpath.ClasspathManager.findLocalClassImpl(Ljava/lang/String;[Lorg/eclipse/osgi/internal/loader/classpath/ClasspathEntry;Ljava/util/List;)Ljava/lang/Class; (55 bytes) @ 0x00007134e4512cc4 [0x00007134e4512c20+0x00000000000000a4]
J 2376 c1 org.eclipse.osgi.internal.loader.classpath.ClasspathManager.findLocalClassImpl(Ljava/lang/String;Ljava/util/List;)Ljava/lang/Class; (132 bytes) @ 0x00007134dcc3ef6c [0x00007134dcc3ea40+0x000000000000052c]
J 2493 c1 org.eclipse.osgi.internal.loader.classpath.ClasspathManager.findLocalClass(Ljava/lang/String;)Ljava/lang/Class; (210 bytes) @ 0x00007134dcc8c884 [0x00007134dcc8bbc0+0x0000000000000cc4]
J 2282 c1 org.eclipse.osgi.internal.loader.BundleLoader.findLocalClass(Ljava/lang/String;)Ljava/lang/Class; (166 bytes) @ 0x00007134dcc11c44 [0x00007134dcc110c0+0x0000000000000b84]
J 5347 c2 org.eclipse.osgi.internal.loader.BundleLoader.findClass0(Ljava/lang/String;ZZ)Ljava/lang/Class; (491 bytes) @ 0x00007134e45275d8 [0x00007134e4526760+0x0000000000000e78]
J 5774 c2 org.eclipse.osgi.internal.loader.ModuleClassLoader.loadClass(Ljava/lang/String;Z)Ljava/lang/Class; (36 bytes) @ 0x00007134e4650c2c [0x00007134e4650b40+0x00000000000000ec]
J 4047 c2 java.lang.ClassLoader.loadClass(Ljava/lang/String;)Ljava/lang/Class; java.base@21.0.8 (7 bytes) @ 0x00007134e4486eec [0x00007134e4486ea0+0x000000000000004c]
v  ~StubRoutines::call_stub 0x00007134e3d37cc6
j  org.eclipse.jdt.ls.core.internal.text.correction.RefactorProposalUtility.getExtractMethodProposal(Lorg/eclipse/lsp4j/CodeActionParams;Lorg/eclipse/jdt/ui/text/java/IInvocationContext;Lorg/eclipse/jdt/core/dom/ASTNode;ZLjava/util/Map;ZZ)Lorg/eclipse/jdt/ls/core/internal/corrections/ProposalKindWrapper;+103
j  org.eclipse.jdt.ls.core.internal.text.correction.RefactorProposalUtility.getExtractMethodCommandProposal(Lorg/eclipse/lsp4j/CodeActionParams;Lorg/eclipse/jdt/ui/text/java/IInvocationContext;Lorg/eclipse/jdt/core/dom/ASTNode;ZZ)Lorg/eclipse/jdt/ls/core/internal/corrections/ProposalKindWrapper;+8
j  org.eclipse.jdt.ls.core.internal.corrections.RefactorProcessor.getExtractMethodProposal(Lorg/eclipse/lsp4j/CodeActionParams;Lorg/eclipse/jdt/ui/text/java/IInvocationContext;Lorg/eclipse/jdt/core/dom/ASTNode;ZLjava/util/Collection;)Z+38
j  org.eclipse.jdt.ls.core.internal.corrections.RefactorProcessor.getProposals(Lorg/eclipse/lsp4j/CodeActionParams;Lorg/eclipse/jdt/ui/text/java/IInvocationContext;[Lorg/eclipse/jdt/ui/text/java/IProblemLocation;Lorg/eclipse/core/runtime/IProgressMonitor;)Ljava/util/List;+194
j  org.eclipse.jdt.ls.core.internal.handlers.CodeActionHandler.getCodeActionCommands(Lorg/eclipse/lsp4j/CodeActionParams;Lorg/eclipse/core/runtime/IProgressMonitor;)Ljava/util/List;+556
j  org.eclipse.jdt.ls.core.internal.handlers.JDTLanguageServer.lambda$15(Lorg/eclipse/jdt/ls/core/internal/handlers/CodeActionHandler;Lorg/eclipse/lsp4j/CodeActionParams;Lorg/eclipse/core/runtime/IProgressMonitor;)Ljava/util/List;+16
j  org.eclipse.jdt.ls.core.internal.handlers.JDTLanguageServer$$Lambda+0x00007134941fa678.apply(Ljava/lang/Object;)Ljava/lang/Object;+16
j  org.eclipse.jdt.ls.core.internal.BaseJDTLanguageServer.lambda$0(Ljava/util/function/Function;Lorg/eclipse/lsp4j/jsonrpc/CancelChecker;)Ljava/lang/Object;+6
j  org.eclipse.jdt.ls.core.internal.BaseJDTLanguageServer$$Lambda+0x00007134941c7cc0.apply(Ljava/lang/Object;)Ljava/lang/Object;+12
j  java.util.concurrent.CompletableFuture$UniApply.tryFire(I)Ljava/util/concurrent/CompletableFuture;+106 java.base@21.0.8
j  java.util.concurrent.CompletableFuture$Completion.exec()Z+2 java.base@21.0.8
j  java.util.concurrent.ForkJoinTask.doExec()I+10 java.base@21.0.8
j  java.util.concurrent.ForkJoinPool$WorkQueue.topLevelExec(Ljava/util/concurrent/ForkJoinTask;Ljava/util/concurrent/ForkJoinPool$WorkQueue;)V+19 java.base@21.0.8
j  java.util.concurrent.ForkJoinPool.scan(Ljava/util/concurrent/ForkJoinPool$WorkQueue;II)I+211 java.base@21.0.8
j  java.util.concurrent.ForkJoinPool.runWorker(Ljava/util/concurrent/ForkJoinPool$WorkQueue;)V+35 java.base@21.0.8
j  java.util.concurrent.ForkJoinWorkerThread.run()V+31 java.base@21.0.8
v  ~StubRoutines::call_stub 0x00007134e3d37cc6

siginfo: si_signo: 11 (SIGSEGV), si_code: 1 (SEGV_MAPERR), si_addr: 0x0000000000000008

Registers:
RAX=0x000071348ed8bb08, RBX=0x0000000000000000, RCX=0x00007133f42fdea8, RDX=0x00000000000001d0
RSP=0x000071348c4f1910, RBP=0x000071348c4f19e0, RSI=0x0000000000000000, RDI=0x00007133f42fdda0
R8 =0x000071348e4899e0, R9 =0x000071348ed8bb08, R10=0x000071348c4f1a40, R11=0x00000000804bc2b8
R12=0x000071348c4f1aa0, R13=0x000071348e5b58f0, R14=0x000000000000000d, R15=0x0000000000000000
RIP=0x00007134fcd501e0, EFLAGS=0x0000000000010202, CSGSFS=0x002b000000000033, ERR=0x0000000000000004
  TRAPNO=0x000000000000000e

XMM[0]=0x00007133f42ffea0 0x000071348ed8d350
XMM[1]=0x0000000000000000 0x0000000000000000
XMM[2]=0x0000000000000000 0x00007133f42ffea0
XMM[3]=0x0000000000000000 0x0000000000000000
XMM[4]=0x6405000000000021 0x000000010000001c
XMM[5]=0xca7c1da2e93e9eb4 0xa0d71e56ccec67a2
XMM[6]=0x967cdfa234660f89 0xbc63bf62b878fe9c
XMM[7]=0x09a1544bb3bd9c89 0xb83e9f01d1a1aabc
XMM[8]=0x8b7029d6d5240c5e 0x6dcdebcc449e3fcd
XMM[9]=0x943d29b2943d29b2 0x943d29b253edc4ff
XMM[10]=0x0000000000000000 0x00000000bfb09b4d
XMM[11]=0xeba17eaeeba17eae 0xeba17eae3f8f43ad
XMM[12]=0x0000000000000000 0x0000000053edc4ff
XMM[13]=0x0000000000000000 0x000000007c3b8f40
XMM[14]=0x0000000000000000 0x975b7932d8b9f012
XMM[15]=0x0000000000000000 0x0000000000000000
  MXCSR=0x00001fa2


Register to memory mapping:

RAX=0x000071348ed8bb08 is a pointer to class: 
org.eclipse.jdt.core.refactoring.descriptors.JavaRefactoringDescriptor {0x000071348ed8bb08}
 - instance size:     6
 - klass size:        80
 - access:            public synchronized abstract 
 - flags:             has_nonstatic_fields should_verify_class has_localvariable_table 
 - state:             allocated
 - name:              'org/eclipse/jdt/core/refactoring/descriptors/JavaRefactoringDescriptor'
 - super:             'org/eclipse/ltk/core/refactoring/RefactoringDescriptor'
 - sub:               
 - arrays:            null
 - methods:           Array<T>(0x0000713491746588)
 - method ordering:   Array<T>(0x0000713491746610)
 - local interfaces:  Array<T>(0x000071348e61bd20)
 - trans. interfaces: Array<T>(0x0000713491746438)
 - secondary supers: Array<T>(0x0000713491746438)
 - hash_slot:         61
 - bitmap:            0x0000000000001000
 - constants:         constant pool [262] {0x000071348ed8bd88} for 'org/eclipse/jdt/core/refactoring/descriptors/JavaRefactoringDescriptor'
 - class loader data:  loader data: 0x0000713434215a30 for instance a 'org/eclipse/osgi/internal/loader/EquinoxClassLoader'{0x00000000804bc2b8}
 - source file:       'JavaRefactoringDescriptor.java'
 - inner classes:     Array<T>(0x000071348e61bca8)
 - nest members:     Array<T>(0x000071348e61bca8)
 - permitted subclasses:     Array<T>(0x000071348e61bca8)
 - java mirror:       a 'java/lang/Class'{0x00000000d5e07578} = 'org/eclipse/jdt/core/refactoring/descriptors/JavaRefactoringDescriptor'
 - vtable length      16  (start addr: 0x000071348ed8bcd8)
 - itable length      5 (start addr: 0x000071348ed8bd58)
 - ---- static fields (5 words):
 - protected static final 'ATTRIBUTE_ELEMENT' 'Ljava/lang/String;' @112 
 - protected static final 'ATTRIBUTE_INPUT' 'Ljava/lang/String;' @116 
 - protected static final 'ATTRIBUTE_NAME' 'Ljava/lang/String;' @120 
 - protected static final 'ATTRIBUTE_REFERENCES' 'Ljava/lang/String;' @124 
 - protected static final 'ATTRIBUTE_SELECTION' 'Ljava/lang/String;' @128 
 - protected static final 'ATTRIBUTE_VERSION' 'Ljava/lang/String;' @132 
 - public static final 'JAR_MIGRATION' 'I' @140 
 - public static final 'JAR_REFACTORING' 'I' @144 
 - public static final 'JAR_SOURCE_ATTACHMENT' 'I' @148 
 - protected static final 'VALUE_VERSION_1_0' 'Ljava/lang/String;' @136 
 - ---- non-static fields (8 words):
 - private 'fFlags' 'I' @12 
 - private 'fTimeStamp' 'J' @16 
 - private 'fComment' 'Ljava/lang/String;' @24 
 - private 'fDescription' 'Ljava/lang/String;' @28 
 - private 'fProject' 'Ljava/lang/String;' @32 
 - private final 'fRefactoringId' 'Ljava/lang/String;' @36 
 - protected final 'fArguments' 'Ljava/util/Map;' @40 
 - non-static oop maps: 24-40 
RBX=0x0 is null
RCX=0x00007133f42fdea8 points into unknown readable memory: 0x00000000804bc2b8 | b8 c2 4b 80 00 00 00 00
RDX=0x00000000000001d0 is an unknown value
RSP=0x000071348c4f1910 is pointing into the stack for thread: 0x00007133f42ffea0
RBP=0x000071348c4f19e0 is pointing into the stack for thread: 0x00007133f42ffea0
RSI=0x0 is null
RDI=0x00007133f42fdda0 points into unknown readable memory: 0x00007133f4000002 | 02 00 00 f4 33 71 00 00
R8 =0x000071348e4899e0 is pointing into metadata
R9 =0x000071348ed8bb08 is a pointer to class: 
org.eclipse.jdt.core.refactoring.descriptors.JavaRefactoringDescriptor {0x000071348ed8bb08}
 - instance size:     6
 - klass size:        80
 - access:            public synchronized abstract 
 - flags:             has_nonstatic_fields should_verify_class has_localvariable_table 
 - state:             allocated
 - name:              'org/eclipse/jdt/core/refactoring/descriptors/JavaRefactoringDescriptor'
 - super:             'org/eclipse/ltk/core/refactoring/RefactoringDescriptor'
 - sub:               
 - arrays:            null
 - methods:           Array<T>(0x0000713491746588)
 - method ordering:   Array<T>(0x0000713491746610)
 - local interfaces:  Array<T>(0x000071348e61bd20)
 - trans. interfaces: Array<T>(0x0000713491746438)
 - secondary supers: Array<T>(0x0000713491746438)
 - hash_slot:         61
 - bitmap:            0x0000000000001000
 - constants:         constant pool [262] {0x000071348ed8bd88} for 'org/eclipse/jdt/core/refactoring/descriptors/JavaRefactoringDescriptor'
 - class loader data:  loader data: 0x0000713434215a30 for instance a 'org/eclipse/osgi/internal/loader/EquinoxClassLoader'{0x00000000804bc2b8}
 - source file:       'JavaRefactoringDescriptor.java'
 - inner classes:     Array<T>(0x000071348e61bca8)
 - nest members:     Array<T>(0x000071348e61bca8)
 - permitted subclasses:     Array<T>(0x000071348e61bca8)
 - java mirror:       a 'java/lang/Class'{0x00000000d5e07578} = 'org/eclipse/jdt/core/refactoring/descriptors/JavaRefactoringDescriptor'
 - vtable length      16  (start addr: 0x000071348ed8bcd8)
 - itable length      5 (start addr: 0x000071348ed8bd58)
 - ---- static fields (5 words):
 - protected static final 'ATTRIBUTE_ELEMENT' 'Ljava/lang/String;' @112 
 - protected static final 'ATTRIBUTE_INPUT' 'Ljava/lang/String;' @116 
 - protected static final 'ATTRIBUTE_NAME' 'Ljava/lang/String;' @120 
 - protected static final 'ATTRIBUTE_REFERENCES' 'Ljava/lang/String;' @124 
 - protected static final 'ATTRIBUTE_SELECTION' 'Ljava/lang/String;' @128 
 - protected static final 'ATTRIBUTE_VERSION' 'Ljava/lang/String;' @132 
 - public static final 'JAR_MIGRATION' 'I' @140 
 - public static final 'JAR_REFACTORING' 'I' @144 
 - public static final 'JAR_SOURCE_ATTACHMENT' 'I' @148 
 - protected static final 'VALUE_VERSION_1_0' 'Ljava/lang/String;' @136 
 - ---- non-static fields (8 words):
 - private 'fFlags' 'I' @12 
 - private 'fTimeStamp' 'J' @16 
 - private 'fComment' 'Ljava/lang/String;' @24 
 - private 'fDescription' 'Ljava/lang/String;' @28 
 - private 'fProject' 'Ljava/lang/String;' @32 
 - private final 'fRefactoringId' 'Ljava/lang/String;' @36 
 - protected final 'fArguments' 'Ljava/util/Map;' @40 
 - non-static oop maps: 24-40 
R10=0x000071348c4f1a40 is pointing into the stack for thread: 0x00007133f42ffea0
R11=0x00000000804bc2b8 is an oop: org.eclipse.osgi.internal.loader.EquinoxClassLoader 
{0x00000000804bc2b8} - klass: 'org/eclipse/osgi/internal/loader/EquinoxClassLoader'
 - ---- fields (total size 14 words):
 - private 'defaultAssertionStatus' 'Z' @12  false (0x00)
 - injected 'loader_data' 'J' @16  124469026839088 (0x0000713434215a30)
 - private final 'parent' 'Ljava/lang/ClassLoader;' @24  a 'jdk/internal/loader/ClassLoaders$PlatformClassLoader'{0x000000008078d618} (0x8078d618)
 - private final 'name' 'Ljava/lang/String;' @28  null (0x00000000)
 - private final 'unnamedModule' 'Ljava/lang/Module;' @32  a 'java/lang/Module'{0x00000000804bc328} (0x804bc328)
 - private final 'nameAndId' 'Ljava/lang/String;' @36  "org.eclipse.osgi.internal.loader.EquinoxClassLoader @5f0c250e"{0x00000000804bc360} (0x804bc360)
 - private final 'parallelLockMap' 'Ljava/util/concurrent/ConcurrentHashMap;' @40  a 'java/util/concurrent/ConcurrentHashMap'{0x00000000804bc3c8} (0x804bc3c8)
 - private final 'package2certs' 'Ljava/util/concurrent/ConcurrentHashMap;' @44  a 'java/util/concurrent/ConcurrentHashMap'{0x00000000804bc408} (0x804bc408)
 - private final 'classes' 'Ljava/util/ArrayList;' @48  a 'java/util/ArrayList'{0x00000000804bc448} (0x804bc448)
 - private final 'defaultDomain' 'Ljava/security/ProtectionDomain;' @52  a 'java/security/ProtectionDomain'{0x00000000804bc460} (0x804bc460)
 - private final 'packages' 'Ljava/util/concurrent/ConcurrentHashMap;' @56  a 'java/util/concurrent/ConcurrentHashMap'{0x00000000804bc4d0} (0x804bc4d0)
 - private final 'libraries' 'Ljdk/internal/loader/NativeLibraries;' @60  a 'jdk/internal/loader/NativeLibraries'{0x00000000804bc510} (0x804bc510)
 - final 'assertionLock' 'Ljava/lang/Object;' @64  a 'java/lang/Object'{0x00000000804bc570} (0x804bc570)
 - private 'packageAssertionStatus' 'Ljava/util/Map;' @68  null (0x00000000)
 - 'classAssertionStatus' 'Ljava/util/Map;' @72  null (0x00000000)
 - private volatile 'classLoaderValueMap' 'Ljava/util/concurrent/ConcurrentHashMap;' @76  null (0x00000000)
 - private final 'classNameLocks' 'Lorg/eclipse/osgi/internal/container/KeyBasedLockStore;' @80  a 'org/eclipse/osgi/internal/container/KeyBasedLockStore'{0x00000000804bc580} (0x804bc580)
 - private final 'pkgLock' 'Ljava/lang/Object;' @84  a 'java/lang/Object'{0x00000000804bc640} (0x804bc640)
 - public volatile 'lombok$shadowLoader' 'Ljava/lang/ClassLoader;' @88  null (0x00000000)
 - private final 'configuration' 'Lorg/eclipse/osgi/internal/framework/EquinoxConfiguration;' @92  a 'org/eclipse/osgi/internal/framework/EquinoxConfiguration'{0x00000000807dfec0} (0x807dfec0)
 - private final 'debug' 'Lorg/eclipse/osgi/internal/debug/Debug;' @96  a 'org/eclipse/osgi/internal/debug/Debug'{0x00000000807e0300} (0x807e0300)
 - private final 'delegate' 'Lorg/eclipse/osgi/internal/loader/BundleLoader;' @100  a 'org/eclipse/osgi/internal/loader/BundleLoader'{0x00000000804b76f8} (0x804b76f8)
 - private final 'generation' 'Lorg/eclipse/osgi/storage/BundleInfo$Generation;' @104  a 'org/eclipse/osgi/storage/BundleInfo$Generation'{0x0000000080277c60} (0x80277c60)
 - private final 'manager' 'Lorg/eclipse/osgi/internal/loader/classpath/ClasspathManager;' @108  a 'org/eclipse/osgi/internal/loader/classpath/ClasspathManager'{0x00000000804bc650} (0x804bc650)
R12=0x000071348c4f1aa0 is pointing into the stack for thread: 0x00007133f42ffea0
R13=0x000071348e5b58f0 is pointing into metadata
R14=0x000000000000000d is an unknown value
R15=0x0 is null

Top of Stack: (sp=0x000071348c4f1910)
0x000071348c4f1910:   000071348c4f1930 00007134fceb771a
0x000071348c4f1920:   0000713434215a30 00007133f42fde70
0x000071348c4f1930:   000071348e4899e0 000071348e5b58f0
0x000071348c4f1940:   0000713490d0a968 000071348c4f1970
0x000071348c4f1950:   000071348ed8a178 0000000000000000
0x000071348c4f1960:   0000000000000000 01000000ffffffff
0x000071348c4f1970:   00007133f42ffea0 00007133f42fdda0
0x000071348c4f1980:   00007133f42fdde0 00007133f42fdea8
0x000071348c4f1990:   00007133f42fdec8 00000000000000d8
0x000071348c4f19a0:   000071348c4f1b30 00007134fcb263ec
0x000071348c4f19b0:   00007134fd726810 000071348c4f1aa0
0x000071348c4f19c0:   000000000000000d 000071348c4f1a40
0x000071348c4f19d0:   000000000000000d 0000713491746598
0x000071348c4f19e0:   000071348c4f1a80 00007134fcd52d83
0x000071348c4f19f0:   00007133f42fde68 00007133f42fdd60
0x000071348c4f1a00:   000071348c4f1a80 00007134fcd4e440
0x000071348c4f1a10:   000071346405f190 000071346405f1a0
0x000071348c4f1a20:   0000713491746608 000071346405f1a0
0x000071348c4f1a30:   0000000000000000 00007133f42ffea0
0x000071348c4f1a40:   000071348ed8d350 00007133f42ffea0
0x000071348c4f1a50:   000071348c4f1a90 00007133f42ffea0
0x000071348c4f1a60:   000071348c4f1aa0 000071348ed8bb08
0x000071348c4f1a70:   0000713491746608 0000000000000000
0x000071348c4f1a80:   000071348c4f1ae0 00007134fcae35f7
0x000071348c4f1a90:   000071348c4f1ba0 00007134fc81cdba
0x000071348c4f1aa0:   000071348ed8bb08 00000010000001d0
0x000071348c4f1ab0:   000071348c4f1b20 000071348ed8bb08
0x000071348c4f1ac0:   000071348ed8bb08 00007133f42ffea0
0x000071348c4f1ad0:   00007133f42fde58 00007133f42fde50
0x000071348c4f1ae0:   000071348c4f1ba0 00007134fd14d41d
0x000071348c4f1af0:   000071348c4f1b30 000071348c4f1b10
0x000071348c4f1b00:   0000713434215a30 0000000000000000 

Instructions: (pc=0x00007134fcd501e0)
0x00007134fcd500e0:   ff 4d 85 c9 0f 84 a6 02 00 00 48 8d 45 90 4c 89
0x00007134fcd500f0:   fe 4c 89 85 58 ff ff ff 48 89 c7 4c 89 8d 60 ff
0x00007134fcd50100:   ff ff 48 89 85 68 ff ff ff e8 f2 dc d4 ff 4c 8b
0x00007134fcd50110:   8d 60 ff ff ff 4c 8b 85 58 ff ff ff 49 8b 81 98
0x00007134fcd50120:   00 00 00 48 8b 78 08 48 85 ff 0f 84 58 02 00 00
0x00007134fcd50130:   4c 89 85 58 ff ff ff 4c 89 8d 60 ff ff ff ff 15
0x00007134fcd50140:   cc 4e 97 00 4c 8b 8d 60 ff ff ff 4c 8b 85 58 ff
0x00007134fcd50150:   ff ff 48 85 c0 49 89 c3 0f 84 2a 02 00 00 49 8b
0x00007134fcd50160:   bf 20 03 00 00 48 8b 4f 18 48 8b 47 20 48 29 c8
0x00007134fcd50170:   48 83 f8 07 0f 86 8e 02 00 00 48 8d 41 08 48 89
0x00007134fcd50180:   47 18 4c 89 19 49 8b 41 18 48 89 85 60 ff ff ff
0x00007134fcd50190:   85 db 0f 8e d8 01 00 00 4c 63 cb 4d 89 f2 31 db
0x00007134fcd501a0:   4d 89 ce 4d 89 e9 4d 89 c5 4c 8b 85 50 ff ff ff
0x00007134fcd501b0:   eb 52 66 0f 1f 44 00 00 48 8d 35 d9 5c 9d 00 80
0x00007134fcd501c0:   3e 00 75 58 83 e2 08 74 53 48 8b 85 70 ff ff ff
0x00007134fcd501d0:   48 8b b4 d8 d0 01 00 00 0f 1f 84 00 00 00 00 00
0x00007134fcd501e0:   48 8b 46 08 48 8b 50 08 0f b7 78 24 4c 3b 6c fa
0x00007134fcd501f0:   48 0f 84 91 00 00 00 48 83 c3 01 4c 39 f3 0f 84
0x00007134fcd50200:   6c 01 00 00 49 8b 04 24 4c 8d 3c dd 00 00 00 00
0x00007134fcd50210:   0f b7 90 c2 00 00 00 f6 c2 01 75 9c 49 63 54 24
0x00007134fcd50220:   08 4c 01 f8 48 8b 34 10 eb b6 66 0f 1f 44 00 00
0x00007134fcd50230:   48 8b 3a be fe ff ff ff e8 73 51 13 00 c6 45 8e
0x00007134fcd50240:   00 48 c7 45 80 00 00 00 00 e9 fb fd ff ff 66 90
0x00007134fcd50250:   c6 45 8f 01 41 f6 85 b1 00 00 00 02 0f 84 47 fe
0x00007134fcd50260:   ff ff 80 7d 8e 00 49 8b 3e 74 0a 83 7f 2c f7 0f
0x00007134fcd50270:   8c 30 fe ff ff be f7 ff ff ff e8 31 51 13 00 e9
0x00007134fcd50280:   21 fe ff ff 0f 1f 40 00 0f b7 40 26 4c 3b 44 c2
0x00007134fcd50290:   48 0f 85 60 ff ff ff 41 f6 81 b1 00 00 00 02 0f
0x00007134fcd502a0:   85 fb 00 00 00 8b 46 28 a8 02 0f 85 47 ff ff ff
0x00007134fcd502b0:   80 7d 8e 00 4c 8b 5a 18 0f 84 aa 01 00 00 49 8b
0x00007134fcd502c0:   12 8b 42 28 89 c6 83 e6 01 0f 84 81 01 00 00 c6
0x00007134fcd502d0:   45 8f 00 49 8b 04 24 0f b7 b0 c2 00 00 00 40 f6 


Stack slot to memory mapping:

stack at sp + 0 slots: 0x000071348c4f1930 is pointing into the stack for thread: 0x00007133f42ffea0
stack at sp + 1 slots: 0x00007134fceb771a: <offset 0x0000000000cb771a> in /usr/lib/jvm/java-21-openjdk-amd64/lib/server/libjvm.so at 0x00007134fc200000
stack at sp + 2 slots: 0x0000713434215a30 points into unknown readable memory: 0x00007134342eaba0 | a0 ab 2e 34 34 71 00 00
stack at sp + 3 slots: 0x00007133f42fde70 points into unknown readable memory: 0x00000000d5e07578 | 78 75 e0 d5 00 00 00 00
stack at sp + 4 slots: 0x000071348e4899e0 is pointing into metadata
stack at sp + 5 slots: 0x000071348e5b58f0 is pointing into metadata
stack at sp + 6 slots: 0x0000713490d0a968 is pointing into metadata
stack at sp + 7 slots: 0x000071348c4f1970 is pointing into the stack for thread: 0x00007133f42ffea0


Compiled method (n/a) 3298 1041     n 0       java.lang.ClassLoader::defineClass1 (native)
 total in heap  [0x00007134e4326a90,0x00007134e4326ea0] = 1040
 relocation     [0x00007134e4326be8,0x00007134e4326c20] = 56
 main code      [0x00007134e4326c20,0x00007134e4326e9f] = 639
 stub code      [0x00007134e4326e9f,0x00007134e4326ea0] = 1

[Constant Pool (empty)]

[MachCode]
[Entry Point]
  # {method} {0x000071348e436c30} 'defineClass1' '(Ljava/lang/ClassLoader;Ljava/lang/String;[BIILjava/security/ProtectionDomain;Ljava/lang/String;)Ljava/lang/Class;' in 'java/lang/ClassLoader'
  # parm0:    rsi:rsi   = 'java/lang/ClassLoader'
  # parm1:    rdx:rdx   = 'java/lang/String'
  # parm2:    rcx:rcx   = '[B'
  # parm3:    r8        = int
  # parm4:    r9        = int
  # parm5:    rdi:rdi   = 'java/security/ProtectionDomain'
  # parm6:    [sp+0x70]   = 'java/lang/String'  (sp of caller)
  0x00007134e4326c20: 448b 5608 | 49bb 0000 | 008e 3471 | 0000 4d03 | d349 3bc2 | 0f84 0600 

  0x00007134e4326c38: ;   {runtime_call ic_miss_stub}
  0x00007134e4326c38: 0000 e941 | e1a5 ff90 
[Verified Entry Point]
  0x00007134e4326c40: 8984 2400 | c0fe ff55 | 488b ec48 | 83ec 6090 | 4181 7f20 | 0200 0000 

  0x00007134e4326c58: ;   {runtime_call StubRoutines (final stubs)}
  0x00007134e4326c58: 7405 e881 | 83a4 ff48 | 837d 1000 | 488d 4510 | 480f 4445 | 1048 8944 | 2410 4889 | 7c24 4048 
  0x00007134e4326c78: 83ff 0048 | 8d44 2440 | 480f 4444 | 2440 4889 | 4424 084c | 890c 244d | 8bc8 4889 | 4c24 2848 
  0x00007134e4326c98: 83f9 004c | 8d44 2428 | 4c0f 4444 | 2428 4889 | 5424 2048 | 83fa 0048 | 8d4c 2420 | 480f 444c 
  0x00007134e4326cb8: 2420 4889 | 7424 1848 | 83fe 0048 | 8d54 2418 | 480f 4454 

  0x00007134e4326ccc: ;   {oop(a 'java/lang/Class'{0x0000000080080dd8} = 'java/lang/ClassLoader')}
  0x00007134e4326ccc: 2418 49be | d80d 0880 | 0000 0000 | 4c89 7424 | 484c 8d74 | 2448 498b | f6c5 f877 

  0x00007134e4326ce8: ;   {internal_word}
  0x00007134e4326ce8: 49ba e56c | 32e4 3471 | 0000 4d89 | 97a0 0300 | 0049 89a7 | 9803 0000 

  0x00007134e4326d00: ;   {external_word}
  0x00007134e4326d00: 803d 2e43 | 3e19 000f | 843c 0000 | 0056 5251 | 4150 4151 

  0x00007134e4326d14: ;   {metadata({method} {0x000071348e436c30} 'defineClass1' '(Ljava/lang/ClassLoader;Ljava/lang/String;[BIILjava/security/ProtectionDomain;Ljava/lang/String;)Ljava/lang/Class;' in 'java/lang/ClassLoader')}
  0x00007134e4326d14: 48be 306c | 438e 3471 | 0000 498b | ff40 f6c4 | 0f0f 8412 | 0000 0048 

  0x00007134e4326d2c: ;   {runtime_call SharedRuntime::dtrace_method_entry(JavaThread*, Method*)}
  0x00007134e4326d2c: 83ec 08e8 | 7cb3 c918 | 4883 c408 | e905 0000 

  0x00007134e4326d3c: ;   {runtime_call SharedRuntime::dtrace_method_entry(JavaThread*, Method*)}
  0x00007134e4326d3c: 00e8 6eb3 | c918 4159 | 4158 595a | 5e49 8dbf | b803 0000 | 41c7 8744 | 0400 0004 

  0x00007134e4326d58: ;   {runtime_call Java_java_lang_ClassLoader_defineClass1}
  0x00007134e4326d58: 0000 00e8 | f043 4c19 | c5f8 7741 | c787 4404 | 0000 0500 | 0000 f083 | 4424 c000 | 493b af48 
  0x00007134e4326d78: 0400 000f | 870e 0000 | 0041 83bf | 4004 0000 | 000f 8424 | 0000 00c5 | f877 4889 | 45f8 498b 
  0x00007134e4326d98: ff4c 8be4 | 4883 ec00 | 4883 e4f0 

  0x00007134e4326da4: ;   {runtime_call JavaThread::check_special_condition_for_native_trans(JavaThread*)}
  0x00007134e4326da4: e867 3c80 | 1849 8be4 | 4d33 e448 | 8b45 f841 | c787 4404 | 0000 0800 | 0000 4183 | bfc0 0400 
  0x00007134e4326dc4: 0002 0f84 | ad00 0000 

  0x00007134e4326dcc: ;   {external_word}
  0x00007134e4326dcc: 803d 6242 | 3e19 000f | 8436 0000 | 0048 8945 

  0x00007134e4326ddc: ;   {metadata({method} {0x000071348e436c30} 'defineClass1' '(Ljava/lang/ClassLoader;Ljava/lang/String;[BIILjava/security/ProtectionDomain;Ljava/lang/String;)Ljava/lang/Class;' in 'java/lang/ClassLoader')}
  0x00007134e4326ddc: f848 be30 | 6c43 8e34 | 7100 0049 | 8bff 40f6 | c40f 0f84 | 1200 0000 | 4883 ec08 

  0x00007134e4326df8: ;   {runtime_call SharedRuntime::dtrace_method_exit(JavaThread*, Method*)}
  0x00007134e4326df8: e8a3 b3c9 | 1848 83c4 | 08e9 0500 

  0x00007134e4326e04: ;   {runtime_call SharedRuntime::dtrace_method_exit(JavaThread*, Method*)}
  0x00007134e4326e04: 0000 e895 | b3c9 1848 | 8b45 f849 | c787 9803 | 0000 0000 | 0000 49c7 | 87a0 0300 | 0000 0000 
  0x00007134e4326e24: 00c5 f877 | 4885 c00f | 8425 0000 | 00a8 030f | 8508 0000 | 0048 8b00 | e915 0000 | 00a8 010f 
  0x00007134e4326e44: 8509 0000 | 0048 8b40 | fee9 0400 | 0000 488b | 40ff 498b | 8f28 0400 | 00c7 8100 | 0100 0000 
  0x00007134e4326e64: 0000 00c9 | 4983 7f08 | 000f 8501 | 0000 00c3 

  0x00007134e4326e74: ;   {runtime_call StubRoutines (initial stubs)}
  0x00007134e4326e74: e987 0da1 | ffc5 f877 | 4889 45f8 | 4c8b e448 | 83ec 0048 

  0x00007134e4326e88: ;   {runtime_call SharedRuntime::reguard_yellow_pages()}
  0x00007134e4326e88: 83e4 f0e8 | 80c2 c918 | 498b e44d | 33e4 488b | 45f8 e92d | ffff fff4 
[/MachCode]


Compiled method (c2) 3303 5721       4       java.lang.ClassLoader::defineClass (43 bytes)
 total in heap  [0x00007134e4553d90,0x00007134e455e340] = 42416
 relocation     [0x00007134e4553ee8,0x00007134e45544f0] = 1544
 main code      [0x00007134e4554500,0x00007134e455a7b8] = 25272
 stub code      [0x00007134e455a7b8,0x00007134e455a968] = 432
 oops           [0x00007134e455a968,0x00007134e455a990] = 40
 metadata       [0x00007134e455a990,0x00007134e455acc8] = 824
 scopes data    [0x00007134e455acc8,0x00007134e455cc98] = 8144
 scopes pcs     [0x00007134e455cc98,0x00007134e455da28] = 3472
 dependencies   [0x00007134e455da28,0x00007134e455db00] = 216
 handler table  [0x00007134e455db00,0x00007134e455e1a8] = 1704
 nul chk table  [0x00007134e455e1a8,0x00007134e455e340] = 408

[Constant Pool (empty)]

[MachCode]
[Entry Point]
  # {method} {0x000071348e436fb0} 'defineClass' '(Ljava/lang/String;[BIILjava/security/ProtectionDomain;)Ljava/lang/Class;' in 'java/lang/ClassLoader'
  # this:     rsi:rsi   = 'java/lang/ClassLoader'
  # parm0:    rdx:rdx   = 'java/lang/String'
  # parm1:    rcx:rcx   = '[B'
  # parm2:    r8        = int
  # parm3:    r9        = int
  # parm4:    rdi:rdi   = 'java/security/ProtectionDomain'
  #           [sp+0xc0]  (sp of caller)
  0x00007134e4554500: 448b 5608 | 49bb 0000 | 008e 3471 | 0000 4d03 | d349 3bc2 

  0x00007134e4554514: ;   {runtime_call ic_miss_stub}
  0x00007134e4554514: 0f85 6608 | 83ff 6690 | 0f1f 4000 
[Verified Entry Point]
  0x00007134e4554520: 8984 2400 | c0fe ff55 | 4881 ecb0 | 0000 0090 | 4181 7f20 | 0200 0000 | 0f85 6a62 | 0000 4889 
  0x00007134e4554540: 7c24 0844 | 894c 2424 | 4489 4424 | 2048 894c | 2418 4889 | 7424 1048 | 8954 2428 | 4885 d20f 
  0x00007134e4554560: 845b 2300 | 008b 6a14 

  0x00007134e4554568: ; implicit exception: dispatches to 0x00007134e4559f04
  0x00007134e4554568: 448b 550c | 4585 d20f | 8693 4000 | 0044 0fbe | 4210 4585 | c00f 8586 | 3100 00c4 | c23a f7d2 
  0x00007134e4554588: 413b d241 | 0f4f d285 | d20f 8e3e | 2300 0044 | 3bd2 0f82 | e440 0000 | 4c8b d548 | 8d7d 10b8 
  0x00007134e45545a8: 2f00 0000 | 488b df83 | fa10 0f8c | 7900 0000 | 83fa 200f | 8c36 0000 | 00c5 f96e | c8c4 e27d 
  0x00007134e45545c8: 78c9 c5ed | efd2 8bca | 83e1 e083 | e21f c5fe | 6f03 c5fd | 74c1 c4e2 | 7d17 d00f | 8369 0000 
  0x00007134e45545e8: 0048 83c3 | 2083 e920 | 75e4 e90d | 0000 00c5 | f96e c8c5 | e9ef d2c4 | e271 00ca | 83fa 100f 
  0x00007134e4554608: 8c24 0000 | 008b ca83 

  0x00007134e4554610: ;   {no_reloc}
  0x00007134e4554610: e1f0 83e2 | 0fc5 fa6f | 03c5 f974 | c1c4 e279 | 17d0 0f83 | 2a00 0000 | 4883 c310 | 83e9 1075 
  0x00007134e4554630: e485 d20f | 8412 0000 | 000f b60b | 3bc1 741c | 4883 c301 | 83ea 0174 | 02eb eebb | ffff ffff 
  0x00007134e4554650: eb0d c5fd | d7c8 0fbc | c148 03d8 | 482b df83 | fbff 0f85 | 9043 0000 | 4c8b 5424 | 2845 8b5a 
  0x00007134e4554670: 1441 807a | 1000 0f85 | a83f 0000 

  0x00007134e455467c: ; implicit exception: dispatches to 0x00007134e4559f1c
  0x00007134e455467c: 418b 6b0c | 85ed 0f86 | c03f 0000 | 450f b65b | 1041 83fb | 5b0f 8405 | 4400 004c | 8b54 2428 
  0x00007134e455469c: 418b 6a14 

  0x00007134e45546a0: ; implicit exception: dispatches to 0x00007134e4559f34
  0x00007134e45546a0: 448b 550c | 4c8b 5c24 | 2845 0fbe | 4310 c442 | 3af7 da41 | 83c3 fb45 | 85db 7c50 | 4585 c00f 
  0x00007134e45546c0: 85f4 2f00 | 0041 83fa | 040f 8671 | 4100 0080 | 7d10 6a75 | 3780 7d11 | 6175 3180 | 7d12 7675 
  0x00007134e45546e0: 2b80 7d13 | 6175 2544 | 0fbe 5d14 | 4183 fb2e | 751a be45 | ffff ff48 | 8b6c 2410 

  0x00007134e45546fc: ;   {runtime_call UncommonTrapBlob}
  0x00007134e45546fc: c5f8 77e8 

  0x00007134e4554700: ; ImmutableOopMap {rbp=Oop [8]=Oop [24]=Oop [40]=Oop }
                      ;*ifeq {reexecute=1 rethrow=0 return_oop=0}
                      ; - (reexecute) java.lang.ClassLoader::preDefineClass@46 (line 906)
                      ; - java.lang.ClassLoader::defineClass@4 (line 1025)
  0x00007134e4554700: fc5b 83ff 

  0x00007134e4554704: ;   {other}
  0x00007134e4554704: 0f1f 8400 | 7409 0000 | 4c8b 6c24 | 284c 8b54 | 2408 4d85 | d20f 84e7 | 1a00 004c | 8954 2430 
  0x00007134e4554724: 4d85 ed0f | 848f 2000 | 004c 8b54 | 2430 458b | 5a10 4489 | 5c24 3845 | 8b4d 1441 | 8b71 0c41 
  0x00007134e4554744: 0fbe 4d10 | c462 72f7 | de41 8d6b | ff85 c90f | 85ef 4200 | 0044 8d56 | ff44 3bd5 | 440f 4fd5 
  0x00007134e4554764: 498b e945 | 85d2 0f8c | 5821 0000 | 4533 c044 | 8944 2470 | 0f1f 8400 | 0000 0000 | 443b d60f 
  0x00007134e4554784: 83fd 3700 | 0043 807c | 1110 2e74 | 184d 8b87 | 5004 0000 

  0x00007134e4554798: ; ImmutableOopMap {r9=NarrowOop rbp=Oop r13=Oop [16]=Oop [24]=Oop [40]=Oop [48]=Oop [56]=NarrowOop }
                      ;*goto {reexecute=1 rethrow=0 return_oop=0}
                      ; - (reexecute) java.lang.StringLatin1::lastIndexOf@35 (line 285)
                      ; - java.lang.String::lastIndexOf@13 (line 2573)
                      ; - java.lang.String::lastIndexOf@8 (line 2535)
                      ; - java.lang.ClassLoader::checkCerts@3 (line 1163)
                      ; - java.lang.ClassLoader::preDefineClass@113 (line 917)
                      ; - java.lang.ClassLoader::defineClass@4 (line 1025)
                      ;   {poll}
  0x00007134e4554798: 41ff ca41 | 8500 4585 | d27d dd41 | baff ffff | ff41 83fa | ff0f 8409 | 4300 0045 | 85d2 0f8c 
  0x00007134e45547b8: b442 0000 | 453b d30f | 8f17 4300 | 0045 3bd3 | 0f84 291a | 0000 4585 | d20f 8413 | 2600 0049 
  0x00007134e45547d8: 8b9f b801 | 0000 4c8b | db49 83c3 | 184d 3b9f | c801 0000 | 0f83 4b32 | 0000 4d89 | 9fb8 0100 
  0x00007134e45547f8: 0041 0f0d | 8bc0 0000 | 0048 c703 | 0100 0000 

  0x00007134e4554808: ;   {metadata('java/lang/String')}
  0x00007134e4554808: c743 0870 | ea00 0044 | 8963 0c4c | 8963 104d | 8d59 1044 | 3bd6 0f84 | 9e16 0000 | 4181 fa00 
  0x00007134e4554828: 0010 000f | 8727 4000 | 004d 63c2 | 4889 ac24 | 8000 0000 | 413b f28b | ee41 0f4f | ea3b f50f 
  0x00007134e4554848: 82f0 4000 | 0044 3bd5 | 0f82 e740 | 0000 4983 | c017 498b | d048 83e2 | f841 81fa | 0000 1000 
  0x00007134e4554868: 0f87 5e33 | 0000 4d8b | b7b8 0100 | 004d 8bce | 4c03 ca4d | 3b8f c801 | 0000 0f83 | 4433 0000 
  0x00007134e4554888: 4d89 8fb8 | 0100 0041 | 0f0d 89c0 | 0000 0049 | c706 0100 | 0000 410f | 0d89 0001 

  0x00007134e45548a4: ;   {metadata({type array byte})}
  0x00007134e45548a4: 0000 41c7 | 4608 1823 | 0000 4589 | 560c 410f | 0d89 4001 | 0000 410f | 0d89 8001 | 0000 4d8b 
  0x00007134e45548c4: ce49 83c1 | 1049 c1e8 | 0385 ed0f | 848b 3f00 | 0041 3bea | 0f8c 1b25 | 0000 4883 | c2f0 48c1 
  0x00007134e45548e4: ea03 498b | fb49 8bf1 | c5f8 7749 | ba00 e3d6 | e334 7100 | 0041 ffd2 

  0x00007134e45548fc: ;   {other}
  0x00007134e45548fc: 0f1f 8400 | 0000 0000 | 4488 6310 | 4d8b d644 | 8953 144c | 8bd3 49c1 | ea09 49bb | 0090 a2fa 
  0x00007134e455491c: 3471 0000 | 4788 2413 | 448b 5c24 | 3845 8b53 | 1445 85d2 | 0f85 c316 | 0000 458b | 4310 4585 
  0x00007134e455493c: c00f 8504 

  0x00007134e4554940: ;   {oop(a 'java/security/cert/Certificate'[0] {0x00000000808092d8})}
  0x00007134e4554940: 2e00 0049 | bed8 9280 | 8000 0000 | 004c 8b54 | 2410 458b | 5a2c 4585 | db0f 8405 | 3d00 004c 
  0x00007134e4554960: 8974 2438 | 4c89 6c24 | 0849 8bf3 | 488b d349 | 8bce 41b8 | 0100 0000 

  0x00007134e4554978: ;   {optimized virtual_call}
  0x00007134e4554978: c5f8 77e8 

  0x00007134e455497c: ; ImmutableOopMap {[8]=Oop [16]=Oop [24]=Oop [40]=Oop [48]=Oop [56]=Oop }
                      ;*invokevirtual putVal {reexecute=0 rethrow=0 return_oop=1}
                      ; - java.util.concurrent.ConcurrentHashMap::putIfAbsent@4 (line 1541)
                      ; - java.lang.ClassLoader::checkCerts@62 (line 1171)
                      ; - java.lang.ClassLoader::preDefineClass@113 (line 917)
                      ; - java.lang.ClassLoader::defineClass@4 (line 1025)
  0x00007134e455497c: 208e 1300 

  0x00007134e4554980: ;   {other}
  0x00007134e4554980: 0f1f 8400 | f00b 0002 | 488b d048 | 85c0 7430 | 448b 5808 

  0x00007134e4554994: ;   {metadata('java/security/cert/Certificate'[])}
  0x00007134e4554994: 4181 fbc8 | 5210 000f | 855b 5300 | 004c 8b74 | 2438 458b | 560c 448b | 5a0c 4585 | d20f 8772 
  0x00007134e45549b4: 1800 0045 | 85db 0f87 | 1c43 0000 | 4c8b 5424 | 3045 8b5a | 1041 8b5b | 0c85 db0f | 842a 1800 
  0x00007134e45549d4: 0044 8b53 | 3845 8b42 | 0848 8bd3 

  0x00007134e45549e0: ;   {metadata('sun/net/www/protocol/file/Handler')}
  0x00007134e45549e0: 4181 f840 | 7e21 000f | 85aa 1d00 | 0049 8b87 | b801 0000 | 4c8b d049 | 83c2 184d | 3b97 c801 
  0x00007134e4554a00: 0000 0f83 | b930 0000 | 4d89 97b8 | 0100 0041 | 0f0d 8ac0 | 0000 0048 | c700 0100 

  0x00007134e4554a1c: ;   {metadata('java/lang/StringBuilder')}
  0x00007134e4554a1c: 0000 c740 | 0838 8200 | 0044 8960 | 0c4c 8960 | 1048 8944 | 2440 4d8b | 87b8 0100 | 004d 8bd0 
  0x00007134e4554a3c: 4983 c220 | 4d3b 97c8 | 0100 000f | 83dd 3000 | 004d 8997 | b801 0000 | 410f 0d8a | c000 0000 
  0x00007134e4554a5c: 49c7 0001 | 0000 0041 | 0f0d 8a00 

  0x00007134e4554a68: ;   {metadata({type array byte})}
  0x00007134e4554a68: 0100 0041 | c740 0818 | 2300 0041 | 0f0d 8a40 | 0100 0041 | c740 0c10 | 0000 0041 | 0f0d 8a80 
  0x00007134e4554a88: 0100 004d | 8960 104d | 8960 188b | 4b14 4d8b | d04c 8b5c | 2440 4589 | 5314 4d8b | d349 c1ea 
  0x00007134e4554aa8: 0949 bb00 | 90a2 fa34 | 7100 0047 | 8824 1385 | c90f 84b1 | 2200 0044 | 8b51 1445 | 8b5a 0c44 
  0x00007134e4554ac8: 0fbe 5110 | c442 2af7 | f345 8d5e | f045 85db | 0f8e 6501 | 0000 4489 | 7424 504c | 8944 2448 
  0x00007134e4554ae8: 4889 5424 | 3889 5c24 | 0848 8be9 | 894c 240c | 488b 7424 | 4041 8bd6 

  0x00007134e4554b00: ;   {optimized virtual_call}
  0x00007134e4554b00: c5f8 77e8 

  0x00007134e4554b04: ; ImmutableOopMap {rbp=Oop [8]=NarrowOop [12]=NarrowOop [16]=Oop [24]=Oop [40]=Oop [48]=Oop [56]=Oop [64]=Oop [72]=Oop }
                      ;*invokevirtual newCapacity {reexecute=0 rethrow=0 return_oop=0}
                      ; - java.lang.AbstractStringBuilder::ensureCapacityInternal@24 (line 243)
                      ; - java.lang.AbstractStringBuilder::append@21 (line 587)
                      ; - java.lang.StringBuilder::append@2 (line 179)
                      ; - java.net.URLStreamHandler::toExternalForm@11 (line 480)
                      ; - java.net.URL::toExternalForm@5 (line 1203)
                      ; - java.net.URL::toString@1 (line 1189)
                      ; - java.lang.ClassLoader::defineClassSourceLocation@22 (line 927)
                      ; - java.lang.ClassLoader::defineClass@12 (line 1026)
  0x00007134e4554b04: 7805 83ff 

  0x00007134e4554b08: ;   {other}
  0x00007134e4554b08: 0f1f 8400 | 780d 0003 | 4c8b 5424 | 4045 0fbe | 5a10 4c8b | 4424 4849 | 83c0 10c4 | 6221 f7d8 
  0x00007134e4554b28: 4183 fb10 | 0f84 bb21 | 0000 4181 | fb00 0010 | 000f 8775 | 4900 004d | 63cb b910 | 0000 0041 
  0x00007134e4554b48: 3bcb 41ba | 1000 0000 | 450f 4fd3 | 4183 fa10 | 0f87 2249 | 0000 453b | da0f 8219 | 4900 0049 
  0x00007134e4554b68: 83c1 1749 | 8bd1 4883 | e2f8 4181 | fb00 0010 | 000f 8799 | 3700 0049 | 8b9f b801 | 0000 488b 
  0x00007134e4554b88: cb48 03ca | 493b 8fc8 | 0100 000f | 837f 3700 | 0049 898f | b801 0000 | 0f0d 89c0 | 0000 0048 
  0x00007134e4554ba8: c703 0100 | 0000 0f0d | 8900 0100 

  0x00007134e4554bb4: ;   {metadata({type array byte})}
  0x00007134e4554bb4: 00c7 4308 | 1823 0000 | 4489 5b0c | 0f0d 8940 | 0100 000f | 0d89 8001 | 0000 488b | f348 83c6 
  0x00007134e4554bd4: 1049 c1e9 | 0345 85d2 | 0f84 da48 | 0000 453b | d30f 8c39 | 2700 0048 | 83c2 f048 | c1ea 0349 
  0x00007134e4554bf4: 8bf8 c5f8 | 7749 ba00 | e3d6 e334 | 7100 0041 

  0x00007134e4554c04: ;   {other}
  0x00007134e4554c04: ffd2 0f1f | 8400 0000 | 0000 4c8b | 5424 404c | 8bdb 4c8b | 4424 4045 | 8958 1449 | c1ea 0949 
  0x00007134e4554c24: bb00 90a2 | fa34 7100 | 0047 8824 | 138b 5c24 | 088b 4c24 | 0c44 8b74 | 2450 488b | 5424 384c 
  0x00007134e4554c44: 8b54 2440 | 450f be5a | 100f be79 | 1045 8b42 | 0c44 3bdf | 0f85 6642 | 0000 4c8b | 5424 4045 
  0x00007134e4554c64: 8b52 1441 | 3bfb 0f85 | dc3f 0000 | 8b49 1444 | 8b49 0cc4 | c221 f7e8 

  0x00007134e4554c7c: ; implicit exception: dispatches to 0x00007134e455a124
  0x00007134e4554c7c: 458b 420c | 85ed 0f8c | 6c3b 0000 | 4889 5424 | 3841 8d3c | 2944 3bc7 | 0f82 5a3b | 0000 4585 
  0x00007134e4554c9c: c976 2a4c | 8bd9 488d | 7910 4963 | d14d 8bda | 498d 742a | 10c5 f877 | 49ba 80df | d6e3 3471 
  0x00007134e4554cbc: 0000 41ff 

  0x00007134e4554cc0: ;   {other}
  0x00007134e4554cc0: d20f 1f84 | 0000 0000 | 004c 8b54 | 2440 4501 | 720c 4c8b | 5424 4045 | 8b5a 1441 | 8b4b 0c41 
  0x00007134e4554ce0: 8b52 0c45 | 0fbe 4210 | c462 3af7 | d144 8bca | 452b ca41 | ffc1 4585 | c90f 8e51 | 0100 0089 
  0x00007134e4554d00: 4c24 4844 | 895c 240c | 895c 2408 | ffc2 488b | 7424 4090 

  0x00007134e4554d14: ;   {optimized virtual_call}
  0x00007134e4554d14: c5f8 77e8 

  0x00007134e4554d18: ; ImmutableOopMap {[8]=NarrowOop [12]=NarrowOop [16]=Oop [24]=Oop [40]=Oop [48]=Oop [56]=Oop [64]=Oop }
                      ;*invokevirtual newCapacity {reexecute=0 rethrow=0 return_oop=0}
                      ; - java.lang.AbstractStringBuilder::ensureCapacityInternal@24 (line 243)
                      ; - java.lang.AbstractStringBuilder::append@7 (line 806)
                      ; - java.lang.StringBuilder::append@2 (line 246)
                      ; - java.net.URLStreamHandler::toExternalForm@16 (line 480)
                      ; - java.net.URL::toExternalForm@5 (line 1203)
                      ; - java.net.URL::toString@1 (line 1189)
                      ; - java.lang.ClassLoader::defineClassSourceLocation@22 (line 927)
                      ; - java.lang.ClassLoader::defineClass@12 (line 1026)
  0x00007134e4554d18: 6403 83ff 

  0x00007134e4554d1c: ;   {other}
  0x00007134e4554d1c: 0f1f 8400 | 8c0f 0004 | 4c8b 5424 | 4045 0fbe | 5a10 c462 | 21f7 d88b | 4c24 0c4c | 8bd1 4c89 
  0x00007134e4554d3c: 5424 784c | 8d41 1044 | 3b5c 2448 | 0f84 401c | 0000 4181 | fb00 0010 | 000f 87e1 | 4400 004d 
  0x00007134e4554d5c: 63cb 448b | 5424 4845 | 3bd3 418b | ea41 0f4f | eb44 3bd5 | 0f82 b247 | 0000 443b | dd0f 82a9 
  0x00007134e4554d7c: 4700 0049 | 83c1 1749 | 8bd1 4883 | e2f8 4181 | fb00 0010 | 000f 87f2 | 3300 0049 | 8b9f b801 
  0x00007134e4554d9c: 0000 4c8b | d34c 03d2 | 4d3b 97c8 | 0100 000f | 83d8 3300 | 004d 8997 | b801 0000 | 410f 0d8a 
  0x00007134e4554dbc: c000 0000 | 48c7 0301 | 0000 0041 | 0f0d 8a00 

  0x00007134e4554dcc: ;   {metadata({type array byte})}
  0x00007134e4554dcc: 0100 00c7 | 4308 1823 | 0000 4489 | 5b0c 410f | 0d8a 4001 | 0000 410f | 0d8a 8001 | 0000 488b 
  0x00007134e4554dec: f348 83c6 | 1049 c1e9 | 0385 ed0f | 8447 4400 | 0041 3beb | 0f8c 1122 | 0000 4883 | c2f0 48c1 
  0x00007134e4554e0c: ea03 498b | f8c5 f877 | 49ba 00e3 | d6e3 3471 | 0000 41ff 

  0x00007134e4554e20: ;   {other}
  0x00007134e4554e20: d20f 1f84 | 0000 0000 | 004c 8b54 | 2440 4c8b | db4c 8b44 | 2440 4589 | 5814 49c1 | ea09 49b8 
  0x00007134e4554e40: 0090 a2fa | 3471 0000 | 4788 2410 | 8b5c 2408 | 4c8b 5424 | 4041 807a | 1000 0f85 | 7f1a 0000 
  0x00007134e4554e60: 418b 6a0c | 448d 5501 | 4c8b 4424 | 4045 8950 | 0c45 8b53 | 0c41 3bea | 0f83 2238 | 0000 41c6 
  0x00007134e4554e80: 442b 103a | 8b7b 2485 | ff74 1144 | 8b57 1445 | 8b5a 0c45 | 85db 0f87 | 5625 0000 

  0x00007134e4554e9c: ;   {oop(""{0x0000000080000000})}
  0x00007134e4554e9c: 48bd 0000 | 0080 0000 | 0000 448b | 5514 458b | 520c 4c8b | 5c24 4045 | 8b4b 1445 | 8b59 0c44 
  0x00007134e4554ebc: 0fbe 4510 | 488b 4c24 | 408b 410c | c442 3af7 | f20f be49 | 1041 8d14 | 06c4 c272 | f7fb 448b 
  0x00007134e4554edc: d244 2bd7 | 4585 d20f | 8e76 0100 | 0044 8974 | 2454 4489 | 5c24 5044 | 894c 240c | 4889 6c24 
  0x00007134e4554efc: 4889 5c24 | 0848 8b74 | 2440 6690 

  0x00007134e4554f08: ;   {optimized virtual_call}
  0x00007134e4554f08: c5f8 77e8 

  0x00007134e4554f0c: ; ImmutableOopMap {[8]=NarrowOop [12]=NarrowOop [16]=Oop [24]=Oop [40]=Oop [48]=Oop [56]=Oop [64]=Oop [72]=Oop }
                      ;*invokevirtual newCapacity {reexecute=0 rethrow=0 return_oop=0}
                      ; - java.lang.AbstractStringBuilder::ensureCapacityInternal@24 (line 243)
                      ; - java.lang.AbstractStringBuilder::append@21 (line 587)
                      ; - java.lang.StringBuilder::append@2 (line 179)
                      ; - java.net.URLStreamHandler::toExternalForm@59 (line 483)
                      ; - java.net.URL::toExternalForm@5 (line 1203)
                      ; - java.net.URL::toString@1 (line 1189)
                      ; - java.lang.ClassLoader::defineClassSourceLocation@22 (line 927)
                      ; - java.lang.ClassLoader::defineClass@12 (line 1026)
  0x00007134e4554f0c: 7001 83ff 

  0x00007134e4554f10: ;   {other}
  0x00007134e4554f10: 0f1f 8400 | 8011 0005 | 4c8b 5424 | 4045 0fbe | 5210 c462 | 29f7 c08b | 4c24 0c4c | 8bd1 4c89 
  0x00007134e4554f30: 9424 8800 | 0000 488d | 7910 443b | 4424 500f | 84e9 1a00 | 0041 81f8 | 0000 1000 | 0f87 5e43 
  0x00007134e4554f50: 0000 4d63 | d044 8b5c | 2450 453b | d841 8beb | 410f 4fe8 | 443b dd0f | 8207 4600 | 0044 3bc5 
  0x00007134e4554f70: 0f82 fe45 | 0000 4983 | c217 498b | d248 83e2 | f841 81f8 | 0000 1000 | 0f87 4a32 | 0000 498b 
  0x00007134e4554f90: 9fb8 0100 | 004c 8bdb | 4c03 da4d | 3b9f c801 | 0000 0f83 | 3032 0000 | 4d89 9fb8 | 0100 0041 
  0x00007134e4554fb0: 0f0d 8bc0 | 0000 0048 | c703 0100 | 0000 410f | 0d8b 0001 

  0x00007134e4554fc4: ;   {metadata({type array byte})}
  0x00007134e4554fc4: 0000 c743 | 0818 2300 | 0044 8943 | 0c41 0f0d | 8b40 0100 | 0041 0f0d | 8b80 0100 | 0048 8bf3 
  0x00007134e4554fe4: 4883 c610 | 49c1 ea03 | 85ed 0f84 | c442 0000 | 413b e80f | 8cb5 2000 | 0048 83c2 | f048 c1ea 
  0x00007134e4555004: 03c5 f877 | 49ba 00e3 | d6e3 3471 | 0000 41ff 

  0x00007134e4555014: ;   {other}
  0x00007134e4555014: d20f 1f84 | 0000 0000 | 004c 8b54 | 2440 410f | be4a 1041 | 8b42 0c48 | 8b6c 2448 | 440f be45 
  0x00007134e4555034: 104c 8bd3 | 4c8b 5c24 | 4045 8953 | 144d 8bd3 | 49c1 ea09 | 49bb 0090 | a2fa 3471 | 0000 4788 
  0x00007134e4555054: 2413 8b5c | 2408 448b | 7424 5441 | 3bc8 0f85 | a83c 0000 | 4c8b 5424 | 4045 8b4a | 1444 3bc1 
  0x00007134e4555074: 0f85 923a | 0000 448b | 5514 418b | 7a0c c4e2 | 71f7 e845 | 8b59 0c85 | ed0f 8c49 | 3600 0044 
  0x00007134e4555094: 8d04 2f45 | 3bd8 0f82 | 3c36 0000 | 85ff 762a | 4863 d74d | 8bda 498d | 7a10 4d8b | d149 8d74 
  0x00007134e45550b4: 2910 c5f8 | 7749 ba80 | dfd6 e334 | 7100 0041 

  0x00007134e45550c4: ;   {other}
  0x00007134e45550c4: ffd2 0f1f | 8400 0000 | 0000 4c8b | 5424 4045 | 0372 0c45 | 8972 0c44 | 8b4b 2845 | 8b59 1445 
  0x00007134e45550e4: 8b53 0c4c | 8b5c 2440 | 418b 7b14 

  0x00007134e45550f0: ; implicit exception: dispatches to 0x00007134e455a02c
  0x00007134e45550f0: 8b4f 0c45 | 0fbe 4110 | 450f be5b | 10c4 423a | f7ea c462 | 22f7 d143 | 8d14 2e44 | 8bc2 452b 
  0x00007134e4555110: c245 85c0 | 0f8e 6a01 | 0000 4489 | 6c24 5089 | 4c24 4c89 | 7c24 4889 | 5c24 084d | 8bd1 4c89 
  0x00007134e4555130: 5424 5844 | 894c 240c | 488b 7424 | 4066 6690 

  0x00007134e4555140: ;   {optimized virtual_call}
  0x00007134e4555140: c5f8 77e8 

  0x00007134e4555144: ; ImmutableOopMap {[8]=NarrowOop [12]=NarrowOop [16]=Oop [24]=Oop [40]=Oop [48]=Oop [56]=Oop [64]=Oop [72]=NarrowOop [88]=Oop }
                      ;*invokevirtual newCapacity {reexecute=0 rethrow=0 return_oop=0}
                      ; - java.lang.AbstractStringBuilder::ensureCapacityInternal@24 (line 243)
                      ; - java.lang.AbstractStringBuilder::append@21 (line 587)
                      ; - java.lang.StringBuilder::append@2 (line 179)
                      ; - java.net.URLStreamHandler::toExternalForm@77 (line 484)
                      ; - java.net.URL::toExternalForm@5 (line 1203)
                      ; - java.net.URL::toString@1 (line 1189)
                      ; - java.lang.ClassLoader::defineClassSourceLocation@22 (line 927)
                      ; - java.lang.ClassLoader::defineClass@12 (line 1026)
  0x00007134e4555144: f843 deff 

  0x00007134e4555148: ;   {other}
  0x00007134e4555148: 0f1f 8400 | b813 0006 | 4c8b 5424 | 4045 0fbe | 5210 c462 | 29f7 d044 | 8b4c 2448 | 4d8b d94c 
  0x00007134e4555168: 899c 2490 | 0000 0049 | 8d79 1044 | 3b54 244c | 0f84 6f19 | 0000 4181 | fa00 0010 | 000f 8799 
  0x00007134e4555188: 4100 004d | 63da 8b4c | 244c 413b | ca8b e941 | 0f4f ea3b | cd0f 8229 | 4400 0044 | 3bd5 0f82 
  0x00007134e45551a8: 2044 0000 | 4983 c317 | 498b d348 | 83e2 f841 | 81fa 0000 | 1000 0f87 | 6430 0000 | 498b 9fb8 
  0x00007134e45551c8: 0100 004c | 8bc3 4c03 | c24d 3b87 | c801 0000 | 0f83 4a30 | 0000 4d89 | 87b8 0100 | 0041 0f0d 
  0x00007134e45551e8: 88c0 0000 | 0048 c703 | 0100 0000 | 410f 0d88 | 0001 0000 

  0x00007134e45551fc: ;   {metadata({type array byte})}
  0x00007134e45551fc: c743 0818 | 2300 0044 | 8953 0c41 | 0f0d 8840 | 0100 0041 | 0f0d 8880 | 0100 0048 | 8bf3 4883 
  0x00007134e455521c: c610 49c1 | eb03 85ed | 0f84 0241 | 0000 413b | ea0f 8c1d | 1f00 0048 | 83c2 f048 | c1ea 03c5 
  0x00007134e455523c: f877 49ba | 00e3 d6e3 | 3471 0000 

  0x00007134e4555248: ;   {other}
  0x00007134e4555248: 41ff d20f | 1f84 0000 | 0000 004c | 8b54 2440 | 4c8b db4c | 8b44 2440 | 4589 5814 | 49c1 ea09 
  0x00007134e4555268: 49bb 0090 | a2fa 3471 | 0000 4788 | 2413 8b5c | 2408 448b | 4c24 0c44 | 8b6c 2450 | 4c8b 5424 
  0x00007134e4555288: 4041 0fbe | 4210 410f | be49 1041 | 8b7a 0c3b | c10f 85bd | 3a00 0045 | 8b42 143b | c80f 85b1 
  0x00007134e45552a8: 3800 0045 | 8b59 1441 | 8b4b 0cc4 | e279 f7ef 

  0x00007134e45552b8: ; implicit exception: dispatches to 0x00007134e455a05c
  0x00007134e45552b8: 458b 480c | 85ed 0f8c | 6434 0000 | 8d3c 2944 | 3bcf 0f82 | 5834 0000 | 85c9 762a | 4d8b d349 
  0x00007134e45552d8: 8d7b 1048 | 63d1 4d8b | d049 8d74 | 2810 c5f8 | 7749 ba80 | dfd6 e334 | 7100 0041 

  0x00007134e45552f4: ;   {other}
  0x00007134e45552f4: ffd2 0f1f | 8400 0000 | 0000 458b | d54c 8b5c | 2440 4503 | 530c 4589 | 530c 8b6b | 2085 ed0f 
  0x00007134e4555314: 85ab 3a00 | 0041 8b4b | 1444 8b49 | 0c45 0fbe | 5b10 c442 | 22f7 c145 | 8bda 452b | d845 85db 
  0x00007134e4555334: 0f8e 5001 | 0000 4489 | 4c24 4889 | 4c24 0c41 | 8bd2 895c | 2408 488b | 7424 4090 

  0x00007134e4555350: ;   {optimized virtual_call}
  0x00007134e4555350: c5f8 77e8 

  0x00007134e4555354: ; ImmutableOopMap {[8]=NarrowOop [12]=NarrowOop [16]=Oop [24]=Oop [40]=Oop [48]=Oop [56]=Oop [64]=Oop }
                      ;*invokevirtual newCapacity {reexecute=0 rethrow=0 return_oop=0}
                      ; - java.lang.AbstractStringBuilder::ensureCapacityInternal@24 (line 243)
                      ; - java.lang.AbstractStringBuilder::append@21 (line 587)
                      ; - java.lang.StringBuilder::append@2 (line 179)
                      ; - java.net.URLStreamHandler::toExternalForm@113 (line 485)
                      ; - java.net.URL::toExternalForm@5 (line 1203)
                      ; - java.net.URL::toString@1 (line 1189)
                      ; - java.lang.ClassLoader::defineClassSourceLocation@22 (line 927)
                      ; - java.lang.ClassLoader::defineClass@12 (line 1026)
  0x00007134e4555354: 28fd 82ff 

  0x00007134e4555358: ;   {other}
  0x00007134e4555358: 0f1f 8400 | c815 0007 | 4c8b 5424 | 4045 0fbe | 5210 c462 | 29f7 d844 | 8b54 240c | 4d8b c24c 
  0x00007134e4555378: 8944 2478 | 4d8d 4210 | 443b 5c24 | 480f 8421 | 1800 0041 | 81fb 0000 | 1000 0f87 | 0040 0000 
  0x00007134e4555398: 4d63 cb8b | 5c24 4841 | 3bdb 8beb | 410f 4feb | 3bdd 0f82 | 6042 0000 | 443b dd0f | 8257 4200 
  0x00007134e45553b8: 0049 83c1 | 1749 8bd1 | 4883 e2f8 | 4181 fb00 | 0010 000f | 87a7 2e00 | 0049 8b9f | b801 0000 
  0x00007134e45553d8: 4c8b d34c | 03d2 4d3b | 97c8 0100 | 000f 838d | 2e00 004d | 8997 b801 | 0000 410f | 0d8a c000 
  0x00007134e45553f8: 0000 48c7 | 0301 0000 | 0041 0f0d | 8a00 0100 

  0x00007134e4555408: ;   {metadata({type array byte})}
  0x00007134e4555408: 00c7 4308 | 1823 0000 | 4489 5b0c | 410f 0d8a | 4001 0000 | 410f 0d8a | 8001 0000 | 488b f348 
  0x00007134e4555428: 83c6 1049 | c1e9 0385 | ed0f 8469 | 3f00 0041 | 3beb 0f8c | ae1d 0000 | 4883 c2f0 | 48c1 ea03 
  0x00007134e4555448: 498b f8c5 | f877 49ba | 00e3 d6e3 | 3471 0000 

  0x00007134e4555458: ;   {other}
  0x00007134e4555458: 41ff d20f | 1f84 0000 | 0000 004c | 8b54 2440 | 4c8b c34c | 8b5c 2440 | 4589 4314 | 49c1 ea09 
  0x00007134e4555478: 49bb 0090 | a2fa 3471 | 0000 4788 | 2413 8b5c | 2408 4c8b | 5424 4045 | 0fbe 5a10 | 458b 520c 
  0x00007134e4555498: 4585 db0f | 855b 3900 | 004c 8b5c | 2440 418b | 6b14 448b | 450c 4585 | d20f 8cbd | 3200 0045 
  0x00007134e45554b8: 3bc2 0f82 | b432 0000 | 8b6b 3085 | ed0f 858d | 3900 0041 | 8b5b 148b | 4b0c 410f | be6b 1045 
  0x00007134e45554d8: 8b4b 0cc4 | 6252 f7d9 | 458b d145 | 2bd3 4585 | d20f 8e55 | 0100 0089 | 4c24 0c89 | 5c24 0848 
  0x00007134e45554f8: 8b74 2440 | 418b d190 

  0x00007134e4555500: ;   {optimized virtual_call}
  0x00007134e4555500: c5f8 77e8 

  0x00007134e4555504: ; ImmutableOopMap {[8]=NarrowOop [16]=Oop [24]=Oop [40]=Oop [48]=Oop [64]=Oop }
                      ;*invokevirtual newCapacity {reexecute=0 rethrow=0 return_oop=0}
                      ; - java.lang.AbstractStringBuilder::ensureCapacityInternal@24 (line 243)
                      ; - java.lang.AbstractStringBuilder::append@21 (line 587)
                      ; - java.lang.StringBuilder::append@2 (line 179)
                      ; - java.net.URLStreamHandler::toExternalForm@149 (line 486)
                      ; - java.net.URL::toExternalForm@5 (line 1203)
                      ; - java.net.URL::toString@1 (line 1189)
                      ; - java.lang.ClassLoader::defineClassSourceLocation@22 (line 927)
                      ; - java.lang.ClassLoader::defineClass@12 (line 1026)
  0x00007134e4555504: 78fb 82ff 

  0x00007134e4555508: ;   {other}
  0x00007134e4555508: 0f1f 8400 | 7817 0008 | 4c8b 5424 | 4045 0fbe | 5210 c462 | 29f7 d08b | 4c24 084c | 8bd9 4c89 
  0x00007134e4555528: 5c24 684c | 8d41 1044 | 3b54 240c | 0f84 1217 | 0000 4181 | fa00 0010 | 000f 87c5 | 3e00 004d 
  0x00007134e4555548: 63ca 448b | 5c24 0c45 | 3bda 418b | eb41 0f4f | ea44 3bdd | 0f82 fa40 | 0000 443b | d50f 82f1 
  0x00007134e4555568: 4000 0049 | 83c1 1749 | 8bd1 4883 | e2f8 4181 | fa00 0010 | 000f 8745 | 2d00 0049 | 8b9f b801 
  0x00007134e4555588: 0000 4c8b | db4c 03da | 4d3b 9fc8 | 0100 000f | 832b 2d00 | 004d 899f | b801 0000 | 410f 0d8b 
  0x00007134e45555a8: c000 0000 | 48c7 0301 | 0000 0041 | 0f0d 8b00 

  0x00007134e45555b8: ;   {metadata({type array byte})}
  0x00007134e45555b8: 0100 00c7 | 4308 1823 | 0000 4489 | 530c 410f | 0d8b 4001 | 0000 410f | 0d8b 8001 | 0000 488b 
  0x00007134e45555d8: f348 83c6 | 1049 c1e9 | 0385 ed0f | 842b 3e00 | 0041 3bea | 0f8c 971c | 0000 4883 | c2f0 48c1 
  0x00007134e45555f8: ea03 498b | f8c5 f877 | 49ba 00e3 | d6e3 3471 | 0000 41ff 

  0x00007134e455560c: ;   {other}
  0x00007134e455560c: d20f 1f84 | 0000 0000 | 004c 8b54 | 2440 410f | be6a 1045 | 8b4a 0c4c | 8bd3 4c8b | 5c24 4045 
  0x00007134e455562c: 8953 144d | 8bd3 49c1 | ea09 49bb | 0090 a2fa | 3471 0000 | 4788 2413 | 85ed 0f85 | 4038 0000 
  0x00007134e455564c: 4c8b 5424 | 4041 8b6a | 1444 8b5d | 0c45 85c9 | 0f8c 4e31 | 0000 453b | d90f 8245 | 3100 0049 
  0x00007134e455566c: 8b9f b801 | 0000 4c8b | d349 83c2 | 184d 3b97 | c801 0000 | 0f83 2125 | 0000 4d89 | 97b8 0100 
  0x00007134e455568c: 0041 0f0d | 8ac0 0000 | 0048 c703 | 0100 0000 

  0x00007134e455569c: ;   {metadata('java/lang/String')}
  0x00007134e455569c: c743 0870 | ea00 0044 | 8963 0c4c | 8963 104c | 8b54 2440 | 450f be42 | 1045 8b4a | 1445 8b5a 
  0x00007134e45556bc: 0c45 85c0 | 0f85 0e35 | 0000 418b | 790c 4d8b | d14c 8954 | 2478 4d8d | 4110 443b | df0f 847e 
  0x00007134e45556dc: 0800 0045 | 85db 0f8c | 4438 0000 | 4181 fb00 | 0010 000f | 87d7 3100 | 0049 63cb | 413b fb8b 
  0x00007134e45556fc: ef41 0f4f | eb3b fd0f | 827b 3200 | 0044 3bdd | 0f82 7232 | 0000 4883 | c117 488b | d148 83e2 
  0x00007134e455571c: f841 81fb | 0000 1000 | 0f87 5425 | 0000 4d8b | afb8 0100 | 004d 8bd5 | 4c03 d24d | 3b97 c801 
  0x00007134e455573c: 0000 0f83 | 3a25 0000 | 4d89 97b8 | 0100 0041 | 0f0d 8ac0 | 0000 0049 | c745 0001 | 0000 0041 
  0x00007134e455575c: 0f0d 8a00 

  0x00007134e4555760: ;   {metadata({type array byte})}
  0x00007134e4555760: 0100 0041 | c745 0818 | 2300 0045 | 895d 0c41 | 0f0d 8a40 | 0100 0041 | 0f0d 8a80 | 0100 004d 
  0x00007134e4555780: 8bd5 4983 | c210 48c1 | e903 85ed | 0f84 4231 | 0000 413b | eb0f 8cfc | 1600 0048 | 83c2 f048 
  0x00007134e45557a0: c1ea 0349 | 8bf8 498b | f2c5 f877 | 49ba 00e3 | d6e3 3471 | 0000 41ff 

  0x00007134e45557b8: ;   {other}
  0x00007134e45557b8: d20f 1f84 | 0000 0000 | 004c 8bd3 | 4d8b c544 | 8943 1449 | c1ea 0949 | bb00 90a2 | fa34 7100 
  0x00007134e45557d8: 0047 8824 | 1348 8b74 | 2410 488b | 5424 2848 | 8b4c 2418 | 448b 4424 | 2044 8b4c | 2424 488b 
  0x00007134e45557f8: 7c24 3048 | 891c 2490 

  0x00007134e4555800: ;   {static_call}
  0x00007134e4555800: c5f8 77e8 

  0x00007134e4555804: ; ImmutableOopMap {[16]=Oop [48]=Oop }
                      ;*invokestatic defineClass1 {reexecute=0 rethrow=0 return_oop=1}
                      ; - java.lang.ClassLoader::defineClass@27 (line 1027)
  0x00007134e4555804: 3814 ddff 

  0x00007134e4555808: ;   {other}
  0x00007134e4555808: 0f1f 8400 | 781a 0009 | 4889 4424 | 0844 8b58 | 3c45 85db | 0f85 2a02 | 0000 4c8b | 5010 458b 
  0x00007134e4555828: 4208 4585 | c00f 8c8d | 3400 0044 | 8b58 2c45 | 85db 0f84 | 890f 0000 | 498b db44 | 8b4b 1445 
  0x00007134e4555848: 8b41 0c0f | be7b 10c4 | 4242 f7d8 | 458d 53ff | 85ff 0f85 | 6439 0000 | 498b c948 | 894c 2478 
  0x00007134e4555868: 418d 48ff | 413b ca41 | 0f4f ca85 | c97c 2e66 | 0f1f 8400 | 0000 0000 | 413b c80f | 838c 2800 
  0x00007134e4555888: 0041 807c | 0910 2e74 | 1949 8bbf | 5004 0000 | ffc9 4c8b 

  0x00007134e455589c: ; ImmutableOopMap {r10=Oop r9=NarrowOop rbx=Oop [8]=Oop [16]=Oop [48]=Oop [120]=Oop }
                      ;*goto {reexecute=1 rethrow=0 return_oop=0}
                      ; - (reexecute) java.lang.StringLatin1::lastIndexOf@35 (line 285)
                      ; - java.lang.String::lastIndexOf@13 (line 2573)
                      ; - java.lang.String::lastIndexOf@8 (line 2535)
                      ; - java.lang.Class::getPackageName@47 (line 1168)
                      ; - java.lang.ClassLoader::postDefineClass@2 (line 934)
                      ; - java.lang.ClassLoader::defineClass@37 (line 1028)
                      ;   {poll}
  0x00007134e455589c: 5424 0885 | 0785 c97d | dbb9 ffff | ffff 83f9 | ff0f 840d | 3e00 0085 | c90f 8c49 | 3900 0041 
  0x00007134e45558bc: 3bcb 0f8f | 243e 0000 | 413b cb0f | 844b 0100 | 0085 c90f | 8464 1600 | 0049 8b9f | b801 0000 
  0x00007134e45558dc: 4c8b d349 | 83c2 184d | 3b97 c801 | 0000 0f83 | d826 0000 | 4d89 97b8 | 0100 0041 | 0f0d 8ac0 
  0x00007134e45558fc: 0000 0048 | c703 0100 

  0x00007134e4555904: ;   {metadata('java/lang/String')}
  0x00007134e4555904: 0000 c743 | 0870 ea00 | 0044 8963 | 0c4c 8963 | 104d 8d51 | 1041 3bc8 | 0f84 3b08 | 0000 81f9 
  0x00007134e4555924: 0000 1000 | 0f87 5e36 | 0000 4c63 | d944 3bc1 | 418b e80f | 4fe9 443b | c50f 82bd | 3600 003b 
  0x00007134e4555944: cd0f 82b5 | 3600 0049 | 83c3 1749 | 8bd3 4883 | e2f8 81f9 | 0000 1000 | 0f87 d926 | 0000 4d8b 
  0x00007134e4555964: afb8 0100 | 004d 8bc5 | 4c03 c24d | 3b87 c801 | 0000 0f83 | bf26 0000 | 4d89 87b8 | 0100 0041 
  0x00007134e4555984: 0f0d 88c0 | 0000 0049 | c745 0001 | 0000 0041 | 0f0d 8800 

  0x00007134e4555998: ;   {metadata({type array byte})}
  0x00007134e4555998: 0100 0041 | c745 0818 | 2300 0041 | 894d 0c41 | 0f0d 8840 | 0100 0041 | 0f0d 8880 | 0100 004d 
  0x00007134e45559b8: 8bc5 4983 | c010 49c1 | eb03 85ed | 0f84 ca35 | 0000 3be9 | 0f8c 7615 | 0000 4883 | c2f0 48c1 
  0x00007134e45559d8: ea03 498b | fa49 8bf0 | c5f8 7749 | ba00 e3d6 | e334 7100 | 0041 ffd2 

  0x00007134e45559f0: ;   {other}
  0x00007134e45559f0: 0f1f 8400 | 0000 0000 | 4488 6310 | 4d8b d544 | 8953 144c | 8bd3 49c1 | ea09 49bb | 0090 a2fa 
  0x00007134e4555a10: 3471 0000 | 4788 2413 | 488b f390 

  0x00007134e4555a1c: ;   {optimized virtual_call}
  0x00007134e4555a1c: c5f8 77e8 

  0x00007134e4555a20: ; ImmutableOopMap {[8]=Oop [16]=Oop [48]=Oop }
                      ;*invokevirtual intern {reexecute=0 rethrow=0 return_oop=1}
                      ; - java.lang.Class::getPackageName@65 (line 1169)
                      ; - java.lang.ClassLoader::postDefineClass@2 (line 934)
                      ; - java.lang.ClassLoader::defineClass@37 (line 1028)
  0x00007134e4555a20: 9c93 d9ff 

  0x00007134e4555a24: ;   {other}
  0x00007134e4555a24: 0f1f 8400 | 941c 000b | 4c8b d84c | 8b54 2408 | 4589 5a3c | 49c1 ea09 | 49bb 0090 | a2fa 3471 
  0x00007134e4555a44: 0000 4788 | 2413 eb03 | 498b c34c | 8b54 2410 | 458b 4238 | 4585 c00f | 848f 2b00 | 0048 8bd8 
  0x00007134e4555a64: ; implicit exception: dispatches to 0x00007134e4559eec
  0x00007134e4555a64: 8b40 0c4c | 8b54 2408 | 418b 4a30 | 85c0 0f84 | e503 0000 | 458b 4828 | 4585 c90f | 842b 0100 
  0x00007134e4555a84: 0045 8b41 | 0c45 85c0 | 0f86 862f | 0000 448b | d041 c1ea | 1044 33d0 | 41ff c841 | 81e2 ffff 
  0x00007134e4555aa4: ff7f 4523 | c24d 63d8 | 478b 5c99 | 1045 85db | 0f84 f600 | 0000 458b | 4b0c 498b | fb45 3bca 
  0x00007134e4555ac4: 0f84 c302 | 0000 4585 | c90f 8c51 | 3c00 0044 | 8b47 1845 | 85c0 0f84 | d000 0000 | 498b f844 
  0x00007134e4555ae4: 8b4f 0c49 | 8b97 5004 

  0x00007134e4555aec: ; ImmutableOopMap {rcx=NarrowOop rbx=Oop rdi=Oop [8]=Oop [16]=Oop [48]=Oop }
                      ;*if_icmpne {reexecute=1 rethrow=0 return_oop=0}
                      ; - (reexecute) java.util.concurrent.ConcurrentHashMap::get@127 (line 946)
                      ; - java.lang.ClassLoader::getNamedPackage@5 (line 341)
                      ; - java.lang.ClassLoader::postDefineClass@9 (line 934)
                      ; - java.lang.ClassLoader::defineClass@37 (line 1028)
                      ;   {poll}
  0x00007134e4555aec: 0000 8502 | 453b ca74 | 1244 8b5f | 1845 85db | 0f84 ae00 | 0000 498b | fbeb dc8b | 6f10 4c8b 
  0x00007134e4555b0c: dd4c 3bdb | 0f84 8f00 | 0000 85ed | 0f84 173f | 0000 4889 | 7c24 4844 | 8954 2440 | 894c 241c 
  0x00007134e4555b2c: 4889 5c24 | 384c 8b54 | 2408 4c89 | 5424 284c | 8b54 2430 | 4c89 5424 | 204c 8b54 | 2410 4c89 
  0x00007134e4555b4c: 5424 0848 | 8bd5 488b | f348 8b6c | 2428 6690 

  0x00007134e4555b5c: ;   {optimized virtual_call}
  0x00007134e4555b5c: c5f8 77e8 

  0x00007134e4555b60: ; ImmutableOopMap {rbp=Oop [8]=Oop [28]=NarrowOop [32]=Oop [56]=Oop [72]=Oop }
                      ;*invokevirtual equals {reexecute=0 rethrow=0 return_oop=0}
                      ; - java.util.concurrent.ConcurrentHashMap::get@149 (line 947)
                      ; - java.lang.ClassLoader::getNamedPackage@5 (line 341)
                      ; - java.lang.ClassLoader::postDefineClass@9 (line 934)
                      ; - java.lang.ClassLoader::defineClass@37 (line 1028)
  0x00007134e4555b60: dc75 d8ff 

  0x00007134e4555b64: ;   {other}
  0x00007134e4555b64: 0f1f 8400 | d41d 000d | 4d8b 9750 

  0x00007134e4555b70: ; ImmutableOopMap {rbp=Oop [8]=Oop [28]=NarrowOop [32]=Oop [56]=Oop [72]=Oop }
                      ;*ifeq {reexecute=1 rethrow=0 return_oop=0}
                      ; - (reexecute) java.util.concurrent.ConcurrentHashMap::get@152 (line 947)
                      ; - java.lang.ClassLoader::getNamedPackage@5 (line 341)
                      ; - java.lang.ClassLoader::postDefineClass@9 (line 934)
                      ; - java.lang.ClassLoader::defineClass@37 (line 1028)
                      ;   {poll}
  0x00007134e4555b70: 0400 0041 | 8502 85c0 | 0f84 6814 | 0000 4c8b | 5424 084c | 8954 2410 | 4c8b 5424 | 204c 8954 
  0x00007134e4555b90: 2430 4889 | 6c24 0848 | 8b5c 2438 | 8b4c 241c | 488b 7c24 | 488b 6f14 | 85ed 0f85 | 4402 0000 
  0x00007134e4555bb0: 498b 87b8 | 0100 004c | 8bd0 4983 | c218 4d3b | 97c8 0100 | 000f 8321 | 2500 004d | 8997 b801 
  0x00007134e4555bd0: 0000 410f | 0d8a c000 | 0000 48c7 | 0001 0000 

  0x00007134e4555be0: ;   {metadata('java/lang/NamedPackage')}
  0x00007134e4555be0: 00c7 4008 | e0c2 0100 | 4489 600c | 4c89 6010 | 4889 5c24 | 1889 4c24 | 2048 8944 | 2428 488b 
  0x00007134e4555c00: 7424 1890 

  0x00007134e4555c04: ;   {optimized virtual_call}
  0x00007134e4555c04: c5f8 77e8 

  0x00007134e4555c08: ; ImmutableOopMap {[8]=Oop [16]=Oop [24]=Oop [32]=NarrowOop [40]=Oop [48]=Oop }
                      ;*invokevirtual isEmpty {reexecute=0 rethrow=0 return_oop=0}
                      ; - java.lang.NamedPackage::<init>@5 (line 48)
                      ; - java.lang.ClassLoader::getNamedPackage@22 (line 343)
                      ; - java.lang.ClassLoader::postDefineClass@9 (line 934)
                      ; - java.lang.ClassLoader::defineClass@37 (line 1028)
  0x00007134e4555c08: 942b deff 

  0x00007134e4555c0c: ;   {other}
  0x00007134e4555c0c: 0f1f 8400 | 7c1e 000f | 85c0 0f84 | e80b 0000 | 448b 5424 | 2045 85d2 | 0f84 0634 | 0000 4c89 
  0x00007134e4555c2c: 5424 3849 | 8bf2 6690 

  0x00007134e4555c34: ;   {optimized virtual_call}
  0x00007134e4555c34: c5f8 77e8 

  0x00007134e4555c38: ; ImmutableOopMap {[8]=Oop [16]=Oop [24]=Oop [32]=NarrowOop [40]=Oop [48]=Oop [56]=Oop }
                      ;*invokevirtual isNamed {reexecute=0 rethrow=0 return_oop=0}
                      ; - java.lang.NamedPackage::<init>@12 (line 48)
                      ; - java.lang.ClassLoader::getNamedPackage@22 (line 343)
                      ; - java.lang.ClassLoader::postDefineClass@9 (line 934)
                      ; - java.lang.ClassLoader::defineClass@37 (line 1028)
  0x00007134e4555c38: 44f4 82ff 

  0x00007134e4555c3c: ;   {other}
  0x00007134e4555c3c: 0f1f 8400 | ac1e 0010 | 85c0 0f84 | b80b 0000 | 498b 87b8 | 0100 004c | 8bd0 4983 | c228 4d3b 
  0x00007134e4555c5c: 97c8 0100 | 000f 83e1 | 2400 004d | 8997 b801 | 0000 410f | 0d8a c000 | 0000 48c7 | 0001 0000 
  0x00007134e4555c7c: ;   {metadata('java/lang/InternalError')}
  0x00007134e4555c7c: 00c7 4008 | 3009 0100 | 4489 600c | 4c89 6010 | 4c89 6018 | 4c89 6020 | 4889 4424 | 5049 8b87 
  0x00007134e4555c9c: b801 0000 | 4c8b d049 | 83c2 184d | 3b97 c801 | 0000 0f83 | b524 0000 | 4d89 97b8 | 0100 0041 
  0x00007134e4555cbc: 0f0d 8ac0 | 0000 0048 | c700 0100 

  0x00007134e4555cc8: ;   {metadata('java/lang/StringBuilder')}
  0x00007134e4555cc8: 0000 c740 | 0838 8200 | 0044 8960 | 0c4c 8960 | 1048 8be8 | 488b f590 

  0x00007134e4555ce0: ;   {optimized virtual_call}
  0x00007134e4555ce0: c5f8 77e8 

  0x00007134e4555ce4: ; ImmutableOopMap {rbp=Oop [8]=Oop [16]=Oop [24]=Oop [32]=NarrowOop [40]=Oop [48]=Oop [56]=Oop [80]=Oop }
                      ;*invokespecial <init> {reexecute=0 rethrow=0 return_oop=0}
                      ; - java.lang.NamedPackage::<init>@26 (line 49)
                      ; - java.lang.ClassLoader::getNamedPackage@22 (line 343)
                      ; - java.lang.ClassLoader::postDefineClass@9 (line 934)
                      ; - java.lang.ClassLoader::defineClass@37 (line 1028)
  0x00007134e4555ce4: 98f3 82ff 

  0x00007134e4555ce8: ;   {other}
  0x00007134e4555ce8: 0f1f 8400 | 581f 0011 

  0x00007134e4555cf0: ;   {oop("unnamed package in  "{0x000000008006cac0})}
  0x00007134e4555cf0: 48ba c0ca | 0680 0000 | 0000 488b | f54c 8b54 | 2450 4c89 | 5424 4890 

  0x00007134e4555d08: ;   {optimized virtual_call}
  0x00007134e4555d08: c5f8 77e8 

  0x00007134e4555d0c: ; ImmutableOopMap {[8]=Oop [16]=Oop [24]=Oop [32]=NarrowOop [40]=Oop [48]=Oop [56]=Oop [72]=Oop [80]=Oop }
                      ;*invokevirtual append {reexecute=0 rethrow=0 return_oop=1}
                      ; - java.lang.NamedPackage::<init>@31 (line 49)
                      ; - java.lang.ClassLoader::getNamedPackage@22 (line 343)
                      ; - java.lang.ClassLoader::postDefineClass@9 (line 934)
                      ; - java.lang.ClassLoader::defineClass@37 (line 1028)
  0x00007134e4555d0c: 70f3 82ff 

  0x00007134e4555d10: ;   {other}
  0x00007134e4555d10: 0f1f 8400 | 801f 0012 | 4885 c00f | 8474 3400 | 0048 8bf0 | 488b 5424 | 384c 8b54 | 2448 4c89 
  0x00007134e4555d30: 5424 3890 

  0x00007134e4555d34: ;   {optimized virtual_call}
  0x00007134e4555d34: c5f8 77e8 

  0x00007134e4555d38: ; ImmutableOopMap {[8]=Oop [16]=Oop [24]=Oop [32]=NarrowOop [40]=Oop [48]=Oop [56]=Oop [72]=Oop }
                      ;*invokevirtual append {reexecute=0 rethrow=0 return_oop=1}
                      ; - java.lang.NamedPackage::<init>@35 (line 49)
                      ; - java.lang.ClassLoader::getNamedPackage@22 (line 343)
                      ; - java.lang.ClassLoader::postDefineClass@9 (line 934)
                      ; - java.lang.ClassLoader::defineClass@37 (line 1028)
  0x00007134e4555d38: 44f3 82ff 

  0x00007134e4555d3c: ;   {other}
  0x00007134e4555d3c: 0f1f 8400 | ac1f 0013 | 4885 c00f | 845f 3400 | 0048 8bf0 

  0x00007134e4555d50: ;   {optimized virtual_call}
  0x00007134e4555d50: c5f8 77e8 

  0x00007134e4555d54: ; ImmutableOopMap {[8]=Oop [16]=Oop [24]=Oop [32]=NarrowOop [40]=Oop [48]=Oop [56]=Oop }
                      ;*invokevirtual toString {reexecute=0 rethrow=0 return_oop=1}
                      ; - java.lang.NamedPackage::<init>@38 (line 49)
                      ; - java.lang.ClassLoader::getNamedPackage@22 (line 343)
                      ; - java.lang.ClassLoader::postDefineClass@9 (line 934)
                      ; - java.lang.ClassLoader::defineClass@37 (line 1028)
  0x00007134e4555d54: 28f3 82ff 

  0x00007134e4555d58: ;   {other}
  0x00007134e4555d58: 0f1f 8400 | c81f 0014 | 488b 7424 | 3848 8bd0 

  0x00007134e4555d68: ;   {optimized virtual_call}
  0x00007134e4555d68: c5f8 77e8 

  0x00007134e4555d6c: ; ImmutableOopMap {[8]=Oop [16]=Oop [24]=Oop [32]=NarrowOop [40]=Oop [48]=Oop [56]=Oop }
                      ;*invokespecial <init> {reexecute=0 rethrow=0 return_oop=0}
                      ; - java.lang.NamedPackage::<init>@41 (line 49)
                      ; - java.lang.ClassLoader::getNamedPackage@22 (line 343)
                      ; - java.lang.ClassLoader::postDefineClass@9 (line 934)
                      ; - java.lang.ClassLoader::defineClass@37 (line 1028)
  0x00007134e4555d6c: 10f3 82ff 

  0x00007134e4555d70: ;   {other}
  0x00007134e4555d70: 0f1f 8400 | e01f 0015 | 488b 7424 | 38c5 f877 | 4881 c4b0 | 0000 005d 

  0x00007134e4555d88: ;   {runtime_call _rethrow_Java}
  0x00007134e4555d88: e973 d18e | ff41 8b6b | 104c 8bc5 | 4c3b c374 | 4f85 ed0f | 84bb 3900 | 0044 895c | 2428 4489 
  0x00007134e4555da8: 5424 2489 | 4c24 2048 | 895c 2418 | 488b d548 | 8bf3 488b | eb48 897c | 2440 6690 

  0x00007134e4555dc4: ;   {optimized virtual_call}
  0x00007134e4555dc4: c5f8 77e8 

  0x00007134e4555dc8: ; ImmutableOopMap {rbp=Oop [8]=Oop [16]=Oop [24]=Oop [32]=NarrowOop [40]=NarrowOop [48]=Oop [64]=Oop }
                      ;*invokevirtual equals {reexecute=0 rethrow=0 return_oop=0}
                      ; - java.util.concurrent.ConcurrentHashMap::get@73 (line 940)
                      ; - java.lang.ClassLoader::getNamedPackage@5 (line 341)
                      ; - java.lang.ClassLoader::postDefineClass@9 (line 934)
                      ; - java.lang.ClassLoader::defineClass@37 (line 1028)
  0x00007134e4555dc8: 7473 d8ff 

  0x00007134e4555dcc: ;   {other}
  0x00007134e4555dcc: 0f1f 8400 | 3c20 0016 | 85c0 0f84 | b439 0000 | 488b dd8b | 4c24 2044 | 8b5c 2428 | 418b 6b14 
  0x00007134e4555dec: 85ed 0f84 | bcfd ffff | 448b 5508 | 49bb 0000 | 008e 3471 | 0000 4d03 | da4d 8b53 

  0x00007134e4555e08: ;   {metadata('java/lang/NamedPackage')}
  0x00007134e4555e08: 3849 bbe0 | c201 8e34 | 7100 004d | 3bd3 0f85 | c42b 0000 | 4c8b 5424 | 3045 8b52 | 1045 8b4a 
  0x00007134e4555e28: 1445 85c9 | 0f85 6a02 | 0000 458b | 5a10 4585 | db0f 85d4 | 1e00 0048 | 8b44 2408 | c5f8 7748 
  0x00007134e4555e48: 81c4 b000 

  0x00007134e4555e4c: ;   {poll_return}
  0x00007134e4555e4c: 0000 5d49 | 3ba7 4804 | 0000 0f87 | 3649 0000 | c344 0fb6 | 5311 4585 | d20f 85c7 | 1000 0044 
  0x00007134e4555e6c: 0fbe 5310 | 4585 d20f | 8533 3900 | 0089 4c24 | 2448 895c | 2418 448b | 5314 498b | e844 8944 
  0x00007134e4555e8c: 2420 498b | f266 6690 

  0x00007134e4555e94: ;   {static_call}
  0x00007134e4555e94: c5f8 77e8 

  0x00007134e4555e98: ; ImmutableOopMap {rbp=Oop [8]=Oop [16]=Oop [24]=Oop [32]=NarrowOop [36]=NarrowOop [48]=Oop }
                      ;*invokestatic hashCode {reexecute=0 rethrow=0 return_oop=0}
                      ; - java.lang.String::hashCode@27 (line 2369)
                      ; - java.util.concurrent.ConcurrentHashMap::get@1 (line 936)
                      ; - java.lang.ClassLoader::getNamedPackage@5 (line 341)
                      ; - java.lang.ClassLoader::postDefineClass@9 (line 934)
                      ; - java.lang.ClassLoader::defineClass@37 (line 1028)
  0x00007134e4555e98: a45a e1ff 

  0x00007134e4555e9c: ;   {other}
  0x00007134e4555e9c: 0f1f 8400 | 0c21 0017 | 85c0 0f84 | 2d15 0000 | 488b 5c24 | 1889 430c | 448b 4424 | 208b 4c24 
  0x00007134e4555ebc: 24e9 b6fb | ffff 4863 | d681 fe00 | 0010 000f | 87a3 2400 | 004c 8bd5 | 498b afb8 | 0100 004c 
  0x00007134e4555edc: 8d42 1749 | 83e0 f848 | 8bcd 4903 | c849 3b8f | c801 0000 | 0f83 7b24 | 0000 4989 | 8fb8 0100 
  0x00007134e4555efc: 000f 0d89 | c000 0000 | 48c7 4500 | 0100 0000 | 0f0d 8900 

  0x00007134e4555f10: ;   {metadata({type array byte})}
  0x00007134e4555f10: 0100 00c7 | 4508 1823 | 0000 8975 | 0c0f 0d89 | 4001 0000 | 0f0d 8980 | 0100 0048 | 8bf5 4883 
  0x00007134e4555f30: c610 4883 | c207 48c1 | ea03 498b | fbc5 f877 | 49ba 00e3 | d6e3 3471 | 0000 41ff 

  0x00007134e4555f4c: ;   {other}
  0x00007134e4555f4c: d20f 1f84 | 0000 0000 | 004c 8bf5 | e9a7 e9ff | ff48 63d7 | 81ff 0000 | 1000 0f87 | b024 0000 
  0x00007134e4555f6c: 498b afb8 | 0100 004c | 8d52 1749 | 83e2 f84c | 8bdd 4d03 | da4d 3b9f | c801 0000 | 0f83 8e24 
  0x00007134e4555f8c: 0000 4d89 | 9fb8 0100 | 0041 0f0d | 8bc0 0000 | 0048 c745 | 0001 0000 | 0041 0f0d | 8b00 0100 
  0x00007134e4555fac: ;   {metadata({type array byte})}
  0x00007134e4555fac: 00c7 4508 | 1823 0000 | 897d 0c41 | 0f0d 8b40 | 0100 0041 | 0f0d 8b80 | 0100 0048 | 8bf5 4883 
  0x00007134e4555fcc: c610 4883 | c207 48c1 | ea03 498b | f8c5 f877 | 49ba 00e3 | d6e3 3471 | 0000 41ff 

  0x00007134e4555fe8: ;   {other}
  0x00007134e4555fe8: d20f 1f84 | 0000 0000 | 004c 8bed | e9c8 f7ff | ff45 8b5a | 0c45 8b42 | 0849 63d3 | 498b ea48 
  0x00007134e4556008: c1e2 0241 | 81fb 0000 | 0400 0f87 | 8024 0000 | 4d8b b7b8 | 0100 004c | 8d4a 1749 | 83e1 f849 
  0x00007134e4556028: 8bce 4903 | c949 3b8f | c801 0000 | 0f83 5e24 | 0000 4989 | 8fb8 0100 | 000f 0d89 | c000 0000 
  0x00007134e4556048: 49c7 0601 | 0000 0045 | 8946 0845 | 895e 0c0f | 0d89 0001 | 0000 0f0d | 8940 0100 | 000f 0d89 
  0x00007134e4556068: 8001 0000 | 498d 7a10 | 498b f648 | 83c6 1048 | 83c2 0748 | c1ea 03c5 | f877 49ba | 00e3 d6e3 
  0x00007134e4556088: 3471 0000 

  0x00007134e455608c: ;   {other}
  0x00007134e455608c: 41ff d20f | 1f84 0000 | 0000 00e9 | b1e8 ffff | 458b 410c | 418b 7908 | 498b e949 | 63c8 48c1 
  0x00007134e45560ac: e102 4181 | f800 0004 | 000f 8759 | 2400 0049 | 8b9f b801 | 0000 4c8d | 5117 4983 | e2f8 4c8b 
  0x00007134e45560cc: db4d 03da | 4d3b 9fc8 | 0100 000f | 8337 2400 | 004d 899f | b801 0000 | 410f 0d8b | c000 0000 
  0x00007134e45560ec: 48c7 0301 | 0000 0089 | 7b08 4489 | 430c 410f | 0d8b 0001 | 0000 410f | 0d8b 4001 | 0000 410f 
  0x00007134e455610c: 0d8b 8001 | 0000 498d | 7910 488b | f348 83c6 | 1048 83c1 | 0748 c1e9 | 0348 8bd1 | c5f8 7749 
  0x00007134e455612c: ba00 e3d6 | e334 7100 | 0041 ffd2 

  0x00007134e4556138: ;   {other}
  0x00007134e4556138: 0f1f 8400 | 0000 0000 | 488b 7424 | 0848 8bd3 

  0x00007134e4556148: ;   {optimized virtual_call}
  0x00007134e4556148: c5f8 77e8 

  0x00007134e455614c: ; ImmutableOopMap {[8]=Oop }
                      ;*invokevirtual setSigners {reexecute=0 rethrow=0 return_oop=0}
                      ; - java.lang.ClassLoader::setSigners@2 (line 1318)
                      ; - java.lang.ClassLoader::postDefineClass@35 (line 939)
                      ; - java.lang.ClassLoader::defineClass@37 (line 1028)
  0x00007134e455614c: f0e8 ddff 

  0x00007134e4556150: ;   {other}
  0x00007134e4556150: 0f1f 8400 | c023 0018 | e9e2 fcff | ff49 63d0 | 4181 f800 | 0010 000f | 8703 2400 | 0049 8baf 
  0x00007134e4556170: b801 0000 | 4c8d 5a17 | 4983 e3f8 | 488b cd49 | 03cb 493b | 8fc8 0100 | 000f 83e1 | 2300 0049 
  0x00007134e4556190: 898f b801 | 0000 0f0d | 89c0 0000 | 0048 c745 | 0001 0000 | 000f 0d89 | 0001 0000 

  0x00007134e45561ac: ;   {metadata({type array byte})}
  0x00007134e45561ac: c745 0818 | 2300 0044 | 8945 0c0f | 0d89 4001 | 0000 0f0d | 8980 0100 | 0048 8bf5 | 4883 c610 
  0x00007134e45561cc: 4883 c207 | 48c1 ea03 | 498b fac5 | f877 49ba | 00e3 d6e3 | 3471 0000 

  0x00007134e45561e4: ;   {other}
  0x00007134e45561e4: 41ff d20f | 1f84 0000 | 0000 004c | 8bed e901 | f8ff ff49 | 8bdd e925 | e7ff ff33 | dbe9 d7f5 
  0x00007134e4556204: ffff 4c8b | 5424 1045 | 8b52 344c | 8954 2430 | e90b e5ff | ff41 ffc5 | 453b ea7c | 3745 33ed 
  0x00007134e4556224: e9f3 0200 | 0045 3bd3 | 0f85 5e36 | 0000 458d | 4aff 453b | ca0f 83e1 | 3500 0045 | 85db 0f86 
  0x00007134e4556244: d835 0000 | 458d 43ff | 453b c30f | 8303 3600 | 0045 33ed | 478b 44ae | 1045 8b48 | 088b 6a10 
  0x00007134e4556264: 443b c574 | b08b 5d08 

  0x00007134e455626c: ;   {metadata('sun/security/x509/X509CertImpl')}
  0x00007134e455626c: 4181 f910 | 08ed 000f | 859f 3a00 | 0048 8bcd | 4d8b c845 | 8b49 20c4 | c179 6ec1 

  0x00007134e4556288: ;   {metadata('sun/security/x509/X509CertImpl')}
  0x00007134e4556288: 81fb 1008 | ed00 0f85 | f43a 0000 | 448b 4920 | c5f9 7ec3 | 488b eb49 | 8bf1 488b | fd48 3bfe 
  0x00007134e45562a8: 0f84 cb00 | 0000 4885 | ff0f 84c9 | 0000 0048 | 85f6 0f84 | c000 0000 | 8b4f 0c3b | 4e0c 0f85 
  0x00007134e45562c8: b400 0000 | 85c9 0f84 | a500 0000 | 488d 7f10 | 488d 7610 | 8bc1 83e0 | 1f83 e1e0 | 0f84 4b00 
  0x00007134e45562e8: 0000 488d | 3c0f 488d | 340e 48f7 | d9c5 fe6f | 140f c5fe | 6f0c 0ec5 | edef d1c4 | e27d 17d2 
  0x00007134e4556308: 0f85 7200 | 0000 4883 | c120 75e1 | 85c0 0f84 | 5d00 0000 | c5fe 6f54 | 07e0 c5fe | 6f4c 06e0 
  0x00007134e4556328: c5ed efd1 | c4e2 7d17 | d275 4deb | 448b c883 | e1fc 7419 | 488d 3c0f | 488d 340e | 48f7 d98b 
  0x00007134e4556348: 1c0f 3b1c | 0e75 3148 | 83c1 0475 | f2a8 0274 | 120f b71f | 0fb7 0e3b | d975 1d48 | 8d7f 0248 
  0x00007134e4556368: 8d76 02a8 | 0174 0a0f | b61f 0fb6 | 0e3b d975 | 07b8 0100 | 0000 eb02 | 33c0 c5ed 

  0x00007134e4556384: ;   {no_reloc}
  0x00007134e4556384: efd2 c5f5 | efc9 85c0 | 0f85 87fe | ffff 41b9 | 0100 0000 | 453b cb0f | 8d22 0100 | 0042 8b7c 
  0x00007134e45563a4: 8a10 443b | c70f 846a | feff ff8b | 5f08 488b 

  0x00007134e45563b4: ;   {metadata('sun/security/x509/X509CertImpl')}
  0x00007134e45563b4: cf81 fb10 | 08ed 000f | 85ca 3900 | 008b 4920 | 488b f148 | 8bfd 483b | fe0f 84cb | 0000 0048 
  0x00007134e45563d4: 85ff 0f84 | c900 0000 | 4885 f60f | 84c0 0000 | 008b 4f0c | 3b4e 0c0f | 85b4 0000 | 0085 c90f 
  0x00007134e45563f4: 84a5 0000 | 0048 8d7f | 1048 8d76 | 108b c183 | e01f 83e1 | e00f 844b | 0000 0048 | 8d3c 0f48 
  0x00007134e4556414: 8d34 0e48 | f7d9 c5fe | 6f14 0fc5 | fe6f 0c0e | c5ed efd1 | c4e2 7d17 | d20f 8572 | 0000 0048 
  0x00007134e4556434: 83c1 2075 | e185 c00f | 845d 0000 | 00c5 fe6f | 5407 e0c5 | fe6f 4c06 | e0c5 edef | d1c4 e27d 
  0x00007134e4556454: 17d2 754d | eb44 8bc8 | 83e1 fc74 | 1948 8d3c | 0f48 8d34 | 0e48 f7d9 | 8b1c 0f3b | 1c0e 7531 
  0x00007134e4556474: 4883 c104 | 75f2 a802 | 7412 0fb7 | 1f0f b70e | 3bd9 751d | 488d 7f02 | 488d 7602 | a801 740a 
  0x00007134e4556494: 0fb6 1f0f | b60e 3bd9 | 7507 b801 | 0000 00eb | 0233 c0c5 | edef d2c5 | f5ef c985 | c00f 8562 
  0x00007134e45564b4: ;   {no_reloc}
  0x00007134e45564b4: fdff ff41 | ffc1 453b | cb0f 8cde | feff ffbe | 45ff ffff | 488b 6c24 | 104c 8b44 | 2428 4c89 
  0x00007134e45564d4: 4424 104c | 8b44 2430 | 4c89 4424 | 2848 8954 | 2430 4c89 | 7424 4044 | 8954 2448 | 4489 6c24 
  0x00007134e45564f4: 4c44 894c | 2450 4489 | 5c24 5490 

  0x00007134e4556500: ;   {runtime_call UncommonTrapBlob}
  0x00007134e4556500: c5f8 77e8 

  0x00007134e4556504: ; ImmutableOopMap {rbp=Oop [8]=Oop [16]=Oop [24]=Oop [40]=Oop [48]=Oop [64]=Oop }
                      ;*if_icmpge {reexecute=1 rethrow=0 return_oop=0}
                      ; - (reexecute) java.lang.ClassLoader::compareCerts@67 (line 1197)
                      ; - java.lang.ClassLoader::checkCerts@80 (line 1172)
                      ; - java.lang.ClassLoader::preDefineClass@113 (line 917)
                      ; - java.lang.ClassLoader::defineClass@4 (line 1025)
  0x00007134e4556504: f83d 83ff 

  0x00007134e4556508: ;   {other}
  0x00007134e4556508: 0f1f 8400 | 7827 0019 | 41ff c545 | 3beb 0f8d | a4e4 ffff | 468b 44aa | 1045 8b48 | 0841 8b6e 
  0x00007134e4556528: 1044 3bc5 | 74e2 8b4d 

  0x00007134e4556530: ;   {metadata('sun/security/x509/X509CertImpl')}
  0x00007134e4556530: 0841 81f9 | 1008 ed00 | 0f85 1238 | 0000 488b | dd4d 8bc8 | 418b 7920 | c5f9 6ec7 

  0x00007134e455654c: ;   {metadata('sun/security/x509/X509CertImpl')}
  0x00007134e455654c: 81f9 1008 | ed00 0f85 | 9038 0000 | 448b 4b20 | 488b ef49 | 8bf1 488b | fd48 3bfe | 0f84 cb00 
  0x00007134e455656c: 0000 4885 | ff0f 84c9 | 0000 0048 | 85f6 0f84 | c000 0000 | 8b4f 0c3b | 4e0c 0f85 | b400 0000 
  0x00007134e455658c: 85c9 0f84 | a500 0000 | 488d 7f10 | 488d 7610 | 8bc1 83e0 | 1f83 e1e0 | 0f84 4b00 | 0000 488d 
  0x00007134e45565ac: 3c0f 488d | 340e 48f7 | d9c5 fe6f | 140f c5fe | 6f0c 0ec5 | edef d1c4 | e27d 17d2 | 0f85 7200 
  0x00007134e45565cc: 0000 4883 | c120 75e1 | 85c0 0f84 | 5d00 0000 | c5fe 6f54 | 07e0 c5fe | 6f4c 06e0 | c5ed efd1 
  0x00007134e45565ec: c4e2 7d17 | d275 4deb | 448b c883 | e1fc 7419 | 488d 3c0f | 488d 340e | 48f7 d98b | 1c0f 3b1c 
  0x00007134e455660c: 0e75 3148 | 83c1 0475 | f2a8 0274 | 120f b71f | 0fb7 0e3b | d975 1d48 | 8d7f 0248 | 8d76 02a8 
  0x00007134e455662c: 0174 0a0f | b61f 0fb6 | 0e3b d975 | 07b8 0100 | 0000 eb02 | 33c0 c5ed | efd2 c5f5 

  0x00007134e4556648: ;   {no_reloc}
  0x00007134e4556648: efc9 85c0 | 0f85 befe | ffff b901 | 0000 0041 | 3bca 0f8d | 6832 0000 | 41b9 0100 | 0000 6666 
  0x00007134e4556668: 0f1f 8400 | 0000 0000 | 438b 7c8e | 1044 3bc7 | 0f84 92fe | ffff 8b4f | 0848 8bdf 

  0x00007134e4556684: ;   {metadata('sun/security/x509/X509CertImpl')}
  0x00007134e4556684: 81f9 1008 | ed00 0f85 | 5b37 0000 | 8b4b 2048 | 8bf1 488b | fd48 3bfe | 0f84 cb00 | 0000 4885 
  0x00007134e45566a4: ff0f 84c9 | 0000 0048 | 85f6 0f84 | c000 0000 | 8b4f 0c3b | 4e0c 0f85 | b400 0000 | 85c9 0f84 
  0x00007134e45566c4: a500 0000 | 488d 7f10 | 488d 7610 | 8bc1 83e0 | 1f83 e1e0 | 0f84 4b00 | 0000 488d | 3c0f 488d 
  0x00007134e45566e4: 340e 48f7 | d9c5 fe6f | 140f c5fe | 6f0c 0ec5 | edef d1c4 | e27d 17d2 | 0f85 7200 | 0000 4883 
  0x00007134e4556704: c120 75e1 | 85c0 0f84 | 5d00 0000 | c5fe 6f54 | 07e0 c5fe | 6f4c 06e0 | c5ed efd1 | c4e2 7d17 
  0x00007134e4556724: d275 4deb | 448b c883 | e1fc 7419 | 488d 3c0f | 488d 340e | 48f7 d98b | 1c0f 3b1c | 0e75 3148 
  0x00007134e4556744: 83c1 0475 | f2a8 0274 | 120f b71f | 0fb7 0e3b | d975 1d48 | 8d7f 0248 | 8d76 02a8 | 0174 0a0f 
  0x00007134e4556764: b61f 0fb6 | 0e3b d975 | 07b8 0100 | 0000 eb02 | 33c0 c5ed | efd2 c5f5 | efc9 85c0 

  0x00007134e4556780: ;   {no_reloc}
  0x00007134e4556780: 0f85 8afd | ffff 41ff | c145 3bca | 0f8c defe | ffff e937 | 3100 0049 | 8bf2 c5f8 | 7748 b8ff 
  0x00007134e45567a0: ffff ffff 

  0x00007134e45567a4: ;   {virtual_call}
  0x00007134e45567a4: ffff ffe8 

  0x00007134e45567a8: ; ImmutableOopMap {[16]=Oop [24]=Oop [40]=Oop [48]=Oop }
                      ;*invokevirtual toExternalForm {reexecute=0 rethrow=0 return_oop=1}
                      ; - java.net.URL::toExternalForm@5 (line 1203)
                      ; - java.net.URL::toString@1 (line 1189)
                      ; - java.lang.ClassLoader::defineClassSourceLocation@22 (line 927)
                      ; - java.lang.ClassLoader::defineClass@12 (line 1026)
  0x00007134e45567a8: d4eb 82ff 

  0x00007134e45567ac: ;   {other}
  0x00007134e45567ac: 0f1f 8400 | 1c2a 001a | 488b d8e9 | 21f0 ffff | 4533 d244 | 8954 2470 | e9f7 e1ff | ff48 8bf0 
  0x00007134e45567cc: 488b e890 

  0x00007134e45567d0: ;   {optimized virtual_call}
  0x00007134e45567d0: c5f8 77e8 

  0x00007134e45567d4: ; ImmutableOopMap {rbp=Oop [8]=Oop [16]=Oop [48]=Oop }
                      ;*invokevirtual initClassName {reexecute=0 rethrow=0 return_oop=1}
                      ; - java.lang.Class::getName@14 (line 948)
                      ; - java.lang.Class::getPackageName@40 (line 1167)
                      ; - java.lang.ClassLoader::postDefineClass@2 (line 934)
                      ; - java.lang.ClassLoader::defineClass@37 (line 1028)
  0x00007134e45567d4: 68b7 d9ff 

  0x00007134e45567d8: ;   {other}
  0x00007134e45567d8: 0f1f 8400 | 482a 001b | 488b d848 | 85c0 0f85 | 57f0 ffff | bef6 ffff | ff66 6690 

  0x00007134e45567f4: ;   {runtime_call UncommonTrapBlob}
  0x00007134e45567f4: c5f8 77e8 

  0x00007134e45567f8: ; ImmutableOopMap {}
                      ;*invokevirtual lastIndexOf {reexecute=0 rethrow=0 return_oop=0}
                      ; - java.lang.Class::getPackageName@47 (line 1168)
                      ; - java.lang.ClassLoader::postDefineClass@2 (line 934)
                      ; - java.lang.ClassLoader::defineClass@37 (line 1028)
  0x00007134e45567f8: 043b 83ff 

  0x00007134e45567fc: ;   {other}
  0x00007134e45567fc: 0f1f 8400 | 6c2a 001c | 488b 7424 | 1866 6690 

  0x00007134e455680c: ;   {optimized virtual_call}
  0x00007134e455680c: c5f8 77e8 

  0x00007134e4556810: ; ImmutableOopMap {[8]=Oop [16]=Oop [24]=Oop [32]=NarrowOop [40]=Oop [48]=Oop }
                      ;*invokevirtual intern {reexecute=0 rethrow=0 return_oop=1}
                      ; - java.lang.NamedPackage::<init>@47 (line 51)
                      ; - java.lang.ClassLoader::getNamedPackage@22 (line 343)
                      ; - java.lang.ClassLoader::postDefineClass@9 (line 934)
                      ; - java.lang.ClassLoader::defineClass@37 (line 1028)
  0x00007134e4556810: ac85 d9ff 

  0x00007134e4556814: ;   {other}
  0x00007134e4556814: 0f1f 8400 | 842a 001d | 4c8b 4424 | 288b 4c24 | 2041 8948 | 104c 8bd0 | 4589 500c | 4d8b d049 
  0x00007134e4556834: c1ea 0949 | bb00 90a2 | fa34 7100 | 0047 8824 | 134c 8b54 | 2410 458b | 5a38 4585 | db0f 8499 
  0x00007134e4556854: 2f00 0049 | 8bf3 488b | 5424 1849 | 8bc8 6690 

  0x00007134e4556864: ;   {optimized virtual_call}
  0x00007134e4556864: c5f8 77e8 

  0x00007134e4556868: ; ImmutableOopMap {[8]=Oop [16]=Oop [32]=NarrowOop [40]=Oop [48]=Oop }
                      ;*invokevirtual putIfAbsent {reexecute=0 rethrow=0 return_oop=1}
                      ; - java.lang.ClassLoader::getNamedPackage@32 (line 345)
                      ; - java.lang.ClassLoader::postDefineClass@9 (line 934)
                      ; - java.lang.ClassLoader::defineClass@37 (line 1028)
  0x00007134e4556868: 548a e9ff 

  0x00007134e455686c: ;   {other}
  0x00007134e455686c: 0f1f 8400 | dc2a 001e | 4885 c00f | 849f f5ff | ff44 8b58 | 0849 ba00 | 0000 8e34 | 7100 004d 
  0x00007134e455688c: 03d3 4d8b 

  0x00007134e4556890: ;   {metadata('java/lang/NamedPackage')}
  0x00007134e4556890: 5238 49bb | e0c2 018e | 3471 0000 | 4d3b d30f | 8563 2f00 | 0048 8be8 | be54 ffff | ff66 6690 
  0x00007134e45568b0: ;   {runtime_call UncommonTrapBlob}
  0x00007134e45568b0: c5f8 77e8 

  0x00007134e45568b4: ; ImmutableOopMap {rbp=Oop [8]=Oop [16]=Oop [32]=NarrowOop [40]=Oop [48]=Oop }
                      ;*ifnull {reexecute=1 rethrow=0 return_oop=0}
                      ; - (reexecute) java.lang.ClassLoader::getNamedPackage@42 (line 346)
                      ; - java.lang.ClassLoader::postDefineClass@9 (line 934)
                      ; - java.lang.ClassLoader::defineClass@37 (line 1028)
  0x00007134e45568b4: 483a 83ff 

  0x00007134e45568b8: ;   {other}
  0x00007134e45568b8: 0f1f 8400 | 282b 001f | 4533 ede9 | 49de ffff | 4533 d244 | 8954 2470 | e9ce deff | ffbb ffff 
  0x00007134e45568d8: ffff e980 | ddff ff4c | 8954 2450 | 4c8b 5424 | 384c 8954 | 2448 895c | 2440 4c8b | 5424 304c 
  0x00007134e45568f8: 8954 2438 | 4c8b 5424 | 104c 8954 | 2408 488b | 6c24 2848 | 8b74 2450 

  0x00007134e4556910: ;   {optimized virtual_call}
  0x00007134e4556910: c5f8 77e8 

  0x00007134e4556914: ; ImmutableOopMap {rbp=Oop [8]=Oop [24]=Oop [56]=Oop [64]=NarrowOop [72]=Oop [80]=Oop }
                      ;*invokevirtual isLatin1 {reexecute=0 rethrow=0 return_oop=0}
                      ; - java.lang.AbstractStringBuilder::append@46 (line 810)
                      ; - java.lang.StringBuilder::append@2 (line 246)
                      ; - java.net.URLStreamHandler::toExternalForm@16 (line 480)
                      ; - java.net.URL::toExternalForm@5 (line 1203)
                      ; - java.net.URL::toString@1 (line 1189)
                      ; - java.lang.ClassLoader::defineClassSourceLocation@22 (line 927)
                      ; - java.lang.ClassLoader::defineClass@12 (line 1026)
  0x00007134e4556914: 68e7 82ff 

  0x00007134e4556918: ;   {other}
  0x00007134e4556918: 0f1f 8400 | 882b 0020 | 85c0 0f85 | 970a 0000 | 4c8b 5424 | 5045 8b5a | 1441 8b52 | 0c49 8bf3 
  0x00007134e4556938: 448d 5a01 | 4589 5a0c | b93a 0000 | 0066 6690 

  0x00007134e4556948: ;   {static_call}
  0x00007134e4556948: c5f8 77e8 

  0x00007134e455694c: ; ImmutableOopMap {rbp=Oop [8]=Oop [24]=Oop [56]=Oop [64]=NarrowOop [72]=Oop [80]=Oop }
                      ;*invokestatic putCharSB {reexecute=0 rethrow=0 return_oop=0}
                      ; - java.lang.AbstractStringBuilder::append@72 (line 813)
                      ; - java.lang.StringBuilder::append@2 (line 246)
                      ; - java.net.URLStreamHandler::toExternalForm@16 (line 480)
                      ; - java.net.URL::toExternalForm@5 (line 1203)
                      ; - java.net.URL::toString@1 (line 1189)
                      ; - java.lang.ClassLoader::defineClassSourceLocation@22 (line 927)
                      ; - java.lang.ClassLoader::defineClass@12 (line 1026)
  0x00007134e455694c: 30ed 82ff 

  0x00007134e4556950: ;   {other}
  0x00007134e4556950: 0f1f 8400 | c02b 0021 | 4889 6c24 | 284c 8b54 | 2408 4c89 | 5424 104c | 8b54 2438 | 4c89 5424 
  0x00007134e4556970: 308b 5c24 | 404c 8b54 | 2448 4c89 | 5424 384c | 8b54 2450 | 4c89 5424 | 40e9 f6e4 | ffff 4c63 
  0x00007134e4556990: 4c24 4844 | 8b5c 2448 | 4181 fb00 | 0010 000f | 87a3 2600 | 0049 8b9f | b801 0000 | 4d8d 5117 
  0x00007134e45569b0: 4983 e2f8 | 488b fb49 | 03fa 493b | bfc8 0100 | 000f 8381 | 2600 0049 | 89bf b801 | 0000 0f0d 
  0x00007134e45569d0: 8fc0 0000 | 0048 c703 | 0100 0000 | 0f0d 8f00 

  0x00007134e45569e0: ;   {metadata({type array byte})}
  0x00007134e45569e0: 0100 00c7 | 4308 1823 | 0000 4489 | 5b0c 0f0d | 8f40 0100 | 000f 0d8f | 8001 0000 | 488b f348 
  0x00007134e4556a00: 83c6 1049 | 83c1 0749 | c1e9 0349 | 8bf8 498b | d1c5 f877 | 49ba 00e3 | d6e3 3471 | 0000 41ff 
  0x00007134e4556a20: ;   {other}
  0x00007134e4556a20: d20f 1f84 | 0000 0000 | 00e9 fbe3 | ffff 4c63 | 4c24 5044 | 8b5c 2450 | 4181 fb00 | 0010 000f 
  0x00007134e4556a40: 873d 2600 | 004d 8b87 | b801 0000 | 4d8d 5117 | 4983 e2f8 | 498b d849 | 03da 493b | 9fc8 0100 
  0x00007134e4556a60: 000f 831b | 2600 0049 | 899f b801 | 0000 0f0d | 8bc0 0000 | 0049 c700 | 0100 0000 | 0f0d 8b00 
  0x00007134e4556a80: ;   {metadata({type array byte})}
  0x00007134e4556a80: 0100 0041 | c740 0818 | 2300 0045 | 8958 0c0f | 0d8b 4001 | 0000 0f0d | 8b80 0100 | 0048 8b6c 
  0x00007134e4556aa0: 2440 4889 | 7c24 584c | 894c 2460 | 498b f048 | 83c6 1049 | 8bd8 4c8b | 5424 6049 | 83c2 0749 
  0x00007134e4556ac0: c1ea 0348 | 8b7c 2458 | 498b d2c5 | f877 49ba | 00e3 d6e3 | 3471 0000 

  0x00007134e4556ad8: ;   {other}
  0x00007134e4556ad8: 41ff d20f | 1f84 0000 | 0000 0048 | 896c 2440 | e930 e5ff | ff4c 6344 | 244c 448b | 5c24 4c41 
  0x00007134e4556af8: 81fb 0000 | 1000 0f87 | b425 0000 | 4d8b 97b8 | 0100 0049 | 8d48 1748 | 83e1 f849 | 8bda 4803 
  0x00007134e4556b18: d949 3b9f | c801 0000 | 0f83 9225 | 0000 4989 | 9fb8 0100 | 000f 0d8b | c000 0000 | 49c7 0201 
  0x00007134e4556b38: 0000 000f | 0d8b 0001 

  0x00007134e4556b40: ;   {metadata({type array byte})}
  0x00007134e4556b40: 0000 41c7 | 4208 1823 | 0000 4589 | 5a0c 0f0d | 8b40 0100 | 000f 0d8b | 8001 0000 | 488b 6c24 
  0x00007134e4556b60: 4048 897c | 2460 4c89 | 4424 6849 | 8bf2 4883 | c610 498b | da4c 8b54 | 2468 4983 | c207 49c1 
  0x00007134e4556b80: ea03 488b | 7c24 6049 | 8bd2 c5f8 | 7749 ba00 | e3d6 e334 | 7100 0041 

  0x00007134e4556b98: ;   {other}
  0x00007134e4556b98: ffd2 0f1f | 8400 0000 | 0000 4889 | 6c24 40e9 | a7e6 ffff | 4863 4c24 | 4844 8b4c | 2448 4181 
  0x00007134e4556bb8: f900 0010 | 000f 8729 | 2500 0049 | 8b9f b801 | 0000 4c8d | 5917 4983 | e3f8 488b | fb49 03fb 
  0x00007134e4556bd8: 493b bfc8 | 0100 000f | 8307 2500 | 0049 89bf | b801 0000 | 0f0d 8fc0 | 0000 0048 | c703 0100 
  0x00007134e4556bf8: 0000 0f0d | 8f00 0100 

  0x00007134e4556c00: ;   {metadata({type array byte})}
  0x00007134e4556c00: 00c7 4308 | 1823 0000 | 4489 4b0c | 0f0d 8f40 | 0100 000f | 0d8f 8001 | 0000 488b | f348 83c6 
  0x00007134e4556c20: 1048 83c1 | 0748 c1e9 | 0349 8bf8 | 488b d1c5 | f877 49ba | 00e3 d6e3 | 3471 0000 

  0x00007134e4556c3c: ;   {other}
  0x00007134e4556c3c: 41ff d20f | 1f84 0000 | 0000 00e9 | 17e8 ffff | 4863 5424 | 0c44 8b5c | 240c 4181 | fb00 0010 
  0x00007134e4556c5c: 000f 87c3 | 2400 0049 | 8b9f b801 | 0000 4c8d | 5217 4983 | e2f8 4c8b | cb4d 03ca | 4d3b 8fc8 
  0x00007134e4556c7c: 0100 000f | 83a1 2400 | 004d 898f | b801 0000 | 410f 0d89 | c000 0000 | 48c7 0301 | 0000 0041 
  0x00007134e4556c9c: 0f0d 8900 

  0x00007134e4556ca0: ;   {metadata({type array byte})}
  0x00007134e4556ca0: 0100 00c7 | 4308 1823 | 0000 4489 | 5b0c 410f | 0d89 4001 | 0000 410f | 0d89 8001 | 0000 488b 
  0x00007134e4556cc0: f348 83c6 | 1048 83c2 | 0748 c1ea | 0349 8bf8 | c5f8 7749 | ba00 e3d6 | e334 7100 | 0041 ffd2 
  0x00007134e4556ce0: ;   {other}
  0x00007134e4556ce0: 0f1f 8400 | 0000 0000 | e928 e9ff | ff49 8b9f | b801 0000 | 4c8b d349 | 83c2 204d | 3b97 c801 
  0x00007134e4556d00: 0000 0f83 | 5a24 0000 | 4d89 97b8 | 0100 0041 | 0f0d 8ac0 | 0000 0048 | c703 0100 | 0000 410f 
  0x00007134e4556d20: 0d8a 0001 

  0x00007134e4556d24: ;   {metadata({type array byte})}
  0x00007134e4556d24: 0000 c743 | 0818 2300 | 0041 0f0d | 8a40 0100 | 00c7 430c | 1000 0000 | 410f 0d8a | 8001 0000 
  0x00007134e4556d44: 488b f348 | 83c6 10ba | 0200 0000 | 498b f8c5 | f877 49ba | 00e3 d6e3 | 3471 0000 

  0x00007134e4556d60: ;   {other}
  0x00007134e4556d60: 41ff d20f | 1f84 0000 | 0000 00e9 | 9ede ffff | 4c8b 5424 | 404c 8954 | 2450 4889 | 5424 4889 
  0x00007134e4556d80: 5c24 404c | 8b54 2430 | 4c89 5424 | 384c 8b54 | 2410 4c89 | 5424 0848 | 8b6c 2428 | 488b 7424 
  0x00007134e4556da0: 5066 6690 

  0x00007134e4556da4: ;   {optimized virtual_call}
  0x00007134e4556da4: c5f8 77e8 

  0x00007134e4556da8: ; ImmutableOopMap {rbp=Oop [8]=Oop [24]=Oop [56]=Oop [64]=NarrowOop [72]=Oop [80]=Oop }
                      ;*invokevirtual appendNull {reexecute=0 rethrow=0 return_oop=1}
                      ; - java.lang.AbstractStringBuilder::append@5 (line 584)
                      ; - java.lang.StringBuilder::append@2 (line 179)
                      ; - java.net.URLStreamHandler::toExternalForm@11 (line 480)
                      ; - java.net.URL::toExternalForm@5 (line 1203)
                      ; - java.net.URL::toString@1 (line 1189)
                      ; - java.lang.ClassLoader::defineClassSourceLocation@22 (line 927)
                      ; - java.lang.ClassLoader::defineClass@12 (line 1026)
  0x00007134e4556da8: d4e2 82ff 

  0x00007134e4556dac: ;   {other}
  0x00007134e4556dac: 0f1f 8400 | 1c30 0022 | 4889 6c24 | 284c 8b54 | 2408 4c89 | 5424 104c | 8b54 2438 | 4c89 5424 
  0x00007134e4556dcc: 308b 5c24 | 404c 8b54 | 2448 4c89 | 5424 384c | 8b54 2450 | 4c89 5424 | 40e9 e8de 

  0x00007134e4556de8: ;   {oop(""{0x0000000080000000})}
  0x00007134e4556de8: ffff 48bb | 0000 0080 | 0000 0000 | e92b dbff | ff48 63d5 | 4c8d 5210 | 498b ca48 | 83e1 f849 
  0x00007134e4556e08: 8bfe 4803 | f949 c1ea | 034d 2bc2 | 498b c848 | 33c0 4883 | f908 7f10 | 48ff c978 | 4f48 8904 
  0x00007134e4556e28: cf48 ffc9 | 7df7 eb44 | c5fd efc0 | e90d 0000 | 00c5 fe7f | 07c5 fe7f | 4720 4883 | c740 4883 
  0x00007134e4556e48: e908 7ded | 4883 c104 | 7c0c c5fe | 7f07 4883 | c720 4883 | e904 4883 | c104 7e10 | 48ff c9c5 
  0x00007134e4556e68: f9d6 0748 | 83c7 0848 | ffc9 7df3 | 498b fb49 | 8bf1 c5f8 | 7749 bac0 | ded6 e334 | 7100 0041 
  0x00007134e4556e88: ;   {other}
  0x00007134e4556e88: ffd2 0f1f | 8400 0000 | 0000 e96d | daff ff48 | 63d5 4c8d | 5a10 4d8b | cb49 83e1 | f849 8bfd 
  0x00007134e4556ea8: 4903 f949 | c1eb 0349 | 2bcb 4833 | c048 83f9 | 087f 1048 | ffc9 784f | 4889 04cf | 48ff c97d 
  0x00007134e4556ec8: f7eb 44c5 | fdef c0e9 | 0d00 0000 | c5fe 7f07 | c5fe 7f47 | 2048 83c7 | 4048 83e9 | 087d ed48 
  0x00007134e4556ee8: 83c1 047c | 0cc5 fe7f | 0748 83c7 | 2048 83e9 | 0448 83c1 | 047e 1048 | ffc9 c5f9 | d607 4883 
  0x00007134e4556f08: c708 48ff | c97d f349 | 8bf8 498b | f2c5 f877 | 49ba c0de | d6e3 3471 | 0000 41ff 

  0x00007134e4556f24: ;   {other}
  0x00007134e4556f24: d20f 1f84 | 0000 0000 | 00e9 8fe8 | ffff 33c0 | e93f ebff 

  0x00007134e4556f38: ;   {oop(""{0x0000000080000000})}
  0x00007134e4556f38: ff48 bb00 | 0000 8000 | 0000 00e9 | d0ea ffff | 4863 d54c | 8d4a 1049 | 8bc9 4883 | e1f8 498b 
  0x00007134e4556f58: fd48 03f9 | 49c1 e903 | 4d2b d949 | 8bcb 4833 | c048 83f9 | 087f 1048 | ffc9 784f | 4889 04cf 
  0x00007134e4556f78: 48ff c97d | f7eb 44c5 | fdef c0e9 | 0d00 0000 | c5fe 7f07 | c5fe 7f47 | 2048 83c7 | 4048 83e9 
  0x00007134e4556f98: 087d ed48 | 83c1 047c | 0cc5 fe7f | 0748 83c7 | 2048 83e9 | 0448 83c1 | 047e 1048 | ffc9 c5f9 
  0x00007134e4556fb8: d607 4883 | c708 48ff | c97d f349 | 8bfa 498b | f0c5 f877 | 49ba c0de | d6e3 3471 | 0000 41ff 
  0x00007134e4556fd8: ;   {other}
  0x00007134e4556fd8: d20f 1f84 | 0000 0000 | 00e9 12ea | ffff 4c8b | 5424 084c | 8954 2410 | 4c8b 5424 | 204c 8954 
  0x00007134e4556ff8: 2430 4889 | 6c24 0848 | 8b5c 2438 | 8b4c 241c | 448b 5424 | 4048 8b7c | 2448 e9bc | eaff ff48 
  0x00007134e4557018: 63d5 4c8d | 5210 4d8b | da49 83e3 | f848 8bfb | 4903 fb49 | c1ea 034d | 2bca 498b | c948 33c0 
  0x00007134e4557038: 4883 f908 | 7f10 48ff | c978 4f48 | 8904 cf48 | ffc9 7df7 | eb44 c5fd | efc0 e90d | 0000 00c5 
  0x00007134e4557058: fe7f 07c5 | fe7f 4720 | 4883 c740 | 4883 e908 | 7ded 4883 | c104 7c0c | c5fe 7f07 | 4883 c720 
  0x00007134e4557078: 4883 e904 | 4883 c104 | 7e10 48ff | c9c5 f9d6 | 0748 83c7 | 0848 ffc9 | 7df3 498b | f8c5 f877 
  0x00007134e4557098: 49ba c0de | d6e3 3471 | 0000 41ff 

  0x00007134e45570a4: ;   {other}
  0x00007134e45570a4: d20f 1f84 | 0000 0000 | 00e9 77dd | ffff 4c8b | df48 63d5 | 4c8d 4a10 | 498b c948 | 83e1 f848 
  0x00007134e45570c4: 8bfb 4803 | f949 c1e9 | 034d 2bd1 | 498b ca48 | 33c0 4883 | f908 7f10 | 48ff c978 | 4f48 8904 
  0x00007134e45570e4: cf48 ffc9 | 7df7 eb44 | c5fd efc0 | e90d 0000 | 00c5 fe7f | 07c5 fe7f | 4720 4883 | c740 4883 
  0x00007134e4557104: e908 7ded | 4883 c104 | 7c0c c5fe | 7f07 4883 | c720 4883 | e904 4883 | c104 7e10 | 48ff c9c5 
  0x00007134e4557124: f9d6 0748 | 83c7 0848 | ffc9 7df3 | 498b fbc5 | f877 49ba | c0de d6e3 | 3471 0000 

  0x00007134e4557140: ;   {other}
  0x00007134e4557140: 41ff d20f | 1f84 0000 | 0000 00e9 | cdde ffff | 4c8b d748 | 63d5 4c8d | 4a10 498b | c948 83e1 
  0x00007134e4557160: f848 8bfb | 4803 f949 | c1e9 034d | 2bd9 498b | cb48 33c0 | 4883 f908 | 7f10 48ff | c978 4f48 
  0x00007134e4557180: 8904 cf48 | ffc9 7df7 | eb44 c5fd | efc0 e90d | 0000 00c5 | fe7f 07c5 | fe7f 4720 | 4883 c740 
  0x00007134e45571a0: 4883 e908 | 7ded 4883 | c104 7c0c | c5fe 7f07 | 4883 c720 | 4883 e904 | 4883 c104 | 7e10 48ff 
  0x00007134e45571c0: c9c5 f9d6 | 0748 83c7 | 0848 ffc9 | 7df3 498b | fac5 f877 | 49ba c0de | d6e3 3471 | 0000 41ff 
  0x00007134e45571e0: ;   {other}
  0x00007134e45571e0: d20f 1f84 | 0000 0000 | 00e9 65e0 | ffff 4863 | d54c 8d52 | 104d 8bda | 4983 e3f8 | 488b fb49 
  0x00007134e4557200: 03fb 49c1 | ea03 4d2b | ca49 8bc9 | 4833 c048 | 83f9 087f | 1048 ffc9 | 784f 4889 | 04cf 48ff 
  0x00007134e4557220: c97d f7eb | 44c5 fdef | c0e9 0d00 | 0000 c5fe | 7f07 c5fe | 7f47 2048 | 83c7 4048 | 83e9 087d 
  0x00007134e4557240: ed48 83c1 | 047c 0cc5 | fe7f 0748 | 83c7 2048 | 83e9 0448 | 83c1 047e | 1048 ffc9 | c5f9 d607 
  0x00007134e4557260: 4883 c708 | 48ff c97d | f349 8bf8 | c5f8 7749 | bac0 ded6 | e334 7100 | 0041 ffd2 

  0x00007134e455727c: ;   {other}
  0x00007134e455727c: 0f1f 8400 | 0000 0000 | e9da e1ff | ff48 63d5 | 4c8d 5210 | 4d8b da49 | 83e3 f848 | 8bfb 4903 
  0x00007134e455729c: fb49 c1ea | 034d 2bca | 498b c948 | 33c0 4883 | f908 7f10 | 48ff c978 | 4f48 8904 | cf48 ffc9 
  0x00007134e45572bc: 7df7 eb44 | c5fd efc0 | e90d 0000 | 00c5 fe7f | 07c5 fe7f | 4720 4883 | c740 4883 | e908 7ded 
  0x00007134e45572dc: 4883 c104 | 7c0c c5fe | 7f07 4883 | c720 4883 | e904 4883 | c104 7e10 | 48ff c9c5 | f9d6 0748 
  0x00007134e45572fc: 83c7 0848 | ffc9 7df3 | 498b f8c5 | f877 49ba | c0de d6e3 | 3471 0000 

  0x00007134e4557314: ;   {other}
  0x00007134e4557314: 41ff d20f | 1f84 0000 | 0000 00e9 | f1e2 ffff | 4963 d24c | 8d52 104d | 8bda 4983 | e3f8 488b 
  0x00007134e4557334: fb49 03fb | 49c1 ea03 | 4d2b ca49 | 8bc9 4833 | c048 83f9 | 087f 1048 | ffc9 784f | 4889 04cf 
  0x00007134e4557354: 48ff c97d | f7eb 44c5 | fdef c0e9 | 0d00 0000 | c5fe 7f07 | c5fe 7f47 | 2048 83c7 | 4048 83e9 
  0x00007134e4557374: 087d ed48 | 83c1 047c | 0cc5 fe7f | 0748 83c7 | 2048 83e9 | 0448 83c1 | 047e 1048 | ffc9 c5f9 
  0x00007134e4557394: d607 4883 | c708 48ff | c97d f349 | 8bf8 c5f8 | 7749 bac0 | ded6 e334 | 7100 0041 

  0x00007134e45573b0: ;   {other}
  0x00007134e45573b0: ffd2 0f1f | 8400 0000 | 0000 e94f | d8ff ff48 | 8b74 2450 

  0x00007134e45573c4: ;   {optimized virtual_call}
  0x00007134e45573c4: c5f8 77e8 

  0x00007134e45573c8: ; ImmutableOopMap {rbp=Oop [8]=Oop [24]=Oop [56]=Oop [64]=NarrowOop [72]=Oop [80]=Oop }
                      ;*invokevirtual inflate {reexecute=0 rethrow=0 return_oop=0}
                      ; - java.lang.AbstractStringBuilder::append@53 (line 811)
                      ; - java.lang.StringBuilder::append@2 (line 246)
                      ; - java.net.URLStreamHandler::toExternalForm@16 (line 480)
                      ; - java.net.URL::toExternalForm@5 (line 1203)
                      ; - java.net.URL::toString@1 (line 1189)
                      ; - java.lang.ClassLoader::defineClassSourceLocation@22 (line 927)
                      ; - java.lang.ClassLoader::defineClass@12 (line 1026)
  0x00007134e45573c8: b4dc 82ff 

  0x00007134e45573cc: ;   {other}
  0x00007134e45573cc: 0f1f 8400 | 3c36 0023 | e94f f5ff | ff48 8b5c | 2418 c643 | 1101 33c0 | 448b 4424 | 208b 4c24 
  0x00007134e45573ec: 24e9 86e6 | ffff 448b | 4714 440f | be5f 1045 | 8b50 0cc4 | 4222 f7c2 | 4183 c002 | 4585 c00f 
  0x00007134e455740c: 8c97 2800 | 00c4 c221 | f7d0 81fa | 0000 1000 | 0f87 7e28 | 0000 4c63 | d248 8bef | 81fa 0000 
  0x00007134e455742c: 1000 0f87 | 7325 0000 | 4d8b 8fb8 | 0100 0049 | 83c2 1749 | 83e2 f84d | 8bc1 4d03 | c24d 3b87 
  0x00007134e455744c: c801 0000 | 0f83 5125 | 0000 4d89 | 87b8 0100 | 0041 0f0d | 88c0 0000 | 0049 c701 | 0100 0000 
  0x00007134e455746c: 410f 0d88 | 0001 0000 

  0x00007134e4557474: ;   {metadata({type array byte})}
  0x00007134e4557474: 41c7 4108 | 1823 0000 | 4189 510c | 410f 0d88 | 4001 0000 | 410f 0d88 | 8001 0000 | 4585 db0f 
  0x00007134e4557494: 840b 0200 | 0041 ba2f | 0000 0066 | 4589 5110 | 41b8 2f00 | 0000 6645 | 8941 1241 | ba04 0000 
  0x00007134e45574b4: 004b 8d44 | 1110 448b | 4714 418b | 500c 4d8b | d04d 8d50 | 1080 7f10 | 000f 845b | 0100 004d 
  0x00007134e45574d4: 8bc2 4c89 | 4c24 5844 | 895c 2450 | 4c8b 5c24 | 404c 895c | 2448 4c8b | 5c24 384c | 895c 2440 
  0x00007134e45574f4: 895c 2438 | d1fa 4863 | d249 8bf8 | 488b f0c5 | f877 49ba | 60e0 d6e3 | 3471 0000 

  0x00007134e4557510: ;   {other}
  0x00007134e4557510: 41ff d20f | 1f84 0000 | 0000 008b | 5c24 384c | 8b54 2440 | 4c89 5424 | 384c 8b54 | 2448 4c89 
  0x00007134e4557530: 5424 4044 | 8b5c 2450 | 4c8b 4c24 | 58e9 9900 | 0000 498b | f248 8bf8 | 8bca 83e1 | 0f83 e2f0 
  0x00007134e4557550: 741c 488d | 3416 488d | 3c57 48f7 | dac4 e27d | 3004 16c5 | fe7f 0457 | 4883 c210 | 75ef 8bd1 
  0x00007134e4557570: 83e1 0783 | e2f8 7427 | c4e2 7930 | 06c5 fa7f | 0748 83c6 | 0848 83c7 | 10e9 1100 | 0000 c4e2 
  0x00007134e4557590: 7930 0416 | c5fa 7f04 | 5748 83c2 | 0875 ef8b | d183 fa04 | 7c19 c5f9 | 6e06 c4e2 | 7930 c0c5 
  0x00007134e45575b0: f9d6 0748 | 83ea 0448 | 83c6 0448 | 83c7 0885 | d274 1848 | 8d34 1648 | 8d3c 5748 | f7da 0fb6 
  0x00007134e45575d0: 0c16 6689 | 0c57 48ff | c275 f349 | 8b87 b801 | 0000 4c8b | d049 83c2 | 184d 3b97 | c801 0000 
  0x00007134e45575f0: 0f83 2623 | 0000 4d89 | 97b8 0100 | 0041 0f0d | 8ac0 0000 | 0048 c700 | 0100 0000 

  0x00007134e455760c: ;   {metadata('java/lang/String')}
  0x00007134e455760c: c740 0870 | ea00 0044 | 8960 0c4c | 8960 1048 | 8be8 4488 | 5d10 4d8b | d944 895d | 14e9 78d8 
  0x00007134e455762c: ffff 4585 | db0f 850b | ffff ff4d | 8bc2 4c89 | 4c24 5844 | 895c 2450 | 4c8b 5c24 | 404c 895c 
  0x00007134e455764c: 2448 4c8b | 5c24 384c | 895c 2440 | 895c 2438 | 4863 d249 | 8bf8 488b | f0c5 f877 | 49ba c0de 
  0x00007134e455766c: d6e3 3471 | 0000 41ff 

  0x00007134e4557674: ;   {other}
  0x00007134e4557674: d20f 1f84 | 0000 0000 | 008b 5c24 | 384c 8b54 | 2440 4c89 | 5424 384c | 8b54 2448 | 4c89 5424 
  0x00007134e4557694: 4044 8b5c | 2450 4c8b | 4c24 58e9 | 37ff ffff | 41c6 4110 | 2f41 c641 | 112f 41ba | 0200 0000 
  0x00007134e45576b4: e9fc fdff | ff44 0fb7 | 5d10 4183 | fb6a 0f85 | 44d0 ffff | 440f b75d | 1241 83fb | 610f 8535 
  0x00007134e45576d4: d0ff ff44 | 0fb7 5d14 | 4183 fb76 | 0f85 26d0 | ffff 440f | b75d 1641 | 83fb 610f | 8517 d0ff 
  0x00007134e45576f4: ff44 0fb7 | 5d18 4183 | fb2e 0f85 | 08d0 ffff | e9e9 cfff | ff48 8bf2 

  0x00007134e455770c: ;   {optimized virtual_call}
  0x00007134e455770c: c5f8 77e8 

  0x00007134e4557710: ; ImmutableOopMap {rbp=NarrowOop [8]=Oop [16]=Oop [24]=Oop [40]=Oop }
                      ;*invokevirtual length {reexecute=0 rethrow=0 return_oop=0}
                      ; - java.lang.String::indexOf@30 (line 2462)
                      ; - java.lang.String::indexOf@3 (line 2405)
                      ; - java.lang.ClassLoader::checkName@16 (line 1157)
                      ; - java.lang.ClassLoader::preDefineClass@1 (line 900)
                      ; - java.lang.ClassLoader::defineClass@4 (line 1025)
  0x00007134e4557710: 6cd9 82ff 

  0x00007134e4557714: ;   {other}
  0x00007134e4557714: 0f1f 8400 | 8439 0024 | 488b f5ba | 2f00 0000 | 33c9 448b | c048 8b6c | 2410 6690 

  0x00007134e4557730: ;   {static_call}
  0x00007134e4557730: c5f8 77e8 

  0x00007134e4557734: ; ImmutableOopMap {rbp=Oop [8]=Oop [16]=Oop [24]=Oop [40]=Oop }
                      ;*invokestatic indexOf {reexecute=0 rethrow=0 return_oop=0}
                      ; - java.lang.String::indexOf@33 (line 2462)
                      ; - java.lang.String::indexOf@3 (line 2405)
                      ; - java.lang.ClassLoader::checkName@16 (line 1157)
                      ; - java.lang.ClassLoader::preDefineClass@1 (line 900)
                      ; - java.lang.ClassLoader::defineClass@4 (line 1025)
  0x00007134e4557734: 48df 82ff 

  0x00007134e4557738: ;   {other}
  0x00007134e4557738: 0f1f 8400 | a839 0025 | 8bd8 e918 | cfff ff49 | 8b87 b801 | 0000 4c8b | d049 83c2 | 1849 8bcb 
  0x00007134e4557758: 4d3b 97c8 | 0100 000f | 8303 2300 | 004d 8997 | b801 0000 | 410f 0d8a | c000 0000 | 48c7 0001 
  0x00007134e4557778: ;   {metadata('java/util/ArrayList')}
  0x00007134e4557778: 0000 00c7 | 4008 b0b2 | 0b00 4489 | 600c 4489 

  0x00007134e4557788: ;   {oop(a 'java/lang/Object'[0] {0x0000000080790298})}
  0x00007134e4557788: 6010 c740 | 1498 0279 | 804c 8bd8 | 458b 500c | 4585 d20f | 86f8 0000 | 0045 33c9 | eb37 6666 
  0x00007134e45577a8: 0f1f 8400 | 0000 0000 | 4889 6c24 | 284c 8b54 | 2408 4c89 | 5424 104c | 8b6c 2440 | 4c8b 5424 
  0x00007134e45577c8: 484c 8954 | 2430 488b | 5c24 5048 | 8b4c 2458 | 4c8b 5c24 | 6045 8b50 | 0c45 3bca | 0f83 4624 
  0x00007134e45577e8: 0000 478b | 5488 1045 | 8b42 1045 | 8b50 1044 | 894c 243c | 4c89 5c24 | 6048 894c | 2458 4889 
  0x00007134e4557808: 5c24 504c | 8b5c 2430 | 4c89 5c24 | 484c 896c | 2440 4c8b | 5c24 104c | 895c 2408 | 488b 6c24 
  0x00007134e4557828: 2849 8bd2 | 488b 7424 | 6066 6690 

  0x00007134e4557834: ;   {optimized virtual_call}
  0x00007134e4557834: c5f8 77e8 

  0x00007134e4557838: ; ImmutableOopMap {rbp=Oop [8]=Oop [24]=Oop [56]=NarrowOop [64]=Oop [72]=Oop [80]=Oop [88]=Oop [96]=Oop }
                      ;*invokevirtual addAll {reexecute=0 rethrow=0 return_oop=0}
                      ; - java.security.CodeSource::getCertificates@57 (line 212)
                      ; - java.lang.ClassLoader::checkCerts@34 (line 1168)
                      ; - java.lang.ClassLoader::preDefineClass@113 (line 917)
                      ; - java.lang.ClassLoader::defineClass@4 (line 1025)
  0x00007134e4557838: 44d8 82ff 

  0x00007134e455783c: ;   {other}
  0x00007134e455783c: 0f1f 8400 | ac3a 0026 | 4d8b 9f50 | 0400 0044 | 8b54 2438 | 458b 4210 | 448b 4c24 

  0x00007134e4557858: ; ImmutableOopMap {r8=NarrowOop rbp=Oop [8]=Oop [24]=Oop [56]=NarrowOop [64]=Oop [72]=Oop [80]=Oop [88]=Oop [96]=Oop }
                      ;*goto {reexecute=1 rethrow=0 return_oop=0}
                      ; - (reexecute) java.security.CodeSource::getCertificates@64 (line 211)
                      ; - java.lang.ClassLoader::checkCerts@34 (line 1168)
                      ; - java.lang.ClassLoader::preDefineClass@113 (line 917)
                      ; - java.lang.ClassLoader::defineClass@4 (line 1025)
  0x00007134e4557858: 3c41 ffc1 

  0x00007134e455785c: ;   {poll}
  0x00007134e455785c: 4185 0345 | 8b58 0c45 | 3bcb 0f8c | 44ff ffff | 4889 6c24 | 284c 8b54 | 2408 4c89 | 5424 104c 
  0x00007134e455787c: 8b6c 2440 | 4c8b 5424 | 484c 8954 | 2430 488b | 5c24 5048 | 8b4c 2458 | 4c8b 5c24 | 6049 8b87 
  0x00007134e455789c: b801 0000 | 4c8b d049 | 83c2 104d | 3b97 c801 | 0000 0f83 | 3c22 0000 | 4d89 97b8 | 0100 0041 
  0x00007134e45578bc: 0f0d 8ac0 | 0000 0048 | c700 0100 | 0000 410f | 0d8a 0001 

  0x00007134e45578d0: ;   {metadata('java/security/cert/Certificate'[])}
  0x00007134e45578d0: 0000 c740 | 08c8 5210 | 0041 0f0d | 8a40 0100 | 0044 8960 | 0c41 0f0d | 8a80 0100 | 0048 8b6c 
  0x00007134e45578f0: 2428 4c8b | 5424 104c | 8954 2408 | 448b 5424 | 7044 8954 | 243c 4c89 | 6c24 4048 | 895c 2448 
  0x00007134e4557910: 4889 4c24 | 504c 895c | 2458 488b | d048 8b74 | 2458 6690 

  0x00007134e4557924: ;   {optimized virtual_call}
  0x00007134e4557924: c5f8 77e8 

  0x00007134e4557928: ; ImmutableOopMap {rbp=Oop [8]=Oop [24]=Oop [48]=Oop [56]=NarrowOop [64]=Oop [72]=Oop [80]=Oop }
                      ;*invokevirtual toArray {reexecute=0 rethrow=0 return_oop=1}
                      ; - java.security.CodeSource::getCertificates@73 (line 215)
                      ; - java.lang.ClassLoader::checkCerts@34 (line 1168)
                      ; - java.lang.ClassLoader::preDefineClass@113 (line 917)
                      ; - java.lang.ClassLoader::defineClass@4 (line 1025)
  0x00007134e4557928: 54d7 82ff 

  0x00007134e455792c: ;   {other}
  0x00007134e455792c: 0f1f 8400 | 9c3b 0028 | 488b c844 

  0x00007134e4557938: ;   {metadata('java/security/cert/Certificate'[])}
  0x00007134e4557938: 8b58 0841 | 81fb c852 | 1000 0f85 | 0025 0000 | 448b 490c | 4c8b 5424 | 504d 63c1 | 49c1 ea09 
  0x00007134e4557958: 49bb 0090 | a2fa 3471 | 0000 4788 | 2413 49c1 | e002 4c8b | d144 8b5c | 2438 4589 | 5314 4181 
  0x00007134e4557978: f900 0004 | 000f 87be | 2100 0049 | 8b9f b801 | 0000 4d8d | 5017 4983 | e2f8 4c8b | db4d 03da 
  0x00007134e4557998: 4d3b 9fc8 | 0100 000f | 839c 2100 | 004d 899f | b801 0000 | 410f 0d8b | c000 0000 | 48c7 0301 
  0x00007134e45579b8: 0000 0041 | 0f0d 8b00 

  0x00007134e45579c0: ;   {metadata('java/security/cert/Certificate'[])}
  0x00007134e45579c0: 0100 00c7 | 4308 c852 | 1000 4489 | 4b0c 410f | 0d8b 4001 | 0000 410f | 0d8b 8001 | 0000 488b 
  0x00007134e45579e0: f948 83c7 | 1048 8bf3 | 4883 c610 | 4983 c007 | 49c1 e803 | 498b d0c5 | f877 49ba | 00e3 d6e3 
  0x00007134e4557a00: 3471 0000 

  0x00007134e4557a04: ;   {other}
  0x00007134e4557a04: 41ff d20f | 1f84 0000 | 0000 004c | 8bd3 4889 | 6c24 284c | 8b5c 2408 | 4c89 5c24 | 1044 8b44 
  0x00007134e4557a24: 243c 4489 | 4424 704c | 8b6c 2440 | 488b 5c24 | 484d 8bf2 | e910 cfff | ff44 8954 | 2454 8974 
  0x00007134e4557a44: 2450 4489 | 4c24 4c44 | 8b54 2438 | 4489 5424 | 484c 8b54 | 2430 4c89 | 5424 404c | 896c 2438 
  0x00007134e4557a64: 4c8b 5424 | 284c 8954 

  0x00007134e4557a6c: ;   {metadata('java/lang/String')}
  0x00007134e4557a6c: 2408 48be | 70ea 008e | 3471 0000 

  0x00007134e4557a78: ;   {runtime_call _new_instance_Java}
  0x00007134e4557a78: c5f8 77e8 

  0x00007134e4557a7c: ; ImmutableOopMap {rbp=Oop [8]=Oop [16]=Oop [24]=Oop [56]=Oop [64]=Oop [72]=NarrowOop [76]=NarrowOop }
                      ;*new {reexecute=0 rethrow=0 return_oop=1}
                      ; - java.lang.StringLatin1::newString@7 (line 752)
                      ; - java.lang.String::substring@41 (line 2839)
                      ; - java.lang.ClassLoader::checkCerts@21 (line 1164)
                      ; - java.lang.ClassLoader::preDefineClass@113 (line 917)
                      ; - java.lang.ClassLoader::defineClass@4 (line 1025)
  0x00007134e4557a7c: 8062 8eff 

  0x00007134e4557a80: ;   {other}
  0x00007134e4557a80: 0f1f 8400 | f03c 0029 | 4c8b 5424 | 084c 8954 | 2428 4c8b | 6c24 384c | 8b54 2440 | 4c89 5424 
  0x00007134e4557aa0: 3044 8b44 | 2448 4489 | 4424 3844 | 8b4c 244c | 8b74 2450 | 448b 5424 | 5448 8bd8 | e956 cdff 
  0x00007134e4557ac0: ff48 8954 | 2448 895c | 2440 4c8b | 5424 304c | 8954 2438 | 4c8b 5424 | 104c 8954 | 2408 488b 
  0x00007134e4557ae0: ;   {metadata('java/lang/StringBuilder')}
  0x00007134e4557ae0: 6c24 2848 | be38 8200 | 8e34 7100 | 0066 6690 

  0x00007134e4557af0: ;   {runtime_call _new_instance_Java}
  0x00007134e4557af0: c5f8 77e8 

  0x00007134e4557af4: ; ImmutableOopMap {rbp=Oop [8]=Oop [24]=Oop [56]=Oop [64]=NarrowOop [72]=Oop }
                      ;*new {reexecute=0 rethrow=0 return_oop=1}
                      ; - java.net.URLStreamHandler::toExternalForm@0 (line 480)
                      ; - java.net.URL::toExternalForm@5 (line 1203)
                      ; - java.net.URL::toString@1 (line 1189)
                      ; - java.lang.ClassLoader::defineClassSourceLocation@22 (line 927)
                      ; - java.lang.ClassLoader::defineClass@12 (line 1026)
  0x00007134e4557af4: 0862 8eff 

  0x00007134e4557af8: ;   {other}
  0x00007134e4557af8: 0f1f 8400 | 683d 002a | 4889 6c24 | 284c 8b54 | 2408 4c89 | 5424 104c | 8b54 2438 | 4c89 5424 
  0x00007134e4557b18: 308b 5c24 | 404c 8b54 | 2448 498b | d2e9 03cf | ffff 4889 | 4424 5048 | 8954 2448 | 895c 2440 
  0x00007134e4557b38: 4c8b 5424 | 304c 8954 | 2438 4c8b | 5424 104c | 8954 2408 | 488b 6c24 

  0x00007134e4557b50: ;   {metadata({type array byte})}
  0x00007134e4557b50: 2848 be18 | 2300 8e34 | 7100 00ba | 1000 0000 

  0x00007134e4557b60: ;   {runtime_call _new_array_Java}
  0x00007134e4557b60: c5f8 77e8 

  0x00007134e4557b64: ; ImmutableOopMap {rbp=Oop [8]=Oop [24]=Oop [56]=Oop [64]=NarrowOop [72]=Oop [80]=Oop }
                      ;*newarray {reexecute=0 rethrow=0 return_oop=1}
                      ; - java.lang.AbstractStringBuilder::<init>@12 (line 101)
                      ; - java.lang.StringBuilder::<init>@3 (line 106)
                      ; - java.net.URLStreamHandler::toExternalForm@4 (line 480)
                      ; - java.net.URL::toExternalForm@5 (line 1203)
                      ; - java.net.URL::toString@1 (line 1189)
                      ; - java.lang.ClassLoader::defineClassSourceLocation@22 (line 927)
                      ; - java.lang.ClassLoader::defineClass@12 (line 1026)
  0x00007134e4557b64: 183e 8eff 

  0x00007134e4557b68: ;   {other}
  0x00007134e4557b68: 0f1f 8400 | d83d 002b | 4889 6c24 | 284c 8b5c | 2408 4c89 | 5c24 104c | 8b5c 2438 | 4c89 5c24 
  0x00007134e4557b88: 308b 5c24 | 404c 8b5c | 2448 4c8b | 4424 504c | 8944 2440 | 4c8b c049 | 8bd3 e9ec 

  0x00007134e4557ba4: ;   {metadata('java/lang/String')}
  0x00007134e4557ba4: ceff ff48 | be70 ea00 | 8e34 7100 | 0066 6690 

  0x00007134e4557bb4: ;   {runtime_call _new_instance_Java}
  0x00007134e4557bb4: c5f8 77e8 

  0x00007134e4557bb8: ; ImmutableOopMap {[16]=Oop [24]=Oop [40]=Oop [48]=Oop [64]=Oop }
                      ;*new {reexecute=0 rethrow=0 return_oop=1}
                      ; - java.lang.StringBuilder::toString@0 (line 475)
                      ; - java.net.URLStreamHandler::toExternalForm@152 (line 486)
                      ; - java.net.URL::toExternalForm@5 (line 1203)
                      ; - java.net.URL::toString@1 (line 1189)
                      ; - java.lang.ClassLoader::defineClassSourceLocation@22 (line 927)
                      ; - java.lang.ClassLoader::defineClass@12 (line 1026)
  0x00007134e4557bb8: 4461 8eff 

  0x00007134e4557bbc: ;   {other}
  0x00007134e4557bbc: 0f1f 8400 | 2c3e 002c | 488b d8e9 | dfda ffff | 4889 5424 | 684c 8944 | 2460 4c89 | 5c24 5848 
  0x00007134e4557bdc: 895c 2450 | 4489 5424 | 4c44 8b5c | 2438 4489 | 5c24 484c | 8b54 2430 | 4c89 5424 | 404c 896c 
  0x00007134e4557bfc: 2438 448b | 5424 7044 | 8954 2430 | 4c8b 5424 | 284c 8954 

  0x00007134e4557c10: ;   {metadata({type array byte})}
  0x00007134e4557c10: 2408 48be | 1823 008e | 3471 0000 | 8b54 244c 

  0x00007134e4557c20: ;   {runtime_call _new_array_nozero_Java}
  0x00007134e4557c20: c5f8 77e8 

  0x00007134e4557c24: ; ImmutableOopMap {[8]=Oop [16]=Oop [24]=Oop [56]=Oop [64]=Oop [72]=NarrowOop [80]=Oop [128]=Oop [88]=Derived_oop_[128] }
                      ;*newarray {reexecute=0 rethrow=0 return_oop=1}
                      ; - java.util.Arrays::copyOfRangeByte@10 (line 3863)
                      ; - java.util.Arrays::copyOfRange@13 (line 3854)
                      ; - java.lang.StringLatin1::newString@16 (line 752)
                      ; - java.lang.String::substring@41 (line 2839)
                      ; - java.lang.ClassLoader::checkCerts@21 (line 1164)
                      ; - java.lang.ClassLoader::preDefineClass@113 (line 917)
                      ; - java.lang.ClassLoader::defineClass@4 (line 1025)
  0x00007134e4557c24: 582e 8eff 

  0x00007134e4557c28: ;   {other}
  0x00007134e4557c28: 0f1f 8400 | 983e 002d | 4c8b 5424 | 084c 8954 | 2428 448b | 5c24 3044 | 895c 2470 | 4c8b 6c24 
  0x00007134e4557c48: 384c 8b54 | 2440 4c89 | 5424 3044 | 8b54 2448 | 4489 5424 | 3844 8b54 | 244c 488b | 5c24 504c 
  0x00007134e4557c68: 8b5c 2458 | 4c8b 4424 | 6048 8b54 | 2468 4c8b | f0e9 44cc | ffff 4889 | 5424 6048 | 894c 2458 
  0x00007134e4557c88: 4c89 4424 | 5044 895c | 2448 4889 | 5c24 404c | 8b54 2430 | 4c89 5424 | 3844 8b54 | 2470 4489 
  0x00007134e4557ca8: 5424 304c | 8b54 2428 | 4c89 5424 

  0x00007134e4557cb4: ;   {metadata({type array byte})}
  0x00007134e4557cb4: 0848 be18 | 2300 8e34 | 7100 0041 | 8bd3 6690 

  0x00007134e4557cc4: ;   {runtime_call _new_array_nozero_Java}
  0x00007134e4557cc4: c5f8 77e8 

  0x00007134e4557cc8: ; ImmutableOopMap {[8]=Oop [16]=Oop [24]=Oop [56]=Oop [64]=Oop [120]=Oop [80]=Derived_oop_[120] }
                      ;*newarray {reexecute=0 rethrow=0 return_oop=1}
                      ; - java.util.Arrays::copyOfRangeByte@10 (line 3863)
                      ; - java.util.Arrays::copyOfRange@13 (line 3854)
                      ; - java.lang.String::<init>@32 (line 4788)
                      ; - java.lang.String::<init>@3 (line 1507)
                      ; - java.lang.StringBuilder::toString@5 (line 475)
                      ; - java.net.URLStreamHandler::toExternalForm@152 (line 486)
                      ; - java.net.URL::toExternalForm@5 (line 1203)
                      ; - java.net.URL::toString@1 (line 1189)
                      ; - java.lang.ClassLoader::defineClassSourceLocation@22 (line 927)
                      ; - java.lang.ClassLoader::defineClass@12 (line 1026)
  0x00007134e4557cc8: b42d 8eff 

  0x00007134e4557ccc: ;   {other}
  0x00007134e4557ccc: 0f1f 8400 | 3c3f 002e | 4c8b 5c24 | 084c 895c | 2428 448b | 5c24 3044 | 895c 2470 | 4c8b 5c24 
  0x00007134e4557cec: 384c 895c | 2430 488b | 5c24 4044 | 8b5c 2448 | 4c8b 4424 | 5048 8b4c | 2458 488b | 5424 604c 
  0x00007134e4557d0c: 8be8 e96c | daff ff49 | 8b87 b801 | 0000 4c8b | c049 83c0 | 1849 8bda | 4d3b 87c8 | 0100 000f 
  0x00007134e4557d2c: 8349 1e00 | 004d 8987 | b801 0000 | 410f 0d88 | c000 0000 | 48c7 0001 

  0x00007134e4557d44: ;   {metadata('java/util/ArrayList')}
  0x00007134e4557d44: 0000 00c7 | 4008 b0b2 | 0b00 4489 | 600c 4489 | 6010 418b 

  0x00007134e4557d58: ;   {oop(a 'java/lang/Object'[0] {0x0000000080790298})}
  0x00007134e4557d58: 7b0c c740 | 1498 0279 | 8048 8bc8 | 85ff 0f86 | b500 0000 | 4533 c0eb | 1948 896c | 2410 48ff 
  0x00007134e4557d78: 7424 1848 | 8f44 2408 | 488b 5c24 | 2848 8b4c | 2430 418b | 7b0c 443b | c70f 83dd | 1e00 0047 
  0x00007134e4557d98: 8b4c 8310 

  0x00007134e4557d9c: ; implicit exception: dispatches to 0x00007134e455a474
  0x00007134e4557d9c: 458b 5910 

  0x00007134e4557da0: ; implicit exception: dispatches to 0x00007134e455a48c
  0x00007134e4557da0: 458b 4b10 | 4489 4424 | 2448 894c | 2430 4889 | 5c24 2844 | 8954 2420 | 48ff 7424 | 0848 8f44 
  0x00007134e4557dc0: 2418 488b | 6c24 1049 | 8bd1 488b | f166 6690 

  0x00007134e4557dd0: ;   {optimized virtual_call}
  0x00007134e4557dd0: c5f8 77e8 

  0x00007134e4557dd4: ; ImmutableOopMap {rbp=Oop [24]=Oop [32]=NarrowOop [40]=Oop [48]=Oop }
                      ;*invokevirtual addAll {reexecute=0 rethrow=0 return_oop=0}
                      ; - java.security.CodeSource::getCertificates@57 (line 212)
                      ; - java.lang.ClassLoader::postDefineClass@24 (line 937)
                      ; - java.lang.ClassLoader::defineClass@37 (line 1028)
  0x00007134e4557dd4: a8d2 82ff 

  0x00007134e4557dd8: ;   {other}
  0x00007134e4557dd8: 0f1f 8400 | 4840 002f | 4d8b 8f50 | 0400 0044 | 8b54 2420 | 458b 5a10 | 448b 4424 

  0x00007134e4557df4: ; ImmutableOopMap {r10=NarrowOop r11=NarrowOop rbp=Oop [24]=Oop [40]=Oop [48]=Oop }
                      ;*goto {reexecute=1 rethrow=0 return_oop=0}
                      ; - (reexecute) java.security.CodeSource::getCertificates@64 (line 211)
                      ; - java.lang.ClassLoader::postDefineClass@24 (line 937)
                      ; - java.lang.ClassLoader::defineClass@37 (line 1028)
  0x00007134e4557df4: 2441 ffc0 

  0x00007134e4557df8: ;   {poll}
  0x00007134e4557df8: 4185 0145 | 8b4b 0c45 | 3bc1 0f8c | 69ff ffff | 4889 6c24 | 1048 ff74 | 2418 488f | 4424 0848 
  0x00007134e4557e18: 8b5c 2428 | 488b 4c24 | 3049 8b87 | b801 0000 | 4c8b d849 | 83c3 104d | 3b9f c801 | 0000 0f83 
  0x00007134e4557e38: 9b1d 0000 | 4d89 9fb8 | 0100 0041 | 0f0d 8bc0 | 0000 0048 | c700 0100 | 0000 410f | 0d8b 0001 
  0x00007134e4557e58: ;   {metadata('java/security/cert/Certificate'[])}
  0x00007134e4557e58: 0000 c740 | 08c8 5210 | 0041 0f0d | 8b40 0100 | 0044 8960 | 0c41 0f0d | 8b80 0100 | 0044 8954 
  0x00007134e4557e78: 2418 488b | eb48 894c | 2420 488b | d048 8b74 | 2420 6690 

  0x00007134e4557e8c: ;   {optimized virtual_call}
  0x00007134e4557e8c: c5f8 77e8 

  0x00007134e4557e90: ; ImmutableOopMap {rbp=Oop [8]=Oop [16]=Oop [24]=NarrowOop }
                      ;*invokevirtual toArray {reexecute=0 rethrow=0 return_oop=1}
                      ; - java.security.CodeSource::getCertificates@73 (line 215)
                      ; - java.lang.ClassLoader::postDefineClass@24 (line 937)
                      ; - java.lang.ClassLoader::defineClass@37 (line 1028)
  0x00007134e4557e90: ecd1 82ff 

  0x00007134e4557e94: ;   {other}
  0x00007134e4557e94: 0f1f 8400 | 0441 0031 | 4c8b d044 

  0x00007134e4557ea0: ;   {metadata('java/security/cert/Certificate'[])}
  0x00007134e4557ea0: 8b40 0841 | 81f8 c852 | 1000 0f85 | f01f 0000 | 4c89 5424 | 2845 8b5a | 0c4c 8bc5 | 4963 eb49 
  0x00007134e4557ec0: c1e8 0949 | ba00 90a2 | fa34 7100 | 0047 8824 | 0248 c1e5 | 024c 8b54 | 2428 4d8b | c244 8b4c 
  0x00007134e4557ee0: 2418 4589 | 4114 4181 | fb00 0004 | 000f 8716 | 1d00 0049 | 8b9f b801 | 0000 4c8d | 5517 4983 
  0x00007134e4557f00: e2f8 4c8b | c34d 03c2 | 4d3b 87c8 | 0100 000f | 83f4 1c00 | 004d 8987 | b801 0000 | 410f 0d88 
  0x00007134e4557f20: c000 0000 | 48c7 0301 | 0000 0041 | 0f0d 8800 

  0x00007134e4557f30: ;   {metadata('java/security/cert/Certificate'[])}
  0x00007134e4557f30: 0100 00c7 | 4308 c852 | 1000 4489 | 5b0c 410f | 0d88 4001 | 0000 410f | 0d88 8001 | 0000 488b 
  0x00007134e4557f50: 7c24 2848 | 83c7 1048 | 8bf3 4883 | c610 4883 | c507 48c1 | ed03 488b | d5c5 f877 | 49ba 00e3 
  0x00007134e4557f70: d6e3 3471 | 0000 41ff 

  0x00007134e4557f78: ;   {other}
  0x00007134e4557f78: d20f 1f84 | 0000 0000 | 00e9 bae1 | ffff bee4 | ffff ff44 | 8954 2408 | 448b 5424 | 2044 8954 
  0x00007134e4557f98: 240c 448b | 5c24 2444 | 895c 2420 | 4c89 6c24 | 4844 8b54 | 2438 4489 | 5424 2444 | 894c 243c 
  0x00007134e4557fb8: ;   {runtime_call UncommonTrapBlob}
  0x00007134e4557fb8: c5f8 77e8 

  0x00007134e4557fbc: ; ImmutableOopMap {[16]=Oop [24]=Oop [36]=NarrowOop [40]=Oop [48]=Oop [60]=NarrowOop [72]=Oop }
                      ;*baload {reexecute=0 rethrow=0 return_oop=0}
                      ; - java.lang.StringLatin1::lastIndexOf@24 (line 286)
                      ; - java.lang.String::lastIndexOf@13 (line 2573)
                      ; - java.lang.String::lastIndexOf@8 (line 2535)
                      ; - java.lang.ClassLoader::checkCerts@3 (line 1163)
                      ; - java.lang.ClassLoader::preDefineClass@113 (line 917)
                      ; - java.lang.ClassLoader::defineClass@4 (line 1025)
  0x00007134e4557fbc: 4023 83ff 

  0x00007134e4557fc0: ;   {other}
  0x00007134e4557fc0: 0f1f 8400 | 3042 0032 | 894c 2438 | 4489 4424 | 2c44 894c | 2428 4c8b | 5424 084c | 8954 2420 
  0x00007134e4557fe0: 4c8b 5424 | 304c 8954 | 2418 488b 

  0x00007134e4557fec: ;   {metadata('java/lang/String')}
  0x00007134e4557fec: 6c24 1048 | be70 ea00 | 8e34 7100 | 0066 6690 

  0x00007134e4557ffc: ;   {runtime_call _new_instance_Java}
  0x00007134e4557ffc: c5f8 77e8 

  0x00007134e4558000: ; ImmutableOopMap {rbp=Oop [24]=Oop [32]=Oop [40]=NarrowOop [120]=Oop }
                      ;*new {reexecute=0 rethrow=0 return_oop=1}
                      ; - java.lang.StringLatin1::newString@7 (line 752)
                      ; - java.lang.String::substring@41 (line 2839)
                      ; - java.lang.Class::getPackageName@62 (line 1169)
                      ; - java.lang.ClassLoader::postDefineClass@2 (line 934)
                      ; - java.lang.ClassLoader::defineClass@37 (line 1028)
  0x00007134e4558000: fc5c 8eff 

  0x00007134e4558004: ;   {other}
  0x00007134e4558004: 0f1f 8400 | 7442 0033 | 4889 6c24 | 104c 8b5c | 2418 4c89 | 5c24 304c | 8b5c 2420 | 4c89 5c24 
  0x00007134e4558024: 0844 8b4c | 2428 448b | 4424 2c8b | 4c24 3848 | 8bd8 e9da | d8ff ff48 | 8954 2450 | 4c89 5c24 
  0x00007134e4558044: 484c 8954 | 2440 4889 | 5c24 3889 | 4c24 1c4c | 8b54 2408 | 4c89 5424 | 284c 8b54 | 2430 4c89 
  0x00007134e4558064: 5424 2044 | 8b54 2470 | 4489 5424 | 184c 8b54 | 2410 4c89 

  0x00007134e4558078: ;   {metadata({type array byte})}
  0x00007134e4558078: 5424 0848 | be18 2300 | 8e34 7100 | 008b d14c | 8b54 2428 | 4c89 5424 | 1066 6690 

  0x00007134e4558094: ;   {runtime_call _new_array_nozero_Java}
  0x00007134e4558094: c5f8 77e8 

  0x00007134e4558098: ; ImmutableOopMap {[8]=Oop [16]=Oop [32]=Oop [40]=Oop [56]=Oop [120]=Oop [64]=Derived_oop_[120] }
                      ;*newarray {reexecute=0 rethrow=0 return_oop=1}
                      ; - java.util.Arrays::copyOfRangeByte@10 (line 3863)
                      ; - java.util.Arrays::copyOfRange@13 (line 3854)
                      ; - java.lang.StringLatin1::newString@16 (line 752)
                      ; - java.lang.String::substring@41 (line 2839)
                      ; - java.lang.Class::getPackageName@62 (line 1169)
                      ; - java.lang.ClassLoader::postDefineClass@2 (line 934)
                      ; - java.lang.ClassLoader::defineClass@37 (line 1028)
  0x00007134e4558098: e429 8eff 

  0x00007134e455809c: ;   {other}
  0x00007134e455809c: 0f1f 8400 | 0c43 0034 | 4c8b 5424 | 084c 8954 | 2410 448b | 5c24 1844 | 895c 2470 | 4c8b 5424 
  0x00007134e45580bc: 204c 8954 | 2430 4c8b | 5424 284c | 8954 2408 | 8b4c 241c | 488b 5c24 | 384c 8b54 | 2440 4c8b 
  0x00007134e45580dc: 5c24 4848 | 8b54 2450 | 4c8b e8e9 | cbd8 ffff | 894c 2420 | 4889 5c24 

  0x00007134e45580f4: ;   {metadata('java/lang/NamedPackage')}
  0x00007134e45580f4: 1848 bee0 | c201 8e34 | 7100 0090 

  0x00007134e4558100: ;   {runtime_call _new_instance_Java}
  0x00007134e4558100: c5f8 77e8 

  0x00007134e4558104: ; ImmutableOopMap {[8]=Oop [16]=Oop [24]=Oop [32]=NarrowOop [48]=Oop }
                      ;*new {reexecute=0 rethrow=0 return_oop=1}
                      ; - java.lang.ClassLoader::getNamedPackage@16 (line 343)
                      ; - java.lang.ClassLoader::postDefineClass@9 (line 934)
                      ; - java.lang.ClassLoader::defineClass@37 (line 1028)
  0x00007134e4558104: f85b 8eff 

  0x00007134e4558108: ;   {other}
  0x00007134e4558108: 0f1f 8400 | 7843 0035 | e9e4 daff | ffbe e4ff | ffff 488b | 6c24 084c | 8b54 2430 | 4c89 5424 
  0x00007134e4558128: 2048 895c | 2430 4489 | 4c24 4089 | 4c24 4490 

  0x00007134e4558138: ;   {runtime_call UncommonTrapBlob}
  0x00007134e4558138: c5f8 77e8 

  0x00007134e455813c: ; ImmutableOopMap {rbp=Oop [16]=Oop [32]=Oop [48]=Oop [64]=NarrowOop }
                      ;*baload {reexecute=0 rethrow=0 return_oop=0}
                      ; - java.lang.StringLatin1::lastIndexOf@24 (line 286)
                      ; - java.lang.String::lastIndexOf@13 (line 2573)
                      ; - java.lang.String::lastIndexOf@8 (line 2535)
                      ; - java.lang.Class::getPackageName@47 (line 1168)
                      ; - java.lang.ClassLoader::postDefineClass@2 (line 934)
                      ; - java.lang.ClassLoader::defineClass@37 (line 1028)
  0x00007134e455813c: c021 83ff 

  0x00007134e4558140: ;   {other}
  0x00007134e4558140: 0f1f 8400 | b043 0036 

  0x00007134e4558148: ;   {metadata('java/lang/InternalError')}
  0x00007134e4558148: 48be 3009 | 018e 3471 | 0000 6690 

  0x00007134e4558154: ;   {runtime_call _new_instance_Java}
  0x00007134e4558154: c5f8 77e8 

  0x00007134e4558158: ; ImmutableOopMap {[8]=Oop [16]=Oop [24]=Oop [32]=NarrowOop [40]=Oop [48]=Oop [56]=Oop }
                      ;*new {reexecute=0 rethrow=0 return_oop=1}
                      ; - java.lang.NamedPackage::<init>@18 (line 49)
                      ; - java.lang.ClassLoader::getNamedPackage@22 (line 343)
                      ; - java.lang.ClassLoader::postDefineClass@9 (line 934)
                      ; - java.lang.ClassLoader::defineClass@37 (line 1028)
  0x00007134e4558158: a45b 8eff 

  0x00007134e455815c: ;   {other}
  0x00007134e455815c: 0f1f 8400 | cc43 0037 | e92b dbff 

  0x00007134e4558168: ;   {metadata('java/lang/StringBuilder')}
  0x00007134e4558168: ff48 be38 | 8200 8e34 | 7100 0090 

  0x00007134e4558174: ;   {runtime_call _new_instance_Java}
  0x00007134e4558174: c5f8 77e8 

  0x00007134e4558178: ; ImmutableOopMap {[8]=Oop [16]=Oop [24]=Oop [32]=NarrowOop [40]=Oop [48]=Oop [56]=Oop [80]=Oop }
                      ;*new {reexecute=0 rethrow=0 return_oop=1}
                      ; - java.lang.NamedPackage::<init>@22 (line 49)
                      ; - java.lang.ClassLoader::getNamedPackage@22 (line 343)
                      ; - java.lang.ClassLoader::postDefineClass@9 (line 934)
                      ; - java.lang.ClassLoader::defineClass@37 (line 1028)
  0x00007134e4558178: 845b 8eff 

  0x00007134e455817c: ;   {other}
  0x00007134e455817c: 0f1f 8400 | ec43 0038 | e950 dbff | ff48 8954 | 2458 4c89 | 4c24 504c | 8944 2448 | 4489 5c24 
  0x00007134e455819c: ;   {metadata({type array byte})}
  0x00007134e455819c: 0c48 be18 | 2300 8e34 | 7100 0041 | 8bd3 6690 

  0x00007134e45581ac: ;   {runtime_call _new_array_nozero_Java}
  0x00007134e45581ac: c5f8 77e8 

  0x00007134e45581b0: ; ImmutableOopMap {[8]=NarrowOop [16]=Oop [24]=Oop [40]=Oop [48]=Oop [56]=Oop [64]=Oop [120]=Oop [72]=Derived_oop_[120] }
                      ;*newarray {reexecute=0 rethrow=0 return_oop=1}
                      ; - java.util.Arrays::copyOf@15 (line 3541)
                      ; - java.lang.AbstractStringBuilder::ensureCapacityInternal@32 (line 242)
                      ; - java.lang.AbstractStringBuilder::append@7 (line 806)
                      ; - java.lang.StringBuilder::append@2 (line 246)
                      ; - java.net.URLStreamHandler::toExternalForm@16 (line 480)
                      ; - java.net.URL::toExternalForm@5 (line 1203)
                      ; - java.net.URL::toString@1 (line 1189)
                      ; - java.lang.ClassLoader::defineClassSourceLocation@22 (line 927)
                      ; - java.lang.ClassLoader::defineClass@12 (line 1026)
  0x00007134e45581b0: cc28 8eff 

  0x00007134e45581b4: ;   {other}
  0x00007134e45581b4: 0f1f 8400 | 2444 0039 | 448b 5c24 | 0c4c 8b44 | 2448 4c8b | 4c24 5048 | 8b54 2458 | 488b d8e9 
  0x00007134e45581d4: 12cc ffff | 4889 5424 | 684c 8954 | 2460 4889 | 7c24 5844 | 8944 240c 

  0x00007134e45581ec: ;   {metadata({type array byte})}
  0x00007134e45581ec: 48be 1823 | 008e 3471 | 0000 418b | d066 6690 

  0x00007134e45581fc: ;   {runtime_call _new_array_nozero_Java}
  0x00007134e45581fc: c5f8 77e8 

  0x00007134e4558200: ; ImmutableOopMap {[8]=NarrowOop [16]=Oop [24]=Oop [40]=Oop [48]=Oop [56]=Oop [64]=Oop [72]=Oop [136]=Oop [88]=Derived_oop_[136] }
                      ;*newarray {reexecute=0 rethrow=0 return_oop=1}
                      ; - java.util.Arrays::copyOf@15 (line 3541)
                      ; - java.lang.AbstractStringBuilder::ensureCapacityInternal@32 (line 242)
                      ; - java.lang.AbstractStringBuilder::append@21 (line 587)
                      ; - java.lang.StringBuilder::append@2 (line 179)
                      ; - java.net.URLStreamHandler::toExternalForm@59 (line 483)
                      ; - java.net.URL::toExternalForm@5 (line 1203)
                      ; - java.net.URL::toString@1 (line 1189)
                      ; - java.lang.ClassLoader::defineClassSourceLocation@22 (line 927)
                      ; - java.lang.ClassLoader::defineClass@12 (line 1026)
  0x00007134e4558200: 7c28 8eff 

  0x00007134e4558204: ;   {other}
  0x00007134e4558204: 0f1f 8400 | 7444 003a | 448b 4424 | 0c48 8b7c | 2458 4c8b | 5424 6048 | 8b54 2468 | 488b d8e9 
  0x00007134e4558224: b9cd ffff | 4889 5424 | 784c 895c | 2468 4889 | 7c24 6044 | 8954 2448 

  0x00007134e455823c: ;   {metadata({type array byte})}
  0x00007134e455823c: 48be 1823 | 008e 3471 | 0000 418b | d266 6690 

  0x00007134e455824c: ;   {runtime_call _new_array_nozero_Java}
  0x00007134e455824c: c5f8 77e8 

  0x00007134e4558250: ; ImmutableOopMap {[8]=NarrowOop [12]=NarrowOop [16]=Oop [24]=Oop [40]=Oop [48]=Oop [56]=Oop [64]=Oop [88]=Oop [144]=Oop [96]=Derived_oop_[144] }
                      ;*newarray {reexecute=0 rethrow=0 return_oop=1}
                      ; - java.util.Arrays::copyOf@15 (line 3541)
                      ; - java.lang.AbstractStringBuilder::ensureCapacityInternal@32 (line 242)
                      ; - java.lang.AbstractStringBuilder::append@21 (line 587)
                      ; - java.lang.StringBuilder::append@2 (line 179)
                      ; - java.net.URLStreamHandler::toExternalForm@77 (line 484)
                      ; - java.net.URL::toExternalForm@5 (line 1203)
                      ; - java.net.URL::toString@1 (line 1189)
                      ; - java.lang.ClassLoader::defineClassSourceLocation@22 (line 927)
                      ; - java.lang.ClassLoader::defineClass@12 (line 1026)
  0x00007134e4558250: 2c28 8eff 

  0x00007134e4558254: ;   {other}
  0x00007134e4558254: 0f1f 8400 | c444 003b | 448b 5424 | 4848 8b7c | 2460 4c8b | 5c24 6848 | 8b54 2478 | 488b d8e9 
  0x00007134e4558274: 9fcf ffff | 4889 5424 | 584c 894c | 2450 4c89 | 4424 4844 | 895c 240c 

  0x00007134e455828c: ;   {metadata({type array byte})}
  0x00007134e455828c: 48be 1823 | 008e 3471 | 0000 418b | d366 6690 

  0x00007134e455829c: ;   {runtime_call _new_array_nozero_Java}
  0x00007134e455829c: c5f8 77e8 

  0x00007134e45582a0: ; ImmutableOopMap {[8]=NarrowOop [16]=Oop [24]=Oop [40]=Oop [48]=Oop [56]=Oop [64]=Oop [120]=Oop [72]=Derived_oop_[120] }
                      ;*newarray {reexecute=0 rethrow=0 return_oop=1}
                      ; - java.util.Arrays::copyOf@15 (line 3541)
                      ; - java.lang.AbstractStringBuilder::ensureCapacityInternal@32 (line 242)
                      ; - java.lang.AbstractStringBuilder::append@21 (line 587)
                      ; - java.lang.StringBuilder::append@2 (line 179)
                      ; - java.net.URLStreamHandler::toExternalForm@113 (line 485)
                      ; - java.net.URL::toExternalForm@5 (line 1203)
                      ; - java.net.URL::toString@1 (line 1189)
                      ; - java.lang.ClassLoader::defineClassSourceLocation@22 (line 927)
                      ; - java.lang.ClassLoader::defineClass@12 (line 1026)
  0x00007134e45582a0: dc27 8eff 

  0x00007134e45582a4: ;   {other}
  0x00007134e45582a4: 0f1f 8400 | 1445 003c | 448b 5c24 | 0c4c 8b44 | 2448 4c8b | 4c24 5048 | 8b54 2458 | 488b d8e9 
  0x00007134e45582c4: 5cd1 ffff | 4889 5424 | 584c 894c | 2450 4c89 | 4424 4844 | 8954 2438 

  0x00007134e45582dc: ;   {metadata({type array byte})}
  0x00007134e45582dc: 48be 1823 | 008e 3471 | 0000 8b54 | 2438 6690 

  0x00007134e45582ec: ;   {runtime_call _new_array_nozero_Java}
  0x00007134e45582ec: c5f8 77e8 

  0x00007134e45582f0: ; ImmutableOopMap {[16]=Oop [24]=Oop [40]=Oop [48]=Oop [64]=Oop [104]=Oop [72]=Derived_oop_[104] }
                      ;*newarray {reexecute=0 rethrow=0 return_oop=1}
                      ; - java.util.Arrays::copyOf@15 (line 3541)
                      ; - java.lang.AbstractStringBuilder::ensureCapacityInternal@32 (line 242)
                      ; - java.lang.AbstractStringBuilder::append@21 (line 587)
                      ; - java.lang.StringBuilder::append@2 (line 179)
                      ; - java.net.URLStreamHandler::toExternalForm@149 (line 486)
                      ; - java.net.URL::toExternalForm@5 (line 1203)
                      ; - java.net.URL::toString@1 (line 1189)
                      ; - java.lang.ClassLoader::defineClassSourceLocation@22 (line 927)
                      ; - java.lang.ClassLoader::defineClass@12 (line 1026)
  0x00007134e45582f0: 8c27 8eff 

  0x00007134e45582f4: ;   {other}
  0x00007134e45582f4: 0f1f 8400 | 6445 003d | 448b 5424 | 384c 8b44 | 2448 4c8b | 4c24 5048 | 8b54 2458 | 488b d8e9 
  0x00007134e4558314: bed2 ffff | 4889 5424 | 784c 894c | 2468 4489 | 5c24 604c | 8944 2458 | 4489 5424 

  0x00007134e4558330: ;   {metadata({type array byte})}
  0x00007134e4558330: 5448 be18 | 2300 8e34 | 7100 0041 | 8bd3 6690 

  0x00007134e4558340: ;   {runtime_call _new_array_nozero_Java}
  0x00007134e4558340: c5f8 77e8 

  0x00007134e4558344: ; ImmutableOopMap {rbp=Oop [8]=NarrowOop [12]=NarrowOop [16]=Oop [24]=Oop [40]=Oop [48]=Oop [56]=Oop [64]=Oop [72]=Oop [88]=Derived_oop_[72] }
                      ;*newarray {reexecute=0 rethrow=0 return_oop=1}
                      ; - java.util.Arrays::copyOf@15 (line 3541)
                      ; - java.lang.AbstractStringBuilder::ensureCapacityInternal@32 (line 242)
                      ; - java.lang.AbstractStringBuilder::append@21 (line 587)
                      ; - java.lang.StringBuilder::append@2 (line 179)
                      ; - java.net.URLStreamHandler::toExternalForm@11 (line 480)
                      ; - java.net.URL::toExternalForm@5 (line 1203)
                      ; - java.net.URL::toString@1 (line 1189)
                      ; - java.lang.ClassLoader::defineClassSourceLocation@22 (line 927)
                      ; - java.lang.ClassLoader::defineClass@12 (line 1026)
  0x00007134e4558344: 3827 8eff 

  0x00007134e4558348: ;   {other}
  0x00007134e4558348: 0f1f 8400 | b845 003e | 448b 5424 | 544c 8b44 | 2458 448b | 5c24 604c | 8b4c 2468 | 488b 5424 
  0x00007134e4558368: 7848 8bd8 | e95d c8ff | ff49 8bea | 4889 5424 | 604c 895c | 2458 4889 | 5c24 5044 | 8bc6 4489 
  0x00007134e4558388: 4c24 4c44 | 8b54 2438 | 4489 5424 | 484c 8b54 | 2430 4c89 | 5424 404c | 896c 2438 | 448b 5424 
  0x00007134e45583a8: 7044 8954 | 2430 4c8b | 5424 284c | 8954 2408 

  0x00007134e45583b8: ;   {metadata({type array byte})}
  0x00007134e45583b8: 48be 1823 | 008e 3471 | 0000 418b | d066 6690 

  0x00007134e45583c8: ;   {runtime_call _new_array_nozero_Java}
  0x00007134e45583c8: c5f8 77e8 

  0x00007134e45583cc: ; ImmutableOopMap {rbp=Oop [88]=Derived_oop_rbp [8]=Oop [16]=Oop [24]=Oop [56]=Oop [64]=Oop [72]=NarrowOop [76]=NarrowOop [80]=Oop }
                      ;*invokevirtual clone {reexecute=1 rethrow=0 return_oop=1}
                      ; - (reexecute) java.util.Arrays::copyOfRange@18 (line 3856)
                      ; - java.lang.StringLatin1::newString@16 (line 752)
                      ; - java.lang.String::substring@41 (line 2839)
                      ; - java.lang.ClassLoader::checkCerts@21 (line 1164)
                      ; - java.lang.ClassLoader::preDefineClass@113 (line 917)
                      ; - java.lang.ClassLoader::defineClass@4 (line 1025)
  0x00007134e45583cc: b026 8eff 

  0x00007134e45583d0: ;   {other}
  0x00007134e45583d0: 0f1f 8400 | 4046 003f | 4c8b 5c24 | 084c 895c | 2428 448b | 5c24 3044 | 895c 2470 | 4c8b 6c24 
  0x00007134e45583f0: 384c 8b5c | 2440 4c89 | 5c24 3044 | 8b5c 2448 | 4489 5c24 | 3848 8b5c | 2450 4c8b | 5c24 5848 
  0x00007134e4558410: 8b54 2460 | 488b e8e9 | 0fdb ffff | 4889 5424 | 584c 8944 | 2450 4489 | 4c24 4848 | 895c 2440 
  0x00007134e4558430: 4c8b 5424 | 304c 8954 | 2438 4c8b | 5424 104c | 8954 2408 | 488b 6c24 

  0x00007134e4558448: ;   {metadata({type array byte})}
  0x00007134e4558448: 2848 be18 | 2300 8e34 | 7100 008b | d766 6690 

  0x00007134e4558458: ;   {runtime_call _new_array_nozero_Java}
  0x00007134e4558458: c5f8 77e8 

  0x00007134e455845c: ; ImmutableOopMap {rbp=Oop [8]=Oop [24]=Oop [56]=Oop [64]=Oop [72]=NarrowOop [120]=Oop [80]=Derived_oop_[120] }
                      ;*invokevirtual clone {reexecute=1 rethrow=0 return_oop=1}
                      ; - (reexecute) java.util.Arrays::copyOfRange@18 (line 3856)
                      ; - java.lang.String::<init>@32 (line 4788)
                      ; - java.lang.String::<init>@3 (line 1507)
                      ; - java.lang.StringBuilder::toString@5 (line 475)
                      ; - java.net.URLStreamHandler::toExternalForm@152 (line 486)
                      ; - java.net.URL::toExternalForm@5 (line 1203)
                      ; - java.net.URL::toString@1 (line 1189)
                      ; - java.lang.ClassLoader::defineClassSourceLocation@22 (line 927)
                      ; - java.lang.ClassLoader::defineClass@12 (line 1026)
  0x00007134e455845c: 2026 8eff 

  0x00007134e4558460: ;   {other}
  0x00007134e4558460: 0f1f 8400 | d046 0040 | 4889 6c24 | 284c 8b5c | 2408 4c89 | 5c24 104c | 8b5c 2438 | 4c89 5c24 
  0x00007134e4558480: 3048 8b5c | 2440 4c8b | 4424 5048 | 8b54 2458 | 488b e8e9 | 2fdb ffff | 4889 5424 | 5841 8bcb 
  0x00007134e45584a0: 4489 5424 | 5048 895c | 2448 4c8b | 5424 304c | 8954 2440 | 4c89 6c24 | 384c 8b54 | 2428 4c89 
  0x00007134e45584c0: 5424 0848 | be00 0000 | 8e34 7100 | 0049 03f0 | 8bd1 6690 

  0x00007134e45584d4: ;   {runtime_call _new_array_Java}
  0x00007134e45584d4: c5f8 77e8 

  0x00007134e45584d8: ; ImmutableOopMap {rbp=Oop [8]=Oop [16]=Oop [24]=Oop [56]=Oop [64]=Oop [72]=Oop [80]=NarrowOop }
                      ;*invokevirtual clone {reexecute=1 rethrow=0 return_oop=1}
                      ; - (reexecute) java.security.CodeSource::getCertificates@11 (line 205)
                      ; - java.lang.ClassLoader::checkCerts@34 (line 1168)
                      ; - java.lang.ClassLoader::preDefineClass@113 (line 917)
                      ; - java.lang.ClassLoader::defineClass@4 (line 1025)
  0x00007134e45584d8: a434 8eff 

  0x00007134e45584dc: ;   {other}
  0x00007134e45584dc: 0f1f 8400 | 4c47 0041 | 4c8b 5424 | 084c 8954 | 2428 4c8b | 6c24 384c | 8b54 2440 | 4c89 5424 
  0x00007134e45584fc: 3048 8b5c | 2448 448b | 5424 5048 | 8b54 2458 | 4c8b f0e9 | 58db ffff | 4889 4c24 | 2844 894c 
  0x00007134e455851c: 2420 48ff | 7424 0848 | 8f44 2418 | 4c8b 5c24 | 104c 895c | 2408 48be | 0000 008e | 3471 0000 
  0x00007134e455853c: 4803 f741 | 8bd0 6690 

  0x00007134e4558544: ;   {runtime_call _new_array_Java}
  0x00007134e4558544: c5f8 77e8 

  0x00007134e4558548: ; ImmutableOopMap {rbp=Oop [8]=Oop [24]=Oop [32]=NarrowOop }
                      ;*invokevirtual clone {reexecute=1 rethrow=0 return_oop=1}
                      ; - (reexecute) java.security.CodeSource::getCertificates@11 (line 205)
                      ; - java.lang.ClassLoader::postDefineClass@24 (line 937)
                      ; - java.lang.ClassLoader::defineClass@37 (line 1028)
  0x00007134e4558548: 3434 8eff 

  0x00007134e455854c: ;   {other}
  0x00007134e455854c: 0f1f 8400 | bc47 0042 | 48ff 7424 | 1848 8f44 | 2408 448b | 4c24 2048 | 8b4c 2428 | 488b d8e9 
  0x00007134e455856c: a2db ffff | 4889 5424 | 484c 8954 | 2440 4889 | 5c24 3845 | 8bd0 4489 | 4c24 284c | 8b5c 2408 
  0x00007134e455858c: 4c89 5c24 | 204c 8b5c | 2430 4c89 | 5c24 1848 | 8b6c 2410 

  0x00007134e45585a0: ;   {metadata({type array byte})}
  0x00007134e45585a0: 48be 1823 | 008e 3471 | 0000 418b | d266 6690 

  0x00007134e45585b0: ;   {runtime_call _new_array_nozero_Java}
  0x00007134e45585b0: c5f8 77e8 

  0x00007134e45585b4: ; ImmutableOopMap {rbp=Oop [24]=Oop [32]=Oop [40]=NarrowOop [56]=Oop [120]=Oop [64]=Derived_oop_[120] }
                      ;*invokevirtual clone {reexecute=1 rethrow=0 return_oop=1}
                      ; - (reexecute) java.util.Arrays::copyOfRange@18 (line 3856)
                      ; - java.lang.StringLatin1::newString@16 (line 752)
                      ; - java.lang.String::substring@41 (line 2839)
                      ; - java.lang.Class::getPackageName@62 (line 1169)
                      ; - java.lang.ClassLoader::postDefineClass@2 (line 934)
                      ; - java.lang.ClassLoader::defineClass@37 (line 1028)
  0x00007134e45585b4: c824 8eff 

  0x00007134e45585b8: ;   {other}
  0x00007134e45585b8: 0f1f 8400 | 2848 0043 | 4889 6c24 | 104c 8b54 | 2418 4c89 | 5424 304c | 8b54 2420 | 4c89 5424 
  0x00007134e45585d8: 0848 8b5c | 2438 4c8b | 5424 4048 | 8b54 2448 | 488b e8e9 | d5db ffff | bef6 ffff | ff48 8be8 
  0x00007134e45585f8: ;   {runtime_call UncommonTrapBlob}
  0x00007134e45585f8: c5f8 77e8 

  0x00007134e45585fc: ; ImmutableOopMap {rbp=Oop }
                      ;*invokevirtual get {reexecute=0 rethrow=0 return_oop=0}
                      ; - java.lang.ClassLoader::getNamedPackage@5 (line 341)
                      ; - java.lang.ClassLoader::postDefineClass@9 (line 934)
                      ; - java.lang.ClassLoader::defineClass@37 (line 1028)
  0x00007134e45585fc: 001d 83ff 

  0x00007134e4558600: ;   {other}
  0x00007134e4558600: 0f1f 8400 | 7048 0044 | be45 ffff | ff48 8b6c | 2410 6690 

  0x00007134e4558614: ;   {runtime_call UncommonTrapBlob}
  0x00007134e4558614: c5f8 77e8 

  0x00007134e4558618: ; ImmutableOopMap {rbp=Oop [8]=Oop [24]=Oop [40]=Oop }
                      ;*ifeq {reexecute=1 rethrow=0 return_oop=0}
                      ; - (reexecute) java.lang.ClassLoader::checkName@8 (line 1155)
                      ; - java.lang.ClassLoader::preDefineClass@1 (line 900)
                      ; - java.lang.ClassLoader::defineClass@4 (line 1025)
  0x00007134e4558618: e41c 83ff 

  0x00007134e455861c: ;   {other}
  0x00007134e455861c: 0f1f 8400 | 8c48 0045 | 498b f333 | d248 8b6c | 2410 6690 

  0x00007134e4558630: ;   {static_call}
  0x00007134e4558630: c5f8 77e8 

  0x00007134e4558634: ; ImmutableOopMap {rbp=Oop [8]=Oop [16]=Oop [24]=Oop [40]=Oop }
                      ;*invokestatic charAt {reexecute=0 rethrow=0 return_oop=0}
                      ; - java.lang.String::charAt@21 (line 1557)
                      ; - java.lang.ClassLoader::checkName@25 (line 1157)
                      ; - java.lang.ClassLoader::preDefineClass@1 (line 900)
                      ; - java.lang.ClassLoader::defineClass@4 (line 1025)
  0x00007134e4558634: 48d0 82ff 

  0x00007134e4558638: ;   {other}
  0x00007134e4558638: 0f1f 8400 | a848 0046 | 448b d8e9 | 45c0 ffff | bee4 ffff | ff44 895c | 2440 6690 

  0x00007134e4558654: ;   {runtime_call UncommonTrapBlob}
  0x00007134e4558654: c5f8 77e8 

  0x00007134e4558658: ; ImmutableOopMap {[8]=Oop [16]=Oop [24]=Oop [40]=Oop [64]=NarrowOop }
                      ;*invokestatic checkIndex {reexecute=0 rethrow=0 return_oop=0}
                      ; - java.lang.String::checkIndex@5 (line 4832)
                      ; - java.lang.StringLatin1::charAt@3 (line 46)
                      ; - java.lang.String::charAt@12 (line 1555)
                      ; - java.lang.ClassLoader::checkName@25 (line 1157)
                      ; - java.lang.ClassLoader::preDefineClass@1 (line 900)
                      ; - java.lang.ClassLoader::defineClass@4 (line 1025)
  0x00007134e4558658: a41c 83ff 

  0x00007134e455865c: ;   {other}
  0x00007134e455865c: 0f1f 8400 | cc48 0047 | bef6 ffff | ff48 8beb | 4c89 7424 | 0866 6690 

  0x00007134e4558674: ;   {runtime_call UncommonTrapBlob}
  0x00007134e4558674: c5f8 77e8 

  0x00007134e4558678: ; ImmutableOopMap {rbp=Oop [8]=Oop }
                      ;*invokevirtual putIfAbsent {reexecute=0 rethrow=0 return_oop=0}
                      ; - java.lang.ClassLoader::checkCerts@62 (line 1171)
                      ; - java.lang.ClassLoader::preDefineClass@113 (line 917)
                      ; - java.lang.ClassLoader::defineClass@4 (line 1025)
  0x00007134e4558678: 841c 83ff 

  0x00007134e455867c: ;   {other}
  0x00007134e455867c: 0f1f 8400 | ec48 0048 | bece ffff | ff89 5424 | 4866 6690 

  0x00007134e4558690: ;   {runtime_call UncommonTrapBlob}
  0x00007134e4558690: c5f8 77e8 

  0x00007134e4558694: ; ImmutableOopMap {rbp=NarrowOop [8]=Oop [16]=Oop [24]=Oop [40]=Oop }
                      ;*invokestatic indexOfChar {reexecute=0 rethrow=0 return_oop=0}
                      ; - java.lang.StringLatin1::indexOf@33 (line 204)
                      ; - java.lang.String::indexOf@17 (line 2461)
                      ; - java.lang.String::indexOf@3 (line 2405)
                      ; - java.lang.ClassLoader::checkName@16 (line 1157)
                      ; - java.lang.ClassLoader::preDefineClass@1 (line 900)
                      ; - java.lang.ClassLoader::defineClass@4 (line 1025)
  0x00007134e4558694: 681c 83ff 

  0x00007134e4558698: ;   {other}
  0x00007134e4558698: 0f1f 8400 | 0849 0049 | bee4 ffff | ff4c 8b54 | 2410 4c89 | 5424 084c | 8b54 2428 | 4c89 5424 
  0x00007134e45586b8: 104c 8b54 | 2430 4c89 | 5424 2889 | 5c24 3044 | 895c 2434 

  0x00007134e45586cc: ;   {runtime_call UncommonTrapBlob}
  0x00007134e45586cc: c5f8 77e8 

  0x00007134e45586d0: ; ImmutableOopMap {[8]=Oop [16]=Oop [24]=Oop [40]=Oop [48]=NarrowOop [52]=NarrowOop [64]=Oop }
                      ;*bastore {reexecute=0 rethrow=0 return_oop=0}
                      ; - java.lang.AbstractStringBuilder::append@41 (line 808)
                      ; - java.lang.StringBuilder::append@2 (line 246)
                      ; - java.net.URLStreamHandler::toExternalForm@16 (line 480)
                      ; - java.net.URL::toExternalForm@5 (line 1203)
                      ; - java.net.URL::toString@1 (line 1189)
                      ; - java.lang.ClassLoader::defineClassSourceLocation@22 (line 927)
                      ; - java.lang.ClassLoader::defineClass@12 (line 1026)
  0x00007134e45586d0: 2c1c 83ff 

  0x00007134e45586d4: ;   {other}
  0x00007134e45586d4: 0f1f 8400 | 4449 004a | becc ffff | ff4c 8b5c | 2410 4c89 | 5c24 084c | 8b5c 2428 | 4c89 5c24 
  0x00007134e45586f4: 104c 8b5c | 2430 4c89 | 5c24 2889 | 5c24 3044 | 8974 2434 | 4489 5424 | 4844 894c | 244c 897c 
  0x00007134e4558714: 2450 6690 

  0x00007134e4558718: ;   {runtime_call UncommonTrapBlob}
  0x00007134e4558718: c5f8 77e8 

  0x00007134e455871c: ; ImmutableOopMap {[8]=Oop [16]=Oop [24]=Oop [40]=Oop [48]=NarrowOop [64]=Oop [72]=NarrowOop [76]=NarrowOop }
                      ;*invokestatic arraycopy {reexecute=0 rethrow=0 return_oop=0}
                      ; - java.lang.String::getBytes@22 (line 4726)
                      ; - java.lang.AbstractStringBuilder::putStringAt@15 (line 1751)
                      ; - java.lang.AbstractStringBuilder::append@30 (line 588)
                      ; - java.lang.StringBuilder::append@2 (line 179)
                      ; - java.net.URLStreamHandler::toExternalForm@59 (line 483)
                      ; - java.net.URL::toExternalForm@5 (line 1203)
                      ; - java.net.URL::toString@1 (line 1189)
                      ; - java.lang.ClassLoader::defineClassSourceLocation@22 (line 927)
                      ; - java.lang.ClassLoader::defineClass@12 (line 1026)
  0x00007134e455871c: e01b 83ff 

  0x00007134e4558720: ;   {other}
  0x00007134e4558720: 0f1f 8400 | 9049 004b | becc ffff | ff4c 8b54 | 2410 4c89 | 5424 084c | 8b54 2428 | 4c89 5424 
  0x00007134e4558740: 104c 8b54 | 2430 4c89 | 5424 2889 | 5c24 3044 | 896c 2434 | 4489 5c24 | 4844 8944 | 244c 894c 
  0x00007134e4558760: 2450 6690 

  0x00007134e4558764: ;   {runtime_call UncommonTrapBlob}
  0x00007134e4558764: c5f8 77e8 

  0x00007134e4558768: ; ImmutableOopMap {[8]=Oop [16]=Oop [24]=Oop [40]=Oop [48]=NarrowOop [64]=Oop [72]=NarrowOop [76]=NarrowOop }
                      ;*invokestatic arraycopy {reexecute=0 rethrow=0 return_oop=0}
                      ; - java.lang.String::getBytes@22 (line 4726)
                      ; - java.lang.AbstractStringBuilder::putStringAt@15 (line 1751)
                      ; - java.lang.AbstractStringBuilder::append@30 (line 588)
                      ; - java.lang.StringBuilder::append@2 (line 179)
                      ; - java.net.URLStreamHandler::toExternalForm@77 (line 484)
                      ; - java.net.URL::toExternalForm@5 (line 1203)
                      ; - java.net.URL::toString@1 (line 1189)
                      ; - java.lang.ClassLoader::defineClassSourceLocation@22 (line 927)
                      ; - java.lang.ClassLoader::defineClass@12 (line 1026)
  0x00007134e4558768: 941b 83ff 

  0x00007134e455876c: ;   {other}
  0x00007134e455876c: 0f1f 8400 | dc49 004c | becc ffff | ff4c 8b5c | 2410 4c89 | 5c24 084c | 8b5c 2428 | 4c89 5c24 
  0x00007134e455878c: 104c 8b5c | 2430 4c89 | 5c24 2889 | 5c24 3044 | 8954 2434 

  0x00007134e45587a0: ;   {runtime_call UncommonTrapBlob}
  0x00007134e45587a0: c5f8 77e8 

  0x00007134e45587a4: ; ImmutableOopMap {rbp=NarrowOop [8]=Oop [16]=Oop [24]=Oop [40]=Oop [48]=NarrowOop [64]=Oop }
                      ;*invokestatic arraycopy {reexecute=0 rethrow=0 return_oop=0}
                      ; - java.lang.String::getBytes@22 (line 4726)
                      ; - java.lang.AbstractStringBuilder::putStringAt@15 (line 1751)
                      ; - java.lang.AbstractStringBuilder::append@30 (line 588)
                      ; - java.lang.StringBuilder::append@2 (line 179)
                      ; - java.net.URLStreamHandler::toExternalForm@113 (line 485)
                      ; - java.net.URL::toExternalForm@5 (line 1203)
                      ; - java.net.URL::toString@1 (line 1189)
                      ; - java.lang.ClassLoader::defineClassSourceLocation@22 (line 927)
                      ; - java.lang.ClassLoader::defineClass@12 (line 1026)
  0x00007134e45587a4: 581b 83ff 

  0x00007134e45587a8: ;   {other}
  0x00007134e45587a8: 0f1f 8400 | 184a 004d | becc ffff | ff4c 8b54 | 2410 4c89 | 5424 084c | 8b54 2428 | 4c89 5424 
  0x00007134e45587c8: 104c 8b54 | 2430 4c89 | 5424 284c | 8b54 2440 | 4c89 5424 | 3844 894c | 2440 6690 

  0x00007134e45587e4: ;   {runtime_call UncommonTrapBlob}
  0x00007134e45587e4: c5f8 77e8 

  0x00007134e45587e8: ; ImmutableOopMap {rbp=NarrowOop [8]=Oop [16]=Oop [24]=Oop [40]=Oop [56]=Oop }
                      ;*invokestatic arraycopy {reexecute=0 rethrow=0 return_oop=0}
                      ; - java.lang.String::getBytes@22 (line 4726)
                      ; - java.lang.AbstractStringBuilder::putStringAt@15 (line 1751)
                      ; - java.lang.AbstractStringBuilder::append@30 (line 588)
                      ; - java.lang.StringBuilder::append@2 (line 179)
                      ; - java.net.URLStreamHandler::toExternalForm@149 (line 486)
                      ; - java.net.URL::toExternalForm@5 (line 1203)
                      ; - java.net.URL::toString@1 (line 1189)
                      ; - java.lang.ClassLoader::defineClassSourceLocation@22 (line 927)
                      ; - java.lang.ClassLoader::defineClass@12 (line 1026)
  0x00007134e45587e8: 141b 83ff 

  0x00007134e45587ec: ;   {other}
  0x00007134e45587ec: 0f1f 8400 | 5c4a 004e | becc ffff | ff4c 8b5c | 2410 4c89 | 5c24 084c | 8b5c 2428 | 4c89 5c24 
  0x00007134e455880c: 104c 8b5c | 2430 4c89 | 5c24 2889 | 5c24 3044 | 8974 2434 | 894c 2448 | 4489 5424 | 4c44 894c 
  0x00007134e455882c: 2450 6690 

  0x00007134e4558830: ;   {runtime_call UncommonTrapBlob}
  0x00007134e4558830: c5f8 77e8 

  0x00007134e4558834: ; ImmutableOopMap {[8]=Oop [16]=Oop [24]=Oop [40]=Oop [48]=NarrowOop [64]=Oop [72]=NarrowOop [76]=NarrowOop }
                      ;*invokestatic arraycopy {reexecute=0 rethrow=0 return_oop=0}
                      ; - java.lang.String::getBytes@22 (line 4726)
                      ; - java.lang.AbstractStringBuilder::putStringAt@15 (line 1751)
                      ; - java.lang.AbstractStringBuilder::append@30 (line 588)
                      ; - java.lang.StringBuilder::append@2 (line 179)
                      ; - java.net.URLStreamHandler::toExternalForm@11 (line 480)
                      ; - java.net.URL::toExternalForm@5 (line 1203)
                      ; - java.net.URL::toString@1 (line 1189)
                      ; - java.lang.ClassLoader::defineClassSourceLocation@22 (line 927)
                      ; - java.lang.ClassLoader::defineClass@12 (line 1026)
  0x00007134e4558834: c81a 83ff 

  0x00007134e4558838: ;   {other}
  0x00007134e4558838: 0f1f 8400 | a84a 004f | bee4 ffff | ff66 6690 

  0x00007134e4558848: ;   {runtime_call UncommonTrapBlob}
  0x00007134e4558848: c5f8 77e8 

  0x00007134e455884c: ; ImmutableOopMap {rbp=NarrowOop [8]=Oop [16]=Oop [24]=Oop [40]=Oop }
                      ;*baload {reexecute=0 rethrow=0 return_oop=0}
                      ; - jdk.internal.util.ArraysSupport::mismatch@82 (line 402)
                      ; - java.lang.String::startsWith@70 (line 2297)
                      ; - java.lang.String::startsWith@3 (line 2327)
                      ; - java.lang.ClassLoader::preDefineClass@43 (line 906)
                      ; - java.lang.ClassLoader::defineClass@4 (line 1025)
  0x00007134e455884c: b01a 83ff 

  0x00007134e4558850: ;   {other}
  0x00007134e4558850: 0f1f 8400 | c04a 0050 | 4d63 c2e9 | d4bf ffff | 4983 c0fe | 498b c849 | 8bf9 4833 | c048 83f9 
  0x00007134e4558870: 087f 1048 | ffc9 784f | 4889 04cf | 48ff c97d | f7eb 44c5 | fdef c0e9 | 0d00 0000 | c5fe 7f07 
  0x00007134e4558890: c5fe 7f47 | 2048 83c7 | 4048 83e9 | 087d ed48 | 83c1 047c | 0cc5 fe7f | 0748 83c7 | 2048 83e9 
  0x00007134e45588b0: 0448 83c1 | 047e 1048 | ffc9 c5f9 | d607 4883 | c708 48ff | c97d f3e9 | 38c0 ffff | 4963 cbe9 
  0x00007134e45588d0: 24ce ffff | 4883 c1fe | 498b fa48 | 33c0 4883 | f908 7f10 | 48ff c978 | 4f48 8904 | cf48 ffc9 
  0x00007134e45588f0: 7df7 eb44 | c5fd efc0 | e90d 0000 | 00c5 fe7f | 07c5 fe7f | 4720 4883 | c740 4883 | e908 7ded 
  0x00007134e4558910: 4883 c104 | 7c0c c5fe | 7f07 4883 | c720 4883 | e904 4883 | c104 7e10 | 48ff c9c5 | f9d6 0748 
  0x00007134e4558930: 83c7 0848 | ffc9 7df3 | e984 ceff | ffbe ccff | ffff 4489 | 5424 0844 | 8b54 2420 

  0x00007134e455894c: ;   {no_reloc}
  0x00007134e455894c: 4489 5424 | 0c44 8b5c | 2424 4489 | 5c24 204c | 896c 2448 | 448b 5c24 | 3844 895c | 2424 4889 
  0x00007134e455896c: 5c24 5044 | 894c 2458 

  0x00007134e4558974: ;   {runtime_call UncommonTrapBlob}
  0x00007134e4558974: c5f8 77e8 

  0x00007134e4558978: ; ImmutableOopMap {[16]=Oop [24]=Oop [36]=NarrowOop [40]=Oop [48]=Oop [72]=Oop [80]=Oop [88]=NarrowOop }
                      ;*newarray {reexecute=1 rethrow=0 return_oop=0}
                      ; - (reexecute) java.util.Arrays::copyOfRangeByte@10 (line 3863)
                      ; - java.util.Arrays::copyOfRange@13 (line 3854)
                      ; - java.lang.StringLatin1::newString@16 (line 752)
                      ; - java.lang.String::substring@41 (line 2839)
                      ; - java.lang.ClassLoader::checkCerts@21 (line 1164)
                      ; - java.lang.ClassLoader::preDefineClass@113 (line 917)
                      ; - java.lang.ClassLoader::defineClass@4 (line 1025)
  0x00007134e4558978: 8419 83ff 

  0x00007134e455897c: ;   {other}
  0x00007134e455897c: 0f1f 8400 | ec4b 0051 | becc ffff | ff48 8b6c | 2410 4c8b | 5424 284c | 8954 2408 | 4c8b 5424 
  0x00007134e455899c: 184c 8954 | 2410 448b | 4424 2044 | 8944 2418 | 448b 5424 | 2444 8954 | 241c 4c8b | 5424 304c 
  0x00007134e45589bc: 8954 2420 | 4889 5c24 | 3044 894c | 2438 4489 | 5c24 4090 

  0x00007134e45589d0: ;   {runtime_call UncommonTrapBlob}
  0x00007134e45589d0: c5f8 77e8 

  0x00007134e45589d4: ; ImmutableOopMap {rbp=Oop [8]=Oop [16]=Oop [32]=Oop [48]=Oop [56]=NarrowOop }
                      ;*newarray {reexecute=1 rethrow=0 return_oop=0}
                      ; - (reexecute) java.util.Arrays::copyOfRangeByte@10 (line 3863)
                      ; - java.util.Arrays::copyOfRange@13 (line 3854)
                      ; - java.lang.String::<init>@32 (line 4788)
                      ; - java.lang.String::<init>@3 (line 1507)
                      ; - java.lang.StringBuilder::toString@5 (line 475)
                      ; - java.net.URLStreamHandler::toExternalForm@152 (line 486)
                      ; - java.net.URL::toExternalForm@5 (line 1203)
                      ; - java.net.URL::toString@1 (line 1189)
                      ; - java.lang.ClassLoader::defineClassSourceLocation@22 (line 927)
                      ; - java.lang.ClassLoader::defineClass@12 (line 1026)
  0x00007134e45589d4: 2819 83ff 

  0x00007134e45589d8: ;   {other}
  0x00007134e45589d8: 0f1f 8400 | 484c 0052 | bede ffff | ff66 6690 

  0x00007134e45589e8: ;   {runtime_call UncommonTrapBlob}
  0x00007134e45589e8: c5f8 77e8 

  0x00007134e45589ec: ; ImmutableOopMap {rbp=NarrowOop }
                      ;*checkcast {reexecute=0 rethrow=0 return_oop=0}
                      ; - java.lang.ClassLoader::getNamedPackage@8 (line 341)
                      ; - java.lang.ClassLoader::postDefineClass@9 (line 934)
                      ; - java.lang.ClassLoader::defineClass@37 (line 1028)
  0x00007134e45589ec: 1019 83ff 

  0x00007134e45589f0: ;   {other}
  0x00007134e45589f0: 0f1f 8400 | 604c 0053 | be45 ffff | ff48 8b6c | 2410 895c | 2438 6690 

  0x00007134e4558a08: ;   {runtime_call UncommonTrapBlob}
  0x00007134e4558a08: c5f8 77e8 

  0x00007134e4558a0c: ; ImmutableOopMap {rbp=Oop [8]=Oop [24]=Oop [40]=Oop }
                      ;*if_icmpne {reexecute=1 rethrow=0 return_oop=0}
                      ; - (reexecute) java.lang.ClassLoader::checkName@20 (line 1157)
                      ; - java.lang.ClassLoader::preDefineClass@1 (line 900)
                      ; - java.lang.ClassLoader::defineClass@4 (line 1025)
  0x00007134e4558a0c: f018 83ff 

  0x00007134e4558a10: ;   {other}
  0x00007134e4558a10: 0f1f 8400 | 804c 0054 | be45 ffff | ff4c 8b54 | 2430 4c89 | 5424 2048 | 895c 2428 | 894c 2430 
  0x00007134e4558a30: 4489 4424 | 3466 6690 

  0x00007134e4558a38: ;   {runtime_call UncommonTrapBlob}
  0x00007134e4558a38: c5f8 77e8 

  0x00007134e4558a3c: ; ImmutableOopMap {[8]=Oop [16]=Oop [32]=Oop [40]=Oop [48]=NarrowOop }
                      ;*ifle {reexecute=1 rethrow=0 return_oop=0}
                      ; - (reexecute) java.util.concurrent.ConcurrentHashMap::get@23 (line 937)
                      ; - java.lang.ClassLoader::getNamedPackage@5 (line 341)
                      ; - java.lang.ClassLoader::postDefineClass@9 (line 934)
                      ; - java.lang.ClassLoader::defineClass@37 (line 1028)
  0x00007134e4558a3c: c018 83ff 

  0x00007134e4558a40: ;   {other}
  0x00007134e4558a40: 0f1f 8400 | b04c 0055 | 4533 d285 | c941 0f94 | c2be 45ff | ffff 4c89 | 6c24 4844 | 8954 243c 
  0x00007134e4558a60: ;   {runtime_call UncommonTrapBlob}
  0x00007134e4558a60: c5f8 77e8 

  0x00007134e4558a64: ; ImmutableOopMap {[16]=Oop [24]=Oop [40]=Oop [48]=Oop [56]=NarrowOop [72]=Oop }
                      ;*ifeq {reexecute=1 rethrow=0 return_oop=0}
                      ; - (reexecute) java.lang.String::lastIndexOf@4 (line 2573)
                      ; - java.lang.String::lastIndexOf@8 (line 2535)
                      ; - java.lang.ClassLoader::checkCerts@3 (line 1163)
                      ; - java.lang.ClassLoader::preDefineClass@113 (line 917)
                      ; - java.lang.ClassLoader::defineClass@4 (line 1025)
  0x00007134e4558a64: 9818 83ff 

  0x00007134e4558a68: ;   {other}
  0x00007134e4558a68: 0f1f 8400 | d84c 0056 | be45 ffff | ff44 8954 | 2408 4489 | 5424 0c4c | 896c 2450 | 4489 5c24 
  0x00007134e4558a88: 5866 6690 

  0x00007134e4558a8c: ;   {runtime_call UncommonTrapBlob}
  0x00007134e4558a8c: c5f8 77e8 

  0x00007134e4558a90: ; ImmutableOopMap {[16]=Oop [24]=Oop [40]=Oop [48]=Oop [56]=NarrowOop [80]=Oop }
                      ;*if_icmpgt {reexecute=1 rethrow=0 return_oop=0}
                      ; - (reexecute) jdk.internal.util.Preconditions::checkFromToIndex@6 (line 348)
                      ; - java.lang.String::checkBoundsBeginEnd@6 (line 4865)
                      ; - java.lang.String::substring@8 (line 2834)
                      ; - java.lang.ClassLoader::checkCerts@21 (line 1164)
                      ; - java.lang.ClassLoader::preDefineClass@113 (line 917)
                      ; - java.lang.ClassLoader::defineClass@4 (line 1025)
  0x00007134e4558a90: 6c18 83ff 

  0x00007134e4558a94: ;   {other}
  0x00007134e4558a94: 0f1f 8400 | 044d 0057 | be45 ffff | ff48 8b6c | 2410 4489 | 5c24 3890 

  0x00007134e4558aac: ;   {runtime_call UncommonTrapBlob}
  0x00007134e4558aac: c5f8 77e8 

  0x00007134e4558ab0: ; ImmutableOopMap {rbp=Oop [8]=Oop [24]=Oop [40]=Oop }
                      ;*if_icmpne {reexecute=1 rethrow=0 return_oop=0}
                      ; - (reexecute) java.lang.ClassLoader::checkName@30 (line 1157)
                      ; - java.lang.ClassLoader::preDefineClass@1 (line 900)
                      ; - java.lang.ClassLoader::defineClass@4 (line 1025)
  0x00007134e4558ab0: 4c18 83ff 

  0x00007134e4558ab4: ;   {other}
  0x00007134e4558ab4: 0f1f 8400 | 244d 0058 | be45 ffff | ff41 8bea | 4c89 6c24 | 4066 6690 

  0x00007134e4558acc: ;   {runtime_call UncommonTrapBlob}
  0x00007134e4558acc: c5f8 77e8 

  0x00007134e4558ad0: ; ImmutableOopMap {[16]=Oop [24]=Oop [40]=Oop [48]=Oop [56]=NarrowOop [64]=Oop }
                      ;*if_icmpne {reexecute=1 rethrow=0 return_oop=0}
                      ; - (reexecute) java.lang.ClassLoader::checkCerts@9 (line 1164)
                      ; - java.lang.ClassLoader::preDefineClass@113 (line 917)
                      ; - java.lang.ClassLoader::defineClass@4 (line 1025)
  0x00007134e4558ad0: 2c18 83ff 

  0x00007134e4558ad4: ;   {other}
  0x00007134e4558ad4: 0f1f 8400 | 444d 0059 | be45 ffff | ff44 8954 | 2408 4489 | 5424 0c4c | 896c 2450 | 4489 5c24 
  0x00007134e4558af4: 5844 895c | 245c 6690 

  0x00007134e4558afc: ;   {runtime_call UncommonTrapBlob}
  0x00007134e4558afc: c5f8 77e8 

  0x00007134e4558b00: ; ImmutableOopMap {[16]=Oop [24]=Oop [40]=Oop [48]=Oop [56]=NarrowOop [80]=Oop }
                      ;*if_icmple {reexecute=1 rethrow=0 return_oop=0}
                      ; - (reexecute) jdk.internal.util.Preconditions::checkFromToIndex@11 (line 348)
                      ; - java.lang.String::checkBoundsBeginEnd@6 (line 4865)
                      ; - java.lang.String::substring@8 (line 2834)
                      ; - java.lang.ClassLoader::checkCerts@21 (line 1164)
                      ; - java.lang.ClassLoader::preDefineClass@113 (line 917)
                      ; - java.lang.ClassLoader::defineClass@4 (line 1025)
  0x00007134e4558b00: fc17 83ff 

  0x00007134e4558b04: ;   {other}
  0x00007134e4558b04: 0f1f 8400 | 744d 005a | be45 ffff | ff48 ff74 | 2410 488f | 4424 084c | 8b54 2428 | 4c89 5424 
  0x00007134e4558b24: 104c 8b54 | 2430 4c89 | 5424 2889 | 5c24 3044 | 8974 2434 | 4489 4c24 | 4889 4424 | 4c44 8944 
  0x00007134e4558b44: 2450 894c | 2454 6690 

  0x00007134e4558b4c: ;   {runtime_call UncommonTrapBlob}
  0x00007134e4558b4c: c5f8 77e8 

  0x00007134e4558b50: ; ImmutableOopMap {rbp=Oop [8]=Oop [16]=Oop [24]=Oop [40]=Oop [48]=NarrowOop [64]=Oop [72]=NarrowOop }
                      ;*if_icmpne {reexecute=1 rethrow=0 return_oop=0}
                      ; - (reexecute) java.lang.String::getBytes@5 (line 4725)
                      ; - java.lang.AbstractStringBuilder::putStringAt@15 (line 1751)
                      ; - java.lang.AbstractStringBuilder::append@30 (line 588)
                      ; - java.lang.StringBuilder::append@2 (line 179)
                      ; - java.net.URLStreamHandler::toExternalForm@59 (line 483)
                      ; - java.net.URL::toExternalForm@5 (line 1203)
                      ; - java.net.URL::toString@1 (line 1189)
                      ; - java.lang.ClassLoader::defineClassSourceLocation@22 (line 927)
                      ; - java.lang.ClassLoader::defineClass@12 (line 1026)
  0x00007134e4558b50: ac17 83ff 

  0x00007134e4558b54: ;   {other}
  0x00007134e4558b54: 0f1f 8400 | c44d 005b | be45 ffff | ff48 8b6c | 2410 4c8b | 5424 284c | 8954 2408 | 4c8b 5424 
  0x00007134e4558b74: 184c 8954 | 2410 448b | 5424 2044 | 8954 2418 | 448b 5c24 | 2444 895c | 241c 4c8b | 5424 304c 
  0x00007134e4558b94: 8954 2420 | 895c 2428 | 4c8b 5424 | 404c 8954 | 2438 4489 | 6c24 2c44 | 894c 2440 | 4489 4424 
  0x00007134e4558bb4: 4489 7c24 | 4889 4c24 | 4c89 4424 | 5066 6690 

  0x00007134e4558bc4: ;   {runtime_call UncommonTrapBlob}
  0x00007134e4558bc4: c5f8 77e8 

  0x00007134e4558bc8: ; ImmutableOopMap {rbp=Oop [8]=Oop [16]=Oop [32]=Oop [40]=NarrowOop [56]=Oop [64]=NarrowOop [68]=NarrowOop }
                      ;*if_icmpne {reexecute=1 rethrow=0 return_oop=0}
                      ; - (reexecute) java.lang.String::getBytes@5 (line 4725)
                      ; - java.lang.AbstractStringBuilder::putStringAt@15 (line 1751)
                      ; - java.lang.AbstractStringBuilder::append@30 (line 588)
                      ; - java.lang.StringBuilder::append@2 (line 179)
                      ; - java.net.URLStreamHandler::toExternalForm@77 (line 484)
                      ; - java.net.URL::toExternalForm@5 (line 1203)
                      ; - java.net.URL::toString@1 (line 1189)
                      ; - java.lang.ClassLoader::defineClassSourceLocation@22 (line 927)
                      ; - java.lang.ClassLoader::defineClass@12 (line 1026)
  0x00007134e4558bc8: 3417 83ff 

  0x00007134e4558bcc: ;   {other}
  0x00007134e4558bcc: 0f1f 8400 | 3c4e 005c | 4585 c044 | 8b54 2470 | 410f 94c2 | be45 ffff | ff48 8b6c | 2410 4c8b 
  0x00007134e4558bec: 4424 284c | 8944 2408 | 4c8b 4424 | 184c 8944 | 2410 448b | 4424 2044 | 8944 2418 | 448b 4424 
  0x00007134e4558c0c: 2444 8944 | 241c 4c8b | 4424 304c | 8944 2420 | 4889 5c24 | 304c 8b44 | 2440 4c89 | 4424 3844 
  0x00007134e4558c2c: 894c 2440 | 4489 5c24 | 4444 8954 | 2448 6690 

  0x00007134e4558c3c: ;   {runtime_call UncommonTrapBlob}
  0x00007134e4558c3c: c5f8 77e8 

  0x00007134e4558c40: ; ImmutableOopMap {rbp=Oop [8]=Oop [16]=Oop [32]=Oop [48]=Oop [56]=Oop [64]=NarrowOop }
                      ;*ifeq {reexecute=1 rethrow=0 return_oop=0}
                      ; - (reexecute) java.lang.String::<init>@19 (line 4786)
                      ; - java.lang.String::<init>@3 (line 1507)
                      ; - java.lang.StringBuilder::toString@5 (line 475)
                      ; - java.net.URLStreamHandler::toExternalForm@152 (line 486)
                      ; - java.net.URL::toExternalForm@5 (line 1203)
                      ; - java.net.URL::toString@1 (line 1189)
                      ; - java.lang.ClassLoader::defineClassSourceLocation@22 (line 927)
                      ; - java.lang.ClassLoader::defineClass@12 (line 1026)
  0x00007134e4558c40: bc16 83ff 

  0x00007134e4558c44: ;   {other}
  0x00007134e4558c44: 0f1f 8400 | b44e 005d | be45 ffff | ff48 8b6c | 2410 4c8b | 4c24 284c | 894c 2408 | 4c8b 4c24 
  0x00007134e4558c64: 184c 894c | 2410 448b | 4c24 2044 | 894c 2418 | 8b54 2424 | 8954 241c | 4c8b 4c24 | 304c 894c 
  0x00007134e4558c84: 2420 895c | 2428 4c8b | 4c24 404c | 894c 2438 | 4489 7424 | 2c89 4c24 | 4044 8954 | 2444 4489 
  0x00007134e4558ca4: 4424 4889 | 7c24 4c44 | 895c 2450 

  0x00007134e4558cb0: ;   {runtime_call UncommonTrapBlob}
  0x00007134e4558cb0: c5f8 77e8 

  0x00007134e4558cb4: ; ImmutableOopMap {rbp=Oop [8]=Oop [16]=Oop [32]=Oop [40]=NarrowOop [56]=Oop [64]=NarrowOop [68]=NarrowOop }
                      ;*if_icmpne {reexecute=1 rethrow=0 return_oop=0}
                      ; - (reexecute) java.lang.String::getBytes@5 (line 4725)
                      ; - java.lang.AbstractStringBuilder::putStringAt@15 (line 1751)
                      ; - java.lang.AbstractStringBuilder::append@30 (line 588)
                      ; - java.lang.StringBuilder::append@2 (line 179)
                      ; - java.net.URLStreamHandler::toExternalForm@11 (line 480)
                      ; - java.net.URL::toExternalForm@5 (line 1203)
                      ; - java.net.URL::toString@1 (line 1189)
                      ; - java.lang.ClassLoader::defineClassSourceLocation@22 (line 927)
                      ; - java.lang.ClassLoader::defineClass@12 (line 1026)
  0x00007134e4558cb4: 4816 83ff 

  0x00007134e4558cb8: ;   {other}
  0x00007134e4558cb8: 0f1f 8400 | 284f 005e | be45 ffff | ff48 8944 | 2428 6690 

  0x00007134e4558ccc: ;   {runtime_call UncommonTrapBlob}
  0x00007134e4558ccc: c5f8 77e8 

  0x00007134e4558cd0: ; ImmutableOopMap {[8]=Oop [16]=Oop [40]=Oop [48]=Oop }
                      ;*ifeq {reexecute=1 rethrow=0 return_oop=0}
                      ; - (reexecute) java.lang.Class::getPackageName@13 (line 1163)
                      ; - java.lang.ClassLoader::postDefineClass@2 (line 934)
                      ; - java.lang.ClassLoader::defineClass@37 (line 1028)
  0x00007134e4558cd0: 2c16 83ff 

  0x00007134e4558cd4: ;   {other}
  0x00007134e4558cd4: 0f1f 8400 | 444f 005f | be45 ffff | ff48 8b6c | 2410 4c8b | 5424 284c | 8954 2410 | 4c8b 5424 
  0x00007134e4558cf4: 304c 8954 | 2428 4489 | 5c24 3090 

  0x00007134e4558d00: ;   {runtime_call UncommonTrapBlob}
  0x00007134e4558d00: c5f8 77e8 

  0x00007134e4558d04: ; ImmutableOopMap {rbp=Oop [8]=Oop [16]=Oop [24]=Oop [40]=Oop }
                      ;*ifne {reexecute=1 rethrow=0 return_oop=0}
                      ; - (reexecute) java.lang.ClassLoader::compareCerts@7 (line 1186)
                      ; - java.lang.ClassLoader::checkCerts@80 (line 1172)
                      ; - java.lang.ClassLoader::preDefineClass@113 (line 917)
                      ; - java.lang.ClassLoader::defineClass@4 (line 1025)
  0x00007134e4558d04: f815 83ff 

  0x00007134e4558d08: ;   {other}
  0x00007134e4558d08: 0f1f 8400 | 784f 0060 | be45 ffff | ff48 ff74 | 2410 488f | 4424 084c | 8b54 2428 | 4c89 5424 
  0x00007134e4558d28: 104c 8b54 | 2430 4c89 | 5424 2889 | 5c24 3044 | 8974 2434 | 8944 2450 | 894c 2454 | 4489 4424 
  0x00007134e4558d48: 6066 6690 

  0x00007134e4558d4c: ;   {runtime_call UncommonTrapBlob}
  0x00007134e4558d4c: c5f8 77e8 

  0x00007134e4558d50: ; ImmutableOopMap {rbp=Oop [8]=Oop [16]=Oop [24]=Oop [40]=Oop [48]=NarrowOop [64]=Oop }
                      ;*if_icmpeq {reexecute=1 rethrow=0 return_oop=0}
                      ; - (reexecute) java.lang.AbstractStringBuilder::inflateIfNeededFor@14 (line 1733)
                      ; - java.lang.AbstractStringBuilder::putStringAt@2 (line 1750)
                      ; - java.lang.AbstractStringBuilder::append@30 (line 588)
                      ; - java.lang.StringBuilder::append@2 (line 179)
                      ; - java.net.URLStreamHandler::toExternalForm@59 (line 483)
                      ; - java.net.URL::toExternalForm@5 (line 1203)
                      ; - java.net.URL::toString@1 (line 1189)
                      ; - java.lang.ClassLoader::defineClassSourceLocation@22 (line 927)
                      ; - java.lang.ClassLoader::defineClass@12 (line 1026)
  0x00007134e4558d50: ac15 83ff 

  0x00007134e4558d54: ;   {other}
  0x00007134e4558d54: 0f1f 8400 | c44f 0061 | be45 ffff | ff48 8b6c | 2410 4c8b | 5424 284c | 8954 2408 | 4c8b 5424 
  0x00007134e4558d74: 184c 8954 | 2410 448b | 5424 2044 | 8954 2418 | 448b 5c24 | 2444 895c | 241c 4c8b | 5424 304c 
  0x00007134e4558d94: 8954 2420 | 895c 2428 | 4489 6c24 | 2c89 7c24 | 4844 894c | 244c 8944 | 2458 894c | 245c 6690 
  0x00007134e4558db4: ;   {runtime_call UncommonTrapBlob}
  0x00007134e4558db4: c5f8 77e8 

  0x00007134e4558db8: ; ImmutableOopMap {rbp=Oop [8]=Oop [16]=Oop [32]=Oop [40]=NarrowOop [64]=Oop [76]=NarrowOop }
                      ;*if_icmpeq {reexecute=1 rethrow=0 return_oop=0}
                      ; - (reexecute) java.lang.AbstractStringBuilder::inflateIfNeededFor@14 (line 1733)
                      ; - java.lang.AbstractStringBuilder::putStringAt@2 (line 1750)
                      ; - java.lang.AbstractStringBuilder::append@30 (line 588)
                      ; - java.lang.StringBuilder::append@2 (line 179)
                      ; - java.net.URLStreamHandler::toExternalForm@77 (line 484)
                      ; - java.net.URL::toExternalForm@5 (line 1203)
                      ; - java.net.URL::toString@1 (line 1189)
                      ; - java.lang.ClassLoader::defineClassSourceLocation@22 (line 927)
                      ; - java.lang.ClassLoader::defineClass@12 (line 1026)
  0x00007134e4558db8: 4415 83ff 

  0x00007134e4558dbc: ;   {other}
  0x00007134e4558dbc: 0f1f 8400 | 2c50 0062 | be45 ffff | ff4c 8b54 | 2410 4c89 | 5424 084c | 8b54 2428 | 4c89 5424 
  0x00007134e4558ddc: 104c 8b54 | 2430 4c89 | 5424 2889 | 5c24 3090 

  0x00007134e4558dec: ;   {runtime_call UncommonTrapBlob}
  0x00007134e4558dec: c5f8 77e8 

  0x00007134e4558df0: ; ImmutableOopMap {rbp=NarrowOop [8]=Oop [16]=Oop [24]=Oop [40]=Oop [48]=NarrowOop [64]=Oop }
                      ;*ifnull {reexecute=1 rethrow=0 return_oop=0}
                      ; - (reexecute) java.net.URLStreamHandler::toExternalForm@86 (line 485)
                      ; - java.net.URL::toExternalForm@5 (line 1203)
                      ; - java.net.URL::toString@1 (line 1189)
                      ; - java.lang.ClassLoader::defineClassSourceLocation@22 (line 927)
                      ; - java.lang.ClassLoader::defineClass@12 (line 1026)
  0x00007134e4558df0: 0c15 83ff 

  0x00007134e4558df4: ;   {other}
  0x00007134e4558df4: 0f1f 8400 | 6450 0063 | be45 ffff | ff48 8b6c | 2410 4c8b | 4424 284c | 8944 2408 | 4c8b 4424 
  0x00007134e4558e14: 184c 8944 | 2410 448b | 4424 2044 | 8944 2418 | 448b 4c24 | 2444 894c | 241c 4c8b | 4424 304c 
  0x00007134e4558e34: 8944 2420 | 895c 2428 | 4489 5424 | 2c44 895c | 2450 6690 

  0x00007134e4558e48: ;   {runtime_call UncommonTrapBlob}
  0x00007134e4558e48: c5f8 77e8 

  0x00007134e4558e4c: ; ImmutableOopMap {rbp=Oop [8]=Oop [16]=Oop [32]=Oop [40]=NarrowOop [64]=Oop }
                      ;*if_icmpeq {reexecute=1 rethrow=0 return_oop=0}
                      ; - (reexecute) java.lang.AbstractStringBuilder::inflateIfNeededFor@14 (line 1733)
                      ; - java.lang.AbstractStringBuilder::putStringAt@2 (line 1750)
                      ; - java.lang.AbstractStringBuilder::append@30 (line 588)
                      ; - java.lang.StringBuilder::append@2 (line 179)
                      ; - java.net.URLStreamHandler::toExternalForm@113 (line 485)
                      ; - java.net.URL::toExternalForm@5 (line 1203)
                      ; - java.net.URL::toString@1 (line 1189)
                      ; - java.lang.ClassLoader::defineClassSourceLocation@22 (line 927)
                      ; - java.lang.ClassLoader::defineClass@12 (line 1026)
  0x00007134e4558e4c: b014 83ff 

  0x00007134e4558e50: ;   {other}
  0x00007134e4558e50: 0f1f 8400 | c050 0064 | be45 ffff | ff4c 8b54 | 2410 4c89 | 5424 084c | 8b54 2428 | 4c89 5424 
  0x00007134e4558e70: 104c 8b54 | 2430 4c89 | 5424 2890 

  0x00007134e4558e7c: ;   {runtime_call UncommonTrapBlob}
  0x00007134e4558e7c: c5f8 77e8 

  0x00007134e4558e80: ; ImmutableOopMap {rbp=NarrowOop [8]=Oop [16]=Oop [24]=Oop [40]=Oop [64]=Oop }
                      ;*ifnull {reexecute=1 rethrow=0 return_oop=0}
                      ; - (reexecute) java.net.URLStreamHandler::toExternalForm@122 (line 486)
                      ; - java.net.URL::toExternalForm@5 (line 1203)
                      ; - java.net.URL::toString@1 (line 1189)
                      ; - java.lang.ClassLoader::defineClassSourceLocation@22 (line 927)
                      ; - java.lang.ClassLoader::defineClass@12 (line 1026)
  0x00007134e4558e80: 7c14 83ff 

  0x00007134e4558e84: ;   {other}
  0x00007134e4558e84: 0f1f 8400 | f450 0065 | be45 ffff | ff4c 8b54 | 2410 4c89 | 5424 084c | 8b54 2428 | 4c89 5424 
  0x00007134e4558ea4: 104c 8b54 | 2430 4c89 | 5424 2844 | 894c 2448 

  0x00007134e4558eb4: ;   {runtime_call UncommonTrapBlob}
  0x00007134e4558eb4: c5f8 77e8 

  0x00007134e4558eb8: ; ImmutableOopMap {[8]=Oop [16]=Oop [24]=Oop [40]=Oop [64]=Oop }
                      ;*if_icmpeq {reexecute=1 rethrow=0 return_oop=0}
                      ; - (reexecute) java.lang.AbstractStringBuilder::inflateIfNeededFor@14 (line 1733)
                      ; - java.lang.AbstractStringBuilder::putStringAt@2 (line 1750)
                      ; - java.lang.AbstractStringBuilder::append@30 (line 588)
                      ; - java.lang.StringBuilder::append@2 (line 179)
                      ; - java.net.URLStreamHandler::toExternalForm@149 (line 486)
                      ; - java.net.URL::toExternalForm@5 (line 1203)
                      ; - java.net.URL::toString@1 (line 1189)
                      ; - java.lang.ClassLoader::defineClassSourceLocation@22 (line 927)
                      ; - java.lang.ClassLoader::defineClass@12 (line 1026)
  0x00007134e4558eb8: 4414 83ff 

  0x00007134e4558ebc: ;   {other}
  0x00007134e4558ebc: 0f1f 8400 | 2c51 0066 | be45 ffff | ff48 8b6c | 2410 4c8b | 5424 284c | 8954 2408 | 4c8b 5424 
  0x00007134e4558edc: 184c 8954 | 2410 448b | 5424 2044 | 8954 2418 | 448b 5424 | 2444 8954 | 241c 4c8b | 5424 304c 
  0x00007134e4558efc: 8954 2420 | 895c 2428 | 4489 7424 | 2c44 8944 | 2448 894c | 244c 4489 | 5c24 5889 | 7c24 5c90 
  0x00007134e4558f1c: ;   {runtime_call UncommonTrapBlob}
  0x00007134e4558f1c: c5f8 77e8 

  0x00007134e4558f20: ; ImmutableOopMap {rbp=Oop [8]=Oop [16]=Oop [32]=Oop [40]=NarrowOop [64]=Oop [76]=NarrowOop }
                      ;*if_icmpeq {reexecute=1 rethrow=0 return_oop=0}
                      ; - (reexecute) java.lang.AbstractStringBuilder::inflateIfNeededFor@14 (line 1733)
                      ; - java.lang.AbstractStringBuilder::putStringAt@2 (line 1750)
                      ; - java.lang.AbstractStringBuilder::append@30 (line 588)
                      ; - java.lang.StringBuilder::append@2 (line 179)
                      ; - java.net.URLStreamHandler::toExternalForm@11 (line 480)
                      ; - java.net.URL::toExternalForm@5 (line 1203)
                      ; - java.net.URL::toString@1 (line 1189)
                      ; - java.lang.ClassLoader::defineClassSourceLocation@22 (line 927)
                      ; - java.lang.ClassLoader::defineClass@12 (line 1026)
  0x00007134e4558f20: dc13 83ff 

  0x00007134e4558f24: ;   {other}
  0x00007134e4558f24: 0f1f 8400 | 9451 0067 | be45 ffff | ff48 8b6c | 2410 4c8b | 5424 284c | 8954 2408 | 4c8b 5424 
  0x00007134e4558f44: 184c 8954 | 2410 448b | 4424 2044 | 8944 2418 | 448b 5424 | 2444 8954 | 241c 4c8b | 5424 304c 
  0x00007134e4558f64: 8954 2420 | 4889 5c24 | 3044 894c | 2438 4489 | 5c24 4044 | 895c 2444 

  0x00007134e4558f7c: ;   {runtime_call UncommonTrapBlob}
  0x00007134e4558f7c: c5f8 77e8 

  0x00007134e4558f80: ; ImmutableOopMap {rbp=Oop [8]=Oop [16]=Oop [32]=Oop [48]=Oop [56]=NarrowOop }
                      ;*if_icmpge {reexecute=1 rethrow=0 return_oop=0}
                      ; - (reexecute) java.util.Arrays::checkLength@2 (line 3820)
                      ; - java.util.Arrays::copyOfRangeByte@2 (line 3861)
                      ; - java.util.Arrays::copyOfRange@13 (line 3854)
                      ; - java.lang.String::<init>@32 (line 4788)
                      ; - java.lang.String::<init>@3 (line 1507)
                      ; - java.lang.StringBuilder::toString@5 (line 475)
                      ; - java.net.URLStreamHandler::toExternalForm@152 (line 486)
                      ; - java.net.URL::toExternalForm@5 (line 1203)
                      ; - java.net.URL::toString@1 (line 1189)
                      ; - java.lang.ClassLoader::defineClassSourceLocation@22 (line 927)
                      ; - java.lang.ClassLoader::defineClass@12 (line 1026)
  0x00007134e4558f80: 7c13 83ff 

  0x00007134e4558f84: ;   {other}
  0x00007134e4558f84: 0f1f 8400 | f451 0068 | 4c63 d9e9 | 9dc9 ffff | 4983 c3fe | 498b cb49 | 8bf8 4833 | c048 83f9 
  0x00007134e4558fa4: 087f 1048 | ffc9 784f | 4889 04cf | 48ff c97d | f7eb 44c5 | fdef c0e9 | 0d00 0000 | c5fe 7f07 
  0x00007134e4558fc4: c5fe 7f47 | 2048 83c7 | 4048 83e9 | 087d ed48 | 83c1 047c | 0cc5 fe7f | 0748 83c7 | 2048 83e9 
  0x00007134e4558fe4: 0448 83c1 | 047e 1048 | ffc9 c5f9 | d607 4883 | c708 48ff | c97d f3e9 | f8c9 ffff | becc ffff 
  0x00007134e4559004: ff4c 8b54 | 2430 4c89 | 5424 2048 | 895c 2438 | 4489 4c24 | 4089 4c24 | 4866 6690 

  0x00007134e4559020: ;   {runtime_call UncommonTrapBlob}
  0x00007134e4559020: c5f8 77e8 

  0x00007134e4559024: ; ImmutableOopMap {[8]=Oop [16]=Oop [32]=Oop [56]=Oop [64]=NarrowOop }
                      ;*newarray {reexecute=1 rethrow=0 return_oop=0}
                      ; - (reexecute) java.util.Arrays::copyOfRangeByte@10 (line 3863)
                      ; - java.util.Arrays::copyOfRange@13 (line 3854)
                      ; - java.lang.StringLatin1::newString@16 (line 752)
                      ; - java.lang.String::substring@41 (line 2839)
                      ; - java.lang.Class::getPackageName@62 (line 1169)
                      ; - java.lang.ClassLoader::postDefineClass@2 (line 934)
                      ; - java.lang.ClassLoader::defineClass@37 (line 1028)
  0x00007134e4559024: d812 83ff 

  0x00007134e4559028: ;   {other}
  0x00007134e4559028: 0f1f 8400 | 9852 0069 | bef6 ffff | ff66 6690 

  0x00007134e4559038: ;   {runtime_call UncommonTrapBlob}
  0x00007134e4559038: c5f8 77e8 

  0x00007134e455903c: ; ImmutableOopMap {}
                      ;*invokevirtual isNamed {reexecute=0 rethrow=0 return_oop=0}
                      ; - java.lang.NamedPackage::<init>@12 (line 48)
                      ; - java.lang.ClassLoader::getNamedPackage@22 (line 343)
                      ; - java.lang.ClassLoader::postDefineClass@9 (line 934)
                      ; - java.lang.ClassLoader::defineClass@37 (line 1028)
  0x00007134e455903c: c012 83ff 

  0x00007134e4559040: ;   {other}
  0x00007134e4559040: 0f1f 8400 | b052 006a | 4c89 4c24 | 504c 8944 

  0x00007134e4559050: ;   {metadata({type array byte})}
  0x00007134e4559050: 2448 48be | 1823 008e | 3471 0000 | 418b d390 

  0x00007134e4559060: ;   {runtime_call _new_array_nozero_Java}
  0x00007134e4559060: c5f8 77e8 

  0x00007134e4559064: ; ImmutableOopMap {[8]=NarrowOop [12]=NarrowOop [16]=Oop [24]=Oop [40]=Oop [48]=Oop [56]=Oop [64]=Oop [120]=Oop [72]=Derived_oop_[120] }
                      ;*invokevirtual clone {reexecute=1 rethrow=0 return_oop=1}
                      ; - (reexecute) java.util.Arrays::copyOf@7 (line 3539)
                      ; - java.lang.AbstractStringBuilder::ensureCapacityInternal@32 (line 242)
                      ; - java.lang.AbstractStringBuilder::append@7 (line 806)
                      ; - java.lang.StringBuilder::append@2 (line 246)
                      ; - java.net.URLStreamHandler::toExternalForm@16 (line 480)
                      ; - java.net.URL::toExternalForm@5 (line 1203)
                      ; - java.net.URL::toString@1 (line 1189)
                      ; - java.lang.ClassLoader::defineClassSourceLocation@22 (line 927)
                      ; - java.lang.ClassLoader::defineClass@12 (line 1026)
  0x00007134e4559064: 181a 8eff 

  0x00007134e4559068: ;   {other}
  0x00007134e4559068: 0f1f 8400 | d852 006b | 4c8b 4424 | 484c 8b4c | 2450 488b | d8e9 7ad9 | ffff 4c89 | 4c24 6048 
  0x00007134e4559088: 897c 2458 | 488b 6c24 

  0x00007134e4559090: ;   {metadata({type array byte})}
  0x00007134e4559090: 4048 be18 | 2300 8e34 | 7100 0041 | 8bd3 6690 

  0x00007134e45590a0: ;   {runtime_call _new_array_nozero_Java}
  0x00007134e45590a0: c5f8 77e8 

  0x00007134e45590a4: ; ImmutableOopMap {rbp=Oop [8]=NarrowOop [12]=NarrowOop [16]=Oop [24]=Oop [40]=Oop [48]=Oop [56]=Oop [64]=Oop [72]=Oop [136]=Oop [88]=Derived_oop_[136] }
                      ;*invokevirtual clone {reexecute=1 rethrow=0 return_oop=1}
                      ; - (reexecute) java.util.Arrays::copyOf@7 (line 3539)
                      ; - java.lang.AbstractStringBuilder::ensureCapacityInternal@32 (line 242)
                      ; - java.lang.AbstractStringBuilder::append@21 (line 587)
                      ; - java.lang.StringBuilder::append@2 (line 179)
                      ; - java.net.URLStreamHandler::toExternalForm@59 (line 483)
                      ; - java.net.URL::toExternalForm@5 (line 1203)
                      ; - java.net.URL::toString@1 (line 1189)
                      ; - java.lang.ClassLoader::defineClassSourceLocation@22 (line 927)
                      ; - java.lang.ClassLoader::defineClass@12 (line 1026)
  0x00007134e45590a4: d819 8eff 

  0x00007134e45590a8: ;   {other}
  0x00007134e45590a8: 0f1f 8400 | 1853 006c | 4c8b c0e9 | f4d9 ffff | 4c89 4424 | 6848 897c | 2460 488b 

  0x00007134e45590c4: ;   {metadata({type array byte})}
  0x00007134e45590c4: 6c24 4048 | be18 2300 | 8e34 7100 | 0041 8bd3 

  0x00007134e45590d4: ;   {runtime_call _new_array_nozero_Java}
  0x00007134e45590d4: c5f8 77e8 

  0x00007134e45590d8: ; ImmutableOopMap {rbp=Oop [8]=NarrowOop [12]=NarrowOop [16]=Oop [24]=Oop [40]=Oop [48]=Oop [56]=Oop [64]=Oop [72]=NarrowOop [88]=Oop [144]=Oop [96]=Derived_oop_[144] }
                      ;*invokevirtual clone {reexecute=1 rethrow=0 return_oop=1}
                      ; - (reexecute) java.util.Arrays::copyOf@7 (line 3539)
                      ; - java.lang.AbstractStringBuilder::ensureCapacityInternal@32 (line 242)
                      ; - java.lang.AbstractStringBuilder::append@21 (line 587)
                      ; - java.lang.StringBuilder::append@2 (line 179)
                      ; - java.net.URLStreamHandler::toExternalForm@77 (line 484)
                      ; - java.net.URL::toExternalForm@5 (line 1203)
                      ; - java.net.URL::toString@1 (line 1189)
                      ; - java.lang.ClassLoader::defineClassSourceLocation@22 (line 927)
                      ; - java.lang.ClassLoader::defineClass@12 (line 1026)
  0x00007134e45590d8: a419 8eff 

  0x00007134e45590dc: ;   {other}
  0x00007134e45590dc: 0f1f 8400 | 4c53 006d | 4c8b d0e9 | 7fda ffff | 4889 4c24 | 504c 8944 

  0x00007134e45590f4: ;   {metadata({type array byte})}
  0x00007134e45590f4: 2448 48be | 1823 008e | 3471 0000 | 418b d190 

  0x00007134e4559104: ;   {runtime_call _new_array_nozero_Java}
  0x00007134e4559104: c5f8 77e8 

  0x00007134e4559108: ; ImmutableOopMap {[8]=NarrowOop [12]=NarrowOop [16]=Oop [24]=Oop [40]=Oop [48]=Oop [56]=Oop [64]=Oop [120]=Oop [72]=Derived_oop_[120] }
                      ;*invokevirtual clone {reexecute=1 rethrow=0 return_oop=1}
                      ; - (reexecute) java.util.Arrays::copyOf@7 (line 3539)
                      ; - java.lang.AbstractStringBuilder::ensureCapacityInternal@32 (line 242)
                      ; - java.lang.AbstractStringBuilder::append@21 (line 587)
                      ; - java.lang.StringBuilder::append@2 (line 179)
                      ; - java.net.URLStreamHandler::toExternalForm@113 (line 485)
                      ; - java.net.URL::toExternalForm@5 (line 1203)
                      ; - java.net.URL::toString@1 (line 1189)
                      ; - java.lang.ClassLoader::defineClassSourceLocation@22 (line 927)
                      ; - java.lang.ClassLoader::defineClass@12 (line 1026)
  0x00007134e4559108: 7419 8eff 

  0x00007134e455910c: ;   {other}
  0x00007134e455910c: 0f1f 8400 | 7c53 006e | 4c8b 4424 | 4848 8b4c | 2450 488b | d8e9 f4da | ffff 4889 | 5424 484c 
  0x00007134e455912c: 8944 2438 

  0x00007134e4559130: ;   {metadata({type array byte})}
  0x00007134e4559130: 48be 1823 | 008e 3471 | 0000 418b | d366 6690 

  0x00007134e4559140: ;   {runtime_call _new_array_nozero_Java}
  0x00007134e4559140: c5f8 77e8 

  0x00007134e4559144: ; ImmutableOopMap {[8]=NarrowOop [16]=Oop [24]=Oop [40]=Oop [48]=Oop [64]=Oop [104]=Oop [56]=Derived_oop_[104] }
                      ;*invokevirtual clone {reexecute=1 rethrow=0 return_oop=1}
                      ; - (reexecute) java.util.Arrays::copyOf@7 (line 3539)
                      ; - java.lang.AbstractStringBuilder::ensureCapacityInternal@32 (line 242)
                      ; - java.lang.AbstractStringBuilder::append@21 (line 587)
                      ; - java.lang.StringBuilder::append@2 (line 179)
                      ; - java.net.URLStreamHandler::toExternalForm@149 (line 486)
                      ; - java.net.URL::toExternalForm@5 (line 1203)
                      ; - java.net.URL::toString@1 (line 1189)
                      ; - java.lang.ClassLoader::defineClassSourceLocation@22 (line 927)
                      ; - java.lang.ClassLoader::defineClass@12 (line 1026)
  0x00007134e4559144: 3819 8eff 

  0x00007134e4559148: ;   {other}
  0x00007134e4559148: 0f1f 8400 | b853 006f | 4c8b 4424 | 3848 8b54 | 2448 488b | d8e9 5cdb | ffff 4c89 

  0x00007134e4559164: ;   {metadata({type array byte})}
  0x00007134e4559164: 4424 5848 | be18 2300 | 8e34 7100 | 00ba 1000 | 0000 6690 

  0x00007134e4559178: ;   {runtime_call _new_array_nozero_Java}
  0x00007134e4559178: c5f8 77e8 

  0x00007134e455917c: ; ImmutableOopMap {rbp=Oop [8]=NarrowOop [12]=NarrowOop [16]=Oop [24]=Oop [40]=Oop [48]=Oop [56]=Oop [64]=Oop [72]=Oop [88]=Derived_oop_[72] }
                      ;*invokevirtual clone {reexecute=1 rethrow=0 return_oop=1}
                      ; - (reexecute) java.util.Arrays::copyOf@7 (line 3539)
                      ; - java.lang.AbstractStringBuilder::ensureCapacityInternal@32 (line 242)
                      ; - java.lang.AbstractStringBuilder::append@21 (line 587)
                      ; - java.lang.StringBuilder::append@2 (line 179)
                      ; - java.net.URLStreamHandler::toExternalForm@11 (line 480)
                      ; - java.net.URL::toExternalForm@5 (line 1203)
                      ; - java.net.URL::toString@1 (line 1189)
                      ; - java.lang.ClassLoader::defineClassSourceLocation@22 (line 927)
                      ; - java.lang.ClassLoader::defineClass@12 (line 1026)
  0x00007134e455917c: 0019 8eff 

  0x00007134e4559180: ;   {other}
  0x00007134e4559180: 0f1f 8400 | f053 0070 | 4c8b 4424 | 5848 8bd8 | e9af dbff | ffbe f6ff | ffff 6690 

  0x00007134e455919c: ;   {runtime_call UncommonTrapBlob}
  0x00007134e455919c: c5f8 77e8 

  0x00007134e45591a0: ; ImmutableOopMap {[32]=NarrowOop }
                      ;*invokevirtual append {reexecute=0 rethrow=0 return_oop=0}
                      ; - java.lang.NamedPackage::<init>@35 (line 49)
                      ; - java.lang.ClassLoader::getNamedPackage@22 (line 343)
                      ; - java.lang.ClassLoader::postDefineClass@9 (line 934)
                      ; - java.lang.ClassLoader::defineClass@37 (line 1028)
  0x00007134e45591a0: 5c11 83ff 

  0x00007134e45591a4: ;   {other}
  0x00007134e45591a4: 0f1f 8400 | 1454 0071 | bef6 ffff | ff66 6690 

  0x00007134e45591b4: ;   {runtime_call UncommonTrapBlob}
  0x00007134e45591b4: c5f8 77e8 

  0x00007134e45591b8: ; ImmutableOopMap {}
                      ;*invokevirtual toString {reexecute=0 rethrow=0 return_oop=0}
                      ; - java.lang.NamedPackage::<init>@38 (line 49)
                      ; - java.lang.ClassLoader::getNamedPackage@22 (line 343)
                      ; - java.lang.ClassLoader::postDefineClass@9 (line 934)
                      ; - java.lang.ClassLoader::defineClass@37 (line 1028)
  0x00007134e45591b8: 4411 83ff 

  0x00007134e45591bc: ;   {other}
  0x00007134e45591bc: 0f1f 8400 | 2c54 0072 | 85ff 448b | 4424 7041 | 0f94 c0be | 45ff ffff | 488b 6c24 | 084c 8b5c 
  0x00007134e45591dc: 2430 4c89 | 5c24 2048 | 895c 2438 | 4489 5424 | 4044 8944 | 2444 6690 

  0x00007134e45591f4: ;   {runtime_call UncommonTrapBlob}
  0x00007134e45591f4: c5f8 77e8 

  0x00007134e45591f8: ; ImmutableOopMap {rbp=Oop [16]=Oop [32]=Oop [56]=Oop }
                      ;*ifeq {reexecute=1 rethrow=0 return_oop=0}
                      ; - (reexecute) java.lang.String::lastIndexOf@4 (line 2573)
                      ; - java.lang.String::lastIndexOf@8 (line 2535)
                      ; - java.lang.Class::getPackageName@47 (line 1168)
                      ; - java.lang.ClassLoader::postDefineClass@2 (line 934)
                      ; - java.lang.ClassLoader::defineClass@37 (line 1028)
  0x00007134e45591f8: 0411 83ff 

  0x00007134e45591fc: ;   {other}
  0x00007134e45591fc: 0f1f 8400 | 6c54 0073 | be45 ffff | ff48 8b6c | 2408 4c8b | 5424 304c | 8954 2420 | 4889 5c24 
  0x00007134e455921c: 3089 4c24 | 4044 895c | 2444 894c | 2448 6690 

  0x00007134e455922c: ;   {runtime_call UncommonTrapBlob}
  0x00007134e455922c: c5f8 77e8 

  0x00007134e4559230: ; ImmutableOopMap {rbp=Oop [16]=Oop [32]=Oop [48]=Oop }
                      ;*if_icmpgt {reexecute=1 rethrow=0 return_oop=0}
                      ; - (reexecute) jdk.internal.util.Preconditions::checkFromToIndex@6 (line 348)
                      ; - java.lang.String::checkBoundsBeginEnd@6 (line 4865)
                      ; - java.lang.String::substring@8 (line 2834)
                      ; - java.lang.Class::getPackageName@62 (line 1169)
                      ; - java.lang.ClassLoader::postDefineClass@2 (line 934)
                      ; - java.lang.ClassLoader::defineClass@37 (line 1028)
  0x00007134e4559230: cc10 83ff 

  0x00007134e4559234: ;   {other}
  0x00007134e4559234: 0f1f 8400 | a454 0074 | 4d63 cbe9 | 1abb ffff | 4983 c1fe | 498b c948 | 8bfe 4833 | c048 83f9 
  0x00007134e4559254: 087f 1048 | ffc9 784f | 4889 04cf | 48ff c97d | f7eb 44c5 | fdef c0e9 | 0d00 0000 | c5fe 7f07 
  0x00007134e4559274: c5fe 7f47 | 2048 83c7 | 4048 83e9 | 087d ed48 | 83c1 047c | 0cc5 fe7f | 0748 83c7 | 2048 83e9 
  0x00007134e4559294: 0448 83c1 | 047e 1048 | ffc9 c5f9 | d607 4883 | c708 48ff | c97d f3e9 | 79bb ffff | 4d63 d0e9 
  0x00007134e45592b4: 9dbc ffff | 4983 c2fe | 498b ca48 | 8bfe 4833 | c048 83f9 | 087f 1048 | ffc9 784f | 4889 04cf 
  0x00007134e45592d4: 48ff c97d | f7eb 44c5 | fdef c0e9 | 0d00 0000 | c5fe 7f07 | c5fe 7f47 | 2048 83c7 | 4048 83e9 
  0x00007134e45592f4: 087d ed48 | 83c1 047c | 0cc5 fe7f | 0748 83c7 | 2048 83e9 | 0448 83c1 | 047e 1048 | ffc9 c5f9 
  0x00007134e4559314: d607 4883 | c708 48ff | c97d f3e9 | f9bc ffff | 4d63 dae9 | 62be ffff | 4983 c3fe 

  0x00007134e4559330: ;   {no_reloc}
  0x00007134e4559330: 498b cb48 | 8bfe 4833 | c048 83f9 | 087f 1048 | ffc9 784f | 4889 04cf | 48ff c97d | f7eb 44c5 
  0x00007134e4559350: fdef c0e9 | 0d00 0000 | c5fe 7f07 | c5fe 7f47 | 2048 83c7 | 4048 83e9 | 087d ed48 | 83c1 047c 
  0x00007134e4559370: 0cc5 fe7f | 0748 83c7 | 2048 83e9 | 0448 83c1 | 047e 1048 | ffc9 c5f9 | d607 4883 | c708 48ff 
  0x00007134e4559390: c97d f3e9 | bbbe ffff | 4d63 cbe9 | fbbf ffff | 4983 c1fe | 498b c948 | 8bfe 4833 | c048 83f9 
  0x00007134e45593b0: 087f 1048 | ffc9 784f | 4889 04cf | 48ff c97d | f7eb 44c5 | fdef c0e9 | 0d00 0000 | c5fe 7f07 
  0x00007134e45593d0: c5fe 7f47 | 2048 83c7 | 4048 83e9 | 087d ed48 | 83c1 047c | 0cc5 fe7f | 0748 83c7 | 2048 83e9 
  0x00007134e45593f0: 0448 83c1 | 047e 1048 | ffc9 c5f9 | d607 4883 | c708 48ff | c97d f3e9 | 57c0 ffff | 4d63 cae9 
  0x00007134e4559410: 36c1 ffff | 4983 c1fe | 498b c948 | 8bfe 4833 | c048 83f9 | 087f 1048 | ffc9 784f | 4889 04cf 
  0x00007134e4559430: ;   {no_reloc}
  0x00007134e4559430: 48ff c97d | f7eb 44c5 | fdef c0e9 | 0d00 0000 | c5fe 7f07 | c5fe 7f47 | 2048 83c7 | 4048 83e9 
  0x00007134e4559450: 087d ed48 | 83c1 047c | 0cc5 fe7f | 0748 83c7 | 2048 83e9 | 0448 83c1 | 047e 1048 | ffc9 c5f9 
  0x00007134e4559470: d607 4883 | c708 48ff | c97d f3e9 | 95c1 ffff | becc ffff | ff48 8b6c | 2410 4c8b | 5424 284c 
  0x00007134e4559490: 8954 2410 | 4c8b 5424 | 304c 8954 | 2428 4489 | 5c24 5890 

  0x00007134e45594a4: ;   {runtime_call UncommonTrapBlob}
  0x00007134e45594a4: c5f8 77e8 

  0x00007134e45594a8: ; ImmutableOopMap {rbp=Oop [8]=NarrowOop [12]=NarrowOop [16]=Oop [24]=Oop [40]=Oop [64]=Oop [72]=Oop }
                      ;*newarray {reexecute=1 rethrow=0 return_oop=0}
                      ; - (reexecute) java.util.Arrays::copyOf@15 (line 3541)
                      ; - java.lang.AbstractStringBuilder::ensureCapacityInternal@32 (line 242)
                      ; - java.lang.AbstractStringBuilder::append@21 (line 587)
                      ; - java.lang.StringBuilder::append@2 (line 179)
                      ; - java.net.URLStreamHandler::toExternalForm@11 (line 480)
                      ; - java.net.URL::toExternalForm@5 (line 1203)
                      ; - java.net.URL::toString@1 (line 1189)
                      ; - java.lang.ClassLoader::defineClassSourceLocation@22 (line 927)
                      ; - java.lang.ClassLoader::defineClass@12 (line 1026)
  0x00007134e45594a8: 540e 83ff 

  0x00007134e45594ac: ;   {other}
  0x00007134e45594ac: 0f1f 8400 | 1c57 0075 | 4d63 cbe9 | 86b6 ffff | 4983 c1fe | 498b c948 | 8bfe 4833 | c048 83f9 
  0x00007134e45594cc: 087f 1048 | ffc9 784f | 4889 04cf | 48ff c97d | f7eb 44c5 | fdef c0e9 | 0d00 0000 | c5fe 7f07 
  0x00007134e45594ec: c5fe 7f47 | 2048 83c7 | 4048 83e9 | 087d ed48 | 83c1 047c | 0cc5 fe7f | 0748 83c7 | 2048 83e9 
  0x00007134e455950c: 0448 83c1 | 047e 1048 | ffc9 c5f9 | d607 4883 | c708 48ff | c97d f3e9 | e6b6 ffff | becc ffff 
  0x00007134e455952c: ff48 8b6c | 2410 4c8b | 5424 284c | 8954 2410 | 448b 5424 | 2044 8954 | 240c 448b | 4424 2444 
  0x00007134e455954c: 8944 2420 | 4c8b 5424 | 304c 8954 | 2428 894c | 2424 4489 | 5c24 4c90 

  0x00007134e4559564: ;   {runtime_call UncommonTrapBlob}
  0x00007134e4559564: c5f8 77e8 

  0x00007134e4559568: ; ImmutableOopMap {rbp=Oop [8]=NarrowOop [16]=Oop [24]=Oop [36]=NarrowOop [40]=Oop [64]=Oop }
                      ;*newarray {reexecute=1 rethrow=0 return_oop=0}
                      ; - (reexecute) java.util.Arrays::copyOf@15 (line 3541)
                      ; - java.lang.AbstractStringBuilder::ensureCapacityInternal@32 (line 242)
                      ; - java.lang.AbstractStringBuilder::append@7 (line 806)
                      ; - java.lang.StringBuilder::append@2 (line 246)
                      ; - java.net.URLStreamHandler::toExternalForm@16 (line 480)
                      ; - java.net.URL::toExternalForm@5 (line 1203)
                      ; - java.net.URL::toString@1 (line 1189)
                      ; - java.lang.ClassLoader::defineClassSourceLocation@22 (line 927)
                      ; - java.lang.ClassLoader::defineClass@12 (line 1026)
  0x00007134e4559568: 940d 83ff 

  0x00007134e455956c: ;   {other}
  0x00007134e455956c: 0f1f 8400 | dc57 0076 | becc ffff | ff48 8b6c | 2410 4c8b | 5424 284c | 8954 2410 | 448b 5424 
  0x00007134e455958c: 2044 8954 | 240c 448b | 5c24 2444 | 895c 2420 | 4c8b 5424 | 304c 8954 | 2428 448b | 5424 5444 
  0x00007134e45595ac: 8954 2424 | 894c 2450 | 4489 4424 | 5866 6690 

  0x00007134e45595bc: ;   {runtime_call UncommonTrapBlob}
  0x00007134e45595bc: c5f8 77e8 

  0x00007134e45595c0: ; ImmutableOopMap {rbp=Oop [8]=NarrowOop [16]=Oop [24]=Oop [40]=Oop [64]=Oop [72]=Oop [80]=NarrowOop }
                      ;*newarray {reexecute=1 rethrow=0 return_oop=0}
                      ; - (reexecute) java.util.Arrays::copyOf@15 (line 3541)
                      ; - java.lang.AbstractStringBuilder::ensureCapacityInternal@32 (line 242)
                      ; - java.lang.AbstractStringBuilder::append@21 (line 587)
                      ; - java.lang.StringBuilder::append@2 (line 179)
                      ; - java.net.URLStreamHandler::toExternalForm@59 (line 483)
                      ; - java.net.URL::toExternalForm@5 (line 1203)
                      ; - java.net.URL::toString@1 (line 1189)
                      ; - java.lang.ClassLoader::defineClassSourceLocation@22 (line 927)
                      ; - java.lang.ClassLoader::defineClass@12 (line 1026)
  0x00007134e45595c0: 3c0d 83ff 

  0x00007134e45595c4: ;   {other}
  0x00007134e45595c4: 0f1f 8400 | 3458 0077 | becc ffff | ff48 8b6c | 2410 4c8b | 5c24 284c | 895c 2410 | 4c8b 5c24 
  0x00007134e45595e4: 304c 895c | 2428 448b | 4424 5044 | 8944 2448 | 4489 4c24 | 4c44 8954 | 2454 6690 

  0x00007134e4559600: ;   {runtime_call UncommonTrapBlob}
  0x00007134e4559600: c5f8 77e8 

  0x00007134e4559604: ; ImmutableOopMap {rbp=Oop [8]=NarrowOop [12]=NarrowOop [16]=Oop [24]=Oop [40]=Oop [64]=Oop [76]=NarrowOop }
                      ;*newarray {reexecute=1 rethrow=0 return_oop=0}
                      ; - (reexecute) java.util.Arrays::copyOf@15 (line 3541)
                      ; - java.lang.AbstractStringBuilder::ensureCapacityInternal@32 (line 242)
                      ; - java.lang.AbstractStringBuilder::append@21 (line 587)
                      ; - java.lang.StringBuilder::append@2 (line 179)
                      ; - java.net.URLStreamHandler::toExternalForm@77 (line 484)
                      ; - java.net.URL::toExternalForm@5 (line 1203)
                      ; - java.net.URL::toString@1 (line 1189)
                      ; - java.lang.ClassLoader::defineClassSourceLocation@22 (line 927)
                      ; - java.lang.ClassLoader::defineClass@12 (line 1026)
  0x00007134e4559604: f80c 83ff 

  0x00007134e4559608: ;   {other}
  0x00007134e4559608: 0f1f 8400 | 7858 0078 | becc ffff | ff48 8b6c | 2410 4c8b | 4424 284c | 8944 2410 | 448b 4424 
  0x00007134e4559628: 2044 8944 | 240c 448b | 4c24 2444 | 894c 2420 | 4c8b 4424 | 304c 8944 | 2428 4489 | 5424 2444 
  0x00007134e4559648: 895c 244c 

  0x00007134e455964c: ;   {runtime_call UncommonTrapBlob}
  0x00007134e455964c: c5f8 77e8 

  0x00007134e4559650: ; ImmutableOopMap {rbp=Oop [8]=NarrowOop [16]=Oop [24]=Oop [36]=NarrowOop [40]=Oop [64]=Oop }
                      ;*newarray {reexecute=1 rethrow=0 return_oop=0}
                      ; - (reexecute) java.util.Arrays::copyOf@15 (line 3541)
                      ; - java.lang.AbstractStringBuilder::ensureCapacityInternal@32 (line 242)
                      ; - java.lang.AbstractStringBuilder::append@21 (line 587)
                      ; - java.lang.StringBuilder::append@2 (line 179)
                      ; - java.net.URLStreamHandler::toExternalForm@113 (line 485)
                      ; - java.net.URL::toExternalForm@5 (line 1203)
                      ; - java.net.URL::toString@1 (line 1189)
                      ; - java.lang.ClassLoader::defineClassSourceLocation@22 (line 927)
                      ; - java.lang.ClassLoader::defineClass@12 (line 1026)
  0x00007134e4559650: ac0c 83ff 

  0x00007134e4559654: ;   {other}
  0x00007134e4559654: 0f1f 8400 | c458 0079 | becc ffff | ff48 8b6c | 2410 4c8b | 5c24 284c | 895c 2408 | 4c8b 5c24 
  0x00007134e4559674: 184c 895c | 2410 448b | 4424 2044 | 8944 2418 | 448b 5c24 | 2444 895c | 241c 4c8b | 5c24 304c 
  0x00007134e4559694: 895c 2420 | 4c8b 5c24 | 404c 895c | 2430 4c89 | 5c24 3889 | 4c24 4044 | 8954 2448 

  0x00007134e45596b0: ;   {runtime_call UncommonTrapBlob}
  0x00007134e45596b0: c5f8 77e8 

  0x00007134e45596b4: ; ImmutableOopMap {rbp=Oop [8]=Oop [16]=Oop [32]=Oop [48]=Oop [56]=Oop [64]=NarrowOop }
                      ;*newarray {reexecute=1 rethrow=0 return_oop=0}
                      ; - (reexecute) java.util.Arrays::copyOf@15 (line 3541)
                      ; - java.lang.AbstractStringBuilder::ensureCapacityInternal@32 (line 242)
                      ; - java.lang.AbstractStringBuilder::append@21 (line 587)
                      ; - java.lang.StringBuilder::append@2 (line 179)
                      ; - java.net.URLStreamHandler::toExternalForm@149 (line 486)
                      ; - java.net.URL::toExternalForm@5 (line 1203)
                      ; - java.net.URL::toString@1 (line 1189)
                      ; - java.lang.ClassLoader::defineClassSourceLocation@22 (line 927)
                      ; - java.lang.ClassLoader::defineClass@12 (line 1026)
  0x00007134e45596b4: 480c 83ff 

  0x00007134e45596b8: ;   {other}
  0x00007134e45596b8: 0f1f 8400 | 2859 007a | be45 ffff | ff48 8b6c | 2408 4c8b | 5424 304c | 8954 2420 | 894c 2430 
  0x00007134e45596d8: ;   {runtime_call UncommonTrapBlob}
  0x00007134e45596d8: c5f8 77e8 

  0x00007134e45596dc: ; ImmutableOopMap {rbp=Oop [16]=Oop [32]=Oop }
                      ;*if_icmpeq {reexecute=1 rethrow=0 return_oop=0}
                      ; - (reexecute) java.lang.Class::getPackageName@55 (line 1169)
                      ; - java.lang.ClassLoader::postDefineClass@2 (line 934)
                      ; - java.lang.ClassLoader::defineClass@37 (line 1028)
  0x00007134e45596dc: 200c 83ff 

  0x00007134e45596e0: ;   {other}
  0x00007134e45596e0: 0f1f 8400 | 5059 007b | be45 ffff | ff48 8b6c | 2408 4c8b | 5424 304c | 8954 2420 | 4889 5c24 
  0x00007134e4559700: 3089 4c24 | 4044 895c | 2444 894c | 2448 4489 | 5c24 4c90 

  0x00007134e4559714: ;   {runtime_call UncommonTrapBlob}
  0x00007134e4559714: c5f8 77e8 

  0x00007134e4559718: ; ImmutableOopMap {rbp=Oop [16]=Oop [32]=Oop [48]=Oop }
                      ;*if_icmple {reexecute=1 rethrow=0 return_oop=0}
                      ; - (reexecute) jdk.internal.util.Preconditions::checkFromToIndex@11 (line 348)
                      ; - java.lang.String::checkBoundsBeginEnd@6 (line 4865)
                      ; - java.lang.String::substring@8 (line 2834)
                      ; - java.lang.Class::getPackageName@62 (line 1169)
                      ; - java.lang.ClassLoader::postDefineClass@2 (line 934)
                      ; - java.lang.ClassLoader::defineClass@37 (line 1028)
  0x00007134e4559718: e40b 83ff 

  0x00007134e455971c: ;   {other}
  0x00007134e455971c: 0f1f 8400 | 8c59 007c | be45 ffff | ff4c 8b44 | 2430 4c89 | 4424 2089 | 4c24 3048 | 895c 2438 
  0x00007134e455973c: 4489 5c24 | 3444 8954 | 2440 4489 | 4c24 4490 

  0x00007134e455974c: ;   {runtime_call UncommonTrapBlob}
  0x00007134e455974c: c5f8 77e8 

  0x00007134e4559750: ; ImmutableOopMap {[8]=Oop [16]=Oop [32]=Oop [48]=NarrowOop [52]=NarrowOop [56]=Oop }
                      ;*ifge {reexecute=1 rethrow=0 return_oop=0}
                      ; - (reexecute) java.util.concurrent.ConcurrentHashMap::get@86 (line 943)
                      ; - java.lang.ClassLoader::getNamedPackage@5 (line 341)
                      ; - java.lang.ClassLoader::postDefineClass@9 (line 934)
                      ; - java.lang.ClassLoader::defineClass@37 (line 1028)
  0x00007134e4559750: ac0b 83ff 

  0x00007134e4559754: ;   {other}
  0x00007134e4559754: 0f1f 8400 | c459 007d | be45 ffff | ff4c 8b44 | 2430 4c89 | 4424 2089 | 4c24 3848 | 895c 2440 
  0x00007134e4559774: 4489 5c24 | 3c44 8954 | 2448 6690 

  0x00007134e4559780: ;   {runtime_call UncommonTrapBlob}
  0x00007134e4559780: c5f8 77e8 

  0x00007134e4559784: ; ImmutableOopMap {rbp=NarrowOop [8]=Oop [16]=Oop [32]=Oop [56]=NarrowOop [60]=NarrowOop [64]=Oop }
                      ;*ifnull {reexecute=1 rethrow=0 return_oop=0}
                      ; - (reexecute) java.util.concurrent.ConcurrentHashMap::get@67 (line 940)
                      ; - java.lang.ClassLoader::getNamedPackage@5 (line 341)
                      ; - java.lang.ClassLoader::postDefineClass@9 (line 934)
                      ; - java.lang.ClassLoader::defineClass@37 (line 1028)
  0x00007134e4559784: 780b 83ff 

  0x00007134e4559788: ;   {other}
  0x00007134e4559788: 0f1f 8400 | f859 007e | be45 ffff | ff89 4424 | 2c66 6690 

  0x00007134e455979c: ;   {runtime_call UncommonTrapBlob}
  0x00007134e455979c: c5f8 77e8 

  0x00007134e45597a0: ; ImmutableOopMap {[8]=Oop [16]=Oop [24]=Oop [32]=NarrowOop [40]=NarrowOop [48]=Oop }
                      ;*ifeq {reexecute=1 rethrow=0 return_oop=0}
                      ; - (reexecute) java.util.concurrent.ConcurrentHashMap::get@76 (line 940)
                      ; - java.lang.ClassLoader::getNamedPackage@5 (line 341)
                      ; - java.lang.ClassLoader::postDefineClass@9 (line 934)
                      ; - java.lang.ClassLoader::defineClass@37 (line 1028)
  0x00007134e45597a0: 5c0b 83ff 

  0x00007134e45597a4: ;   {other}
  0x00007134e45597a4: 0f1f 8400 | 145a 007f | 4585 d244 | 8b54 2470 | 410f 94c2 | be45 ffff | ff4c 8b5c | 2430 4c89 
  0x00007134e45597c4: 5c24 2089 | 4c24 3044 | 8944 2434 | 4889 5c24 | 3848 895c | 2440 4489 | 5424 4890 

  0x00007134e45597e0: ;   {runtime_call UncommonTrapBlob}
  0x00007134e45597e0: c5f8 77e8 

  0x00007134e45597e4: ; ImmutableOopMap {[8]=Oop [16]=Oop [32]=Oop [48]=NarrowOop [52]=NarrowOop [56]=Oop [64]=Oop }
                      ;*ifeq {reexecute=1 rethrow=0 return_oop=0}
                      ; - (reexecute) java.lang.String::hashCode@20 (line 2369)
                      ; - java.util.concurrent.ConcurrentHashMap::get@1 (line 936)
                      ; - java.lang.ClassLoader::getNamedPackage@5 (line 341)
                      ; - java.lang.ClassLoader::postDefineClass@9 (line 934)
                      ; - java.lang.ClassLoader::defineClass@37 (line 1028)
  0x00007134e45597e4: 180b 83ff 

  0x00007134e45597e8: ;   {other}
  0x00007134e45597e8: 0f1f 8400 | 585a 0080 | bef6 ffff | ff66 6690 

  0x00007134e45597f8: ;   {runtime_call UncommonTrapBlob}
  0x00007134e45597f8: c5f8 77e8 

  0x00007134e45597fc: ; ImmutableOopMap {[24]=Oop [40]=Oop }
                      ;*invokevirtual putIfAbsent {reexecute=0 rethrow=0 return_oop=0}
                      ; - java.lang.ClassLoader::getNamedPackage@32 (line 345)
                      ; - java.lang.ClassLoader::postDefineClass@9 (line 934)
                      ; - java.lang.ClassLoader::defineClass@37 (line 1028)
  0x00007134e45597fc: 000b 83ff 

  0x00007134e4559800: ;   {other}
  0x00007134e4559800: 0f1f 8400 | 705a 0081 | bede ffff | ff48 8be8 

  0x00007134e4559810: ;   {runtime_call UncommonTrapBlob}
  0x00007134e4559810: c5f8 77e8 

  0x00007134e4559814: ; ImmutableOopMap {rbp=Oop }
                      ;*checkcast {reexecute=0 rethrow=0 return_oop=0}
                      ; - java.lang.ClassLoader::getNamedPackage@35 (line 345)
                      ; - java.lang.ClassLoader::postDefineClass@9 (line 934)
                      ; - java.lang.ClassLoader::defineClass@37 (line 1028)
  0x00007134e4559814: e80a 83ff 

  0x00007134e4559818: ;   {other}
  0x00007134e4559818: 0f1f 8400 | 885a 0082 | be76 ffff | ff48 8b6c | 2410 4c8b | 5c24 284c | 895c 2410 | 4c8b 5c24 
  0x00007134e4559838: 304c 895c | 2428 4889 | 5424 3044 | 8954 244c 

  0x00007134e4559848: ;   {runtime_call UncommonTrapBlob}
  0x00007134e4559848: c5f8 77e8 

  0x00007134e455984c: ; ImmutableOopMap {rbp=Oop [8]=Oop [16]=Oop [24]=Oop [40]=Oop [48]=Oop [56]=Oop }
                      ;*if_icmpge {reexecute=1 rethrow=0 return_oop=0}
                      ; - (reexecute) java.lang.ClassLoader::compareCerts@40 (line 1195)
                      ; - java.lang.ClassLoader::checkCerts@80 (line 1172)
                      ; - java.lang.ClassLoader::preDefineClass@113 (line 917)
                      ; - java.lang.ClassLoader::defineClass@4 (line 1025)
  0x00007134e455984c: b00a 83ff 

  0x00007134e4559850: ;   {other}
  0x00007134e4559850: 0f1f 8400 | c05a 0083 | bebe ffff | ff48 8b6c | 2410 4c8b | 5c24 284c | 895c 2410 | 4c8b 5c24 
  0x00007134e4559870: 304c 895c | 2428 4889 | 5424 3044 | 8954 244c 

  0x00007134e4559880: ;   {runtime_call UncommonTrapBlob}
  0x00007134e4559880: c5f8 77e8 

  0x00007134e4559884: ; ImmutableOopMap {rbp=Oop [8]=Oop [16]=Oop [24]=Oop [40]=Oop [48]=Oop [56]=Oop }
                      ;*if_icmpge {reexecute=1 rethrow=0 return_oop=0}
                      ; - (reexecute) java.lang.ClassLoader::compareCerts@40 (line 1195)
                      ; - java.lang.ClassLoader::checkCerts@80 (line 1172)
                      ; - java.lang.ClassLoader::preDefineClass@113 (line 917)
                      ; - java.lang.ClassLoader::defineClass@4 (line 1025)
  0x00007134e4559884: 780a 83ff 

  0x00007134e4559888: ;   {other}
  0x00007134e4559888: 0f1f 8400 | f85a 0084 | be45 ffff | ff48 8b6c | 2410 4c8b | 4424 284c | 8944 2410 | 4c8b 4424 
  0x00007134e45598a8: 304c 8944 | 2428 4489 | 5424 3044 | 895c 2434 

  0x00007134e45598b8: ;   {runtime_call UncommonTrapBlob}
  0x00007134e45598b8: c5f8 77e8 

  0x00007134e45598bc: ; ImmutableOopMap {rbp=Oop [8]=Oop [16]=Oop [24]=Oop [40]=Oop }
                      ;*if_icmpeq {reexecute=1 rethrow=0 return_oop=0}
                      ; - (reexecute) java.lang.ClassLoader::compareCerts@20 (line 1189)
                      ; - java.lang.ClassLoader::checkCerts@80 (line 1172)
                      ; - java.lang.ClassLoader::preDefineClass@113 (line 917)
                      ; - java.lang.ClassLoader::defineClass@4 (line 1025)
  0x00007134e45598bc: 400a 83ff 

  0x00007134e45598c0: ;   {other}
  0x00007134e45598c0: 0f1f 8400 | 305b 0085 | 41b9 0100 | 0000 be45 | ffff ff48 | 8b6c 2410 | 48ff 7424 | 2848 8f44 
  0x00007134e45598e0: 2410 4c8b | 4424 304c | 8944 2428 | 4c89 7424 | 3048 8954 | 2438 4489 | 5c24 4044 | 896c 2444 
  0x00007134e4559900: 4489 4c24 | 4844 8954 | 244c 6690 

  0x00007134e455990c: ;   {runtime_call UncommonTrapBlob}
  0x00007134e455990c: c5f8 77e8 

  0x00007134e4559910: ; ImmutableOopMap {rbp=Oop [8]=Oop [16]=Oop [24]=Oop [40]=Oop [48]=Oop [56]=Oop }
                      ;*if_icmpge {reexecute=1 rethrow=0 return_oop=0}
                      ; - (reexecute) java.lang.ClassLoader::compareCerts@152 (line 1209)
                      ; - java.lang.ClassLoader::checkCerts@80 (line 1172)
                      ; - java.lang.ClassLoader::preDefineClass@113 (line 917)
                      ; - java.lang.ClassLoader::defineClass@4 (line 1025)
  0x00007134e4559910: ec09 83ff 

  0x00007134e4559914: ;   {other}
  0x00007134e4559914: 0f1f 8400 | 845b 0086 | 4c89 4c24 | 6044 895c | 2458 4c8b | 5424 404c | 8954 2450 | 4c8b 5424 
  0x00007134e4559934: 384c 8954 | 2448 895c | 2440 4c8b | 5424 304c | 8954 2438 | 4c8b 5424 | 284c 8954 

  0x00007134e4559950: ;   {metadata('java/lang/String')}
  0x00007134e4559950: 2408 48be | 70ea 008e | 3471 0000 

  0x00007134e455995c: ;   {runtime_call _new_instance_Java}
  0x00007134e455995c: c5f8 77e8 

  0x00007134e4559960: ; ImmutableOopMap {rbp=Oop [8]=Oop [16]=Oop [24]=Oop [56]=Oop [64]=NarrowOop [72]=Oop [80]=Oop [96]=Oop }
                      ;*new {reexecute=1 rethrow=0 return_oop=1}
                      ; - (reexecute) java.net.URLStreamHandler::toExternalForm@35 (line 483)
                      ; - java.net.URL::toExternalForm@5 (line 1203)
                      ; - java.net.URL::toString@1 (line 1189)
                      ; - java.lang.ClassLoader::defineClassSourceLocation@22 (line 927)
                      ; - java.lang.ClassLoader::defineClass@12 (line 1026)
  0x00007134e4559960: 9c43 8eff 

  0x00007134e4559964: ;   {other}
  0x00007134e4559964: 0f1f 8400 | d45b 0087 | 4c8b 5424 | 084c 8954 | 2428 4c8b | 5424 384c | 8954 2430 | 8b5c 2440 
  0x00007134e4559984: 4c8b 5424 | 484c 8954 | 2438 4c8b | 5424 504c | 8954 2440 | 448b 5c24 | 584c 8b4c | 2460 e974 
  0x00007134e45599a4: dcff ff44 | 895c 245c | 897c 2458 | 4c8b 5424 | 404c 8954 | 2450 4c8b | 5424 384c | 8954 2448 
  0x00007134e45599c4: 895c 2440 | 4c8b 5424 | 304c 8954 | 2438 4c8b | 5424 284c | 8954 2408 

  0x00007134e45599dc: ;   {metadata({type array byte})}
  0x00007134e45599dc: 48be 1823 | 008e 3471 | 0000 6690 

  0x00007134e45599e8: ;   {runtime_call _new_array_Java}
  0x00007134e45599e8: c5f8 77e8 

  0x00007134e45599ec: ; ImmutableOopMap {rbp=Oop [8]=Oop [16]=Oop [24]=Oop [56]=Oop [64]=NarrowOop [72]=Oop [80]=Oop [88]=NarrowOop }
                      ;*new {reexecute=1 rethrow=0 return_oop=1}
                      ; - (reexecute) java.net.URLStreamHandler::toExternalForm@35 (line 483)
                      ; - java.net.URL::toExternalForm@5 (line 1203)
                      ; - java.net.URL::toString@1 (line 1189)
                      ; - java.lang.ClassLoader::defineClassSourceLocation@22 (line 927)
                      ; - java.lang.ClassLoader::defineClass@12 (line 1026)
  0x00007134e45599ec: 901f 8eff 

  0x00007134e45599f0: ;   {other}
  0x00007134e45599f0: 0f1f 8400 | 605c 0088 | 4c8b 5c24 | 084c 895c | 2428 4c8b | 5c24 384c | 895c 2430 | 8b5c 2440 
  0x00007134e4559a10: 4c8b 5c24 | 484c 895c | 2438 4c8b | 5c24 504c | 895c 2440 | 8b7c 2458 | 448b 5c24 | 5c4c 8bc8 
  0x00007134e4559a30: e95b daff | ffbe 45ff | ffff 4c8b | 5c24 304c | 895c 2420 | 894c 2438 | 4889 5c24 | 4048 897c 
  0x00007134e4559a50: 2448 4489 | 5424 3c90 

  0x00007134e4559a58: ;   {runtime_call UncommonTrapBlob}
  0x00007134e4559a58: c5f8 77e8 

  0x00007134e4559a5c: ; ImmutableOopMap {rbp=NarrowOop [8]=Oop [16]=Oop [32]=Oop [56]=NarrowOop [64]=Oop [72]=Oop }
                      ;*ifnull {reexecute=1 rethrow=0 return_oop=0}
                      ; - (reexecute) java.util.concurrent.ConcurrentHashMap::get@143 (line 946)
                      ; - java.lang.ClassLoader::getNamedPackage@5 (line 341)
                      ; - java.lang.ClassLoader::postDefineClass@9 (line 934)
                      ; - java.lang.ClassLoader::defineClass@37 (line 1028)
  0x00007134e4559a5c: a008 83ff 

  0x00007134e4559a60: ;   {other}
  0x00007134e4559a60: 0f1f 8400 | d05c 0089 | 4889 4c24 | 5844 8944 | 244c 4889 | 5c24 5044 | 895c 2448 | 4c8b 5424 
  0x00007134e4559a80: 304c 8954 | 2440 4c89 | 6c24 384c | 8b54 2410 | 4c89 5424 | 0848 8b6c 

  0x00007134e4559a98: ;   {metadata('java/util/ArrayList')}
  0x00007134e4559a98: 2428 48be | b0b2 0b8e | 3471 0000 

  0x00007134e4559aa4: ;   {runtime_call _new_instance_Java}
  0x00007134e4559aa4: c5f8 77e8 

  0x00007134e4559aa8: ; ImmutableOopMap {rbp=Oop [8]=Oop [24]=Oop [56]=Oop [64]=Oop [72]=NarrowOop [76]=NarrowOop [80]=Oop [88]=Oop }
                      ;*new {reexecute=0 rethrow=0 return_oop=1}
                      ; - java.security.CodeSource::getCertificates@25 (line 209)
                      ; - java.lang.ClassLoader::checkCerts@34 (line 1168)
                      ; - java.lang.ClassLoader::preDefineClass@113 (line 917)
                      ; - java.lang.ClassLoader::defineClass@4 (line 1025)
  0x00007134e4559aa8: 5442 8eff 

  0x00007134e4559aac: ;   {other}
  0x00007134e4559aac: 0f1f 8400 | 1c5d 008a | 4889 6c24 | 284c 8b54 | 2408 4c89 | 5424 104c | 8b6c 2438 | 4c8b 5424 
  0x00007134e4559acc: 404c 8954 | 2430 448b | 5424 4844 | 8954 2438 | 488b 5c24 | 5044 8b44 | 244c 488b | 4c24 58e9 
  0x00007134e4559aec: 9adc ffff | 4c89 5c24 | 5848 894c | 2450 4889 | 5c24 484c | 896c 2440 | 448b 5424 | 7044 8954 
  0x00007134e4559b0c: 243c 4c8b | 5424 104c | 8954 2408 | 488b 6c24 

  0x00007134e4559b1c: ;   {metadata('java/security/cert/Certificate'[])}
  0x00007134e4559b1c: 2848 bec8 | 5210 8e34 | 7100 008b | 5424 7090 

  0x00007134e4559b2c: ;   {runtime_call _new_array_Java}
  0x00007134e4559b2c: c5f8 77e8 

  0x00007134e4559b30: ; ImmutableOopMap {rbp=Oop [8]=Oop [24]=Oop [48]=Oop [56]=NarrowOop [64]=Oop [72]=Oop [80]=Oop [88]=Oop }
                      ;*anewarray {reexecute=0 rethrow=0 return_oop=1}
                      ; - java.security.CodeSource::getCertificates@70 (line 215)
                      ; - java.lang.ClassLoader::checkCerts@34 (line 1168)
                      ; - java.lang.ClassLoader::preDefineClass@113 (line 917)
                      ; - java.lang.ClassLoader::defineClass@4 (line 1025)
  0x00007134e4559b30: 4c1e 8eff 

  0x00007134e4559b34: ;   {other}
  0x00007134e4559b34: 0f1f 8400 | a45d 008b | e9d9 ddff | ff4c 8944 | 2428 4889 

  0x00007134e4559b48: ;   {metadata('java/security/cert/Certificate'[])}
  0x00007134e4559b48: 4c24 1048 | bec8 5210 | 8e34 7100 | 0041 8bd1 

  0x00007134e4559b58: ;   {runtime_call _new_array_Java}
  0x00007134e4559b58: c5f8 77e8 

  0x00007134e4559b5c: ; ImmutableOopMap {rbp=Oop [8]=Oop [16]=Oop [24]=Oop [48]=Oop [64]=Oop [72]=Oop }
                      ;*invokevirtual clone {reexecute=1 rethrow=0 return_oop=1}
                      ; - (reexecute) java.security.CodeSource::getCertificates@86 (line 217)
                      ; - java.lang.ClassLoader::checkCerts@34 (line 1168)
                      ; - java.lang.ClassLoader::preDefineClass@113 (line 917)
                      ; - java.lang.ClassLoader::defineClass@4 (line 1025)
  0x00007134e4559b5c: 201e 8eff 

  0x00007134e4559b60: ;   {other}
  0x00007134e4559b60: 0f1f 8400 | d05d 008c | 488b 4c24 | 104c 8b44 | 2428 488b | d8e9 64de | ffff 4889 | 5c24 2844 
  0x00007134e4559b80: 895c 2424 | 4489 5424 | 2048 ff74 | 2408 488f | 4424 1848 | 8b6c 2410 

  0x00007134e4559b98: ;   {metadata('java/util/ArrayList')}
  0x00007134e4559b98: 48be b0b2 | 0b8e 3471 | 0000 6690 

  0x00007134e4559ba4: ;   {runtime_call _new_instance_Java}
  0x00007134e4559ba4: c5f8 77e8 

  0x00007134e4559ba8: ; ImmutableOopMap {rbp=Oop [24]=Oop [32]=NarrowOop [36]=NarrowOop [40]=Oop }
                      ;*new {reexecute=0 rethrow=0 return_oop=1}
                      ; - java.security.CodeSource::getCertificates@25 (line 209)
                      ; - java.lang.ClassLoader::postDefineClass@24 (line 937)
                      ; - java.lang.ClassLoader::defineClass@37 (line 1028)
  0x00007134e4559ba8: 5441 8eff 

  0x00007134e4559bac: ;   {other}
  0x00007134e4559bac: 0f1f 8400 | 1c5e 008d | 4889 6c24 | 1048 ff74 | 2418 488f | 4424 0844 | 8b54 2420 | 448b 5c24 
  0x00007134e4559bcc: 2448 8b5c | 2428 e97f | e1ff ff48 | 894c 2420 | 488b eb44 | 8954 2418 

  0x00007134e4559be4: ;   {metadata('java/security/cert/Certificate'[])}
  0x00007134e4559be4: 48be c852 | 108e 3471 | 0000 8b54 | 2470 6690 

  0x00007134e4559bf4: ;   {runtime_call _new_array_Java}
  0x00007134e4559bf4: c5f8 77e8 

  0x00007134e4559bf8: ; ImmutableOopMap {rbp=Oop [8]=Oop [16]=Oop [24]=NarrowOop [32]=Oop }
                      ;*anewarray {reexecute=0 rethrow=0 return_oop=1}
                      ; - java.security.CodeSource::getCertificates@70 (line 215)
                      ; - java.lang.ClassLoader::postDefineClass@24 (line 937)
                      ; - java.lang.ClassLoader::defineClass@37 (line 1028)
  0x00007134e4559bf8: 841d 8eff 

  0x00007134e4559bfc: ;   {other}
  0x00007134e4559bfc: 0f1f 8400 | 6c5e 008e | e979 e2ff 

  0x00007134e4559c08: ;   {metadata('java/security/cert/Certificate'[])}
  0x00007134e4559c08: ff48 bec8 | 5210 8e34 | 7100 0041 | 8bd3 6690 

  0x00007134e4559c18: ;   {runtime_call _new_array_Java}
  0x00007134e4559c18: c5f8 77e8 

  0x00007134e4559c1c: ; ImmutableOopMap {[8]=Oop [16]=Oop [40]=Oop }
                      ;*invokevirtual clone {reexecute=1 rethrow=0 return_oop=1}
                      ; - (reexecute) java.security.CodeSource::getCertificates@86 (line 217)
                      ; - java.lang.ClassLoader::postDefineClass@24 (line 937)
                      ; - java.lang.ClassLoader::defineClass@37 (line 1028)
  0x00007134e4559c1c: 601d 8eff 

  0x00007134e4559c20: ;   {other}
  0x00007134e4559c20: 0f1f 8400 | 905e 008f | 488b d8e9 | 1ee3 ffff | bee4 ffff | ff4c 8b54 | 2428 4c89 | 5424 084c 
  0x00007134e4559c40: 8b54 2430 | 4c89 5424 | 284c 896c | 2430 4889 | 5c24 404c | 895c 2450 | 4489 4424 | 5844 894c 
  0x00007134e4559c60: 245c 6690 

  0x00007134e4559c64: ;   {runtime_call UncommonTrapBlob}
  0x00007134e4559c64: c5f8 77e8 

  0x00007134e4559c68: ; ImmutableOopMap {[8]=Oop [16]=Oop [24]=Oop [40]=Oop [48]=Oop [56]=NarrowOop [64]=Oop [80]=Oop [88]=NarrowOop }
                      ;*aaload {reexecute=0 rethrow=0 return_oop=0}
                      ; - java.security.CodeSource::getCertificates@50 (line 212)
                      ; - java.lang.ClassLoader::checkCerts@34 (line 1168)
                      ; - java.lang.ClassLoader::preDefineClass@113 (line 917)
                      ; - java.lang.ClassLoader::defineClass@4 (line 1025)
  0x00007134e4559c68: 9406 83ff 

  0x00007134e4559c6c: ;   {other}
  0x00007134e4559c6c: 0f1f 8400 | dc5e 0090 | bee4 ffff | ff44 8954 | 2418 4889 | 4c24 2844 | 895c 2430 | 4489 4424 
  0x00007134e4559c8c: 3466 6690 

  0x00007134e4559c90: ;   {runtime_call UncommonTrapBlob}
  0x00007134e4559c90: c5f8 77e8 

  0x00007134e4559c94: ; ImmutableOopMap {[8]=Oop [16]=Oop [24]=NarrowOop [40]=Oop [48]=NarrowOop }
                      ;*aaload {reexecute=0 rethrow=0 return_oop=0}
                      ; - java.security.CodeSource::getCertificates@50 (line 212)
                      ; - java.lang.ClassLoader::postDefineClass@24 (line 937)
                      ; - java.lang.ClassLoader::defineClass@37 (line 1028)
  0x00007134e4559c94: 6806 83ff 

  0x00007134e4559c98: ;   {other}
  0x00007134e4559c98: 0f1f 8400 | 085f 0091 | 4c63 d2e9 | 7dd7 ffff | becc ffff | ff48 8b6c | 2410 4c8b | 5424 284c 
  0x00007134e4559cb8: 8954 2408 | 4c8b 5424 | 184c 8954 | 2410 448b | 5c24 2044 | 895c 2418 | 448b 5424 | 2444 8954 
  0x00007134e4559cd8: 241c 4c8b | 5424 304c | 8954 2420 | 895c 2428 | 897c 242c 

  0x00007134e4559cec: ;   {runtime_call UncommonTrapBlob}
  0x00007134e4559cec: c5f8 77e8 

  0x00007134e4559cf0: ; ImmutableOopMap {rbp=Oop [8]=Oop [16]=Oop [32]=Oop [40]=NarrowOop [44]=NarrowOop [64]=Oop }
                      ;*new {reexecute=0 rethrow=0 return_oop=0}
                      ; - java.net.URLStreamHandler::toExternalForm@35 (line 483)
                      ; - java.net.URL::toExternalForm@5 (line 1203)
                      ; - java.net.URL::toString@1 (line 1189)
                      ; - java.lang.ClassLoader::defineClassSourceLocation@22 (line 927)
                      ; - java.lang.ClassLoader::defineClass@12 (line 1026)
  0x00007134e4559cf0: 0c06 83ff 

  0x00007134e4559cf4: ;   {other}
  0x00007134e4559cf4: 0f1f 8400 | 645f 0092 | bede ffff | ff48 8944 | 2440 6690 

  0x00007134e4559d08: ;   {runtime_call UncommonTrapBlob}
  0x00007134e4559d08: c5f8 77e8 

  0x00007134e4559d0c: ; ImmutableOopMap {[8]=Oop [16]=Oop [24]=Oop [40]=Oop [48]=Oop [56]=Oop [64]=Oop }
                      ;*checkcast {reexecute=0 rethrow=0 return_oop=0}
                      ; - java.lang.ClassLoader::checkCerts@65 (line 1171)
                      ; - java.lang.ClassLoader::preDefineClass@113 (line 917)
                      ; - java.lang.ClassLoader::defineClass@4 (line 1025)
  0x00007134e4559d0c: f005 83ff 

  0x00007134e4559d10: ;   {other}
  0x00007134e4559d10: 0f1f 8400 | 805f 0093 | be66 ffff | ff4c 8974 | 2448 4489 | 5424 5044 | 896c 2454 | 4889 5424 
  0x00007134e4559d30: 6044 895c | 245c 4489 | 4424 6844 | 8944 246c 

  0x00007134e4559d40: ;   {runtime_call UncommonTrapBlob}
  0x00007134e4559d40: c5f8 77e8 

  0x00007134e4559d44: ; ImmutableOopMap {rbp=NarrowOop [8]=Oop [16]=Oop [24]=Oop [40]=Oop [48]=Oop [72]=Oop [96]=Oop [104]=NarrowOop [108]=NarrowOop }
                      ;*instanceof {reexecute=0 rethrow=0 return_oop=0}
                      ; - sun.security.x509.X509CertImpl::getEncodedInternal@1 (line 1524)
                      ; - java.security.cert.Certificate::equals@17 (line 115)
                      ; - java.lang.ClassLoader::compareCerts@81 (line 1198)
                      ; - java.lang.ClassLoader::checkCerts@80 (line 1172)
                      ; - java.lang.ClassLoader::preDefineClass@113 (line 917)
                      ; - java.lang.ClassLoader::defineClass@4 (line 1025)
  0x00007134e4559d44: b805 83ff 

  0x00007134e4559d48: ;   {other}
  0x00007134e4559d48: 0f1f 8400 | b85f 0094 | be66 ffff | ff48 8954 | 2440 4489 | 5c24 4844 | 896c 244c | 4c89 7424 
  0x00007134e4559d68: 5844 8954 | 2454 4489 | 4424 6044 | 8944 2464 

  0x00007134e4559d78: ;   {runtime_call UncommonTrapBlob}
  0x00007134e4559d78: c5f8 77e8 

  0x00007134e4559d7c: ; ImmutableOopMap {rbp=NarrowOop [8]=Oop [16]=Oop [24]=Oop [40]=Oop [48]=Oop [64]=Oop [88]=Oop [96]=NarrowOop [100]=NarrowOop }
                      ;*instanceof {reexecute=0 rethrow=0 return_oop=0}
                      ; - sun.security.x509.X509CertImpl::getEncodedInternal@1 (line 1524)
                      ; - java.security.cert.Certificate::equals@17 (line 115)
                      ; - java.lang.ClassLoader::compareCerts@166 (line 1210)
                      ; - java.lang.ClassLoader::checkCerts@80 (line 1172)
                      ; - java.lang.ClassLoader::preDefineClass@113 (line 917)
                      ; - java.lang.ClassLoader::defineClass@4 (line 1025)
  0x00007134e4559d7c: 8005 83ff 

  0x00007134e4559d80: ;   {other}
  0x00007134e4559d80: 0f1f 8400 | f05f 0095 | 4533 c9be | 66ff ffff | 488b 6c24 | 1048 8b5c | 2428 4889 | 5c24 1048 
  0x00007134e4559da0: 8b5c 2430 | 4889 5c24 | 284c 8974 | 2440 4489 | 5424 4844 | 896c 244c | 4489 4424 | 5048 8954 
  0x00007134e4559dc0: 2458 4489 | 5c24 5444 | 894c 2460 | c5fa 1144 | 2464 4889 | 4c24 7090 

  0x00007134e4559dd8: ;   {runtime_call UncommonTrapBlob}
  0x00007134e4559dd8: c5f8 77e8 

  0x00007134e4559ddc: ; ImmutableOopMap {rbp=Oop [8]=Oop [16]=Oop [24]=Oop [40]=Oop [64]=Oop [80]=NarrowOop [88]=Oop [100]=NarrowOop [112]=Oop }
                      ;*instanceof {reexecute=0 rethrow=0 return_oop=0}
                      ; - sun.security.x509.X509CertImpl::getEncodedInternal@1 (line 1524)
                      ; - java.security.cert.Certificate::equals@25 (line 116)
                      ; - java.lang.ClassLoader::compareCerts@81 (line 1198)
                      ; - java.lang.ClassLoader::checkCerts@80 (line 1172)
                      ; - java.lang.ClassLoader::preDefineClass@113 (line 917)
                      ; - java.lang.ClassLoader::defineClass@4 (line 1025)
  0x00007134e4559ddc: 2005 83ff 

  0x00007134e4559de0: ;   {other}
  0x00007134e4559de0: 0f1f 8400 | 5060 0096 | 4533 c9be | 66ff ffff | 488b 6c24 | 1048 ff74 | 2428 488f | 4424 1048 
  0x00007134e4559e00: 8b4c 2430 | 4889 4c24 | 2848 8954 | 2438 4489 | 5c24 4044 | 896c 2444 | 4489 4424 | 484c 8974 
  0x00007134e4559e20: 2450 4489 | 5424 4c44 | 894c 2458 | c5fa 1144 | 245c 4889 | 5c24 6890 

  0x00007134e4559e38: ;   {runtime_call UncommonTrapBlob}
  0x00007134e4559e38: c5f8 77e8 

  0x00007134e4559e3c: ; ImmutableOopMap {rbp=Oop [8]=Oop [16]=Oop [24]=Oop [40]=Oop [56]=Oop [72]=NarrowOop [80]=Oop [92]=NarrowOop [104]=Oop }
                      ;*instanceof {reexecute=0 rethrow=0 return_oop=0}
                      ; - sun.security.x509.X509CertImpl::getEncodedInternal@1 (line 1524)
                      ; - java.security.cert.Certificate::equals@25 (line 116)
                      ; - java.lang.ClassLoader::compareCerts@166 (line 1210)
                      ; - java.lang.ClassLoader::checkCerts@80 (line 1172)
                      ; - java.lang.ClassLoader::preDefineClass@113 (line 917)
                      ; - java.lang.ClassLoader::defineClass@4 (line 1025)
  0x00007134e4559e3c: c004 83ff 

  0x00007134e4559e40: ;   {other}
  0x00007134e4559e40: 0f1f 8400 | b060 0097 | bede ffff | ff4c 8b54 | 2418 4c89 | 5424 1044 | 8b54 2420 | 4489 5424 
  0x00007134e4559e60: 1844 8b5c | 2424 4489 | 5c24 1c4c | 8b54 2430 | 4c89 5424 | 204c 8b54 | 2440 4c89 | 5424 304c 
  0x00007134e4559e80: 8b54 2448 | 4c89 5424 | 4048 8944 | 2448 6690 

  0x00007134e4559e90: ;   {runtime_call UncommonTrapBlob}
  0x00007134e4559e90: c5f8 77e8 

  0x00007134e4559e94: ; ImmutableOopMap {rbp=Oop [8]=Oop [16]=Oop [32]=Oop [48]=Oop [56]=NarrowOop [64]=Oop [72]=Oop }
                      ;*checkcast {reexecute=0 rethrow=0 return_oop=0}
                      ; - java.security.CodeSource::getCertificates@76 (line 215)
                      ; - java.lang.ClassLoader::checkCerts@34 (line 1168)
                      ; - java.lang.ClassLoader::preDefineClass@113 (line 917)
                      ; - java.lang.ClassLoader::defineClass@4 (line 1025)
  0x00007134e4559e94: 6804 83ff 

  0x00007134e4559e98: ;   {other}
  0x00007134e4559e98: 0f1f 8400 | 0861 0098 | bede ffff | ff48 8944 | 2420 6690 

  0x00007134e4559eac: ;   {runtime_call UncommonTrapBlob}
  0x00007134e4559eac: c5f8 77e8 

  0x00007134e4559eb0: ; ImmutableOopMap {[8]=Oop [16]=Oop [24]=NarrowOop [32]=Oop }
                      ;*checkcast {reexecute=0 rethrow=0 return_oop=0}
                      ; - java.security.CodeSource::getCertificates@76 (line 215)
                      ; - java.lang.ClassLoader::postDefineClass@24 (line 937)
                      ; - java.lang.ClassLoader::defineClass@37 (line 1028)
  0x00007134e4559eb0: 4c04 83ff 

  0x00007134e4559eb4: ;   {other}
  0x00007134e4559eb4: 0f1f 8400 | 2461 0099 | bef6 ffff | ff66 6690 

  0x00007134e4559ec4: ;   {runtime_call UncommonTrapBlob}
  0x00007134e4559ec4: c5f8 77e8 

  0x00007134e4559ec8: ; ImmutableOopMap {}
                      ;*invokevirtual getCodeSource {reexecute=0 rethrow=0 return_oop=0}
                      ; - java.lang.ClassLoader::defineClassSourceLocation@1 (line 924)
                      ; - java.lang.ClassLoader::defineClass@12 (line 1026)
  0x00007134e4559ec8: 3404 83ff 

  0x00007134e4559ecc: ;   {other}
  0x00007134e4559ecc: 0f1f 8400 | 3c61 009a | bef6 ffff | ff66 6690 

  0x00007134e4559edc: ;   {runtime_call UncommonTrapBlob}
  0x00007134e4559edc: c5f8 77e8 

  0x00007134e4559ee0: ; ImmutableOopMap {}
                      ;*invokevirtual getPackageName {reexecute=0 rethrow=0 return_oop=0}
                      ; - java.lang.ClassLoader::postDefineClass@2 (line 934)
                      ; - java.lang.ClassLoader::defineClass@37 (line 1028)
  0x00007134e4559ee0: 1c04 83ff 

  0x00007134e4559ee4: ;   {other}
  0x00007134e4559ee4: 0f1f 8400 | 5461 009b | bef6 ffff | ff66 6690 

  0x00007134e4559ef4: ;   {runtime_call UncommonTrapBlob}
  0x00007134e4559ef4: c5f8 77e8 

  0x00007134e4559ef8: ; ImmutableOopMap {}
                      ;*invokevirtual hashCode {reexecute=0 rethrow=0 return_oop=0}
                      ; - java.util.concurrent.ConcurrentHashMap::get@1 (line 936)
                      ; - java.lang.ClassLoader::getNamedPackage@5 (line 341)
                      ; - java.lang.ClassLoader::postDefineClass@9 (line 934)
                      ; - java.lang.ClassLoader::defineClass@37 (line 1028)
  0x00007134e4559ef8: 0404 83ff 

  0x00007134e4559efc: ;   {other}
  0x00007134e4559efc: 0f1f 8400 | 6c61 009c | bef6 ffff | ff66 6690 

  0x00007134e4559f0c: ;   {runtime_call UncommonTrapBlob}
  0x00007134e4559f0c: c5f8 77e8 

  0x00007134e4559f10: ; ImmutableOopMap {}
                      ;*arraylength {reexecute=0 rethrow=0 return_oop=0}
                      ; - java.lang.String::isEmpty@4 (line 1532)
                      ; - java.lang.ClassLoader::checkName@5 (line 1155)
                      ; - java.lang.ClassLoader::preDefineClass@1 (line 900)
                      ; - java.lang.ClassLoader::defineClass@4 (line 1025)
  0x00007134e4559f10: ec03 83ff 

  0x00007134e4559f14: ;   {other}
  0x00007134e4559f14: 0f1f 8400 | 8461 009d | bef6 ffff | ff66 6690 

  0x00007134e4559f24: ;   {runtime_call UncommonTrapBlob}
  0x00007134e4559f24: c5f8 77e8 

  0x00007134e4559f28: ; ImmutableOopMap {}
                      ;*arraylength {reexecute=0 rethrow=0 return_oop=0}
                      ; - java.lang.StringLatin1::charAt@2 (line 46)
                      ; - java.lang.String::charAt@12 (line 1555)
                      ; - java.lang.ClassLoader::checkName@25 (line 1157)
                      ; - java.lang.ClassLoader::preDefineClass@1 (line 900)
                      ; - java.lang.ClassLoader::defineClass@4 (line 1025)
  0x00007134e4559f28: d403 83ff 

  0x00007134e4559f2c: ;   {other}
  0x00007134e4559f2c: 0f1f 8400 | 9c61 009e | bef6 ffff | ff66 6690 

  0x00007134e4559f3c: ;   {runtime_call UncommonTrapBlob}
  0x00007134e4559f3c: c5f8 77e8 

  0x00007134e4559f40: ; ImmutableOopMap {}
                      ;*arraylength {reexecute=0 rethrow=0 return_oop=0}
                      ; - java.lang.String::length@4 (line 1519)
                      ; - java.lang.String::startsWith@6 (line 2285)
                      ; - java.lang.String::startsWith@3 (line 2327)
                      ; - java.lang.ClassLoader::preDefineClass@43 (line 906)
                      ; - java.lang.ClassLoader::defineClass@4 (line 1025)
  0x00007134e4559f40: bc03 83ff 

  0x00007134e4559f44: ;   {other}
  0x00007134e4559f44: 0f1f 8400 | b461 009f | bef6 ffff | ff66 6690 

  0x00007134e4559f54: ;   {runtime_call UncommonTrapBlob}
  0x00007134e4559f54: c5f8 77e8 

  0x00007134e4559f58: ; ImmutableOopMap {}
                      ;*invokevirtual getCodeSource {reexecute=0 rethrow=0 return_oop=0}
                      ; - java.lang.ClassLoader::preDefineClass@110 (line 917)
                      ; - java.lang.ClassLoader::defineClass@4 (line 1025)
  0x00007134e4559f58: a403 83ff 

  0x00007134e4559f5c: ;   {other}
  0x00007134e4559f5c: 0f1f 8400 | cc61 00a0 | bef6 ffff | ff66 6690 

  0x00007134e4559f6c: ;   {runtime_call UncommonTrapBlob}
  0x00007134e4559f6c: c5f8 77e8 

  0x00007134e4559f70: ; ImmutableOopMap {}
                      ;*arraylength {reexecute=0 rethrow=0 return_oop=0}
                      ; - java.lang.String::length@4 (line 1519)
                      ; - java.lang.String::lastIndexOf@3 (line 2535)
                      ; - java.lang.ClassLoader::checkCerts@3 (line 1163)
                      ; - java.lang.ClassLoader::preDefineClass@113 (line 917)
                      ; - java.lang.ClassLoader::defineClass@4 (line 1025)
  0x00007134e4559f70: 8c03 83ff 

  0x00007134e4559f74: ;   {other}
  0x00007134e4559f74: 0f1f 8400 | e461 00a1 | bef6 ffff | ff8b eb90 

  0x00007134e4559f84: ;   {runtime_call UncommonTrapBlob}
  0x00007134e4559f84: c5f8 77e8 

  0x00007134e4559f88: ; ImmutableOopMap {rbp=NarrowOop }
                      ;*invokevirtual toExternalForm {reexecute=0 rethrow=0 return_oop=0}
                      ; - java.net.URL::toExternalForm@5 (line 1203)
                      ; - java.net.URL::toString@1 (line 1189)
                      ; - java.lang.ClassLoader::defineClassSourceLocation@22 (line 927)
                      ; - java.lang.ClassLoader::defineClass@12 (line 1026)
  0x00007134e4559f88: 7403 83ff 

  0x00007134e4559f8c: ;   {other}
  0x00007134e4559f8c: 0f1f 8400 | fc61 00a2 | bef6 ffff | ff66 6690 

  0x00007134e4559f9c: ;   {runtime_call UncommonTrapBlob}
  0x00007134e4559f9c: c5f8 77e8 

  0x00007134e4559fa0: ; ImmutableOopMap {}
                      ;*arraylength {reexecute=0 rethrow=0 return_oop=0}
                      ; - java.lang.AbstractStringBuilder::ensureCapacityInternal@4 (line 240)
                      ; - java.lang.AbstractStringBuilder::append@7 (line 806)
                      ; - java.lang.StringBuilder::append@2 (line 246)
                      ; - java.net.URLStreamHandler::toExternalForm@16 (line 480)
                      ; - java.net.URL::toExternalForm@5 (line 1203)
                      ; - java.net.URL::toString@1 (line 1189)
                      ; - java.lang.ClassLoader::defineClassSourceLocation@22 (line 927)
                      ; - java.lang.ClassLoader::defineClass@12 (line 1026)
  0x00007134e4559fa0: 5c03 83ff 

  0x00007134e4559fa4: ;   {other}
  0x00007134e4559fa4: 0f1f 8400 | 1462 00a3 | bef6 ffff | ff66 6690 

  0x00007134e4559fb4: ;   {runtime_call UncommonTrapBlob}
  0x00007134e4559fb4: c5f8 77e8 

  0x00007134e4559fb8: ; ImmutableOopMap {}
                      ;*arraylength {reexecute=0 rethrow=0 return_oop=0}
                      ; - java.lang.String::length@4 (line 1519)
                      ; - java.lang.AbstractStringBuilder::append@10 (line 586)
                      ; - java.lang.StringBuilder::append@2 (line 179)
                      ; - java.net.URLStreamHandler::toExternalForm@59 (line 483)
                      ; - java.net.URL::toExternalForm@5 (line 1203)
                      ; - java.net.URL::toString@1 (line 1189)
                      ; - java.lang.ClassLoader::defineClassSourceLocation@22 (line 927)
                      ; - java.lang.ClassLoader::defineClass@12 (line 1026)
  0x00007134e4559fb8: 4403 83ff 

  0x00007134e4559fbc: ;   {other}
  0x00007134e4559fbc: 0f1f 8400 | 2c62 00a4 | bef6 ffff | ff66 6690 

  0x00007134e4559fcc: ;   {runtime_call UncommonTrapBlob}
  0x00007134e4559fcc: c5f8 77e8 

  0x00007134e4559fd0: ; ImmutableOopMap {}
                      ;*arraylength {reexecute=0 rethrow=0 return_oop=0}
                      ; - java.lang.AbstractStringBuilder::ensureCapacityInternal@4 (line 240)
                      ; - java.lang.AbstractStringBuilder::append@21 (line 587)
                      ; - java.lang.StringBuilder::append@2 (line 179)
                      ; - java.net.URLStreamHandler::toExternalForm@59 (line 483)
                      ; - java.net.URL::toExternalForm@5 (line 1203)
                      ; - java.net.URL::toString@1 (line 1189)
                      ; - java.lang.ClassLoader::defineClassSourceLocation@22 (line 927)
                      ; - java.lang.ClassLoader::defineClass@12 (line 1026)
  0x00007134e4559fd0: 2c03 83ff 

  0x00007134e4559fd4: ;   {other}
  0x00007134e4559fd4: 0f1f 8400 | 4462 00a5 | bef6 ffff | ff66 6690 

  0x00007134e4559fe4: ;   {runtime_call UncommonTrapBlob}
  0x00007134e4559fe4: c5f8 77e8 

  0x00007134e4559fe8: ; ImmutableOopMap {}
                      ;*arraylength {reexecute=0 rethrow=0 return_oop=0}
                      ; - java.lang.String::getBytes@21 (line 4726)
                      ; - java.lang.AbstractStringBuilder::putStringAt@15 (line 1751)
                      ; - java.lang.AbstractStringBuilder::append@30 (line 588)
                      ; - java.lang.StringBuilder::append@2 (line 179)
                      ; - java.net.URLStreamHandler::toExternalForm@59 (line 483)
                      ; - java.net.URL::toExternalForm@5 (line 1203)
                      ; - java.net.URL::toString@1 (line 1189)
                      ; - java.lang.ClassLoader::defineClassSourceLocation@22 (line 927)
                      ; - java.lang.ClassLoader::defineClass@12 (line 1026)
  0x00007134e4559fe8: 1403 83ff 

  0x00007134e4559fec: ;   {other}
  0x00007134e4559fec: 0f1f 8400 | 5c62 00a6 | bef6 ffff | ff44 8954 | 2408 897c | 240c 6690 

  0x00007134e455a004: ;   {runtime_call UncommonTrapBlob}
  0x00007134e455a004: c5f8 77e8 

  0x00007134e455a008: ; ImmutableOopMap {[8]=NarrowOop }
                      ;*invokestatic arraycopy {reexecute=0 rethrow=0 return_oop=0}
                      ; - java.lang.String::getBytes@22 (line 4726)
                      ; - java.lang.AbstractStringBuilder::putStringAt@15 (line 1751)
                      ; - java.lang.AbstractStringBuilder::append@30 (line 588)
                      ; - java.lang.StringBuilder::append@2 (line 179)
                      ; - java.net.URLStreamHandler::toExternalForm@59 (line 483)
                      ; - java.net.URL::toExternalForm@5 (line 1203)
                      ; - java.net.URL::toString@1 (line 1189)
                      ; - java.lang.ClassLoader::defineClassSourceLocation@22 (line 927)
                      ; - java.lang.ClassLoader::defineClass@12 (line 1026)
  0x00007134e455a008: f402 83ff 

  0x00007134e455a00c: ;   {other}
  0x00007134e455a00c: 0f1f 8400 | 7c62 00a7 | bef6 ffff | ff66 6690 

  0x00007134e455a01c: ;   {runtime_call UncommonTrapBlob}
  0x00007134e455a01c: c5f8 77e8 

  0x00007134e455a020: ; ImmutableOopMap {}
                      ;*arraylength {reexecute=0 rethrow=0 return_oop=0}
                      ; - java.lang.String::length@4 (line 1519)
                      ; - java.lang.AbstractStringBuilder::append@10 (line 586)
                      ; - java.lang.StringBuilder::append@2 (line 179)
                      ; - java.net.URLStreamHandler::toExternalForm@77 (line 484)
                      ; - java.net.URL::toExternalForm@5 (line 1203)
                      ; - java.net.URL::toString@1 (line 1189)
                      ; - java.lang.ClassLoader::defineClassSourceLocation@22 (line 927)
                      ; - java.lang.ClassLoader::defineClass@12 (line 1026)
  0x00007134e455a020: dc02 83ff 

  0x00007134e455a024: ;   {other}
  0x00007134e455a024: 0f1f 8400 | 9462 00a8 | bef6 ffff | ff66 6690 

  0x00007134e455a034: ;   {runtime_call UncommonTrapBlob}
  0x00007134e455a034: c5f8 77e8 

  0x00007134e455a038: ; ImmutableOopMap {}
                      ;*arraylength {reexecute=0 rethrow=0 return_oop=0}
                      ; - java.lang.AbstractStringBuilder::ensureCapacityInternal@4 (line 240)
                      ; - java.lang.AbstractStringBuilder::append@21 (line 587)
                      ; - java.lang.StringBuilder::append@2 (line 179)
                      ; - java.net.URLStreamHandler::toExternalForm@77 (line 484)
                      ; - java.net.URL::toExternalForm@5 (line 1203)
                      ; - java.net.URL::toString@1 (line 1189)
                      ; - java.lang.ClassLoader::defineClassSourceLocation@22 (line 927)
                      ; - java.lang.ClassLoader::defineClass@12 (line 1026)
  0x00007134e455a038: c402 83ff 

  0x00007134e455a03c: ;   {other}
  0x00007134e455a03c: 0f1f 8400 | ac62 00a9 | bef6 ffff | ff66 6690 

  0x00007134e455a04c: ;   {runtime_call UncommonTrapBlob}
  0x00007134e455a04c: c5f8 77e8 

  0x00007134e455a050: ; ImmutableOopMap {}
                      ;*arraylength {reexecute=0 rethrow=0 return_oop=0}
                      ; - java.lang.String::getBytes@21 (line 4726)
                      ; - java.lang.AbstractStringBuilder::putStringAt@15 (line 1751)
                      ; - java.lang.AbstractStringBuilder::append@30 (line 588)
                      ; - java.lang.StringBuilder::append@2 (line 179)
                      ; - java.net.URLStreamHandler::toExternalForm@77 (line 484)
                      ; - java.net.URL::toExternalForm@5 (line 1203)
                      ; - java.net.URL::toString@1 (line 1189)
                      ; - java.lang.ClassLoader::defineClassSourceLocation@22 (line 927)
                      ; - java.lang.ClassLoader::defineClass@12 (line 1026)
  0x00007134e455a050: ac02 83ff 

  0x00007134e455a054: ;   {other}
  0x00007134e455a054: 0f1f 8400 | c462 00aa | bef6 ffff | ff44 895c | 2408 894c | 240c 6690 

  0x00007134e455a06c: ;   {runtime_call UncommonTrapBlob}
  0x00007134e455a06c: c5f8 77e8 

  0x00007134e455a070: ; ImmutableOopMap {[8]=NarrowOop }
                      ;*invokestatic arraycopy {reexecute=0 rethrow=0 return_oop=0}
                      ; - java.lang.String::getBytes@22 (line 4726)
                      ; - java.lang.AbstractStringBuilder::putStringAt@15 (line 1751)
                      ; - java.lang.AbstractStringBuilder::append@30 (line 588)
                      ; - java.lang.StringBuilder::append@2 (line 179)
                      ; - java.net.URLStreamHandler::toExternalForm@77 (line 484)
                      ; - java.net.URL::toExternalForm@5 (line 1203)
                      ; - java.net.URL::toString@1 (line 1189)
                      ; - java.lang.ClassLoader::defineClassSourceLocation@22 (line 927)
                      ; - java.lang.ClassLoader::defineClass@12 (line 1026)
  0x00007134e455a070: 8c02 83ff 

  0x00007134e455a074: ;   {other}
  0x00007134e455a074: 0f1f 8400 | e462 00ab | bef6 ffff | ff66 6690 

  0x00007134e455a084: ;   {runtime_call UncommonTrapBlob}
  0x00007134e455a084: c5f8 77e8 

  0x00007134e455a088: ; ImmutableOopMap {}
                      ;*arraylength {reexecute=0 rethrow=0 return_oop=0}
                      ; - java.lang.AbstractStringBuilder::ensureCapacityInternal@4 (line 240)
                      ; - java.lang.AbstractStringBuilder::append@21 (line 587)
                      ; - java.lang.StringBuilder::append@2 (line 179)
                      ; - java.net.URLStreamHandler::toExternalForm@113 (line 485)
                      ; - java.net.URL::toExternalForm@5 (line 1203)
                      ; - java.net.URL::toString@1 (line 1189)
                      ; - java.lang.ClassLoader::defineClassSourceLocation@22 (line 927)
                      ; - java.lang.ClassLoader::defineClass@12 (line 1026)
  0x00007134e455a088: 7402 83ff 

  0x00007134e455a08c: ;   {other}
  0x00007134e455a08c: 0f1f 8400 | fc62 00ac | bef6 ffff | ff41 8bea 

  0x00007134e455a09c: ;   {runtime_call UncommonTrapBlob}
  0x00007134e455a09c: c5f8 77e8 

  0x00007134e455a0a0: ; ImmutableOopMap {}
                      ;*invokestatic arraycopy {reexecute=0 rethrow=0 return_oop=0}
                      ; - java.lang.String::getBytes@22 (line 4726)
                      ; - java.lang.AbstractStringBuilder::putStringAt@15 (line 1751)
                      ; - java.lang.AbstractStringBuilder::append@30 (line 588)
                      ; - java.lang.StringBuilder::append@2 (line 179)
                      ; - java.net.URLStreamHandler::toExternalForm@113 (line 485)
                      ; - java.net.URL::toExternalForm@5 (line 1203)
                      ; - java.net.URL::toString@1 (line 1189)
                      ; - java.lang.ClassLoader::defineClassSourceLocation@22 (line 927)
                      ; - java.lang.ClassLoader::defineClass@12 (line 1026)
  0x00007134e455a0a0: 5c02 83ff 

  0x00007134e455a0a4: ;   {other}
  0x00007134e455a0a4: 0f1f 8400 | 1463 00ad | bef6 ffff | ff66 6690 

  0x00007134e455a0b4: ;   {runtime_call UncommonTrapBlob}
  0x00007134e455a0b4: c5f8 77e8 

  0x00007134e455a0b8: ; ImmutableOopMap {}
                      ;*arraylength {reexecute=0 rethrow=0 return_oop=0}
                      ; - java.lang.AbstractStringBuilder::ensureCapacityInternal@4 (line 240)
                      ; - java.lang.AbstractStringBuilder::append@21 (line 587)
                      ; - java.lang.StringBuilder::append@2 (line 179)
                      ; - java.net.URLStreamHandler::toExternalForm@149 (line 486)
                      ; - java.net.URL::toExternalForm@5 (line 1203)
                      ; - java.net.URL::toString@1 (line 1189)
                      ; - java.lang.ClassLoader::defineClassSourceLocation@22 (line 927)
                      ; - java.lang.ClassLoader::defineClass@12 (line 1026)
  0x00007134e455a0b8: 4402 83ff 

  0x00007134e455a0bc: ;   {other}
  0x00007134e455a0bc: 0f1f 8400 | 2c63 00ae | bef6 ffff | ff41 8be9 

  0x00007134e455a0cc: ;   {runtime_call UncommonTrapBlob}
  0x00007134e455a0cc: c5f8 77e8 

  0x00007134e455a0d0: ; ImmutableOopMap {}
                      ;*invokestatic arraycopy {reexecute=0 rethrow=0 return_oop=0}
                      ; - java.lang.String::getBytes@22 (line 4726)
                      ; - java.lang.AbstractStringBuilder::putStringAt@15 (line 1751)
                      ; - java.lang.AbstractStringBuilder::append@30 (line 588)
                      ; - java.lang.StringBuilder::append@2 (line 179)
                      ; - java.net.URLStreamHandler::toExternalForm@149 (line 486)
                      ; - java.net.URL::toExternalForm@5 (line 1203)
                      ; - java.net.URL::toString@1 (line 1189)
                      ; - java.lang.ClassLoader::defineClassSourceLocation@22 (line 927)
                      ; - java.lang.ClassLoader::defineClass@12 (line 1026)
  0x00007134e455a0d0: 2c02 83ff 

  0x00007134e455a0d4: ;   {other}
  0x00007134e455a0d4: 0f1f 8400 | 4463 00af | bef6 ffff | ff66 6690 

  0x00007134e455a0e4: ;   {runtime_call UncommonTrapBlob}
  0x00007134e455a0e4: c5f8 77e8 

  0x00007134e455a0e8: ; ImmutableOopMap {}
                      ;*arraylength {reexecute=0 rethrow=0 return_oop=0}
                      ; - java.util.Arrays::copyOfRange@6 (line 3853)
                      ; - java.lang.String::<init>@32 (line 4788)
                      ; - java.lang.String::<init>@3 (line 1507)
                      ; - java.lang.StringBuilder::toString@5 (line 475)
                      ; - java.net.URLStreamHandler::toExternalForm@152 (line 486)
                      ; - java.net.URL::toExternalForm@5 (line 1203)
                      ; - java.net.URL::toString@1 (line 1189)
                      ; - java.lang.ClassLoader::defineClassSourceLocation@22 (line 927)
                      ; - java.lang.ClassLoader::defineClass@12 (line 1026)
  0x00007134e455a0e8: 1402 83ff 

  0x00007134e455a0ec: ;   {other}
  0x00007134e455a0ec: 0f1f 8400 | 5c63 00b0 | bef6 ffff | ff66 6690 

  0x00007134e455a0fc: ;   {runtime_call UncommonTrapBlob}
  0x00007134e455a0fc: c5f8 77e8 

  0x00007134e455a100: ; ImmutableOopMap {}
                      ;*arraylength {reexecute=0 rethrow=0 return_oop=0}
                      ; - java.lang.String::length@4 (line 1519)
                      ; - java.lang.AbstractStringBuilder::append@10 (line 586)
                      ; - java.lang.StringBuilder::append@2 (line 179)
                      ; - java.net.URLStreamHandler::toExternalForm@11 (line 480)
                      ; - java.net.URL::toExternalForm@5 (line 1203)
                      ; - java.net.URL::toString@1 (line 1189)
                      ; - java.lang.ClassLoader::defineClassSourceLocation@22 (line 927)
                      ; - java.lang.ClassLoader::defineClass@12 (line 1026)
  0x00007134e455a100: fc01 83ff 

  0x00007134e455a104: ;   {other}
  0x00007134e455a104: 0f1f 8400 | 7463 00b1 | bef6 ffff | ff66 6690 

  0x00007134e455a114: ;   {runtime_call UncommonTrapBlob}
  0x00007134e455a114: c5f8 77e8 

  0x00007134e455a118: ; ImmutableOopMap {}
                      ;*arraylength {reexecute=0 rethrow=0 return_oop=0}
                      ; - java.lang.String::getBytes@21 (line 4726)
                      ; - java.lang.AbstractStringBuilder::putStringAt@15 (line 1751)
                      ; - java.lang.AbstractStringBuilder::append@30 (line 588)
                      ; - java.lang.StringBuilder::append@2 (line 179)
                      ; - java.net.URLStreamHandler::toExternalForm@11 (line 480)
                      ; - java.net.URL::toExternalForm@5 (line 1203)
                      ; - java.net.URL::toString@1 (line 1189)
                      ; - java.lang.ClassLoader::defineClassSourceLocation@22 (line 927)
                      ; - java.lang.ClassLoader::defineClass@12 (line 1026)
  0x00007134e455a118: e401 83ff 

  0x00007134e455a11c: ;   {other}
  0x00007134e455a11c: 0f1f 8400 | 8c63 00b2 | bef6 ffff | ff89 4c24 | 0844 894c | 240c 6690 

  0x00007134e455a134: ;   {runtime_call UncommonTrapBlob}
  0x00007134e455a134: c5f8 77e8 

  0x00007134e455a138: ; ImmutableOopMap {[8]=NarrowOop }
                      ;*invokestatic arraycopy {reexecute=0 rethrow=0 return_oop=0}
                      ; - java.lang.String::getBytes@22 (line 4726)
                      ; - java.lang.AbstractStringBuilder::putStringAt@15 (line 1751)
                      ; - java.lang.AbstractStringBuilder::append@30 (line 588)
                      ; - java.lang.StringBuilder::append@2 (line 179)
                      ; - java.net.URLStreamHandler::toExternalForm@11 (line 480)
                      ; - java.net.URL::toExternalForm@5 (line 1203)
                      ; - java.net.URL::toString@1 (line 1189)
                      ; - java.lang.ClassLoader::defineClassSourceLocation@22 (line 927)
                      ; - java.lang.ClassLoader::defineClass@12 (line 1026)
  0x00007134e455a138: c401 83ff 

  0x00007134e455a13c: ;   {other}
  0x00007134e455a13c: 0f1f 8400 | ac63 00b3 | bef6 ffff | ff66 6690 

  0x00007134e455a14c: ;   {runtime_call UncommonTrapBlob}
  0x00007134e455a14c: c5f8 77e8 

  0x00007134e455a150: ; ImmutableOopMap {}
                      ;*bastore {reexecute=0 rethrow=0 return_oop=0}
                      ; - java.lang.AbstractStringBuilder::append@41 (line 808)
                      ; - java.lang.StringBuilder::append@2 (line 246)
                      ; - java.net.URLStreamHandler::toExternalForm@16 (line 480)
                      ; - java.net.URL::toExternalForm@5 (line 1203)
                      ; - java.net.URL::toString@1 (line 1189)
                      ; - java.lang.ClassLoader::defineClassSourceLocation@22 (line 927)
                      ; - java.lang.ClassLoader::defineClass@12 (line 1026)
  0x00007134e455a150: ac01 83ff 

  0x00007134e455a154: ;   {other}
  0x00007134e455a154: 0f1f 8400 | c463 00b4 | bef6 ffff | ff66 6690 

  0x00007134e455a164: ;   {runtime_call UncommonTrapBlob}
  0x00007134e455a164: c5f8 77e8 

  0x00007134e455a168: ; ImmutableOopMap {}
                      ;*arraylength {reexecute=0 rethrow=0 return_oop=0}
                      ; - java.lang.String::isEmpty@4 (line 1532)
                      ; - java.net.URLStreamHandler::toExternalForm@29 (line 482)
                      ; - java.net.URL::toExternalForm@5 (line 1203)
                      ; - java.net.URL::toString@1 (line 1189)
                      ; - java.lang.ClassLoader::defineClassSourceLocation@22 (line 927)
                      ; - java.lang.ClassLoader::defineClass@12 (line 1026)
  0x00007134e455a168: 9401 83ff 

  0x00007134e455a16c: ;   {other}
  0x00007134e455a16c: 0f1f 8400 | dc63 00b5 | be45 ffff | ff48 8b6c | 2410 4c8b | 5424 284c | 8954 2408 | 4c8b 5424 
  0x00007134e455a18c: 184c 8954 | 2410 448b | 5424 2044 | 8954 2418 | 448b 4424 | 2444 8944 | 241c 4489 | 5c24 2c90 
  0x00007134e455a1ac: ;   {runtime_call UncommonTrapBlob}
  0x00007134e455a1ac: c5f8 77e8 

  0x00007134e455a1b0: ; ImmutableOopMap {rbp=Oop [8]=Oop [16]=Oop [44]=NarrowOop [48]=Oop }
                      ;*ifnull {reexecute=1 rethrow=0 return_oop=0}
                      ; - (reexecute) java.lang.ClassLoader::defineClassSourceLocation@8 (line 926)
                      ; - java.lang.ClassLoader::defineClass@12 (line 1026)
  0x00007134e455a1b0: 4c01 83ff 

  0x00007134e455a1b4: ;   {other}
  0x00007134e455a1b4: 0f1f 8400 | 2464 00b6 | be45 ffff | ff48 8b6c | 2410 4c8b | 5424 284c | 8954 2408 | 4c8b 5424 
  0x00007134e455a1d4: 304c 8954 | 2428 4c89 | 6c24 3048 | 895c 2440 

  0x00007134e455a1e4: ;   {runtime_call UncommonTrapBlob}
  0x00007134e455a1e4: c5f8 77e8 

  0x00007134e455a1e8: ; ImmutableOopMap {rbp=Oop [8]=Oop [24]=Oop [40]=Oop [48]=Oop [56]=NarrowOop [64]=Oop }
                      ;*ifnull {reexecute=1 rethrow=0 return_oop=0}
                      ; - (reexecute) java.lang.ClassLoader::checkCerts@30 (line 1167)
                      ; - java.lang.ClassLoader::preDefineClass@113 (line 917)
                      ; - java.lang.ClassLoader::defineClass@4 (line 1025)
  0x00007134e455a1e8: 1401 83ff 

  0x00007134e455a1ec: ;   {other}
  0x00007134e455a1ec: 0f1f 8400 | 5c64 00b7 | 4d85 d244 | 8b54 2470 | 410f 94c2 | 458b dabe | 45ff ffff | 4c8b 5424 
  0x00007134e455a20c: 304c 8954 | 2420 4889 | 4424 2844 | 895c 2430 

  0x00007134e455a21c: ;   {runtime_call UncommonTrapBlob}
  0x00007134e455a21c: c5f8 77e8 

  0x00007134e455a220: ; ImmutableOopMap {[8]=Oop [16]=Oop [32]=Oop [40]=Oop }
                      ;*ifeq {reexecute=1 rethrow=0 return_oop=0}
                      ; - (reexecute) java.lang.Class::getPackageName@29 (line 1164)
                      ; - java.lang.ClassLoader::postDefineClass@2 (line 934)
                      ; - java.lang.ClassLoader::defineClass@37 (line 1028)
  0x00007134e455a220: dc00 83ff 

  0x00007134e455a224: ;   {other}
  0x00007134e455a224: 0f1f 8400 | 9464 00b8 | bef6 ffff | ff66 6690 

  0x00007134e455a234: ;   {runtime_call UncommonTrapBlob}
  0x00007134e455a234: c5f8 77e8 

  0x00007134e455a238: ; ImmutableOopMap {}
                      ;*arraylength {reexecute=0 rethrow=0 return_oop=0}
                      ; - java.lang.String::length@4 (line 1519)
                      ; - java.lang.String::lastIndexOf@3 (line 2535)
                      ; - java.lang.Class::getPackageName@47 (line 1168)
                      ; - java.lang.ClassLoader::postDefineClass@2 (line 934)
                      ; - java.lang.ClassLoader::defineClass@37 (line 1028)
  0x00007134e455a238: c400 83ff 

  0x00007134e455a23c: ;   {other}
  0x00007134e455a23c: 0f1f 8400 | ac64 00b9 | be45 ffff | ff48 8b6c | 2410 4c8b | 5424 284c | 8954 2408 | 4c8b 5424 
  0x00007134e455a25c: 184c 8954 | 2410 448b | 5c24 2044 | 895c 2418 | 448b 5424 | 2444 8954 | 241c 4c8b | 5424 304c 
  0x00007134e455a27c: 8954 2420 | 895c 2428 | 4489 4c24 | 3866 6690 

  0x00007134e455a28c: ;   {runtime_call UncommonTrapBlob}
  0x00007134e455a28c: c5f8 77e8 

  0x00007134e455a290: ; ImmutableOopMap {rbp=Oop [8]=Oop [16]=Oop [32]=Oop [40]=NarrowOop [56]=NarrowOop [64]=Oop }
                      ;*ifnull {reexecute=1 rethrow=0 return_oop=0}
                      ; - (reexecute) java.net.URLStreamHandler::toExternalForm@68 (line 484)
                      ; - java.net.URL::toExternalForm@5 (line 1203)
                      ; - java.net.URL::toString@1 (line 1189)
                      ; - java.lang.ClassLoader::defineClassSourceLocation@22 (line 927)
                      ; - java.lang.ClassLoader::defineClass@12 (line 1026)
  0x00007134e455a290: 6c00 83ff 

  0x00007134e455a294: ;   {other}
  0x00007134e455a294: 0f1f 8400 | 0465 00ba | be45 ffff | ff48 8b6c | 2408 4489 | 5424 0890 

  0x00007134e455a2ac: ;   {runtime_call UncommonTrapBlob}
  0x00007134e455a2ac: c5f8 77e8 

  0x00007134e455a2b0: ; ImmutableOopMap {rbp=Oop [8]=NarrowOop }
                      ;*ifnull {reexecute=1 rethrow=0 return_oop=0}
                      ; - (reexecute) java.lang.ClassLoader::postDefineClass@17 (line 936)
                      ; - java.lang.ClassLoader::defineClass@37 (line 1028)
  0x00007134e455a2b0: 4c00 83ff 

  0x00007134e455a2b4: ;   {other}
  0x00007134e455a2b4: 0f1f 8400 | 2465 00bb | be76 ffff | ff48 8b6c | 2410 4c8b | 4c24 284c | 894c 2410 | 4c8b 4c24 
  0x00007134e455a2d4: 304c 894c | 2428 4c89 | 7424 4044 | 8954 2448 | 4489 6c24 | 4c44 8944 | 2450 4889 | 5424 5844 
  0x00007134e455a2f4: 895c 2460 

  0x00007134e455a2f8: ;   {runtime_call UncommonTrapBlob}
  0x00007134e455a2f8: c5f8 77e8 

  0x00007134e455a2fc: ; ImmutableOopMap {rbp=Oop [8]=Oop [16]=Oop [24]=Oop [40]=Oop [64]=Oop [80]=NarrowOop [88]=Oop }
                      ;*if_icmpge {reexecute=1 rethrow=0 return_oop=0}
                      ; - (reexecute) java.lang.ClassLoader::compareCerts@67 (line 1197)
                      ; - java.lang.ClassLoader::checkCerts@80 (line 1172)
                      ; - java.lang.ClassLoader::preDefineClass@113 (line 917)
                      ; - java.lang.ClassLoader::defineClass@4 (line 1025)
  0x00007134e455a2fc: 0000 83ff 

  0x00007134e455a300: ;   {other}
  0x00007134e455a300: 0f1f 8400 | 7065 00bc | be76 ffff | ff48 8b6c | 2410 4c8b | 4c24 284c | 894c 2410 | 4c8b 4c24 
  0x00007134e455a320: 304c 894c | 2428 4889 | 5424 3844 | 895c 2440 | 4489 6c24 | 4444 8944 | 2448 4c89 | 7424 5044 
  0x00007134e455a340: 8954 2458 

  0x00007134e455a344: ;   {runtime_call UncommonTrapBlob}
  0x00007134e455a344: c5f8 77e8 

  0x00007134e455a348: ; ImmutableOopMap {rbp=Oop [8]=Oop [16]=Oop [24]=Oop [40]=Oop [56]=Oop [72]=NarrowOop [80]=Oop }
                      ;*if_icmpge {reexecute=1 rethrow=0 return_oop=0}
                      ; - (reexecute) java.lang.ClassLoader::compareCerts@152 (line 1209)
                      ; - java.lang.ClassLoader::checkCerts@80 (line 1172)
                      ; - java.lang.ClassLoader::preDefineClass@113 (line 917)
                      ; - java.lang.ClassLoader::defineClass@4 (line 1025)
  0x00007134e455a348: b4ff 82ff 

  0x00007134e455a34c: ;   {other}
  0x00007134e455a34c: 0f1f 8400 | bc65 00bd | 4533 c9be | f4ff ffff | 488b 6c24 | 1048 8b4c | 2428 4889 | 4c24 1048 
  0x00007134e455a36c: 8b4c 2430 | 4889 4c24 | 284c 8974 | 2440 4489 | 5424 4844 | 896c 244c | 4889 5424 | 5844 895c 
  0x00007134e455a38c: 2454 4489 | 4c24 6044 | 8944 2464 

  0x00007134e455a398: ;   {runtime_call UncommonTrapBlob}
  0x00007134e455a398: c5f8 77e8 

  0x00007134e455a39c: ; ImmutableOopMap {rbp=Oop [8]=Oop [16]=Oop [24]=Oop [40]=Oop [64]=Oop [88]=Oop [100]=NarrowOop }
                      ;*instanceof {reexecute=0 rethrow=0 return_oop=0}
                      ; - java.security.cert.Certificate::equals@8 (line 111)
                      ; - java.lang.ClassLoader::compareCerts@81 (line 1198)
                      ; - java.lang.ClassLoader::checkCerts@80 (line 1172)
                      ; - java.lang.ClassLoader::preDefineClass@113 (line 917)
                      ; - java.lang.ClassLoader::defineClass@4 (line 1025)
  0x00007134e455a39c: 60ff 82ff 

  0x00007134e455a3a0: ;   {other}
  0x00007134e455a3a0: 0f1f 8400 | 1066 00be | 4533 c9be | f4ff ffff | 488b 6c24 | 1048 ff74 | 2428 488f | 4424 1048 
  0x00007134e455a3c0: 8b4c 2430 | 4889 4c24 | 2848 8954 | 2438 4489 | 5c24 4044 | 896c 2444 | 4c89 7424 | 5044 8954 
  0x00007134e455a3e0: 244c 4489 | 4c24 5844 | 8944 245c 

  0x00007134e455a3ec: ;   {runtime_call UncommonTrapBlob}
  0x00007134e455a3ec: c5f8 77e8 

  0x00007134e455a3f0: ; ImmutableOopMap {rbp=Oop [8]=Oop [16]=Oop [24]=Oop [40]=Oop [56]=Oop [80]=Oop [92]=NarrowOop }
                      ;*instanceof {reexecute=0 rethrow=0 return_oop=0}
                      ; - java.security.cert.Certificate::equals@8 (line 111)
                      ; - java.lang.ClassLoader::compareCerts@166 (line 1210)
                      ; - java.lang.ClassLoader::checkCerts@80 (line 1172)
                      ; - java.lang.ClassLoader::preDefineClass@113 (line 917)
                      ; - java.lang.ClassLoader::defineClass@4 (line 1025)
  0x00007134e455a3f0: 0cff 82ff 

  0x00007134e455a3f4: ;   {other}
  0x00007134e455a3f4: 0f1f 8400 | 6466 00bf | bef6 ffff | ff41 8be9 

  0x00007134e455a404: ;   {runtime_call UncommonTrapBlob}
  0x00007134e455a404: c5f8 77e8 

  0x00007134e455a408: ; ImmutableOopMap {}
                      ;*aaload {reexecute=0 rethrow=0 return_oop=0}
                      ; - java.security.CodeSource::getCertificates@50 (line 212)
                      ; - java.lang.ClassLoader::checkCerts@34 (line 1168)
                      ; - java.lang.ClassLoader::preDefineClass@113 (line 917)
                      ; - java.lang.ClassLoader::defineClass@4 (line 1025)
  0x00007134e455a408: f4fe 82ff 

  0x00007134e455a40c: ;   {other}
  0x00007134e455a40c: 0f1f 8400 | 7c66 00c0 | bef6 ffff | ff66 6690 

  0x00007134e455a41c: ;   {runtime_call UncommonTrapBlob}
  0x00007134e455a41c: c5f8 77e8 

  0x00007134e455a420: ; ImmutableOopMap {}
                      ;*invokevirtual getSignerCertPath {reexecute=0 rethrow=0 return_oop=0}
                      ; - java.security.CodeSource::getCertificates@51 (line 213)
                      ; - java.lang.ClassLoader::checkCerts@34 (line 1168)
                      ; - java.lang.ClassLoader::preDefineClass@113 (line 917)
                      ; - java.lang.ClassLoader::defineClass@4 (line 1025)
  0x00007134e455a420: dcfe 82ff 

  0x00007134e455a424: ;   {other}
  0x00007134e455a424: 0f1f 8400 | 9466 00c1 | bef6 ffff | ff66 6690 

  0x00007134e455a434: ;   {runtime_call UncommonTrapBlob}
  0x00007134e455a434: c5f8 77e8 

  0x00007134e455a438: ; ImmutableOopMap {}
                      ;*invokevirtual getCertificates {reexecute=0 rethrow=0 return_oop=0}
                      ; - java.security.CodeSource::getCertificates@54 (line 213)
                      ; - java.lang.ClassLoader::checkCerts@34 (line 1168)
                      ; - java.lang.ClassLoader::preDefineClass@113 (line 917)
                      ; - java.lang.ClassLoader::defineClass@4 (line 1025)
  0x00007134e455a438: c4fe 82ff 

  0x00007134e455a43c: ;   {other}
  0x00007134e455a43c: 0f1f 8400 | ac66 00c2 | bef6 ffff | ff66 6690 

  0x00007134e455a44c: ;   {runtime_call UncommonTrapBlob}
  0x00007134e455a44c: c5f8 77e8 

  0x00007134e455a450: ; ImmutableOopMap {}
                      ;*arraylength {reexecute=0 rethrow=0 return_oop=0}
                      ; - java.security.CodeSource::getCertificates@40 (line 211)
                      ; - java.lang.ClassLoader::checkCerts@34 (line 1168)
                      ; - java.lang.ClassLoader::preDefineClass@113 (line 917)
                      ; - java.lang.ClassLoader::defineClass@4 (line 1025)
  0x00007134e455a450: acfe 82ff 

  0x00007134e455a454: ;   {other}
  0x00007134e455a454: 0f1f 8400 | c466 00c3 | bef6 ffff | ff41 8be8 

  0x00007134e455a464: ;   {runtime_call UncommonTrapBlob}
  0x00007134e455a464: c5f8 77e8 

  0x00007134e455a468: ; ImmutableOopMap {}
                      ;*aaload {reexecute=0 rethrow=0 return_oop=0}
                      ; - java.security.CodeSource::getCertificates@50 (line 212)
                      ; - java.lang.ClassLoader::postDefineClass@24 (line 937)
                      ; - java.lang.ClassLoader::defineClass@37 (line 1028)
  0x00007134e455a468: 94fe 82ff 

  0x00007134e455a46c: ;   {other}
  0x00007134e455a46c: 0f1f 8400 | dc66 00c4 | bef6 ffff | ff66 6690 

  0x00007134e455a47c: ;   {runtime_call UncommonTrapBlob}
  0x00007134e455a47c: c5f8 77e8 

  0x00007134e455a480: ; ImmutableOopMap {}
                      ;*invokevirtual getSignerCertPath {reexecute=0 rethrow=0 return_oop=0}
                      ; - java.security.CodeSource::getCertificates@51 (line 213)
                      ; - java.lang.ClassLoader::postDefineClass@24 (line 937)
                      ; - java.lang.ClassLoader::defineClass@37 (line 1028)
  0x00007134e455a480: 7cfe 82ff 

  0x00007134e455a484: ;   {other}
  0x00007134e455a484: 0f1f 8400 | f466 00c5 | bef6 ffff | ff66 6690 

  0x00007134e455a494: ;   {runtime_call UncommonTrapBlob}
  0x00007134e455a494: c5f8 77e8 

  0x00007134e455a498: ; ImmutableOopMap {}
                      ;*invokevirtual getCertificates {reexecute=0 rethrow=0 return_oop=0}
                      ; - java.security.CodeSource::getCertificates@54 (line 213)
                      ; - java.lang.ClassLoader::postDefineClass@24 (line 937)
                      ; - java.lang.ClassLoader::defineClass@37 (line 1028)
  0x00007134e455a498: 64fe 82ff 

  0x00007134e455a49c: ;   {other}
  0x00007134e455a49c: 0f1f 8400 | 0c67 00c6 | bef6 ffff | ff66 6690 

  0x00007134e455a4ac: ;   {runtime_call UncommonTrapBlob}
  0x00007134e455a4ac: c5f8 77e8 

  0x00007134e455a4b0: ; ImmutableOopMap {}
                      ;*arraylength {reexecute=0 rethrow=0 return_oop=0}
                      ; - java.security.CodeSource::getCertificates@40 (line 211)
                      ; - java.lang.ClassLoader::postDefineClass@24 (line 937)
                      ; - java.lang.ClassLoader::defineClass@37 (line 1028)
  0x00007134e455a4b0: 4cfe 82ff 

  0x00007134e455a4b4: ;   {other}
  0x00007134e455a4b4: 0f1f 8400 | 2467 00c7 | be97 ffff | ff48 8b6c | 2410 4c8b | 5424 404c | 8954 2428 | 4c8b 5424 
  0x00007134e455a4d4: 384c 8954 | 2430 448b | 5c24 4844 | 895c 2438 

  0x00007134e455a4e4: ;   {runtime_call UncommonTrapBlob}
  0x00007134e455a4e4: c5f8 77e8 

  0x00007134e455a4e8: ; ImmutableOopMap {rbp=Oop [8]=Oop [24]=Oop [40]=Oop [48]=Oop [56]=NarrowOop [76]=NarrowOop [80]=Oop }
                      ;*invokevirtual clone {reexecute=1 rethrow=0 return_oop=0}
                      ; - (reexecute) java.util.Arrays::copyOfRange@18 (line 3856)
                      ; - java.lang.StringLatin1::newString@16 (line 752)
                      ; - java.lang.String::substring@41 (line 2839)
                      ; - java.lang.ClassLoader::checkCerts@21 (line 1164)
                      ; - java.lang.ClassLoader::preDefineClass@113 (line 917)
                      ; - java.lang.ClassLoader::defineClass@4 (line 1025)
  0x00007134e455a4e8: 14fe 82ff 

  0x00007134e455a4ec: ;   {other}
  0x00007134e455a4ec: 0f1f 8400 | 5c67 00c8 | be97 ffff | ff4c 8b54 | 2418 4c89 | 5424 1044 | 8b5c 2420 | 4489 5c24 
  0x00007134e455a50c: 1844 8b5c | 2424 4489 | 5c24 1c4c | 8b54 2438 | 4c89 5424 | 204c 8b54 | 2440 4c89 | 5424 3090 
  0x00007134e455a52c: ;   {runtime_call UncommonTrapBlob}
  0x00007134e455a52c: c5f8 77e8 

  0x00007134e455a530: ; ImmutableOopMap {rbp=Oop [8]=Oop [16]=Oop [32]=Oop [48]=Oop [64]=Oop [72]=NarrowOop }
                      ;*invokevirtual clone {reexecute=1 rethrow=0 return_oop=0}
                      ; - (reexecute) java.util.Arrays::copyOfRange@18 (line 3856)
                      ; - java.lang.String::<init>@32 (line 4788)
                      ; - java.lang.String::<init>@3 (line 1507)
                      ; - java.lang.StringBuilder::toString@5 (line 475)
                      ; - java.net.URLStreamHandler::toExternalForm@152 (line 486)
                      ; - java.net.URL::toExternalForm@5 (line 1203)
                      ; - java.net.URL::toString@1 (line 1189)
                      ; - java.lang.ClassLoader::defineClassSourceLocation@22 (line 927)
                      ; - java.lang.ClassLoader::defineClass@12 (line 1026)
  0x00007134e455a530: ccfd 82ff 

  0x00007134e455a534: ;   {other}
  0x00007134e455a534: 0f1f 8400 | a467 00c9 | be97 ffff | ff48 8b6c | 2410 4c8b | 5424 404c | 8954 2428 | 4c8b 5424 
  0x00007134e455a554: 384c 8954 | 2430 6690 

  0x00007134e455a55c: ;   {runtime_call UncommonTrapBlob}
  0x00007134e455a55c: c5f8 77e8 

  0x00007134e455a560: ; ImmutableOopMap {rbp=Oop [8]=Oop [24]=Oop [40]=Oop [48]=Oop [72]=Oop [80]=NarrowOop }
                      ;*invokevirtual clone {reexecute=1 rethrow=0 return_oop=0}
                      ; - (reexecute) java.security.CodeSource::getCertificates@11 (line 205)
                      ; - java.lang.ClassLoader::checkCerts@34 (line 1168)
                      ; - java.lang.ClassLoader::preDefineClass@113 (line 917)
                      ; - java.lang.ClassLoader::defineClass@4 (line 1025)
  0x00007134e455a560: 9cfd 82ff 

  0x00007134e455a564: ;   {other}
  0x00007134e455a564: 0f1f 8400 | d467 00ca | bef4 ffff | ff4c 8b54 | 2418 4c89 | 5424 1044 | 8b54 2420 | 4489 5424 
  0x00007134e455a584: 1844 8b5c | 2424 4489 | 5c24 1c4c | 8b54 2430 | 4c89 5424 | 204c 8b54 | 2440 4c89 | 5424 3090 
  0x00007134e455a5a4: ;   {runtime_call UncommonTrapBlob}
  0x00007134e455a5a4: c5f8 77e8 

  0x00007134e455a5a8: ; ImmutableOopMap {rbp=Oop [8]=Oop [16]=Oop [32]=Oop [48]=Oop [56]=NarrowOop [72]=Oop }
                      ;*checkcast {reexecute=0 rethrow=0 return_oop=0}
                      ; - java.security.CodeSource::getCertificates@76 (line 215)
                      ; - java.lang.ClassLoader::checkCerts@34 (line 1168)
                      ; - java.lang.ClassLoader::preDefineClass@113 (line 917)
                      ; - java.lang.ClassLoader::defineClass@4 (line 1025)
  0x00007134e455a5a8: 54fd 82ff 

  0x00007134e455a5ac: ;   {other}
  0x00007134e455a5ac: 0f1f 8400 | 1c68 00cb | be97 ffff | ff48 8b6c | 2418 6690 

  0x00007134e455a5c0: ;   {runtime_call UncommonTrapBlob}
  0x00007134e455a5c0: c5f8 77e8 

  0x00007134e455a5c4: ; ImmutableOopMap {rbp=Oop [8]=Oop [32]=NarrowOop }
                      ;*invokevirtual clone {reexecute=1 rethrow=0 return_oop=0}
                      ; - (reexecute) java.security.CodeSource::getCertificates@11 (line 205)
                      ; - java.lang.ClassLoader::postDefineClass@24 (line 937)
                      ; - java.lang.ClassLoader::defineClass@37 (line 1028)
  0x00007134e455a5c4: 38fd 82ff 

  0x00007134e455a5c8: ;   {other}
  0x00007134e455a5c8: 0f1f 8400 | 3868 00cc | bef4 ffff | ff66 6690 

  0x00007134e455a5d8: ;   {runtime_call UncommonTrapBlob}
  0x00007134e455a5d8: c5f8 77e8 

  0x00007134e455a5dc: ; ImmutableOopMap {[8]=Oop [16]=Oop [24]=NarrowOop }
                      ;*checkcast {reexecute=0 rethrow=0 return_oop=0}
                      ; - java.security.CodeSource::getCertificates@76 (line 215)
                      ; - java.lang.ClassLoader::postDefineClass@24 (line 937)
                      ; - java.lang.ClassLoader::defineClass@37 (line 1028)
  0x00007134e455a5dc: 20fd 82ff 

  0x00007134e455a5e0: ;   {other}
  0x00007134e455a5e0: 0f1f 8400 | 5068 00cd | be97 ffff | ff4c 8b54 | 2420 4c89 | 5424 0890 

  0x00007134e455a5f8: ;   {runtime_call UncommonTrapBlob}
  0x00007134e455a5f8: c5f8 77e8 

  0x00007134e455a5fc: ; ImmutableOopMap {rbp=Oop [8]=Oop [24]=Oop [40]=NarrowOop [56]=Oop }
                      ;*invokevirtual clone {reexecute=1 rethrow=0 return_oop=0}
                      ; - (reexecute) java.util.Arrays::copyOfRange@18 (line 3856)
                      ; - java.lang.StringLatin1::newString@16 (line 752)
                      ; - java.lang.String::substring@41 (line 2839)
                      ; - java.lang.Class::getPackageName@62 (line 1169)
                      ; - java.lang.ClassLoader::postDefineClass@2 (line 934)
                      ; - java.lang.ClassLoader::defineClass@37 (line 1028)
  0x00007134e455a5fc: 00fd 82ff 

  0x00007134e455a600: ;   {other}
  0x00007134e455a600: 0f1f 8400 | 7068 00ce | be97 ffff | ff66 6690 

  0x00007134e455a610: ;   {runtime_call UncommonTrapBlob}
  0x00007134e455a610: c5f8 77e8 

  0x00007134e455a614: ; ImmutableOopMap {[8]=NarrowOop [12]=NarrowOop [16]=Oop [24]=Oop [40]=Oop [48]=Oop [64]=Oop }
                      ;*invokevirtual clone {reexecute=1 rethrow=0 return_oop=0}
                      ; - (reexecute) java.util.Arrays::copyOf@7 (line 3539)
                      ; - java.lang.AbstractStringBuilder::ensureCapacityInternal@32 (line 242)
                      ; - java.lang.AbstractStringBuilder::append@7 (line 806)
                      ; - java.lang.StringBuilder::append@2 (line 246)
                      ; - java.net.URLStreamHandler::toExternalForm@16 (line 480)
                      ; - java.net.URL::toExternalForm@5 (line 1203)
                      ; - java.net.URL::toString@1 (line 1189)
                      ; - java.lang.ClassLoader::defineClassSourceLocation@22 (line 927)
                      ; - java.lang.ClassLoader::defineClass@12 (line 1026)
  0x00007134e455a614: e8fc 82ff 

  0x00007134e455a618: ;   {other}
  0x00007134e455a618: 0f1f 8400 | 8868 00cf | be97 ffff | ff4c 8b54 | 2448 4c89 | 5424 4044 | 8b54 2454 | 4489 5424 
  0x00007134e455a638: 4866 6690 

  0x00007134e455a63c: ;   {runtime_call UncommonTrapBlob}
  0x00007134e455a63c: c5f8 77e8 

  0x00007134e455a640: ; ImmutableOopMap {rbp=Oop [8]=NarrowOop [12]=NarrowOop [16]=Oop [24]=Oop [40]=Oop [48]=Oop [64]=Oop }
                      ;*invokevirtual clone {reexecute=1 rethrow=0 return_oop=0}
                      ; - (reexecute) java.util.Arrays::copyOf@7 (line 3539)
                      ; - java.lang.AbstractStringBuilder::ensureCapacityInternal@32 (line 242)
                      ; - java.lang.AbstractStringBuilder::append@21 (line 587)
                      ; - java.lang.StringBuilder::append@2 (line 179)
                      ; - java.net.URLStreamHandler::toExternalForm@59 (line 483)
                      ; - java.net.URL::toExternalForm@5 (line 1203)
                      ; - java.net.URL::toString@1 (line 1189)
                      ; - java.lang.ClassLoader::defineClassSourceLocation@22 (line 927)
                      ; - java.lang.ClassLoader::defineClass@12 (line 1026)
  0x00007134e455a640: bcfc 82ff 

  0x00007134e455a644: ;   {other}
  0x00007134e455a644: 0f1f 8400 | b468 00d0 | be97 ffff | ff44 8b54 | 2450 4489 | 5424 4090 

  0x00007134e455a65c: ;   {runtime_call UncommonTrapBlob}
  0x00007134e455a65c: c5f8 77e8 

  0x00007134e455a660: ; ImmutableOopMap {rbp=Oop [8]=NarrowOop [12]=NarrowOop [16]=Oop [24]=Oop [40]=Oop [48]=Oop [72]=NarrowOop }
                      ;*invokevirtual clone {reexecute=1 rethrow=0 return_oop=0}
                      ; - (reexecute) java.util.Arrays::copyOf@7 (line 3539)
                      ; - java.lang.AbstractStringBuilder::ensureCapacityInternal@32 (line 242)
                      ; - java.lang.AbstractStringBuilder::append@21 (line 587)
                      ; - java.lang.StringBuilder::append@2 (line 179)
                      ; - java.net.URLStreamHandler::toExternalForm@77 (line 484)
                      ; - java.net.URL::toExternalForm@5 (line 1203)
                      ; - java.net.URL::toString@1 (line 1189)
                      ; - java.lang.ClassLoader::defineClassSourceLocation@22 (line 927)
                      ; - java.lang.ClassLoader::defineClass@12 (line 1026)
  0x00007134e455a660: 9cfc 82ff 

  0x00007134e455a664: ;   {other}
  0x00007134e455a664: 0f1f 8400 | d468 00d1 | be97 ffff | ff66 6690 

  0x00007134e455a674: ;   {runtime_call UncommonTrapBlob}
  0x00007134e455a674: c5f8 77e8 

  0x00007134e455a678: ; ImmutableOopMap {[8]=NarrowOop [12]=NarrowOop [16]=Oop [24]=Oop [40]=Oop [48]=Oop [64]=Oop }
                      ;*invokevirtual clone {reexecute=1 rethrow=0 return_oop=0}
                      ; - (reexecute) java.util.Arrays::copyOf@7 (line 3539)
                      ; - java.lang.AbstractStringBuilder::ensureCapacityInternal@32 (line 242)
                      ; - java.lang.AbstractStringBuilder::append@21 (line 587)
                      ; - java.lang.StringBuilder::append@2 (line 179)
                      ; - java.net.URLStreamHandler::toExternalForm@113 (line 485)
                      ; - java.net.URL::toExternalForm@5 (line 1203)
                      ; - java.net.URL::toString@1 (line 1189)
                      ; - java.lang.ClassLoader::defineClassSourceLocation@22 (line 927)
                      ; - java.lang.ClassLoader::defineClass@12 (line 1026)
  0x00007134e455a678: 84fc 82ff 

  0x00007134e455a67c: ;   {other}
  0x00007134e455a67c: 0f1f 8400 | ec68 00d2 | be97 ffff | ff44 8b5c | 2420 4489 | 5c24 0c90 

  0x00007134e455a694: ;   {runtime_call UncommonTrapBlob}
  0x00007134e455a694: c5f8 77e8 

  0x00007134e455a698: ; ImmutableOopMap {[8]=NarrowOop [16]=Oop [24]=Oop [40]=Oop [48]=Oop [64]=Oop }
                      ;*invokevirtual clone {reexecute=1 rethrow=0 return_oop=0}
                      ; - (reexecute) java.util.Arrays::copyOf@7 (line 3539)
                      ; - java.lang.AbstractStringBuilder::ensureCapacityInternal@32 (line 242)
                      ; - java.lang.AbstractStringBuilder::append@21 (line 587)
                      ; - java.lang.StringBuilder::append@2 (line 179)
                      ; - java.net.URLStreamHandler::toExternalForm@149 (line 486)
                      ; - java.net.URL::toExternalForm@5 (line 1203)
                      ; - java.net.URL::toString@1 (line 1189)
                      ; - java.lang.ClassLoader::defineClassSourceLocation@22 (line 927)
                      ; - java.lang.ClassLoader::defineClass@12 (line 1026)
  0x00007134e455a698: 64fc 82ff 

  0x00007134e455a69c: ;   {other}
  0x00007134e455a69c: 0f1f 8400 | 0c69 00d3 | be97 ffff | ff48 8b6c | 2410 4c8b | 5424 284c | 8954 2410 | 4c8b 5424 
  0x00007134e455a6bc: 304c 8954 | 2428 6690 

  0x00007134e455a6c4: ;   {runtime_call UncommonTrapBlob}
  0x00007134e455a6c4: c5f8 77e8 

  0x00007134e455a6c8: ; ImmutableOopMap {rbp=Oop [8]=NarrowOop [12]=NarrowOop [16]=Oop [24]=Oop [40]=Oop [64]=Oop [72]=Oop }
                      ;*invokevirtual clone {reexecute=1 rethrow=0 return_oop=0}
                      ; - (reexecute) java.util.Arrays::copyOf@7 (line 3539)
                      ; - java.lang.AbstractStringBuilder::ensureCapacityInternal@32 (line 242)
                      ; - java.lang.AbstractStringBuilder::append@21 (line 587)
                      ; - java.lang.StringBuilder::append@2 (line 179)
                      ; - java.net.URLStreamHandler::toExternalForm@11 (line 480)
                      ; - java.net.URL::toExternalForm@5 (line 1203)
                      ; - java.net.URL::toString@1 (line 1189)
                      ; - java.lang.ClassLoader::defineClassSourceLocation@22 (line 927)
                      ; - java.lang.ClassLoader::defineClass@12 (line 1026)
  0x00007134e455a6c8: 34fc 82ff 

  0x00007134e455a6cc: ;   {other}
  0x00007134e455a6cc: 0f1f 8400 | 3c69 00d4 | be97 ffff | ff4c 8b54 | 2430 4c89 | 5424 284c | 8b54 2440 | 4c89 5424 
  0x00007134e455a6ec: 3866 6690 

  0x00007134e455a6f0: ;   {runtime_call UncommonTrapBlob}
  0x00007134e455a6f0: c5f8 77e8 

  0x00007134e455a6f4: ; ImmutableOopMap {rbp=Oop [8]=Oop [16]=Oop [24]=Oop [40]=Oop [56]=Oop [72]=Oop }
                      ;*invokevirtual clone {reexecute=1 rethrow=0 return_oop=0}
                      ; - (reexecute) java.security.CodeSource::getCertificates@86 (line 217)
                      ; - java.lang.ClassLoader::checkCerts@34 (line 1168)
                      ; - java.lang.ClassLoader::preDefineClass@113 (line 917)
                      ; - java.lang.ClassLoader::defineClass@4 (line 1025)
  0x00007134e455a6f4: 08fc 82ff 

  0x00007134e455a6f8: ;   {other}
  0x00007134e455a6f8: 0f1f 8400 | 6869 00d5 | be97 ffff | ff66 6690 

  0x00007134e455a708: ;   {runtime_call UncommonTrapBlob}
  0x00007134e455a708: c5f8 77e8 

  0x00007134e455a70c: ; ImmutableOopMap {[8]=Oop [16]=Oop [40]=Oop }
                      ;*invokevirtual clone {reexecute=1 rethrow=0 return_oop=0}
                      ; - (reexecute) java.security.CodeSource::getCertificates@86 (line 217)
                      ; - java.lang.ClassLoader::postDefineClass@24 (line 937)
                      ; - java.lang.ClassLoader::defineClass@37 (line 1028)
  0x00007134e455a70c: f0fb 82ff 

  0x00007134e455a710: ;   {other}
  0x00007134e455a710: 0f1f 8400 | 8069 00d6 | eb70 eb6e | eb6c eb6a | eb68 eb66 | eb64 eb62 | eb60 eb5e | eb5c eb5a 
  0x00007134e455a730: eb58 eb56 | eb54 eb52 | eb50 eb4e | eb4c eb4a | eb48 eb46 | eb44 eb42 | eb40 eb3e | eb3c eb3a 
  0x00007134e455a750: eb38 eb36 | eb34 eb32 | eb30 eb2e | eb2c eb2a | eb28 eb26 | eb24 eb22 | eb20 eb1e | eb1c eb1a 
  0x00007134e455a770: eb18 eb16 | eb14 eb12 | eb10 eb0e | eb0c eb0a | eb08 eb06 | eb04 eb02 | eb00 488b | f0e9 ebb5 
  0x00007134e455a790: ;   {internal_word}
  0x00007134e455a790: ffff 49ba | 4f5e 55e4 | 3471 0000 | 4d89 9760 

  0x00007134e455a7a0: ;   {runtime_call SafepointBlob}
  0x00007134e455a7a0: 0400 00e9 | 580c 83ff 

  0x00007134e455a7a8: ;   {runtime_call StubRoutines (final stubs)}
  0x00007134e455a7a8: e833 4881 | ffe9 8c9d | ffff f4f4 | f4f4 f4f4 
[Stub Code]
  0x00007134e455a7b8: ;   {no_reloc}
  0x00007134e455a7b8: 48bb 0000 | 0000 0000 

  0x00007134e455a7c0: ;   {runtime_call nmethod}
  0x00007134e455a7c0: 0000 e9fb 

  0x00007134e455a7c4: ;   {static_stub}
  0x00007134e455a7c4: ffff ff48 | bb00 0000 | 0000 0000 

  0x00007134e455a7d0: ;   {runtime_call nmethod}
  0x00007134e455a7d0: 00e9 fbff 

  0x00007134e455a7d4: ;   {static_stub}
  0x00007134e455a7d4: ffff 48bb | 0000 0000 | 0000 0000 

  0x00007134e455a7e0: ;   {runtime_call nmethod}
  0x00007134e455a7e0: e9fb ffff 

  0x00007134e455a7e4: ;   {static_stub}
  0x00007134e455a7e4: ff48 bb00 | 0000 0000 

  0x00007134e455a7ec: ;   {runtime_call nmethod}
  0x00007134e455a7ec: 0000 00e9 | fbff ffff 

  0x00007134e455a7f4: ;   {static_stub}
  0x00007134e455a7f4: 48bb 0000 | 0000 0000 

  0x00007134e455a7fc: ;   {runtime_call nmethod}
  0x00007134e455a7fc: 0000 e9fb 

  0x00007134e455a800: ;   {static_stub}
  0x00007134e455a800: ffff ff48 | bb00 0000 | 0000 0000 

  0x00007134e455a80c: ;   {runtime_call nmethod}
  0x00007134e455a80c: 00e9 fbff 

  0x00007134e455a810: ;   {static_stub}
  0x00007134e455a810: ffff 48bb | 0000 0000 | 0000 0000 

  0x00007134e455a81c: ;   {runtime_call nmethod}
  0x00007134e455a81c: e9fb ffff 

  0x00007134e455a820: ;   {static_stub}
  0x00007134e455a820: ff48 bb00 | 0000 0000 

  0x00007134e455a828: ;   {runtime_call nmethod}
  0x00007134e455a828: 0000 00e9 | fbff ffff 

  0x00007134e455a830: ;   {static_stub}
  0x00007134e455a830: 48bb 0000 | 0000 0000 

  0x00007134e455a838: ;   {runtime_call nmethod}
  0x00007134e455a838: 0000 e9fb 

  0x00007134e455a83c: ;   {static_stub}
  0x00007134e455a83c: ffff ff48 | bba0 7540 | 8e34 7100 

  0x00007134e455a848: ;   {runtime_call I2C/C2I adapters}
  0x00007134e455a848: 00e9 2158 

  0x00007134e455a84c: ;   {static_stub}
  0x00007134e455a84c: 80ff 48bb | 0000 0000 | 0000 0000 

  0x00007134e455a858: ;   {runtime_call nmethod}
  0x00007134e455a858: e9fb ffff 

  0x00007134e455a85c: ;   {static_stub}
  0x00007134e455a85c: ff48 bb00 | 0000 0000 

  0x00007134e455a864: ;   {runtime_call nmethod}
  0x00007134e455a864: 0000 00e9 | fbff ffff 

  0x00007134e455a86c: ;   {static_stub}
  0x00007134e455a86c: 48bb 0000 | 0000 0000 

  0x00007134e455a874: ;   {runtime_call nmethod}
  0x00007134e455a874: 0000 e9fb 

  0x00007134e455a878: ;   {static_stub}
  0x00007134e455a878: ffff ff48 | bb00 0000 | 0000 0000 

  0x00007134e455a884: ;   {runtime_call nmethod}
  0x00007134e455a884: 00e9 fbff 

  0x00007134e455a888: ;   {static_stub}
  0x00007134e455a888: ffff 48bb | 0000 0000 | 0000 0000 

  0x00007134e455a894: ;   {runtime_call nmethod}
  0x00007134e455a894: e9fb ffff 

  0x00007134e455a898: ;   {static_stub}
  0x00007134e455a898: ff48 bb00 | 0000 0000 

  0x00007134e455a8a0: ;   {runtime_call nmethod}
  0x00007134e455a8a0: 0000 00e9 | fbff ffff 

  0x00007134e455a8a8: ;   {static_stub}
  0x00007134e455a8a8: 48bb 0000 | 0000 0000 

  0x00007134e455a8b0: ;   {runtime_call nmethod}
  0x00007134e455a8b0: 0000 e9fb 

  0x00007134e455a8b4: ;   {static_stub}
  0x00007134e455a8b4: ffff ff48 | bb00 0000 | 0000 0000 

  0x00007134e455a8c0: ;   {runtime_call nmethod}
  0x00007134e455a8c0: 00e9 fbff 

  0x00007134e455a8c4: ;   {static_stub}
  0x00007134e455a8c4: ffff 48bb | 0000 0000 | 0000 0000 

  0x00007134e455a8d0: ;   {runtime_call nmethod}
  0x00007134e455a8d0: e9fb ffff 

  0x00007134e455a8d4: ;   {static_stub}
  0x00007134e455a8d4: ff48 bb00 | 0000 0000 

  0x00007134e455a8dc: ;   {runtime_call nmethod}
  0x00007134e455a8dc: 0000 00e9 | fbff ffff 

  0x00007134e455a8e4: ;   {static_stub}
  0x00007134e455a8e4: 48bb 0000 | 0000 0000 

  0x00007134e455a8ec: ;   {runtime_call nmethod}
  0x00007134e455a8ec: 0000 e9fb 

  0x00007134e455a8f0: ;   {static_stub}
  0x00007134e455a8f0: ffff ff48 | bb00 0000 | 0000 0000 

  0x00007134e455a8fc: ;   {runtime_call nmethod}
  0x00007134e455a8fc: 00e9 fbff 

  0x00007134e455a900: ;   {static_stub}
  0x00007134e455a900: ffff 48bb | 0000 0000 | 0000 0000 

  0x00007134e455a90c: ;   {runtime_call nmethod}
  0x00007134e455a90c: e9fb ffff 

  0x00007134e455a910: ;   {static_stub}
  0x00007134e455a910: ff48 bb00 | 0000 0000 

  0x00007134e455a918: ;   {runtime_call nmethod}
  0x00007134e455a918: 0000 00e9 | fbff ffff 

  0x00007134e455a920: ;   {static_stub}
  0x00007134e455a920: 48bb 0000 | 0000 0000 

  0x00007134e455a928: ;   {runtime_call nmethod}
  0x00007134e455a928: 0000 e9fb 

  0x00007134e455a92c: ;   {static_stub}
  0x00007134e455a92c: ffff ff48 | bb00 0000 | 0000 0000 

  0x00007134e455a938: ;   {runtime_call nmethod}
  0x00007134e455a938: 00e9 fbff 

  0x00007134e455a93c: ;   {static_stub}
  0x00007134e455a93c: ffff 48bb | 0000 0000 | 0000 0000 

  0x00007134e455a948: ;   {runtime_call nmethod}
  0x00007134e455a948: e9fb ffff 

  0x00007134e455a94c: ;   {runtime_call ExceptionBlob}
  0x00007134e455a94c: ffe9 aef4 | 8dff e800 | 0000 0048 | 832c 2405 

  0x00007134e455a95c: ;   {runtime_call DeoptimizationBlob}
  0x00007134e455a95c: e93f fd82 | fff4 f4f4 | f4f4 f4f4 
[/MachCode]


Compiled method (c1) 3427 2811   !   3       org.eclipse.osgi.internal.loader.ModuleClassLoader::defineClass (67 bytes)
 total in heap  [0x00007134dcd39a10,0x00007134dcd3a5e8] = 3032
 relocation     [0x00007134dcd39b68,0x00007134dcd39c10] = 168
 main code      [0x00007134dcd39c20,0x00007134dcd3a220] = 1536
 stub code      [0x00007134dcd3a220,0x00007134dcd3a288] = 104
 oops           [0x00007134dcd3a288,0x00007134dcd3a290] = 8
 metadata       [0x00007134dcd3a290,0x00007134dcd3a2d0] = 64
 scopes data    [0x00007134dcd3a2d0,0x00007134dcd3a420] = 336
 scopes pcs     [0x00007134dcd3a420,0x00007134dcd3a530] = 272
 dependencies   [0x00007134dcd3a530,0x00007134dcd3a548] = 24
 handler table  [0x00007134dcd3a548,0x00007134dcd3a5c0] = 120
 nul chk table  [0x00007134dcd3a5c0,0x00007134dcd3a5e8] = 40

[Constant Pool (empty)]

[MachCode]
[Entry Point]
  # {method} {0x00007134845f6450} 'defineClass' '(Ljava/lang/String;[BLorg/eclipse/osgi/internal/loader/classpath/ClasspathEntry;)Lorg/eclipse/osgi/internal/loader/ModuleClassLoader$DefineClassResult;' in 'org/eclipse/osgi/internal/loader/ModuleClassLoader'
  # this:     rsi:rsi   = 'org/eclipse/osgi/internal/loader/ModuleClassLoader'
  # parm0:    rdx:rdx   = 'java/lang/String'
  # parm1:    rcx:rcx   = '[B'
  # parm2:    r8:r8     = 'org/eclipse/osgi/internal/loader/classpath/ClasspathEntry'
  #           [sp+0xb0]  (sp of caller)
  0x00007134dcd39c20: 448b 5608 | 49bb 0000 | 008e 3471 | 0000 4d03 | d34c 3bd0 

  0x00007134dcd39c34: ;   {runtime_call ic_miss_stub}
  0x00007134dcd39c34: 0f85 46b1 | 0407 660f | 1f44 0000 
[Verified Entry Point]
  0x00007134dcd39c40: 8984 2400 | c0fe ff55 | 4881 eca0 | 0000 0090 | 4181 7f20 | 0200 0000 

  0x00007134dcd39c58: ;   {runtime_call StubRoutines (final stubs)}
  0x00007134dcd39c58: 7405 e881 

  0x00007134dcd39c5c: ;   {metadata(method data for {method} {0x00007134845f6450} 'defineClass' '(Ljava/lang/String;[BLorg/eclipse/osgi/internal/loader/classpath/ClasspathEntry;)Lorg/eclipse/osgi/internal/loader/ModuleClassLoader$DefineClassResult;' in 'org/eclipse/osgi/internal/loader/ModuleClassLoader')}
  0x00007134dcd39c5c: 5303 0748 | bf00 1b84 | 8434 7100 | 008b 9ff4 | 0000 0083 | c302 899f | f400 0000 | 81e3 fe07 
  0x00007134dcd39c7c: 0000 85db | 0f84 5304 | 0000 4c89 | 4424 7048 | 894c 2468 

  0x00007134dcd39c90: ;   {metadata(method data for {method} {0x00007134845f6450} 'defineClass' '(Ljava/lang/String;[BLorg/eclipse/osgi/internal/loader/classpath/ClasspathEntry;)Lorg/eclipse/osgi/internal/loader/ModuleClassLoader$DefineClassResult;' in 'org/eclipse/osgi/internal/loader/ModuleClassLoader')}
  0x00007134dcd39c90: 488b fe48 | bb00 1b84 | 8434 7100 | 008b 7f08 | 49ba 0000 | 008e 3471 | 0000 4903 | fa48 3bbb 
  0x00007134dcd39cb0: 4801 0000 | 750d 4883 | 8350 0100 | 0001 e960 | 0000 0048 | 3bbb 5801 | 0000 750d | 4883 8360 
  0x00007134dcd39cd0: 0100 0001 | e94a 0000 | 0048 83bb | 4801 0000 | 0075 1748 | 89bb 4801 | 0000 48c7 | 8350 0100 
  0x00007134dcd39cf0: 0001 0000 | 00e9 2900 | 0000 4883 | bb58 0100 | 0000 7517 | 4889 bb58 | 0100 0048 | c783 6001 
  0x00007134dcd39d10: 0000 0100 | 0000 e908 | 0000 0048 | 8383 3801 

  0x00007134dcd39d20: ;   {metadata(method data for {method} {0x00007134845f7100} 'getClassLoadingLock' '(Ljava/lang/String;)Ljava/lang/Object;' in 'org/eclipse/osgi/internal/loader/ModuleClassLoader')}
  0x00007134dcd39d20: 0000 0148 | bf68 0c7d | 8434 7100 | 008b 9ff4 | 0000 0083 | c302 899f | f400 0000 | 81e3 feff 
  0x00007134dcd39d40: 1f00 85db | 0f84 b003 | 0000 8b7e | 5048 3b07 

  0x00007134dcd39d50: ;   {metadata(method data for {method} {0x00007134845f7100} 'getClassLoadingLock' '(Ljava/lang/String;)Ljava/lang/Object;' in 'org/eclipse/osgi/internal/loader/ModuleClassLoader')}
  0x00007134dcd39d50: 488b df48 | b868 0c7d | 8434 7100 | 0048 8380 | 3801 0000 | 0148 8bda | 488b d348 | 8974 2458 
  0x00007134dcd39d70: 488b f748 | 895c 2460 | 0f1f 8000 

  0x00007134dcd39d7c: ;   {optimized virtual_call}
  0x00007134dcd39d7c: 0000 00e8 

  0x00007134dcd39d80: ; ImmutableOopMap {[88]=Oop [96]=Oop [104]=Oop [112]=Oop }
                      ;*invokevirtual getLock {reexecute=0 rethrow=0 return_oop=0}
                      ; - org.eclipse.osgi.internal.loader.ModuleClassLoader::getClassLoadingLock@5 (line 437)
                      ; - org.eclipse.osgi.internal.loader.ModuleClassLoader::defineClass@8 (line 312)
  0x00007134dcd39d80: fc93 8c00 

  0x00007134dcd39d84: ;   {other}
  0x00007134dcd39d84: 0f1f 8400 | 7403 0000 | 4889 4424 | 7848 8db4 | 2480 0000 | 0048 8bf8 | 4889 7e08 

  0x00007134dcd39da0: ; implicit exception: dispatches to 0x00007134dcd3a120
  0x00007134dcd39da0: 488b 0748 | 83c8 0148 | 8906 f048 | 0fb1 370f | 8412 0000 | 0048 2bc4 | 4825 07f0 | ffff 4889 
  0x00007134dcd39dc0: 060f 855e | 0300 0049 | ff87 4805 | 0000 488b 

  0x00007134dcd39dd0: ;   {metadata(method data for {method} {0x00007134845f6450} 'defineClass' '(Ljava/lang/String;[BLorg/eclipse/osgi/internal/loader/classpath/ClasspathEntry;)Lorg/eclipse/osgi/internal/loader/ModuleClassLoader$DefineClassResult;' in 'org/eclipse/osgi/internal/loader/ModuleClassLoader')}
  0x00007134dcd39dd0: 7424 5848 | bf00 1b84 | 8434 7100 | 0048 8387 | 7001 0000 

  0x00007134dcd39de4: ;   {metadata(method data for {method} {0x000071348e4370b8} 'findLoadedClass' '(Ljava/lang/String;)Ljava/lang/Class;' in 'java/lang/ClassLoader')}
  0x00007134dcd39de4: 0148 be78 | 700a 8434 | 7100 008b | bef4 0000 | 0083 c702 | 89be f400 | 0000 81e7 | feff 1f00 
  0x00007134dcd39e04: 85ff 0f84 | 2c03 0000 

  0x00007134dcd39e0c: ;   {metadata(method data for {method} {0x000071348e4370b8} 'findLoadedClass' '(Ljava/lang/String;)Ljava/lang/Class;' in 'java/lang/ClassLoader')}
  0x00007134dcd39e0c: 48be 7870 | 0a84 3471 | 0000 4883 | 8638 0100 | 0001 488b | 7424 600f 

  0x00007134dcd39e24: ;   {static_call}
  0x00007134dcd39e24: 1f40 00e8 

  0x00007134dcd39e28: ; ImmutableOopMap {[88]=Oop [96]=Oop [104]=Oop [112]=Oop [120]=Oop [136]=Oop }
                      ;*invokestatic checkName {reexecute=0 rethrow=0 return_oop=0}
                      ; - java.lang.ClassLoader::findLoadedClass@1 (line 1298)
                      ; - org.eclipse.osgi.internal.loader.ModuleClassLoader::defineClass@17 (line 313)
  0x00007134dcd39e28: 940e 4900 

  0x00007134dcd39e2c: ;   {other}
  0x00007134dcd39e2c: 0f1f 8400 | 1c04 0001 

  0x00007134dcd39e34: ;   {metadata(method data for {method} {0x000071348e4370b8} 'findLoadedClass' '(Ljava/lang/String;)Ljava/lang/Class;' in 'java/lang/ClassLoader')}
  0x00007134dcd39e34: 85c0 48ba | 7870 0a84 | 3471 0000 | 48c7 c648 | 0100 0075 | 0748 c7c6 | 5801 0000 | 488b 3c32 
  0x00007134dcd39e54: 488d 7f01 | 4889 3c32 | 0f85 0f00 

  0x00007134dcd39e60: ;   {oop(nullptr)}
  0x00007134dcd39e60: 0000 48be | 0000 0000 | 0000 0000 | e936 0000 | 0048 8b74 

  0x00007134dcd39e74: ;   {metadata(method data for {method} {0x000071348e4370b8} 'findLoadedClass' '(Ljava/lang/String;)Ljava/lang/Class;' in 'java/lang/ClassLoader')}
  0x00007134dcd39e74: 2458 48ba | 7870 0a84 | 3471 0000 | 4883 8268 | 0100 0001 | 488b 5424 | 6048 8b74 | 2458 0f1f 
  0x00007134dcd39e94: ;   {optimized virtual_call}
  0x00007134dcd39e94: 4400 00e8 

  0x00007134dcd39e98: ; ImmutableOopMap {[88]=Oop [96]=Oop [104]=Oop [112]=Oop [120]=Oop [136]=Oop }
                      ;*invokevirtual findLoadedClass0 {reexecute=0 rethrow=0 return_oop=0}
                      ; - java.lang.ClassLoader::findLoadedClass@11 (line 1300)
                      ; - org.eclipse.osgi.internal.loader.ModuleClassLoader::defineClass@17 (line 313)
  0x00007134dcd39e98: 24eb 5a07 

  0x00007134dcd39e9c: ;   {other}
  0x00007134dcd39e9c: 0f1f 8400 | 8c04 0002 | 488b f048 

  0x00007134dcd39ea8: ;   {metadata(method data for {method} {0x00007134845f6450} 'defineClass' '(Ljava/lang/String;[BLorg/eclipse/osgi/internal/loader/classpath/ClasspathEntry;)Lorg/eclipse/osgi/internal/loader/ModuleClassLoader$DefineClassResult;' in 'org/eclipse/osgi/internal/loader/ModuleClassLoader')}
  0x00007134dcd39ea8: 85f6 48ba | 001b 8484 | 3471 0000 | 48c7 c1b8 | 0100 0074 | 0748 c7c1 | a801 0000 | 4c8b 040a 
  0x00007134dcd39ec8: 4d8d 4001 | 4c89 040a | 0f84 0e00 | 0000 488b | de41 b800 | 0000 00e9 | 6900 0000 | 4c8b 4424 
  0x00007134dcd39ee8: 7048 8b4c | 2468 488b | 5424 6048 | 8b74 2458 

  0x00007134dcd39ef8: ; implicit exception: dispatches to 0x00007134dcd3a159
  0x00007134dcd39ef8: 448b 490c 

  0x00007134dcd39efc: ; implicit exception: dispatches to 0x00007134dcd3a15e
  0x00007134dcd39efc: 493b 0049 

  0x00007134dcd39f00: ;   {metadata(method data for {method} {0x00007134845f6450} 'defineClass' '(Ljava/lang/String;[BLorg/eclipse/osgi/internal/loader/classpath/ClasspathEntry;)Lorg/eclipse/osgi/internal/loader/ModuleClassLoader$DefineClassResult;' in 'org/eclipse/osgi/internal/loader/ModuleClassLoader')}
  0x00007134dcd39f00: 8bf8 48bb | 001b 8484 | 3471 0000 | 4883 83e0 | 0100 0001 | 418b 7810 

  0x00007134dcd39f18: ;   {metadata(method data for {method} {0x00007134845f6450} 'defineClass' '(Ljava/lang/String;[BLorg/eclipse/osgi/internal/loader/classpath/ClasspathEntry;)Lorg/eclipse/osgi/internal/loader/ModuleClassLoader$DefineClassResult;' in 'org/eclipse/osgi/internal/loader/ModuleClassLoader')}
  0x00007134dcd39f18: 4c8b c648 | bb00 1b84 | 8434 7100 | 0048 8383 | 0002 0000 | 0141 b800 | 0000 000f 

  0x00007134dcd39f34: ;   {optimized virtual_call}
  0x00007134dcd39f34: 1f40 00e8 

  0x00007134dcd39f38: ; ImmutableOopMap {[120]=Oop [136]=Oop }
                      ;*invokevirtual defineClass {reexecute=0 rethrow=0 return_oop=0}
                      ; - org.eclipse.osgi.internal.loader.ModuleClassLoader::defineClass@37 (line 315)
  0x00007134dcd39f38: e4a5 8107 

  0x00007134dcd39f3c: ;   {other}
  0x00007134dcd39f3c: 0f1f 8400 | 2c05 0003 | 488b d841 | b801 0000 | 0048 8d84 | 2480 0000 | 0048 8b10 | 4885 d20f 
  0x00007134dcd39f5c: 840f 0000 | 0048 8b70 | 08f0 480f | b116 0f85 | f301 0000 | 49ff 8f48 

  0x00007134dcd39f74: ;   {metadata(method data for {method} {0x00007134845f6450} 'defineClass' '(Ljava/lang/String;[BLorg/eclipse/osgi/internal/loader/classpath/ClasspathEntry;)Lorg/eclipse/osgi/internal/loader/ModuleClassLoader$DefineClassResult;' in 'org/eclipse/osgi/internal/loader/ModuleClassLoader')}
  0x00007134dcd39f74: 0500 0048 | ba00 1b84 | 8434 7100 | 00ff 8238 

  0x00007134dcd39f84: ;   {metadata('org/eclipse/osgi/internal/loader/ModuleClassLoader$DefineClassResult')}
  0x00007134dcd39f84: 0200 0048 | ba08 6c0b | 9434 7100 | 0049 8b87 | b801 0000 | 488d 7818 | 493b bfc8 | 0100 000f 
  0x00007134dcd39fa4: 87d0 0100 | 0049 89bf | b801 0000 | 48c7 0001 | 0000 0048 | 8bca 49ba | 0000 008e | 3471 0000 
  0x00007134dcd39fc4: 492b ca89 | 4808 4833 | c989 480c | 4833 c948 | 8948 1048 

  0x00007134dcd39fd8: ;   {metadata(method data for {method} {0x00007134845f6450} 'defineClass' '(Ljava/lang/String;[BLorg/eclipse/osgi/internal/loader/classpath/ClasspathEntry;)Lorg/eclipse/osgi/internal/loader/ModuleClassLoader$DefineClassResult;' in 'org/eclipse/osgi/internal/loader/ModuleClassLoader')}
  0x00007134dcd39fd8: 8bf0 48bf | 001b 8484 | 3471 0000 | 4883 8750 | 0200 0001 

  0x00007134dcd39fec: ;   {metadata(method data for {method} {0x0000713484757030} '<init>' '(Ljava/lang/Class;Z)V' in 'org/eclipse/osgi/internal/loader/ModuleClassLoader$DefineClassResult')}
  0x00007134dcd39fec: 48be a075 | 8084 3471 | 0000 8bbe | f400 0000 | 83c7 0289 | bef4 0000 | 0081 e7fe | ff1f 0085 
  0x00007134dcd3a00c: ff0f 8473 | 0100 0048 

  0x00007134dcd3a014: ;   {metadata(method data for {method} {0x0000713484757030} '<init>' '(Ljava/lang/Class;Z)V' in 'org/eclipse/osgi/internal/loader/ModuleClassLoader$DefineClassResult')}
  0x00007134dcd3a014: 8bf0 48bf | a075 8084 | 3471 0000 | 4883 8738 | 0100 0001 

  0x00007134dcd3a028: ;   {metadata(method data for {method} {0x000071348e476d50} '<init>' '()V' in 'java/lang/Object')}
  0x00007134dcd3a028: 48be f87f | 0084 3471 | 0000 8bbe | f400 0000 | 83c7 0289 | bef4 0000 | 0081 e7fe | ff1f 0085 
  0x00007134dcd3a048: ff0f 8458 | 0100 004c | 8bd3 4489 | 5010 488d | 3048 c1ee | 0948 bf00 | 90a2 fa34 | 7100 00c6 
  0x00007134dcd3a068: 043e 0041 | 83e0 0144 | 8840 0c48 | 81c4 a000 

  0x00007134dcd3a078: ;   {poll_return}
  0x00007134dcd3a078: 0000 5d49 | 3ba7 4804 | 0000 0f87 | 4001 0000 | c349 8b87 | f804 0000 | 4d33 d24d | 8997 f804 
  0x00007134dcd3a098: 0000 4d33 | d24d 8997 | 0005 0000 | 488b f048 | 8d84 2480 | 0000 0048 | 8b38 4885 | ff0f 840f 
  0x00007134dcd3a0b8: 0000 0048 | 8b58 08f0 | 480f b13b | 0f85 1401 | 0000 49ff | 8f48 0500 | 0048 8bc6 | e938 0100 
  0x00007134dcd3a0d8: ;   {metadata({method} {0x00007134845f6450} 'defineClass' '(Ljava/lang/String;[BLorg/eclipse/osgi/internal/loader/classpath/ClasspathEntry;)Lorg/eclipse/osgi/internal/loader/ModuleClassLoader$DefineClassResult;' in 'org/eclipse/osgi/internal/loader/ModuleClassLoader')}
  0x00007134dcd3a0d8: 0049 ba50 | 645f 8434 | 7100 004c | 8954 2408 | 48c7 0424 | ffff ffff 

  0x00007134dcd3a0f0: ;   {runtime_call counter_overflow Runtime1 stub}
  0x00007134dcd3a0f0: e88b e60f 

  0x00007134dcd3a0f4: ; ImmutableOopMap {rsi=Oop rdx=Oop rcx=Oop r8=Oop }
                      ;*synchronization entry
                      ; - org.eclipse.osgi.internal.loader.ModuleClassLoader::defineClass@-1 (line 310)
  0x00007134dcd3a0f4: 07e9 8cfb 

  0x00007134dcd3a0f8: ;   {metadata({method} {0x00007134845f7100} 'getClassLoadingLock' '(Ljava/lang/String;)Ljava/lang/Object;' in 'org/eclipse/osgi/internal/loader/ModuleClassLoader')}
  0x00007134dcd3a0f8: ffff 49ba | 0071 5f84 | 3471 0000 | 4c89 5424 | 0848 c704 | 24ff ffff 

  0x00007134dcd3a110: ;   {runtime_call counter_overflow Runtime1 stub}
  0x00007134dcd3a110: ffe8 6ae6 

  0x00007134dcd3a114: ; ImmutableOopMap {rsi=Oop rdx=Oop [104]=Oop [112]=Oop }
                      ;*synchronization entry
                      ; - org.eclipse.osgi.internal.loader.ModuleClassLoader::getClassLoadingLock@-1 (line 437)
                      ; - org.eclipse.osgi.internal.loader.ModuleClassLoader::defineClass@8 (line 312)
  0x00007134dcd3a114: 0f07 e92f 

  0x00007134dcd3a118: ;   {runtime_call throw_null_pointer_exception Runtime1 stub}
  0x00007134dcd3a118: fcff ffe8 

  0x00007134dcd3a11c: ; ImmutableOopMap {rsi=Oop rdx=Oop rdi=Oop [104]=Oop [112]=Oop }
                      ;*invokevirtual getLock {reexecute=0 rethrow=0 return_oop=0}
                      ; - org.eclipse.osgi.internal.loader.ModuleClassLoader::getClassLoadingLock@5 (line 437)
                      ; - org.eclipse.osgi.internal.loader.ModuleClassLoader::defineClass@8 (line 312)
  0x00007134dcd3a11c: 608b 0f07 

  0x00007134dcd3a120: ;   {runtime_call throw_null_pointer_exception Runtime1 stub}
  0x00007134dcd3a120: e85b 8b0f 

  0x00007134dcd3a124: ; ImmutableOopMap {rdi=Oop [88]=Oop [96]=Oop [104]=Oop [112]=Oop [120]=Oop }
                      ;*monitorenter {reexecute=0 rethrow=0 return_oop=0}
                      ; - org.eclipse.osgi.internal.loader.ModuleClassLoader::defineClass@14 (line 312)
  0x00007134dcd3a124: 0748 897c | 2408 4889 

  0x00007134dcd3a12c: ;   {runtime_call monitorenter_nofpu Runtime1 stub}
  0x00007134dcd3a12c: 3424 e84d 

  0x00007134dcd3a130: ; ImmutableOopMap {rdi=Oop [88]=Oop [96]=Oop [104]=Oop [112]=Oop [120]=Oop [136]=Oop }
                      ;*monitorenter {reexecute=0 rethrow=0 return_oop=0}
                      ; - org.eclipse.osgi.internal.loader.ModuleClassLoader::defineClass@14 (line 312)
  0x00007134dcd3a130: c40f 07e9 | 96fc ffff 

  0x00007134dcd3a138: ;   {metadata({method} {0x000071348e4370b8} 'findLoadedClass' '(Ljava/lang/String;)Ljava/lang/Class;' in 'java/lang/ClassLoader')}
  0x00007134dcd3a138: 49ba b870 | 438e 3471 | 0000 4c89 | 5424 0848 | c704 24ff 

  0x00007134dcd3a14c: ;   {runtime_call counter_overflow Runtime1 stub}
  0x00007134dcd3a14c: ffff ffe8 

  0x00007134dcd3a150: ; ImmutableOopMap {[88]=Oop [96]=Oop [104]=Oop [112]=Oop [120]=Oop [136]=Oop }
                      ;*synchronization entry
                      ; - java.lang.ClassLoader::findLoadedClass@-1 (line 1298)
                      ; - org.eclipse.osgi.internal.loader.ModuleClassLoader::defineClass@17 (line 313)
  0x00007134dcd3a150: 2ce6 0f07 | e9b3 fcff 

  0x00007134dcd3a158: ;   {runtime_call throw_null_pointer_exception Runtime1 stub}
  0x00007134dcd3a158: ffe8 228b 

  0x00007134dcd3a15c: ; ImmutableOopMap {r8=Oop rcx=Oop rdx=Oop rsi=Oop [120]=Oop [136]=Oop }
                      ;*arraylength {reexecute=0 rethrow=0 return_oop=0}
                      ; - org.eclipse.osgi.internal.loader.ModuleClassLoader::defineClass@32 (line 315)
                      ;   {runtime_call throw_null_pointer_exception Runtime1 stub}
  0x00007134dcd3a15c: 0f07 e81d 

  0x00007134dcd3a160: ; ImmutableOopMap {r8=Oop rcx=Oop rdx=Oop rsi=Oop [120]=Oop [136]=Oop }
                      ;*invokevirtual getDomain {reexecute=0 rethrow=0 return_oop=0}
                      ; - org.eclipse.osgi.internal.loader.ModuleClassLoader::defineClass@34 (line 315)
  0x00007134dcd3a160: 8b0f 0748 | 8d84 2480 | 0000 0048 

  0x00007134dcd3a16c: ;   {runtime_call monitorexit_nofpu Runtime1 stub}
  0x00007134dcd3a16c: 8904 24e8 | 0cca 0f07 | e9fe fdff | ff48 8bd2 

  0x00007134dcd3a17c: ;   {runtime_call fast_new_instance Runtime1 stub}
  0x00007134dcd3a17c: e8ff 990f 

  0x00007134dcd3a180: ; ImmutableOopMap {rbx=Oop }
                      ;*new {reexecute=0 rethrow=0 return_oop=0}
                      ; - org.eclipse.osgi.internal.loader.ModuleClassLoader::defineClass@55 (line 319)
  0x00007134dcd3a180: 07e9 51fe 

  0x00007134dcd3a184: ;   {metadata({method} {0x0000713484757030} '<init>' '(Ljava/lang/Class;Z)V' in 'org/eclipse/osgi/internal/loader/ModuleClassLoader$DefineClassResult')}
  0x00007134dcd3a184: ffff 49ba | 3070 7584 | 3471 0000 | 4c89 5424 | 0848 c704 | 24ff ffff 

  0x00007134dcd3a19c: ;   {runtime_call counter_overflow Runtime1 stub}
  0x00007134dcd3a19c: ffe8 dee5 

  0x00007134dcd3a1a0: ; ImmutableOopMap {rbx=Oop rax=Oop }
                      ;*synchronization entry
                      ; - org.eclipse.osgi.internal.loader.ModuleClassLoader$DefineClassResult::<init>@-1 (line 96)
                      ; - org.eclipse.osgi.internal.loader.ModuleClassLoader::defineClass@63 (line 319)
  0x00007134dcd3a1a0: 0f07 e96c 

  0x00007134dcd3a1a4: ;   {metadata({method} {0x000071348e476d50} '<init>' '()V' in 'java/lang/Object')}
  0x00007134dcd3a1a4: feff ff49 | ba50 6d47 | 8e34 7100 | 004c 8954 | 2408 48c7 | 0424 ffff 

  0x00007134dcd3a1bc: ;   {runtime_call counter_overflow Runtime1 stub}
  0x00007134dcd3a1bc: ffff e8bd 

  0x00007134dcd3a1c0: ; ImmutableOopMap {rbx=Oop rax=Oop }
                      ;*synchronization entry
                      ; - java.lang.Object::<init>@-1 (line 45)
                      ; - org.eclipse.osgi.internal.loader.ModuleClassLoader$DefineClassResult::<init>@1 (line 96)
                      ; - org.eclipse.osgi.internal.loader.ModuleClassLoader::defineClass@63 (line 319)
  0x00007134dcd3a1c0: e50f 07e9 | 87fe ffff 

  0x00007134dcd3a1c8: ;   {internal_word}
  0x00007134dcd3a1c8: 49ba 7ba0 | d3dc 3471 | 0000 4d89 | 9760 0400 

  0x00007134dcd3a1d8: ;   {runtime_call SafepointBlob}
  0x00007134dcd3a1d8: 00e9 2212 | 0507 488d | 8424 8000 | 0000 4889 

  0x00007134dcd3a1e8: ;   {runtime_call monitorexit_nofpu Runtime1 stub}
  0x00007134dcd3a1e8: 0424 e891 | c90f 07e9 | ddfe ffff | 498b 87f8 | 0400 0049 | c787 f804 | 0000 0000 | 0000 49c7 
  0x00007134dcd3a208: 8700 0500 | 0000 0000 | 0048 81c4 | a000 0000 

  0x00007134dcd3a218: ;   {runtime_call unwind_exception Runtime1 stub}
  0x00007134dcd3a218: 5de9 6272 | 0f07 f4f4 
[Stub Code]
  0x00007134dcd3a220: ;   {no_reloc}
  0x00007134dcd3a220: 48bb b84f | 6584 3471 

  0x00007134dcd3a228: ;   {runtime_call I2C/C2I adapters}
  0x00007134dcd3a228: 0000 e938 

  0x00007134dcd3a22c: ;   {static_stub}
  0x00007134dcd3a22c: fe04 0748 | bb50 6e43 | 8e34 7100 

  0x00007134dcd3a238: ;   {runtime_call I2C/C2I adapters}
  0x00007134dcd3a238: 00e9 a5a2 

  0x00007134dcd3a23c: ;   {static_stub}
  0x00007134dcd3a23c: 0407 48bb | 0000 0000 | 0000 0000 

  0x00007134dcd3a248: ;   {runtime_call nmethod}
  0x00007134dcd3a248: e9fb ffff 

  0x00007134dcd3a24c: ;   {static_stub}
  0x00007134dcd3a24c: ff48 bb00 | 0000 0000 

  0x00007134dcd3a254: ;   {runtime_call nmethod}
  0x00007134dcd3a254: 0000 00e9 | fbff ffff 
[Exception Handler]
  0x00007134dcd3a25c: ;   {runtime_call handle_exception_from_callee Runtime1 stub}
  0x00007134dcd3a25c: e81f b10f 

  0x00007134dcd3a260: ;   {external_word}
  0x00007134dcd3a260: 0748 bf3c | 0132 fd34 | 7100 0048 

  0x00007134dcd3a26c: ;   {runtime_call MacroAssembler::debug64(char*, long, long*)}
  0x00007134dcd3a26c: 83e4 f0e8 | 7c06 0c20 

  0x00007134dcd3a274: ;   {section_word}
  0x00007134dcd3a274: f449 ba75 | a2d3 dc34 | 7100 0041 

  0x00007134dcd3a280: ;   {runtime_call DeoptimizationBlob}
  0x00007134dcd3a280: 52e9 1a04 | 0507 f4f4 
[/MachCode]


---------------  P R O C E S S  ---------------

Threads class SMR info:
_java_thread_list=0x0000713460639770, length=37, elements={
0x00007134f401c320, 0x00007134f41a85a0, 0x00007134f41a9770, 0x00007134f41aadf0,
0x00007134f41ad820, 0x00007134f41aedb0, 0x00007134f41b0500, 0x00007134f41b1ab0,
0x00007134f41c1bf0, 0x00007134f424c3c0, 0x00007134f441e000, 0x00007134f4479080,
0x0000713448024790, 0x00007134f447cc40, 0x000071343438e2c0, 0x000071343445e750,
0x0000713434158f60, 0x00007134344c95a0, 0x00007134344cb4b0, 0x000071341c001a20,
0x000071343433ae00, 0x000071340c001000, 0x00007134f44bf9e0, 0x00007134f44b7280,
0x00007134f44b7c20, 0x00007133f42eed10, 0x00007133f42ffea0, 0x00007133f435df70,
0x00007133f435ef30, 0x00007133f43601a0, 0x00007133d8001f70, 0x00007133dc000fe0,
0x00007133d0000fe0, 0x00007133d4000fe0, 0x00007133c8000fe0, 0x00007133cc000fe0,
0x000071340c023be0
}

Java Threads: ( => current thread )
  0x00007134f401c320 JavaThread "main"                              [_thread_blocked, id=782558, stack(0x00007134fbd00000,0x00007134fbe00000) (1024K)]
  0x00007134f41a85a0 JavaThread "Reference Handler"          daemon [_thread_blocked, id=782564, stack(0x00007134f845f000,0x00007134f855f000) (1024K)]
  0x00007134f41a9770 JavaThread "Finalizer"                  daemon [_thread_blocked, id=782565, stack(0x00007134f835f000,0x00007134f845f000) (1024K)]
  0x00007134f41aadf0 JavaThread "Signal Dispatcher"          daemon [_thread_blocked, id=782566, stack(0x00007134f825f000,0x00007134f835f000) (1024K)]
  0x00007134f41ad820 JavaThread "Service Thread"             daemon [_thread_blocked, id=782567, stack(0x00007134f815f000,0x00007134f825f000) (1024K)]
  0x00007134f41aedb0 JavaThread "Monitor Deflation Thread"   daemon [_thread_blocked, id=782568, stack(0x00007134f805f000,0x00007134f815f000) (1024K)]
  0x00007134f41b0500 JavaThread "C2 CompilerThread0"         daemon [_thread_blocked, id=782569, stack(0x00007134f3f00000,0x00007134f4000000) (1024K)]
  0x00007134f41b1ab0 JavaThread "C1 CompilerThread0"         daemon [_thread_blocked, id=782570, stack(0x00007134dc100000,0x00007134dc200000) (1024K)]
  0x00007134f41c1bf0 JavaThread "Common-Cleaner"             daemon [_thread_blocked, id=782571, stack(0x00007134dc000000,0x00007134dc100000) (1024K)]
  0x00007134f424c3c0 JavaThread "Notification Thread"        daemon [_thread_blocked, id=782575, stack(0x000071348de00000,0x000071348df00000) (1024K)]
  0x00007134f441e000 JavaThread "Active Thread: Equinox Container: bd44cbf8-79fe-4651-8c12-b69456e87483"        [_thread_blocked, id=782580, stack(0x000071348d9fd000,0x000071348dafd000) (1024K)]
  0x00007134f4479080 JavaThread "Refresh Thread: Equinox Container: bd44cbf8-79fe-4651-8c12-b69456e87483" daemon [_thread_blocked, id=782581, stack(0x000071348d8fd000,0x000071348d9fd000) (1024K)]
  0x0000713448024790 JavaThread "Framework Event Dispatcher: Equinox Container: bd44cbf8-79fe-4651-8c12-b69456e87483" daemon [_thread_blocked, id=782583, stack(0x000071348d6fc000,0x000071348d7fc000) (1024K)]
  0x00007134f447cc40 JavaThread "Start Level: Equinox Container: bd44cbf8-79fe-4651-8c12-b69456e87483" daemon [_thread_blocked, id=782584, stack(0x000071348d5fc000,0x000071348d6fc000) (1024K)]
  0x000071343438e2c0 JavaThread "Bundle File Closer"         daemon [_thread_blocked, id=782586, stack(0x000071348d3fb000,0x000071348d4fb000) (1024K)]
  0x000071343445e750 JavaThread "SCR Component Actor"        daemon [_thread_blocked, id=782587, stack(0x000071348d2fb000,0x000071348d3fb000) (1024K)]
  0x0000713434158f60 JavaThread "Worker-JM"                         [_thread_blocked, id=782589, stack(0x000071348d0fa000,0x000071348d1fa000) (1024K)]
  0x00007134344c95a0 JavaThread "Worker-0"                          [_thread_blocked, id=782590, stack(0x000071348cffa000,0x000071348d0fa000) (1024K)]
  0x00007134344cb4b0 JavaThread "Worker-1: Building"                [_thread_blocked, id=782593, stack(0x000071348ccf8000,0x000071348cdf8000) (1024K)]
  0x000071341c001a20 JavaThread "Worker-2"                          [_thread_blocked, id=782594, stack(0x000071348cbf8000,0x000071348ccf8000) (1024K)]
  0x000071343433ae00 JavaThread "Java indexing"              daemon [_thread_blocked, id=782596, stack(0x000071348c9f7000,0x000071348caf7000) (1024K)]
  0x000071340c001000 JavaThread "Worker-3"                          [_thread_blocked, id=782597, stack(0x000071348c8f7000,0x000071348c9f7000) (1024K)]
  0x00007134f44bf9e0 JavaThread "pool-2-thread-1"                   [_thread_blocked, id=782598, stack(0x000071348c7f7000,0x000071348c8f7000) (1024K)]
  0x00007134f44b7280 JavaThread "WorkspaceEventsHandler"            [_thread_blocked, id=782599, stack(0x000071348c6f7000,0x000071348c7f7000) (1024K)]
  0x00007134f44b7c20 JavaThread "pool-1-thread-1"                   [_thread_in_native, id=782600, stack(0x000071348c5f7000,0x000071348c6f7000) (1024K)]
  0x00007133f42eed10 JavaThread "ForkJoinPool.commonPool-worker-1" daemon [_thread_blocked, id=782601, stack(0x000071348c4f7000,0x000071348c5f7000) (1024K)]
=>0x00007133f42ffea0 JavaThread "ForkJoinPool.commonPool-worker-2" daemon [_thread_in_vm, id=782602, stack(0x000071348c3f7000,0x000071348c4f7000) (1024K)]
  0x00007133f435df70 JavaThread "ForkJoinPool.commonPool-worker-3" daemon [_thread_blocked, id=782603, stack(0x000071348c2f7000,0x000071348c3f7000) (1024K)]
  0x00007133f435ef30 JavaThread "ForkJoinPool.commonPool-worker-4" daemon [_thread_blocked, id=782604, stack(0x000071348c1f7000,0x000071348c2f7000) (1024K)]
  0x00007133f43601a0 JavaThread "ForkJoinPool.commonPool-worker-5" daemon [_thread_blocked, id=782605, stack(0x000071348c0f7000,0x000071348c1f7000) (1024K)]
  0x00007133d8001f70 JavaThread "ForkJoinPool.commonPool-worker-6" daemon [_thread_blocked, id=782607, stack(0x00007133ebf00000,0x00007133ec000000) (1024K)]
  0x00007133dc000fe0 JavaThread "ForkJoinPool.commonPool-worker-7" daemon [_thread_blocked, id=782608, stack(0x00007133e4300000,0x00007133e4400000) (1024K)]
  0x00007133d0000fe0 JavaThread "ForkJoinPool.commonPool-worker-8" daemon [_thread_blocked, id=782609, stack(0x00007133e4200000,0x00007133e4300000) (1024K)]
  0x00007133d4000fe0 JavaThread "ForkJoinPool.commonPool-worker-9" daemon [_thread_blocked, id=782610, stack(0x00007133e4100000,0x00007133e4200000) (1024K)]
  0x00007133c8000fe0 JavaThread "ForkJoinPool.commonPool-worker-10" daemon [_thread_blocked, id=782611, stack(0x00007133e4000000,0x00007133e4100000) (1024K)]
  0x00007133cc000fe0 JavaThread "ForkJoinPool.commonPool-worker-11" daemon [_thread_blocked, id=782612, stack(0x00007133c7f00000,0x00007133c8000000) (1024K)]
  0x000071340c023be0 JavaThread "Worker-4"                          [_thread_blocked, id=782636, stack(0x00007133c7e00000,0x00007133c7f00000) (1024K)]
Total: 37

Other Threads:
  0x00007134f419f240 VMThread "VM Thread"                           [id=782563, stack(0x00007134f8560000,0x00007134f8660000) (1024K)] _threads_hazard_ptr=0x0000713460639770
  0x00007134f4043da0 WatcherThread "VM Periodic Task Thread"        [id=782562, stack(0x00007134fa47f000,0x00007134fa57f000) (1024K)]
  0x00007134f4034c00 WorkerThread "GC Thread#0"                     [id=782559, stack(0x00007134fad29000,0x00007134fae29000) (1024K)]
  0x000071347c000f00 WorkerThread "GC Thread#1"                     [id=782576, stack(0x000071348dd00000,0x000071348de00000) (1024K)]
  0x000071347c002fa0 WorkerThread "GC Thread#2"                     [id=782577, stack(0x000071348dbff000,0x000071348dcff000) (1024K)]
  0x000071347c003ab0 WorkerThread "GC Thread#3"                     [id=782578, stack(0x000071348dafe000,0x000071348dbfe000) (1024K)]
  0x000071347c0046e0 WorkerThread "GC Thread#4"                     [id=782582, stack(0x000071348d7fd000,0x000071348d8fd000) (1024K)]
  0x000071347c005a10 WorkerThread "GC Thread#5"                     [id=782585, stack(0x000071348d4fc000,0x000071348d5fc000) (1024K)]
  0x000071347c0065a0 WorkerThread "GC Thread#6"                     [id=782588, stack(0x000071348d1fb000,0x000071348d2fb000) (1024K)]
  0x000071347c007130 WorkerThread "GC Thread#7"                     [id=782591, stack(0x000071348cefa000,0x000071348cffa000) (1024K)]
  0x000071347c0084e0 WorkerThread "GC Thread#8"                     [id=782592, stack(0x000071348cdf9000,0x000071348cef9000) (1024K)]
  0x000071347c009030 WorkerThread "GC Thread#9"                     [id=782595, stack(0x000071348caf8000,0x000071348cbf8000) (1024K)]
Total: 12

Threads with active compile tasks:
Total: 0

VM state: not at safepoint (normal execution)

VM Mutex/Monitor currently owned by a thread: None

Heap address: 0x0000000080000000, size: 2048 MB, Compressed Oops mode: 32-bit

CDS archive(s) mapped at: [0x000071348e000000-0x000071348eca0000-0x0000713493b28000), size 95584256, SharedBaseAddress: 0x000071348e000000, ArchiveRelocationMode: 1.
Compressed class space mapped at: 0x0000713494000000-0x00007134d4000000, reserved size: 1073741824
Narrow klass base: 0x000071348e000000, Narrow klass shift: 0, Narrow klass range: 0x100000000

GC Precious Log:
 CardTable entry size: 512
 CPUs: 12 total, 12 available
 Memory: 15672M
 Large Page Support: Disabled
 NUMA Support: Disabled
 Compressed Oops: Enabled (32-bit)
 Alignments: Space 512K, Generation 512K, Heap 2M
 Heap Min Capacity: 100M
 Heap Initial Capacity: 100M
 Heap Max Capacity: 2G
 Pre-touch: Disabled
 Parallel Workers: 10

Heap:
 PSYoungGen      total 20480K, used 10798K [0x00000000d5580000, 0x00000000d6f80000, 0x0000000100000000)
  eden space 19456K, 50% used [0x00000000d5580000,0x00000000d5f0df38,0x00000000d6880000)
  from space 1024K, 99% used [0x00000000d6a00000,0x00000000d6afd940,0x00000000d6b00000)
  to   space 3584K, 0% used [0x00000000d6c00000,0x00000000d6c00000,0x00000000d6f80000)
 ParOldGen       total 68608K, used 45855K [0x0000000080000000, 0x0000000084300000, 0x00000000d5580000)
  object space 68608K, 66% used [0x0000000080000000,0x0000000082cc7ef8,0x0000000084300000)
 Metaspace       used 22442K, committed 23552K, reserved 1114112K
  class space    used 2115K, committed 2560K, reserved 1048576K

Card table byte_map: [0x00007134fae29000,0x00007134fb22a000] _byte_map_base: 0x00007134faa29000

Marking Bits: (ParMarkBitMap*) 0x00007134fd72d000
 Begin Bits: [0x00007134d4000000, 0x00007134d6000000)
 End Bits:   [0x00007134d6000000, 0x00007134d8000000)

Polling page: 0x00007134fdaa1000

Metaspace:

Usage:
  Non-class:     19.85 MB used.
      Class:      2.07 MB used.
       Both:     21.92 MB used.

Virtual space:
  Non-class space:       64.00 MB reserved,      20.50 MB ( 32%) committed,  1 nodes.
      Class space:        1.00 GB reserved,       2.50 MB ( <1%) committed,  1 nodes.
             Both:        1.06 GB reserved,      23.00 MB (  2%) committed. 

Chunk freelists:
   Non-Class:  11.34 MB
       Class:  13.41 MB
        Both:  24.75 MB

MaxMetaspaceSize: unlimited
CompressedClassSpaceSize: 1.00 GB
Initial GC threshold: 21.00 MB
Current GC threshold: 35.00 MB
CDS: on
 - commit_granule_bytes: 65536.
 - commit_granule_words: 8192.
 - virtual_space_node_default_size: 8388608.
 - enlarge_chunks_in_place: 1.
 - use_allocation_guard: 0.


Internal statistics:

num_allocs_failed_limit: 3.
num_arena_births: 932.
num_arena_deaths: 40.
num_vsnodes_births: 2.
num_vsnodes_deaths: 0.
num_space_committed: 368.
num_space_uncommitted: 0.
num_chunks_returned_to_freelist: 53.
num_chunks_taken_from_freelist: 2157.
num_chunk_merges: 18.
num_chunk_splits: 1277.
num_chunks_enlarged: 631.
num_inconsistent_stats: 0.

CodeHeap 'non-profiled nmethods': size=120028Kb used=4139Kb max_used=4139Kb free=115888Kb
 bounds [0x00007134e42c9000, 0x00007134e46d9000, 0x00007134eb800000]
CodeHeap 'profiled nmethods': size=120028Kb used=18497Kb max_used=18497Kb free=101530Kb
 bounds [0x00007134dc800000, 0x00007134dda20000, 0x00007134e3d37000]
CodeHeap 'non-nmethods': size=5704Kb used=1422Kb max_used=1456Kb free=4281Kb
 bounds [0x00007134e3d37000, 0x00007134e3fa7000, 0x00007134e42c9000]
CodeCache: size=245760Kb, used=24058Kb, max_used=24092Kb, free=221699Kb
 total_blobs=9578, nmethods=8829, adapters=656, full_count=0
Compilation: enabled, stopped_count=0, restarted_count=0

Compilation events (20 events):
Event: 3.272 Thread 0x00007134f41b1ab0 nmethod 8808 0x00007134e46c2b10 code [0x00007134e46c2ca0, 0x00007134e46c2d60]
Event: 3.273 Thread 0x00007134f41b0500 nmethod 7985 0x00007134e46c2e10 code [0x00007134e46c2fa0, 0x00007134e46c3168]
Event: 3.273 Thread 0x00007134f41b0500 8188       4       org.eclipse.core.runtime.Path::segmentCount (6 bytes)
Event: 3.273 Thread 0x00007134f41b0500 nmethod 8188 0x00007134e46c3290 code [0x00007134e46c3400, 0x00007134e46c34a0]
Event: 3.273 Thread 0x00007134f41b0500 8539       4       java.lang.String::toCharArray (25 bytes)
Event: 3.273 Thread 0x00007134f41b1ab0 8810       2       org.eclipse.jdt.internal.core.JavaModelManager::knowsOption (34 bytes)
Event: 3.273 Thread 0x00007134f41b1ab0 nmethod 8810 0x00007134dd9f7190 code [0x00007134dd9f7340, 0x00007134dd9f74f8]
Event: 3.273 Thread 0x00007134f41b1ab0 8811       2       org.eclipse.jdt.internal.compiler.ast.CompilationUnitDeclaration::isModuleInfo (11 bytes)
Event: 3.273 Thread 0x00007134f41b1ab0 nmethod 8811 0x00007134dd9f7690 code [0x00007134dd9f7840, 0x00007134dd9f7990]
Event: 3.273 Thread 0x00007134f41b1ab0 8812   !   2       org.eclipse.jdt.internal.core.NameLookup::seekTypes (281 bytes)
Event: 3.274 Thread 0x00007134f41b0500 nmethod 8539 0x00007134e46c3590 code [0x00007134e46c3720, 0x00007134e46c3950]
Event: 3.274 Thread 0x00007134f41b0500 7954   !   4       org.eclipse.jdt.internal.compiler.parser.Parser::$SWITCH_TABLE$org$eclipse$jdt$internal$compiler$parser$TerminalToken (2080 bytes)
Event: 3.274 Thread 0x00007134f41b1ab0 nmethod 8812 0x00007134dd9f7a90 code [0x00007134dd9f7d40, 0x00007134dd9f8720]
Event: 3.274 Thread 0x00007134f41b1ab0 8818 %     3       org.eclipse.jdt.internal.compiler.lookup.BinaryTypeBinding::createMethod @ 331 (1666 bytes)
Event: 3.275 Thread 0x00007134f41b0500 nmethod 7954 0x00007134e46c3a90 code [0x00007134e46c3c00, 0x00007134e46c3c98]
Event: 3.275 Thread 0x00007134f41b0500 8216       4       java.util.ImmutableCollections$ListItr::hasNext (17 bytes)
Event: 3.275 Thread 0x00007134f41b0500 nmethod 8216 0x00007134e46c3d90 code [0x00007134e46c3f00, 0x00007134e46c3fa0]
Event: 3.275 Thread 0x00007134f41b0500 8682       4       java.lang.String::<init> (10 bytes)
Event: 3.276 Thread 0x00007134f41b0500 nmethod 8682 0x00007134e46c4090 code [0x00007134e46c4220, 0x00007134e46c45e8]
Event: 3.276 Thread 0x00007134f41b0500 7945       4       org.eclipse.jdt.internal.compiler.parser.Parser::consumeToken (2264 bytes)

GC Heap History (20 events):
Event: 2.404 GC heap before
{Heap before GC invocations=29 (full 0):
 PSYoungGen      total 20480K, used 20288K [0x00000000d5580000, 0x00000000d6b00000, 0x0000000100000000)
  eden space 19456K, 100% used [0x00000000d5580000,0x00000000d6880000,0x00000000d6880000)
  from space 1024K, 81% used [0x00000000d6a00000,0x00000000d6ad0010,0x00000000d6b00000)
  to   space 1024K, 0% used [0x00000000d6880000,0x00000000d6880000,0x00000000d6980000)
 ParOldGen       total 68608K, used 43475K [0x0000000080000000, 0x0000000084300000, 0x00000000d5580000)
  object space 68608K, 63% used [0x0000000080000000,0x0000000082a74ce8,0x0000000084300000)
 Metaspace       used 20120K, committed 21120K, reserved 1114112K
  class space    used 1871K, committed 2304K, reserved 1048576K
}
Event: 2.406 GC heap after
{Heap after GC invocations=29 (full 0):
 PSYoungGen      total 20480K, used 1008K [0x00000000d5580000, 0x00000000d7380000, 0x0000000100000000)
  eden space 19456K, 0% used [0x00000000d5580000,0x00000000d5580000,0x00000000d6880000)
  from space 1024K, 98% used [0x00000000d6880000,0x00000000d697c010,0x00000000d6980000)
  to   space 5632K, 0% used [0x00000000d6e00000,0x00000000d6e00000,0x00000000d7380000)
 ParOldGen       total 68608K, used 47013K [0x0000000080000000, 0x0000000084300000, 0x00000000d5580000)
  object space 68608K, 68% used [0x0000000080000000,0x0000000082de96e0,0x0000000084300000)
 Metaspace       used 20120K, committed 21120K, reserved 1114112K
  class space    used 1871K, committed 2304K, reserved 1048576K
}
Event: 2.491 GC heap before
{Heap before GC invocations=30 (full 0):
 PSYoungGen      total 20480K, used 20464K [0x00000000d5580000, 0x00000000d7380000, 0x0000000100000000)
  eden space 19456K, 100% used [0x00000000d5580000,0x00000000d6880000,0x00000000d6880000)
  from space 1024K, 98% used [0x00000000d6880000,0x00000000d697c010,0x00000000d6980000)
  to   space 5632K, 0% used [0x00000000d6e00000,0x00000000d6e00000,0x00000000d7380000)
 ParOldGen       total 68608K, used 47013K [0x0000000080000000, 0x0000000084300000, 0x00000000d5580000)
  object space 68608K, 68% used [0x0000000080000000,0x0000000082de96e0,0x0000000084300000)
 Metaspace       used 20470K, committed 21376K, reserved 1114112K
  class space    used 1911K, committed 2304K, reserved 1048576K
}
Event: 2.492 GC heap after
{Heap after GC invocations=30 (full 0):
 PSYoungGen      total 22016K, used 2233K [0x00000000d5580000, 0x00000000d7080000, 0x0000000100000000)
  eden space 19456K, 0% used [0x00000000d5580000,0x00000000d5580000,0x00000000d6880000)
  from space 2560K, 87% used [0x00000000d6e00000,0x00000000d702e4c8,0x00000000d7080000)
  to   space 3072K, 0% used [0x00000000d6a80000,0x00000000d6a80000,0x00000000d6d80000)
 ParOldGen       total 68608K, used 48049K [0x0000000080000000, 0x0000000084300000, 0x00000000d5580000)
  object space 68608K, 70% used [0x0000000080000000,0x0000000082eec7f0,0x0000000084300000)
 Metaspace       used 20470K, committed 21376K, reserved 1114112K
  class space    used 1911K, committed 2304K, reserved 1048576K
}
Event: 2.520 GC heap before
{Heap before GC invocations=31 (full 0):
 PSYoungGen      total 22016K, used 12311K [0x00000000d5580000, 0x00000000d7080000, 0x0000000100000000)
  eden space 19456K, 51% used [0x00000000d5580000,0x00000000d5f579b8,0x00000000d6880000)
  from space 2560K, 87% used [0x00000000d6e00000,0x00000000d702e4c8,0x00000000d7080000)
  to   space 3072K, 0% used [0x00000000d6a80000,0x00000000d6a80000,0x00000000d6d80000)
 ParOldGen       total 68608K, used 48049K [0x0000000080000000, 0x0000000084300000, 0x00000000d5580000)
  object space 68608K, 70% used [0x0000000080000000,0x0000000082eec7f0,0x0000000084300000)
 Metaspace       used 20603K, committed 21504K, reserved 1114112K
  class space    used 1914K, committed 2304K, reserved 1048576K
}
Event: 2.522 GC heap after
{Heap after GC invocations=31 (full 0):
 PSYoungGen      total 20480K, used 544K [0x00000000d5580000, 0x00000000d6e80000, 0x0000000100000000)
  eden space 19456K, 0% used [0x00000000d5580000,0x00000000d5580000,0x00000000d6880000)
  from space 1024K, 53% used [0x00000000d6a80000,0x00000000d6b08000,0x00000000d6b80000)
  to   space 1536K, 0% used [0x00000000d6d00000,0x00000000d6d00000,0x00000000d6e80000)
 ParOldGen       total 68608K, used 50082K [0x0000000080000000, 0x0000000084300000, 0x00000000d5580000)
  object space 68608K, 72% used [0x0000000080000000,0x00000000830e88d0,0x0000000084300000)
 Metaspace       used 20603K, committed 21504K, reserved 1114112K
  class space    used 1914K, committed 2304K, reserved 1048576K
}
Event: 2.522 GC heap before
{Heap before GC invocations=32 (full 1):
 PSYoungGen      total 20480K, used 544K [0x00000000d5580000, 0x00000000d6e80000, 0x0000000100000000)
  eden space 19456K, 0% used [0x00000000d5580000,0x00000000d5580000,0x00000000d6880000)
  from space 1024K, 53% used [0x00000000d6a80000,0x00000000d6b08000,0x00000000d6b80000)
  to   space 1536K, 0% used [0x00000000d6d00000,0x00000000d6d00000,0x00000000d6e80000)
 ParOldGen       total 68608K, used 50082K [0x0000000080000000, 0x0000000084300000, 0x00000000d5580000)
  object space 68608K, 72% used [0x0000000080000000,0x00000000830e88d0,0x0000000084300000)
 Metaspace       used 20603K, committed 21504K, reserved 1114112K
  class space    used 1914K, committed 2304K, reserved 1048576K
}
Event: 2.567 GC heap after
{Heap after GC invocations=32 (full 1):
 PSYoungGen      total 20480K, used 0K [0x00000000d5580000, 0x00000000d6e80000, 0x0000000100000000)
  eden space 19456K, 0% used [0x00000000d5580000,0x00000000d5580000,0x00000000d6880000)
  from space 1024K, 0% used [0x00000000d6a80000,0x00000000d6a80000,0x00000000d6b80000)
  to   space 1536K, 0% used [0x00000000d6d00000,0x00000000d6d00000,0x00000000d6e80000)
 ParOldGen       total 68608K, used 40009K [0x0000000080000000, 0x0000000084300000, 0x00000000d5580000)
  object space 68608K, 58% used [0x0000000080000000,0x00000000827125a0,0x0000000084300000)
 Metaspace       used 20567K, committed 21504K, reserved 1114112K
  class space    used 1904K, committed 2304K, reserved 1048576K
}
Event: 2.681 GC heap before
{Heap before GC invocations=33 (full 1):
 PSYoungGen      total 20480K, used 19456K [0x00000000d5580000, 0x00000000d6e80000, 0x0000000100000000)
  eden space 19456K, 100% used [0x00000000d5580000,0x00000000d6880000,0x00000000d6880000)
  from space 1024K, 0% used [0x00000000d6a80000,0x00000000d6a80000,0x00000000d6b80000)
  to   space 1536K, 0% used [0x00000000d6d00000,0x00000000d6d00000,0x00000000d6e80000)
 ParOldGen       total 68608K, used 40009K [0x0000000080000000, 0x0000000084300000, 0x00000000d5580000)
  object space 68608K, 58% used [0x0000000080000000,0x00000000827125a0,0x0000000084300000)
 Metaspace       used 21031K, committed 22016K, reserved 1114112K
  class space    used 1939K, committed 2368K, reserved 1048576K
}
Event: 2.681 GC heap after
{Heap after GC invocations=33 (full 1):
 PSYoungGen      total 20480K, used 852K [0x00000000d5580000, 0x00000000d6e00000, 0x0000000100000000)
  eden space 19456K, 0% used [0x00000000d5580000,0x00000000d5580000,0x00000000d6880000)
  from space 1024K, 83% used [0x00000000d6d00000,0x00000000d6dd5390,0x00000000d6e00000)
  to   space 1024K, 0% used [0x00000000d6a80000,0x00000000d6a80000,0x00000000d6b80000)
 ParOldGen       total 68608K, used 40017K [0x0000000080000000, 0x0000000084300000, 0x00000000d5580000)
  object space 68608K, 58% used [0x0000000080000000,0x00000000827145a0,0x0000000084300000)
 Metaspace       used 21031K, committed 22016K, reserved 1114112K
  class space    used 1939K, committed 2368K, reserved 1048576K
}
Event: 2.910 GC heap before
{Heap before GC invocations=34 (full 1):
 PSYoungGen      total 20480K, used 20308K [0x00000000d5580000, 0x00000000d6e00000, 0x0000000100000000)
  eden space 19456K, 100% used [0x00000000d5580000,0x00000000d6880000,0x00000000d6880000)
  from space 1024K, 83% used [0x00000000d6d00000,0x00000000d6dd5390,0x00000000d6e00000)
  to   space 1024K, 0% used [0x00000000d6a80000,0x00000000d6a80000,0x00000000d6b80000)
 ParOldGen       total 68608K, used 40017K [0x0000000080000000, 0x0000000084300000, 0x00000000d5580000)
  object space 68608K, 58% used [0x0000000080000000,0x00000000827145a0,0x0000000084300000)
 Metaspace       used 21170K, committed 22144K, reserved 1114112K
  class space    used 1957K, committed 2368K, reserved 1048576K
}
Event: 2.911 GC heap after
{Heap after GC invocations=34 (full 1):
 PSYoungGen      total 20480K, used 1012K [0x00000000d5580000, 0x00000000d6d80000, 0x0000000100000000)
  eden space 19456K, 0% used [0x00000000d5580000,0x00000000d5580000,0x00000000d6880000)
  from space 1024K, 98% used [0x00000000d6a80000,0x00000000d6b7d320,0x00000000d6b80000)
  to   space 2048K, 0% used [0x00000000d6b80000,0x00000000d6b80000,0x00000000d6d80000)
 ParOldGen       total 68608K, used 41287K [0x0000000080000000, 0x0000000084300000, 0x00000000d5580000)
  object space 68608K, 60% used [0x0000000080000000,0x0000000082851f78,0x0000000084300000)
 Metaspace       used 21170K, committed 22144K, reserved 1114112K
  class space    used 1957K, committed 2368K, reserved 1048576K
}
Event: 2.941 GC heap before
{Heap before GC invocations=35 (full 1):
 PSYoungGen      total 20480K, used 20468K [0x00000000d5580000, 0x00000000d6d80000, 0x0000000100000000)
  eden space 19456K, 100% used [0x00000000d5580000,0x00000000d6880000,0x00000000d6880000)
  from space 1024K, 98% used [0x00000000d6a80000,0x00000000d6b7d320,0x00000000d6b80000)
  to   space 2048K, 0% used [0x00000000d6b80000,0x00000000d6b80000,0x00000000d6d80000)
 ParOldGen       total 68608K, used 41287K [0x0000000080000000, 0x0000000084300000, 0x00000000d5580000)
  object space 68608K, 60% used [0x0000000080000000,0x0000000082851f78,0x0000000084300000)
 Metaspace       used 21202K, committed 22208K, reserved 1114112K
  class space    used 1957K, committed 2368K, reserved 1048576K
}
Event: 2.943 GC heap after
{Heap after GC invocations=35 (full 1):
 PSYoungGen      total 20992K, used 1487K [0x00000000d5580000, 0x00000000d6d00000, 0x0000000100000000)
  eden space 19456K, 0% used [0x00000000d5580000,0x00000000d5580000,0x00000000d6880000)
  from space 1536K, 96% used [0x00000000d6b80000,0x00000000d6cf3d90,0x00000000d6d00000)
  to   space 2048K, 0% used [0x00000000d6900000,0x00000000d6900000,0x00000000d6b00000)
 ParOldGen       total 68608K, used 42257K [0x0000000080000000, 0x0000000084300000, 0x00000000d5580000)
  object space 68608K, 61% used [0x0000000080000000,0x00000000829447a0,0x0000000084300000)
 Metaspace       used 21202K, committed 22208K, reserved 1114112K
  class space    used 1957K, committed 2368K, reserved 1048576K
}
Event: 2.962 GC heap before
{Heap before GC invocations=36 (full 1):
 PSYoungGen      total 20992K, used 20943K [0x00000000d5580000, 0x00000000d6d00000, 0x0000000100000000)
  eden space 19456K, 100% used [0x00000000d5580000,0x00000000d6880000,0x00000000d6880000)
  from space 1536K, 96% used [0x00000000d6b80000,0x00000000d6cf3d90,0x00000000d6d00000)
  to   space 2048K, 0% used [0x00000000d6900000,0x00000000d6900000,0x00000000d6b00000)
 ParOldGen       total 68608K, used 42257K [0x0000000080000000, 0x0000000084300000, 0x00000000d5580000)
  object space 68608K, 61% used [0x0000000080000000,0x00000000829447a0,0x0000000084300000)
 Metaspace       used 21236K, committed 22208K, reserved 1114112K
  class space    used 1960K, committed 2368K, reserved 1048576K
}
Event: 2.963 GC heap after
{Heap after GC invocations=36 (full 1):
 PSYoungGen      total 21504K, used 553K [0x00000000d5580000, 0x00000000d6c00000, 0x0000000100000000)
  eden space 19456K, 0% used [0x00000000d5580000,0x00000000d5580000,0x00000000d6880000)
  from space 2048K, 27% used [0x00000000d6900000,0x00000000d698a4f0,0x00000000d6b00000)
  to   space 1024K, 0% used [0x00000000d6b00000,0x00000000d6b00000,0x00000000d6c00000)
 ParOldGen       total 68608K, used 43510K [0x0000000080000000, 0x0000000084300000, 0x00000000d5580000)
  object space 68608K, 63% used [0x0000000080000000,0x0000000082a7d818,0x0000000084300000)
 Metaspace       used 21236K, committed 22208K, reserved 1114112K
  class space    used 1960K, committed 2368K, reserved 1048576K
}
Event: 2.982 GC heap before
{Heap before GC invocations=37 (full 1):
 PSYoungGen      total 21504K, used 20009K [0x00000000d5580000, 0x00000000d6c00000, 0x0000000100000000)
  eden space 19456K, 100% used [0x00000000d5580000,0x00000000d6880000,0x00000000d6880000)
  from space 2048K, 27% used [0x00000000d6900000,0x00000000d698a4f0,0x00000000d6b00000)
  to   space 1024K, 0% used [0x00000000d6b00000,0x00000000d6b00000,0x00000000d6c00000)
 ParOldGen       total 68608K, used 43510K [0x0000000080000000, 0x0000000084300000, 0x00000000d5580000)
  object space 68608K, 63% used [0x0000000080000000,0x0000000082a7d818,0x0000000084300000)
 Metaspace       used 21257K, committed 22272K, reserved 1114112K
  class space    used 1960K, committed 2368K, reserved 1048576K
}
Event: 2.983 GC heap after
{Heap after GC invocations=37 (full 1):
 PSYoungGen      total 20480K, used 736K [0x00000000d5580000, 0x00000000d6c00000, 0x0000000100000000)
  eden space 19456K, 0% used [0x00000000d5580000,0x00000000d5580000,0x00000000d6880000)
  from space 1024K, 71% used [0x00000000d6b00000,0x00000000d6bb8000,0x00000000d6c00000)
  to   space 1024K, 0% used [0x00000000d6a00000,0x00000000d6a00000,0x00000000d6b00000)
 ParOldGen       total 68608K, used 43859K [0x0000000080000000, 0x0000000084300000, 0x00000000d5580000)
  object space 68608K, 63% used [0x0000000080000000,0x0000000082ad4e88,0x0000000084300000)
 Metaspace       used 21257K, committed 22272K, reserved 1114112K
  class space    used 1960K, committed 2368K, reserved 1048576K
}
Event: 3.243 GC heap before
{Heap before GC invocations=38 (full 1):
 PSYoungGen      total 20480K, used 20192K [0x00000000d5580000, 0x00000000d6c00000, 0x0000000100000000)
  eden space 19456K, 100% used [0x00000000d5580000,0x00000000d6880000,0x00000000d6880000)
  from space 1024K, 71% used [0x00000000d6b00000,0x00000000d6bb8000,0x00000000d6c00000)
  to   space 1024K, 0% used [0x00000000d6a00000,0x00000000d6a00000,0x00000000d6b00000)
 ParOldGen       total 68608K, used 43859K [0x0000000080000000, 0x0000000084300000, 0x00000000d5580000)
  object space 68608K, 63% used [0x0000000080000000,0x0000000082ad4e88,0x0000000084300000)
 Metaspace       used 22007K, committed 23104K, reserved 1114112K
  class space    used 2047K, committed 2496K, reserved 1048576K
}
Event: 3.245 GC heap after
{Heap after GC invocations=38 (full 1):
 PSYoungGen      total 20480K, used 1014K [0x00000000d5580000, 0x00000000d6f80000, 0x0000000100000000)
  eden space 19456K, 0% used [0x00000000d5580000,0x00000000d5580000,0x00000000d6880000)
  from space 1024K, 99% used [0x00000000d6a00000,0x00000000d6afd940,0x00000000d6b00000)
  to   space 3584K, 0% used [0x00000000d6c00000,0x00000000d6c00000,0x00000000d6f80000)
 ParOldGen       total 68608K, used 45855K [0x0000000080000000, 0x0000000084300000, 0x00000000d5580000)
  object space 68608K, 66% used [0x0000000080000000,0x0000000082cc7ef8,0x0000000084300000)
 Metaspace       used 22007K, committed 23104K, reserved 1114112K
  class space    used 2047K, committed 2496K, reserved 1048576K
}

Dll operation events (10 events):
Event: 0.003 Loaded shared library /usr/lib/jvm/java-21-openjdk-amd64/lib/libjava.so
Event: 0.050 Loaded shared library /usr/lib/jvm/java-21-openjdk-amd64/lib/libjsvml.so
Event: 0.069 Loaded shared library /usr/lib/jvm/java-21-openjdk-amd64/lib/libzip.so
Event: 0.069 Loaded shared library /usr/lib/jvm/java-21-openjdk-amd64/lib/libinstrument.so
Event: 0.070 Loaded shared library /usr/lib/jvm/java-21-openjdk-amd64/lib/libnio.so
Event: 0.071 Loaded shared library /usr/lib/jvm/java-21-openjdk-amd64/lib/libzip.so
Event: 0.078 Loaded shared library /usr/lib/jvm/java-21-openjdk-amd64/lib/libjimage.so
Event: 0.096 Loaded shared library /usr/lib/jvm/java-21-openjdk-amd64/lib/libverify.so
Event: 0.280 Loaded shared library /usr/lib/jvm/java-21-openjdk-amd64/lib/libnet.so
Event: 0.421 Loaded shared library /home/mulroney/.config/Code/User/globalStorage/redhat.java/1.46.2025100108/config_linux/org.eclipse.equinox.launcher/org.eclipse.equinox.launcher.gtk.linux.x86_64_1.2.1500.v20250801-0854/eclipse_11916.so

Deoptimization events (20 events):
Event: 3.257 Thread 0x00007133f42ffea0 Uncommon trap: trap_request=0xffffff45 fr.pc=0x00007134e465df34 relative=0x00000000000001f4
Event: 3.257 Thread 0x00007133f42ffea0 Uncommon trap: reason=unstable_if action=reinterpret pc=0x00007134e465df34 method=org.eclipse.jdt.internal.compiler.parser.Scanner.scanIdentifierOrKeyword()Lorg/eclipse/jdt/internal/compiler/parser/TerminalToken; @ 27 c2
Event: 3.257 Thread 0x00007133f42eed10 DEOPT PACKING pc=0x00007134e465df34 sp=0x000071348c5f4660
Event: 3.257 Thread 0x00007133f42ffea0 DEOPT PACKING pc=0x00007134e465df34 sp=0x000071348c4f45d0
Event: 3.257 Thread 0x00007133f42eed10 DEOPT UNPACKING pc=0x00007134e3d8a399 sp=0x000071348c5f4600 mode 2
Event: 3.257 Thread 0x00007133f42ffea0 DEOPT UNPACKING pc=0x00007134e3d8a399 sp=0x000071348c4f4570 mode 2
Event: 3.268 Thread 0x00007133f42eed10 Uncommon trap: trap_request=0xffffff45 fr.pc=0x00007134e46bf46c relative=0x000000000000056c
Event: 3.268 Thread 0x00007133f42eed10 Uncommon trap: reason=unstable_if action=reinterpret pc=0x00007134e46bf46c method=org.eclipse.jdt.internal.compiler.parser.Scanner.getNextToken()Lorg/eclipse/jdt/internal/compiler/parser/TerminalToken; @ 92 c2
Event: 3.268 Thread 0x00007133f42eed10 DEOPT PACKING pc=0x00007134e46bf46c sp=0x000071348c5f41f0
Event: 3.268 Thread 0x00007133f42eed10 DEOPT UNPACKING pc=0x00007134e3d8a399 sp=0x000071348c5f41b0 mode 2
Event: 3.269 Thread 0x00007133f42ffea0 Uncommon trap: trap_request=0xffffff45 fr.pc=0x00007134e4651960 relative=0x00000000000000c0
Event: 3.269 Thread 0x00007133f42eed10 Uncommon trap: trap_request=0xffffff45 fr.pc=0x00007134e4651960 relative=0x00000000000000c0
Event: 3.269 Thread 0x00007133f42ffea0 Uncommon trap: reason=unstable_if action=reinterpret pc=0x00007134e4651960 method=java.util.Hashtable$Enumerator.nextElement()Ljava/lang/Object; @ 87 c2
Event: 3.269 Thread 0x00007133f42eed10 Uncommon trap: reason=unstable_if action=reinterpret pc=0x00007134e4651960 method=java.util.Hashtable$Enumerator.nextElement()Ljava/lang/Object; @ 87 c2
Event: 3.269 Thread 0x00007133f42eed10 DEOPT PACKING pc=0x00007134e4651960 sp=0x000071348c5f4ac0
Event: 3.269 Thread 0x00007133f42ffea0 DEOPT PACKING pc=0x00007134e4651960 sp=0x000071348c4f4a30
Event: 3.269 Thread 0x00007133f42eed10 DEOPT UNPACKING pc=0x00007134e3d8a399 sp=0x000071348c5f4a00 mode 2
Event: 3.269 Thread 0x00007133f42ffea0 DEOPT UNPACKING pc=0x00007134e3d8a399 sp=0x000071348c4f4970 mode 2
Event: 3.270 Thread 0x00007133f42eed10 DEOPT PACKING pc=0x00007134dd788a83 sp=0x000071348c5f2530
Event: 3.270 Thread 0x00007133f42eed10 DEOPT UNPACKING pc=0x00007134e3d8ab2f sp=0x000071348c5f1a30 mode 0

Classes loaded (20 events):
Event: 1.103 Loading class com/sun/org/apache/xerces/internal/impl/msg/XMLMessages_en
Event: 1.103 Loading class com/sun/org/apache/xerces/internal/impl/msg/XMLMessages_en done
Event: 1.103 Loading class com/sun/org/apache/xerces/internal/impl/msg/XMLMessages_en_GB
Event: 1.103 Loading class com/sun/org/apache/xerces/internal/impl/msg/XMLMessages_en_GB done
Event: 1.103 Loading class com/sun/org/apache/xerces/internal/impl/msg/XMLMessages_en_GB
Event: 1.103 Loading class com/sun/org/apache/xerces/internal/impl/msg/XMLMessages_en_GB done
Event: 1.134 Loading class com/sun/org/apache/xml/internal/serializer/XMLEntities
Event: 1.134 Loading class com/sun/org/apache/xml/internal/serializer/XMLEntities done
Event: 1.134 Loading class com/sun/org/apache/xml/internal/serializer/XMLEntities
Event: 1.134 Loading class com/sun/org/apache/xml/internal/serializer/XMLEntities done
Event: 1.134 Loading class com/sun/org/apache/xml/internal/serializer/XMLEntities_en
Event: 1.134 Loading class com/sun/org/apache/xml/internal/serializer/XMLEntities_en done
Event: 1.134 Loading class com/sun/org/apache/xml/internal/serializer/XMLEntities_en
Event: 1.134 Loading class com/sun/org/apache/xml/internal/serializer/XMLEntities_en done
Event: 1.134 Loading class com/sun/org/apache/xml/internal/serializer/XMLEntities_en_GB
Event: 1.134 Loading class com/sun/org/apache/xml/internal/serializer/XMLEntities_en_GB done
Event: 1.134 Loading class com/sun/org/apache/xml/internal/serializer/XMLEntities_en_GB
Event: 1.134 Loading class com/sun/org/apache/xml/internal/serializer/XMLEntities_en_GB done
Event: 1.222 Loading class jdk/internal/event/ThreadSleepEvent
Event: 1.222 Loading class jdk/internal/event/ThreadSleepEvent done

Classes unloaded (20 events):
Event: 2.532 Thread 0x00007134f419f240 Unloading class 0x000071349423a400 'java/lang/invoke/LambdaForm$MH+0x000071349423a400'
Event: 2.532 Thread 0x00007134f419f240 Unloading class 0x000071349423a000 'java/lang/invoke/LambdaForm$MH+0x000071349423a000'
Event: 2.532 Thread 0x00007134f419f240 Unloading class 0x0000713494221000 'java/lang/invoke/LambdaForm$MH+0x0000713494221000'
Event: 2.532 Thread 0x00007134f419f240 Unloading class 0x0000713494220c00 'java/lang/invoke/LambdaForm$MH+0x0000713494220c00'
Event: 2.532 Thread 0x00007134f419f240 Unloading class 0x0000713494220400 'java/lang/invoke/LambdaForm$MH+0x0000713494220400'
Event: 2.532 Thread 0x00007134f419f240 Unloading class 0x0000713494220000 'java/lang/invoke/LambdaForm$MH+0x0000713494220000'
Event: 2.532 Thread 0x00007134f419f240 Unloading class 0x000071349421f800 'java/lang/invoke/LambdaForm$MH+0x000071349421f800'
Event: 2.532 Thread 0x00007134f419f240 Unloading class 0x000071349421f400 'java/lang/invoke/LambdaForm$MH+0x000071349421f400'
Event: 2.532 Thread 0x00007134f419f240 Unloading class 0x000071349421e800 'java/lang/invoke/LambdaForm$MH+0x000071349421e800'
Event: 2.532 Thread 0x00007134f419f240 Unloading class 0x000071349421ec00 'java/lang/invoke/LambdaForm$MH+0x000071349421ec00'
Event: 2.532 Thread 0x00007134f419f240 Unloading class 0x000071349421e000 'java/lang/invoke/LambdaForm$MH+0x000071349421e000'
Event: 2.532 Thread 0x00007134f419f240 Unloading class 0x000071349421dc00 'java/lang/invoke/LambdaForm$MH+0x000071349421dc00'
Event: 2.532 Thread 0x00007134f419f240 Unloading class 0x000071349421d400 'java/lang/invoke/LambdaForm$MH+0x000071349421d400'
Event: 2.532 Thread 0x00007134f419f240 Unloading class 0x000071349421d000 'java/lang/invoke/LambdaForm$MH+0x000071349421d000'
Event: 2.532 Thread 0x00007134f419f240 Unloading class 0x000071349421c800 'java/lang/invoke/LambdaForm$MH+0x000071349421c800'
Event: 2.532 Thread 0x00007134f419f240 Unloading class 0x000071349421c400 'java/lang/invoke/LambdaForm$MH+0x000071349421c400'
Event: 2.532 Thread 0x00007134f419f240 Unloading class 0x00007134940ec400 'java/lang/invoke/LambdaForm$MH+0x00007134940ec400'
Event: 2.532 Thread 0x00007134f419f240 Unloading class 0x00007134940ec000 'java/lang/invoke/LambdaForm$MH+0x00007134940ec000'
Event: 2.532 Thread 0x00007134f419f240 Unloading class 0x00007134940ebc00 'java/lang/invoke/LambdaForm$MH+0x00007134940ebc00'
Event: 2.532 Thread 0x00007134f419f240 Unloading class 0x00007134940eb800 'java/lang/invoke/LambdaForm$MH+0x00007134940eb800'

Classes redefined (1 events):
Event: 3.152 Thread 0x00007134f419f240 redefined class name=java.io.FileOutputStream, count=1

Internal exceptions (20 events):
Event: 2.848 Thread 0x00007134344c95a0 Exception <a 'sun/nio/fs/UnixException'{0x00000000d58a9a68}> (0x00000000d58a9a68) 
thrown [./src/hotspot/share/prims/jni.cpp, line 520]
Event: 2.848 Thread 0x00007134344c95a0 Exception <a 'sun/nio/fs/UnixException'{0x00000000d58aba00}> (0x00000000d58aba00) 
thrown [./src/hotspot/share/prims/jni.cpp, line 520]
Event: 2.848 Thread 0x00007134344c95a0 Exception <a 'sun/nio/fs/UnixException'{0x00000000d58ad078}> (0x00000000d58ad078) 
thrown [./src/hotspot/share/prims/jni.cpp, line 520]
Event: 2.849 Thread 0x00007134344c95a0 Exception <a 'sun/nio/fs/UnixException'{0x00000000d5a81c20}> (0x00000000d5a81c20) 
thrown [./src/hotspot/share/prims/jni.cpp, line 520]
Event: 2.849 Thread 0x00007134344c95a0 Exception <a 'sun/nio/fs/UnixException'{0x00000000d5a83218}> (0x00000000d5a83218) 
thrown [./src/hotspot/share/prims/jni.cpp, line 520]
Event: 2.849 Thread 0x00007134344c95a0 Exception <a 'sun/nio/fs/UnixException'{0x00000000d5a851e8}> (0x00000000d5a851e8) 
thrown [./src/hotspot/share/prims/jni.cpp, line 520]
Event: 2.849 Thread 0x00007134344c95a0 Exception <a 'sun/nio/fs/UnixException'{0x00000000d5a86838}> (0x00000000d5a86838) 
thrown [./src/hotspot/share/prims/jni.cpp, line 520]
Event: 2.849 Thread 0x00007134344c95a0 Exception <a 'sun/nio/fs/UnixException'{0x00000000d5a88840}> (0x00000000d5a88840) 
thrown [./src/hotspot/share/prims/jni.cpp, line 520]
Event: 2.849 Thread 0x00007134344c95a0 Exception <a 'sun/nio/fs/UnixException'{0x00000000d5a89f10}> (0x00000000d5a89f10) 
thrown [./src/hotspot/share/prims/jni.cpp, line 520]
Event: 2.849 Thread 0x00007134344c95a0 Exception <a 'sun/nio/fs/UnixException'{0x00000000d5a8bf20}> (0x00000000d5a8bf20) 
thrown [./src/hotspot/share/prims/jni.cpp, line 520]
Event: 2.850 Thread 0x00007134344c95a0 Exception <a 'sun/nio/fs/UnixException'{0x00000000d5a8d5b0}> (0x00000000d5a8d5b0) 
thrown [./src/hotspot/share/prims/jni.cpp, line 520]
Event: 2.850 Thread 0x00007134344c95a0 Exception <a 'sun/nio/fs/UnixException'{0x00000000d5a8f5a0}> (0x00000000d5a8f5a0) 
thrown [./src/hotspot/share/prims/jni.cpp, line 520]
Event: 2.850 Thread 0x00007134344c95a0 Exception <a 'sun/nio/fs/UnixException'{0x00000000d5a90c48}> (0x00000000d5a90c48) 
thrown [./src/hotspot/share/prims/jni.cpp, line 520]
Event: 2.950 Thread 0x00007133f42eed10 Exception <a 'java/lang/IncompatibleClassChangeError'{0x00000000d5bb98f0}: Found class java.lang.Object, but interface was expected> (0x00000000d5bb98f0) 
thrown [./src/hotspot/share/interpreter/linkResolver.cpp, line 840]
Event: 3.175 Thread 0x00007133f42ffea0 Exception <a 'java/lang/LinkageError'{0x00000000d5ed81e0}: loader lombok.launch.ShadowClassLoader @4cce2787 attempted duplicate class definition for lombok.launch.PatchFixesHider$Delegate. (lombok.launch.PatchFixesHider$Delegate is in unnamed module of loader lombok.launch.ShadowClassLoader @4cce2787, parent loader org.eclipse.osgi.internal.loader.EquinoxClassLoader @4dcb2448)> (0x00000000d5ed81e0) 
thrown [./src/hotspot/share/classfile/systemDictionary.cpp, line 1682]
Event: 3.223 Thread 0x00007133f42eed10 Exception <a 'java/lang/LinkageError'{0x00000000d65575b0}: loader lombok.launch.ShadowClassLoader @4cce2787 attempted duplicate class definition for lombok.launch.PatchFixesHider$Val. (lombok.launch.PatchFixesHider$Val is in unnamed module of loader lombok.launch.ShadowClassLoader @4cce2787, parent loader org.eclipse.osgi.internal.loader.EquinoxClassLoader @4dcb2448)> (0x00000000d65575b0) 
thrown [./src/hotspot/share/classfile/systemDictionary.cpp, line 1682]
Event: 3.225 Thread 0x00007133f42ffea0 Exception <a 'java/lang/LinkageError'{0x00000000d6599908}: loader lombok.launch.ShadowClassLoader @4cce2787 attempted duplicate class definition for lombok.launch.PatchFixesHider$ExtensionMethod. (lombok.launch.PatchFixesHider$ExtensionMethod is in unnamed module of loader lombok.launch.ShadowClassLoader @4cce2787, parent loader org.eclipse.osgi.internal.loader.EquinoxClassLoader @4dcb2448)> (0x00000000d6599908) 
thrown [./src/hotspot/share/classfile/systemDictionary.cpp, line 1682]
Event: 3.255 Thread 0x00007133f42ffea0 Exception <a 'java/lang/LinkageError'{0x00000000d57e7d58}: loader lombok.launch.ShadowClassLoader @d0a8f3d attempted duplicate class definition for lombok.eclipse.agent.PatchDiagnostics. (lombok.eclipse.agent.PatchDiagnostics is in unnamed module of loader lombok.launch.ShadowClassLoader @d0a8f3d, parent loader org.eclipse.osgi.internal.loader.EquinoxClassLoader @61446e4)> (0x00000000d57e7d58) 
thrown [./src/hotspot/share/classfile/systemDictionary.cpp, line 1682]
Event: 3.255 Thread 0x00007133f42eed10 Exception <a 'java/lang/LinkageError'{0x00000000d57d01f0}: loader lombok.launch.ShadowClassLoader @d0a8f3d attempted duplicate class definition for lombok.eclipse.EcjAugments. (lombok.eclipse.EcjAugments is in unnamed module of loader lombok.launch.ShadowClassLoader @d0a8f3d, parent loader org.eclipse.osgi.internal.loader.EquinoxClassLoader @61446e4)> (0x00000000d57d01f0) 
thrown [./src/hotspot/share/classfile/systemDictionary.cpp, line 1682]
Event: 3.259 Thread 0x00007133f42eed10 Exception <a 'java/lang/LinkageError'{0x00000000d5844b10}: loader lombok.launch.ShadowClassLoader @d0a8f3d attempted duplicate class definition for lombok.launch.PatchFixesHider$ValPortal. (lombok.launch.PatchFixesHider$ValPortal is in unnamed module of loader lombok.launch.ShadowClassLoader @d0a8f3d, parent loader org.eclipse.osgi.internal.loader.EquinoxClassLoader @61446e4)> (0x00000000d5844b10) 
thrown [./src/hotspot/share/classfile/systemDictionary.cpp, line 1682]

ZGC Phase Switch (0 events):
No events

VM Operations (20 events):
Event: 2.910 Executing VM operation: ParallelGCFailedAllocation (Allocation Failure)
Event: 2.911 Executing VM operation: ParallelGCFailedAllocation (Allocation Failure) done
Event: 2.941 Executing VM operation: ParallelGCFailedAllocation (Allocation Failure)
Event: 2.943 Executing VM operation: ParallelGCFailedAllocation (Allocation Failure) done
Event: 2.962 Executing VM operation: ParallelGCFailedAllocation (Allocation Failure)
Event: 2.963 Executing VM operation: ParallelGCFailedAllocation (Allocation Failure) done
Event: 2.982 Executing VM operation: ParallelGCFailedAllocation (Allocation Failure)
Event: 2.983 Executing VM operation: ParallelGCFailedAllocation (Allocation Failure) done
Event: 3.076 Executing VM operation: HandshakeAllThreads (Deoptimize)
Event: 3.076 Executing VM operation: HandshakeAllThreads (Deoptimize) done
Event: 3.095 Executing VM operation: HandshakeAllThreads (Deoptimize)
Event: 3.096 Executing VM operation: HandshakeAllThreads (Deoptimize) done
Event: 3.140 Executing VM operation: RedefineClasses
Event: 3.171 Executing VM operation: RedefineClasses done
Event: 3.227 Executing VM operation: ICBufferFull
Event: 3.227 Executing VM operation: ICBufferFull done
Event: 3.227 Executing VM operation: ICBufferFull
Event: 3.227 Executing VM operation: ICBufferFull done
Event: 3.243 Executing VM operation: ParallelGCFailedAllocation (Allocation Failure)
Event: 3.245 Executing VM operation: ParallelGCFailedAllocation (Allocation Failure) done

Memory protections (20 events):
Event: 2.377 Protecting memory [0x000071348c1f7000,0x000071348c1fb000] with protection modes 0
Event: 2.377 Protecting memory [0x000071348c0f7000,0x000071348c0fb000] with protection modes 0
Event: 2.385 Protecting memory [0x00007133ebf00000,0x00007133ebf04000] with protection modes 0
Event: 2.385 Protecting memory [0x00007133e4300000,0x00007133e4304000] with protection modes 0
Event: 2.386 Protecting memory [0x00007133e4200000,0x00007133e4204000] with protection modes 0
Event: 2.386 Protecting memory [0x00007133e4100000,0x00007133e4104000] with protection modes 0
Event: 2.386 Protecting memory [0x00007133e4000000,0x00007133e4004000] with protection modes 0
Event: 2.386 Protecting memory [0x00007133c7f00000,0x00007133c7f04000] with protection modes 0
Event: 2.445 Protecting memory [0x00007133c7e00000,0x00007133c7e04000] with protection modes 0
Event: 2.445 Protecting memory [0x00007133c7d00000,0x00007133c7d04000] with protection modes 0
Event: 2.445 Protecting memory [0x00007133c7c00000,0x00007133c7c04000] with protection modes 0
Event: 2.461 Protecting memory [0x00007133c7b00000,0x00007133c7b04000] with protection modes 0
Event: 2.461 Protecting memory [0x00007133c7a00000,0x00007133c7a04000] with protection modes 0
Event: 2.504 Protecting memory [0x00007133c7d00000,0x00007133c7d04000] with protection modes 0
Event: 2.504 Protecting memory [0x00007133c7b00000,0x00007133c7b04000] with protection modes 0
Event: 2.504 Protecting memory [0x00007133c7c00000,0x00007133c7c04000] with protection modes 0
Event: 2.504 Protecting memory [0x00007133c7e00000,0x00007133c7e04000] with protection modes 0
Event: 2.504 Protecting memory [0x00007133c7a00000,0x00007133c7a04000] with protection modes 0
Event: 2.619 Protecting memory [0x00007133c7e00000,0x00007133c7e04000] with protection modes 0
Event: 3.045 Protecting memory [0x00007133c669d000,0x00007133c66a1000] with protection modes 0

Nmethod flushes (0 events):
No events

Events (20 events):
Event: 2.461 Thread 0x00007133f435ef30 Thread added: 0x00007133e007ccc0
Event: 2.482 Thread 0x00007133e007ccc0 Thread exited: 0x00007133e007ccc0
Event: 2.482 Thread 0x00007133e0075de0 Thread exited: 0x00007133e0075de0
Event: 2.482 Thread 0x00007133e007a620 Thread exited: 0x00007133e007a620
Event: 2.482 Thread 0x00007133e007b5a0 Thread exited: 0x00007133e007b5a0
Event: 2.482 Thread 0x00007133e0076d40 Thread exited: 0x00007133e0076d40
Event: 2.504 Thread 0x00007133f435ef30 Thread added: 0x00007133e0011930
Event: 2.504 Thread 0x00007133f435ef30 Thread added: 0x00007133e008a8a0
Event: 2.504 Thread 0x00007133f435ef30 Thread added: 0x00007133e007eec0
Event: 2.504 Thread 0x00007133f435ef30 Thread added: 0x00007133e007f5c0
Event: 2.504 Thread 0x00007133f435ef30 Thread added: 0x00007133e008f120
Event: 2.519 Thread 0x00007133e007eec0 Thread exited: 0x00007133e007eec0
Event: 2.519 Thread 0x00007133e008f120 Thread exited: 0x00007133e008f120
Event: 2.519 Thread 0x00007133e0011930 Thread exited: 0x00007133e0011930
Event: 2.519 Thread 0x00007133e008a8a0 Thread exited: 0x00007133e008a8a0
Event: 2.519 Thread 0x00007133e007f5c0 Thread exited: 0x00007133e007f5c0
Event: 2.619 Thread 0x000071341c001a20 Thread added: 0x000071340c023be0
Event: 2.815 Thread 0x00007134680b7b00 Thread exited: 0x00007134680b7b00
Event: 3.045 Thread 0x000071346050c6e0 Thread added: 0x000071346050c6e0
Event: 3.197 Thread 0x000071346050c6e0 Thread exited: 0x000071346050c6e0


Dynamic libraries:
80000000-84300000 rw-p 00000000 00:00 0 
84300000-d5580000 ---p 00000000 00:00 0 
d5580000-d6f80000 rw-p 00000000 00:00 0 
d6f80000-100000000 ---p 00000000 00:00 0 
5d69407c2000-5d69407c3000 r--p 00000000 00:1c 249042                     /usr/lib/jvm/java-21-openjdk-amd64/bin/java
5d69407c3000-5d69407c4000 r-xp 00001000 00:1c 249042                     /usr/lib/jvm/java-21-openjdk-amd64/bin/java
5d69407c4000-5d69407c5000 r--p 00002000 00:1c 249042                     /usr/lib/jvm/java-21-openjdk-amd64/bin/java
5d69407c5000-5d69407c6000 r--p 00002000 00:1c 249042                     /usr/lib/jvm/java-21-openjdk-amd64/bin/java
5d69407c6000-5d69407c7000 rw-p 00003000 00:1c 249042                     /usr/lib/jvm/java-21-openjdk-amd64/bin/java
5d697bcda000-5d697bd22000 rw-p 00000000 00:00 0                          [heap]
7133a8000000-7133a8021000 rw-p 00000000 00:00 0 
7133a8021000-7133ac000000 ---p 00000000 00:00 0 
7133b0000000-7133b0021000 rw-p 00000000 00:00 0 
7133b0021000-7133b4000000 ---p 00000000 00:00 0 
7133b4000000-7133b4021000 rw-p 00000000 00:00 0 
7133b4021000-7133b8000000 ---p 00000000 00:00 0 
7133b8000000-7133b8021000 rw-p 00000000 00:00 0 
7133b8021000-7133bc000000 ---p 00000000 00:00 0 
7133bc000000-7133bc021000 rw-p 00000000 00:00 0 
7133bc021000-7133c0000000 ---p 00000000 00:00 0 
7133c0000000-7133c0021000 rw-p 00000000 00:00 0 
7133c0021000-7133c4000000 ---p 00000000 00:00 0 
7133c669c000-7133c669d000 ---p 00000000 00:00 0 
7133c669d000-7133c66a1000 ---p 00000000 00:00 0 
7133c66a1000-7133c6e9d000 rw-p 00000000 00:00 0 
7133c6e9d000-7133c6fd7000 r--p 00000000 00:1c 11216658                   /opt/traps/lib/libmoduleng64.so
7133c6fd7000-7133c71fc000 r-xp 0013a000 00:1c 11216658                   /opt/traps/lib/libmoduleng64.so
7133c71fc000-7133c7357000 r--p 0035f000 00:1c 11216658                   /opt/traps/lib/libmoduleng64.so
7133c7357000-7133c73f7000 rw-p 004b9000 00:1c 11216658                   /opt/traps/lib/libmoduleng64.so
7133c73f7000-7133c7400000 rw-p 00000000 00:00 0 
7133c771c000-7133c7a00000 rw-p 00000000 00:00 0 
7133c7a00000-7133c7a04000 ---p 00000000 00:00 0 
7133c7a04000-7133c7b00000 rw-p 00000000 00:00 0 
7133c7b00000-7133c7b04000 ---p 00000000 00:00 0 
7133c7b04000-7133c7c00000 rw-p 00000000 00:00 0 
7133c7c00000-7133c7c04000 ---p 00000000 00:00 0 
7133c7c04000-7133c7d00000 rw-p 00000000 00:00 0 
7133c7d00000-7133c7d04000 ---p 00000000 00:00 0 
7133c7d04000-7133c7e00000 rw-p 00000000 00:00 0 
7133c7e00000-7133c7e04000 ---p 00000000 00:00 0 
7133c7e04000-7133c7f00000 rw-p 00000000 00:00 0 
7133c7f00000-7133c7f04000 ---p 00000000 00:00 0 
7133c7f04000-7133c8000000 rw-p 00000000 00:00 0 
7133c8000000-7133c8021000 rw-p 00000000 00:00 0 
7133c8021000-7133cc000000 ---p 00000000 00:00 0 
7133cc000000-7133cc021000 rw-p 00000000 00:00 0 
7133cc021000-7133d0000000 ---p 00000000 00:00 0 
7133d0000000-7133d0021000 rw-p 00000000 00:00 0 
7133d0021000-7133d4000000 ---p 00000000 00:00 0 
7133d4000000-7133d4021000 rw-p 00000000 00:00 0 
7133d4021000-7133d8000000 ---p 00000000 00:00 0 
7133d8000000-7133d8021000 rw-p 00000000 00:00 0 
7133d8021000-7133dc000000 ---p 00000000 00:00 0 
7133dc000000-7133dc021000 rw-p 00000000 00:00 0 
7133dc021000-7133e0000000 ---p 00000000 00:00 0 
7133e0000000-7133e00a8000 rw-p 00000000 00:00 0 
7133e00a8000-7133e4004000 ---p 00000000 00:00 0 
7133e4004000-7133e4100000 rw-p 00000000 00:00 0 
7133e4100000-7133e4104000 ---p 00000000 00:00 0 
7133e4104000-7133e4200000 rw-p 00000000 00:00 0 
7133e4200000-7133e4204000 ---p 00000000 00:00 0 
7133e4204000-7133e4300000 rw-p 00000000 00:00 0 
7133e4300000-7133e4304000 ---p 00000000 00:00 0 
7133e4304000-7133e4400000 rw-p 00000000 00:00 0 
7133e4400000-7133ebeb2000 r--s 00000000 00:1c 699895                     /usr/lib/jvm/java-17-openjdk-amd64/lib/modules
7133ebf00000-7133ebf04000 ---p 00000000 00:00 0 
7133ebf04000-7133ec000000 rw-p 00000000 00:00 0 
7133ec000000-7133ec2f1000 rw-p 00000000 00:00 0 
7133ec2f1000-7133f0000000 ---p 00000000 00:00 0 
7133f0000000-7133f0021000 rw-p 00000000 00:00 0 
7133f0021000-7133f4000000 ---p 00000000 00:00 0 
7133f4000000-7133f43ab000 rw-p 00000000 00:00 0 
7133f43ab000-7133f8000000 ---p 00000000 00:00 0 
7133f8000000-7133f8180000 rw-p 00000000 00:00 0 
7133f8180000-7133fc000000 ---p 00000000 00:00 0 
7133fc000000-7133fc021000 rw-p 00000000 00:00 0 
7133fc021000-713400000000 ---p 00000000 00:00 0 
713400000000-713400021000 rw-p 00000000 00:00 0 
713400021000-713404000000 ---p 00000000 00:00 0 
713404000000-71340402e000 rw-p 00000000 00:00 0 
71340402e000-713408000000 ---p 00000000 00:00 0 
713408000000-713408027000 rw-p 00000000 00:00 0 
713408027000-71340c000000 ---p 00000000 00:00 0 
71340c000000-71340c035000 rw-p 00000000 00:00 0 
71340c035000-713410000000 ---p 00000000 00:00 0 
713410000000-713410021000 rw-p 00000000 00:00 0 
713410021000-713414000000 ---p 00000000 00:00 0 
713414000000-713414021000 rw-p 00000000 00:00 0 
713414021000-713418000000 ---p 00000000 00:00 0 
713418000000-713418573000 rw-p 00000000 00:00 0 
713418573000-71341c000000 ---p 00000000 00:00 0 
71341c000000-71341c076000 rw-p 00000000 00:00 0 
71341c076000-713420000000 ---p 00000000 00:00 0 
713420000000-713420021000 rw-p 00000000 00:00 0 
713420021000-713424000000 ---p 00000000 00:00 0 
713424000000-713424021000 rw-p 00000000 00:00 0 
713424021000-713428000000 ---p 00000000 00:00 0 
713428000000-713428021000 rw-p 00000000 00:00 0 
713428021000-71342c000000 ---p 00000000 00:00 0 
71342c000000-71342c021000 rw-p 00000000 00:00 0 
71342c021000-713430000000 ---p 00000000 00:00 0 
713430000000-713430021000 rw-p 00000000 00:00 0 
713430021000-713434000000 ---p 00000000 00:00 0 
713434000000-71343460b000 rw-p 00000000 00:00 0 
71343460b000-713438000000 ---p 00000000 00:00 0 
713438000000-713438021000 rw-p 00000000 00:00 0 
713438021000-71343c000000 ---p 00000000 00:00 0 
71343c000000-71343c021000 rw-p 00000000 00:00 0 
71343c021000-713440000000 ---p 00000000 00:00 0 
713440000000-713440021000 rw-p 00000000 00:00 0 
713440021000-713444000000 ---p 00000000 00:00 0 
713444000000-713444021000 rw-p 00000000 00:00 0 
713444021000-713448000000 ---p 00000000 00:00 0 
713448000000-71344802f000 rw-p 00000000 00:00 0 
71344802f000-71344c000000 ---p 00000000 00:00 0 
71344c000000-71344c021000 rw-p 00000000 00:00 0 
71344c021000-713450000000 ---p 00000000 00:00 0 
713450000000-713450021000 rw-p 00000000 00:00 0 
713450021000-713454000000 ---p 00000000 00:00 0 
713454000000-713454021000 rw-p 00000000 00:00 0 
713454021000-713458000000 ---p 00000000 00:00 0 
713458000000-713458021000 rw-p 00000000 00:00 0 
713458021000-71345c000000 ---p 00000000 00:00 0 
71345c000000-71345c021000 rw-p 00000000 00:00 0 
71345c021000-713460000000 ---p 00000000 00:00 0 
713460000000-7134612e1000 rw-p 00000000 00:00 0 
7134612e1000-713464000000 ---p 00000000 00:00 0 
713464000000-7134652a0000 rw-p 00000000 00:00 0 
7134652a0000-713468000000 ---p 00000000 00:00 0 
713468000000-713468d60000 rw-p 00000000 00:00 0 
713468d60000-71346c000000 ---p 00000000 00:00 0 
71346c000000-71346c021000 rw-p 00000000 00:00 0 
71346c021000-713470000000 ---p 00000000 00:00 0 
713470000000-713470021000 rw-p 00000000 00:00 0 
713470021000-713474000000 ---p 00000000 00:00 0 
713474000000-713474021000 rw-p 00000000 00:00 0 
713474021000-713478000000 ---p 00000000 00:00 0 
713478000000-713478021000 rw-p 00000000 00:00 0 
713478021000-71347c000000 ---p 00000000 00:00 0 
71347c000000-71347c022000 rw-p 00000000 00:00 0 
71347c022000-713480000000 ---p 00000000 00:00 0 
713480000000-713480021000 rw-p 00000000 00:00 0 
713480021000-713484000000 ---p 00000000 00:00 0 
713484000000-7134843d0000 rw-p 00000000 00:00 0 
7134843d0000-713484400000 ---p 00000000 00:00 0 
713484400000-7134854b0000 rw-p 00000000 00:00 0 
7134854b0000-713488000000 ---p 00000000 00:00 0 
713488000000-713488021000 rw-p 00000000 00:00 0 
713488021000-71348c000000 ---p 00000000 00:00 0 
71348c076000-71348c099000 rw-p 00000000 00:00 0 
71348c0f7000-71348c0fb000 ---p 00000000 00:00 0 
71348c0fb000-71348c1f7000 rw-p 00000000 00:00 0 
71348c1f7000-71348c1fb000 ---p 00000000 00:00 0 
71348c1fb000-71348c2f7000 rw-p 00000000 00:00 0 
71348c2f7000-71348c2fb000 ---p 00000000 00:00 0 
71348c2fb000-71348c3f7000 rw-p 00000000 00:00 0 
71348c3f7000-71348c3fb000 ---p 00000000 00:00 0 
71348c3fb000-71348c4f7000 rw-p 00000000 00:00 0 
71348c4f7000-71348c4fb000 ---p 00000000 00:00 0 
71348c4fb000-71348c5f7000 rw-p 00000000 00:00 0 
71348c5f7000-71348c5fb000 ---p 00000000 00:00 0 
71348c5fb000-71348c6f7000 rw-p 00000000 00:00 0 
71348c6f7000-71348c6fb000 ---p 00000000 00:00 0 
71348c6fb000-71348c7f7000 rw-p 00000000 00:00 0 
71348c7f7000-71348c7fb000 ---p 00000000 00:00 0 
71348c7fb000-71348c8f7000 rw-p 00000000 00:00 0 
71348c8f7000-71348c8fb000 ---p 00000000 00:00 0 
71348c8fb000-71348c9f7000 rw-p 00000000 00:00 0 
71348c9f7000-71348c9fb000 ---p 00000000 00:00 0 
71348c9fb000-71348caf7000 rw-p 00000000 00:00 0 
71348caf7000-71348caf8000 ---p 00000000 00:00 0 
71348caf8000-71348cbf8000 rw-p 00000000 00:00 0 
71348cbf8000-71348cbfc000 ---p 00000000 00:00 0 
71348cbfc000-71348ccf8000 rw-p 00000000 00:00 0 
71348ccf8000-71348ccfc000 ---p 00000000 00:00 0 
71348ccfc000-71348cdf8000 rw-p 00000000 00:00 0 
71348cdf8000-71348cdf9000 ---p 00000000 00:00 0 
71348cdf9000-71348cef9000 rw-p 00000000 00:00 0 
71348cef9000-71348cefa000 ---p 00000000 00:00 0 
71348cefa000-71348cffa000 rw-p 00000000 00:00 0 
71348cffa000-71348cffe000 ---p 00000000 00:00 0 
71348cffe000-71348d0fa000 rw-p 00000000 00:00 0 
71348d0fa000-71348d0fe000 ---p 00000000 00:00 0 
71348d0fe000-71348d1fa000 rw-p 00000000 00:00 0 
71348d1fa000-71348d1fb000 ---p 00000000 00:00 0 
71348d1fb000-71348d2fb000 rw-p 00000000 00:00 0 
71348d2fb000-71348d2ff000 ---p 00000000 00:00 0 
71348d2ff000-71348d3fb000 rw-p 00000000 00:00 0 
71348d3fb000-71348d3ff000 ---p 00000000 00:00 0 
71348d3ff000-71348d4fb000 rw-p 00000000 00:00 0 
71348d4fb000-71348d4fc000 ---p 00000000 00:00 0 
71348d4fc000-71348d5fc000 rw-p 00000000 00:00 0 
71348d5fc000-71348d600000 ---p 00000000 00:00 0 
71348d600000-71348d6fc000 rw-p 00000000 00:00 0 
71348d6fc000-71348d700000 ---p 00000000 00:00 0 
71348d700000-71348d7fc000 rw-p 00000000 00:00 0 
71348d7fc000-71348d7fd000 ---p 00000000 00:00 0 
71348d7fd000-71348d8fd000 rw-p 00000000 00:00 0 
71348d8fd000-71348d901000 ---p 00000000 00:00 0 
71348d901000-71348d9fd000 rw-p 00000000 00:00 0 
71348d9fd000-71348da01000 ---p 00000000 00:00 0 
71348da01000-71348dafd000 rw-p 00000000 00:00 0 
71348dafd000-71348dafe000 ---p 00000000 00:00 0 
71348dafe000-71348dbfe000 rw-p 00000000 00:00 0 
71348dbfe000-71348dbff000 ---p 00000000 00:00 0 
71348dbff000-71348dcff000 rw-p 00000000 00:00 0 
71348dcff000-71348dd00000 ---p 00000000 00:00 0 
71348dd00000-71348de00000 rw-p 00000000 00:00 0 
71348de00000-71348de04000 ---p 00000000 00:00 0 
71348de04000-71348df00000 rw-p 00000000 00:00 0 
71348df00000-71348df04000 ---p 00000000 00:00 0 
71348df04000-71348e000000 rw-p 00000000 00:00 0 
71348e000000-71348eca0000 rw-p 00001000 00:1c 249196                     /usr/lib/jvm/java-21-openjdk-amd64/lib/server/classes.jsa
71348eca0000-713493b28000 rw-p 00001000 00:1c 12420846                   /home/mulroney/.config/Code/User/globalStorage/redhat.java/1.46.2025100108/jdtls.jsa
713493b28000-713494000000 ---p 00000000 00:00 0 
713494000000-713494040000 rw-p 00000000 00:00 0 
713494040000-713494060000 rw-p 00000000 00:00 0 
713494060000-713494080000 ---p 00000000 00:00 0 
713494080000-7134942a0000 rw-p 00000000 00:00 0 
7134942a0000-7134d4000000 ---p 00000000 00:00 0 
7134d4000000-7134d8021000 rw-p 00000000 00:00 0 
7134d8021000-7134dc004000 ---p 00000000 00:00 0 
7134dc004000-7134dc100000 rw-p 00000000 00:00 0 
7134dc100000-7134dc104000 ---p 00000000 00:00 0 
7134dc104000-7134dc200000 rw-p 00000000 00:00 0 
7134dc200000-7134dc775000 r--p 00000000 00:1c 234016                     /usr/lib/locale/locale-archive
7134dc800000-7134dda20000 rwxp 00000000 00:00 0 
7134dda20000-7134e3d37000 ---p 00000000 00:00 0 
7134e3d37000-7134e3fa7000 rwxp 00000000 00:00 0 
7134e3fa7000-7134e42c9000 ---p 00000000 00:00 0 
7134e42c9000-7134e46d9000 rwxp 00000000 00:00 0 
7134e46d9000-7134eb800000 ---p 00000000 00:00 0 
7134eb800000-7134f3e2a000 r--s 00000000 00:1c 249192                     /usr/lib/jvm/java-21-openjdk-amd64/lib/modules
7134f3e2f000-7134f3e34000 r--p 00000000 00:1c 249176                     /usr/lib/jvm/java-21-openjdk-amd64/lib/libjsvml.so
7134f3e34000-7134f3e75000 r-xp 00005000 00:1c 249176                     /usr/lib/jvm/java-21-openjdk-amd64/lib/libjsvml.so
7134f3e75000-7134f3efe000 r--p 00046000 00:1c 249176                     /usr/lib/jvm/java-21-openjdk-amd64/lib/libjsvml.so
7134f3efe000-7134f3eff000 r--p 000ce000 00:1c 249176                     /usr/lib/jvm/java-21-openjdk-amd64/lib/libjsvml.so
7134f3eff000-7134f3f00000 rw-p 000cf000 00:1c 249176                     /usr/lib/jvm/java-21-openjdk-amd64/lib/libjsvml.so
7134f3f00000-7134f3f04000 ---p 00000000 00:00 0 
7134f3f04000-7134f4000000 rw-p 00000000 00:00 0 
7134f4000000-7134f4505000 rw-p 00000000 00:00 0 
7134f4505000-7134f8000000 ---p 00000000 00:00 0 
7134f800f000-7134f802f000 rw-p 00000000 00:00 0 
7134f804f000-7134f805f000 rw-p 00000000 00:00 0 
7134f805f000-7134f8063000 ---p 00000000 00:00 0 
7134f8063000-7134f815f000 rw-p 00000000 00:00 0 
7134f815f000-7134f8163000 ---p 00000000 00:00 0 
7134f8163000-7134f825f000 rw-p 00000000 00:00 0 
7134f825f000-7134f8263000 ---p 00000000 00:00 0 
7134f8263000-7134f835f000 rw-p 00000000 00:00 0 
7134f835f000-7134f8363000 ---p 00000000 00:00 0 
7134f8363000-7134f845f000 rw-p 00000000 00:00 0 
7134f845f000-7134f8463000 ---p 00000000 00:00 0 
7134f8463000-7134f855f000 rw-p 00000000 00:00 0 
7134f855f000-7134f8560000 ---p 00000000 00:00 0 
7134f8560000-7134f8660000 rw-p 00000000 00:00 0 
7134f8660000-7134fa47e000 rw-p 00000000 00:00 0 
7134fa47e000-7134fa47f000 ---p 00000000 00:00 0 
7134fa47f000-7134fa57f000 rw-p 00000000 00:00 0 
7134fa57f000-7134faa00000 rw-p 00000000 00:00 0 
7134faa02000-7134faa9f000 rw-p 00000000 00:00 0 
7134faa9f000-7134fad28000 ---p 00000000 00:00 0 
7134fad28000-7134fad29000 ---p 00000000 00:00 0 
7134fad29000-7134fae29000 rw-p 00000000 00:00 0 
7134fae29000-7134fae4b000 rw-p 00000000 00:00 0 
7134fae4b000-7134fb0d3000 ---p 00000000 00:00 0 
7134fb0d3000-7134fb0e1000 rw-p 00000000 00:00 0 
7134fb0e1000-7134fb22a000 ---p 00000000 00:00 0 
7134fb22a000-7134fb233000 rw-p 00000000 00:00 0 
7134fb233000-7134fb315000 ---p 00000000 00:00 0 
7134fb315000-7134fb33a000 rw-p 00000000 00:00 0 
7134fb33a000-7134fb400000 ---p 00000000 00:00 0 
7134fb400000-7134fbcd4000 r--s 00000000 00:1c 12300971                   /var/lib/sss/mc/passwd
7134fbcd5000-7134fbcdc000 r--s 00000000 00:1c 223649                     /usr/lib/x86_64-linux-gnu/gconv/gconv-modules.cache
7134fbcdc000-7134fbce0000 r--p 00000000 00:1c 12413670                   /home/mulroney/.config/Code/User/globalStorage/redhat.java/1.46.2025100108/config_linux/org.eclipse.equinox.launcher/org.eclipse.equinox.launcher.gtk.linux.x86_64_1.2.1500.v20250801-0854/eclipse_11916.so
7134fbce0000-7134fbcea000 r-xp 00004000 00:1c 12413670                   /home/mulroney/.config/Code/User/globalStorage/redhat.java/1.46.2025100108/config_linux/org.eclipse.equinox.launcher/org.eclipse.equinox.launcher.gtk.linux.x86_64_1.2.1500.v20250801-0854/eclipse_11916.so
7134fbcea000-7134fbced000 r--p 0000e000 00:1c 12413670                   /home/mulroney/.config/Code/User/globalStorage/redhat.java/1.46.2025100108/config_linux/org.eclipse.equinox.launcher/org.eclipse.equinox.launcher.gtk.linux.x86_64_1.2.1500.v20250801-0854/eclipse_11916.so
7134fbced000-7134fbcee000 r--p 00010000 00:1c 12413670                   /home/mulroney/.config/Code/User/globalStorage/redhat.java/1.46.2025100108/config_linux/org.eclipse.equinox.launcher/org.eclipse.equinox.launcher.gtk.linux.x86_64_1.2.1500.v20250801-0854/eclipse_11916.so
7134fbcee000-7134fbcef000 rw-p 00011000 00:1c 12413670                   /home/mulroney/.config/Code/User/globalStorage/redhat.java/1.46.2025100108/config_linux/org.eclipse.equinox.launcher/org.eclipse.equinox.launcher.gtk.linux.x86_64_1.2.1500.v20250801-0854/eclipse_11916.so
7134fbcef000-7134fbcf0000 rw-p 00000000 00:00 0 
7134fbcf0000-7134fbcf4000 r--p 00000000 00:1c 249190                     /usr/lib/jvm/java-21-openjdk-amd64/lib/libverify.so
7134fbcf4000-7134fbcfb000 r-xp 00004000 00:1c 249190                     /usr/lib/jvm/java-21-openjdk-amd64/lib/libverify.so
7134fbcfb000-7134fbcfd000 r--p 0000b000 00:1c 249190                     /usr/lib/jvm/java-21-openjdk-amd64/lib/libverify.so
7134fbcfd000-7134fbcff000 r--p 0000c000 00:1c 249190                     /usr/lib/jvm/java-21-openjdk-amd64/lib/libverify.so
7134fbcff000-7134fbd00000 rw-p 0000e000 00:1c 249190                     /usr/lib/jvm/java-21-openjdk-amd64/lib/libverify.so
7134fbd00000-7134fbd04000 ---p 00000000 00:00 0 
7134fbd04000-7134fbe00000 rw-p 00000000 00:00 0 
7134fbe00000-7134fbe9d000 r--p 00000000 00:1c 15146                      /usr/lib/x86_64-linux-gnu/libstdc++.so.6.0.33
7134fbe9d000-7134fbfe5000 r-xp 0009d000 00:1c 15146                      /usr/lib/x86_64-linux-gnu/libstdc++.so.6.0.33
7134fbfe5000-7134fc06c000 r--p 001e5000 00:1c 15146                      /usr/lib/x86_64-linux-gnu/libstdc++.so.6.0.33
7134fc06c000-7134fc077000 r--p 0026b000 00:1c 15146                      /usr/lib/x86_64-linux-gnu/libstdc++.so.6.0.33
7134fc077000-7134fc07a000 rw-p 00276000 00:1c 15146                      /usr/lib/x86_64-linux-gnu/libstdc++.so.6.0.33
7134fc07a000-7134fc07e000 rw-p 00000000 00:00 0 
7134fc089000-7134fc08c000 r--p 00000000 00:1c 249183                     /usr/lib/jvm/java-21-openjdk-amd64/lib/libnet.so
7134fc08c000-7134fc094000 r-xp 00003000 00:1c 249183                     /usr/lib/jvm/java-21-openjdk-amd64/lib/libnet.so
7134fc094000-7134fc096000 r--p 0000b000 00:1c 249183                     /usr/lib/jvm/java-21-openjdk-amd64/lib/libnet.so
7134fc096000-7134fc097000 r--p 0000c000 00:1c 249183                     /usr/lib/jvm/java-21-openjdk-amd64/lib/libnet.so
7134fc097000-7134fc098000 rw-p 0000d000 00:1c 249183                     /usr/lib/jvm/java-21-openjdk-amd64/lib/libnet.so
7134fc098000-7134fc09f000 r--p 00000000 00:1c 249184                     /usr/lib/jvm/java-21-openjdk-amd64/lib/libnio.so
7134fc09f000-7134fc0a8000 r-xp 00007000 00:1c 249184                     /usr/lib/jvm/java-21-openjdk-amd64/lib/libnio.so
7134fc0a8000-7134fc0ac000 r--p 00010000 00:1c 249184                     /usr/lib/jvm/java-21-openjdk-amd64/lib/libnio.so
7134fc0ac000-7134fc0ad000 r--p 00014000 00:1c 249184                     /usr/lib/jvm/java-21-openjdk-amd64/lib/libnio.so
7134fc0ad000-7134fc0ae000 rw-p 00015000 00:1c 249184                     /usr/lib/jvm/java-21-openjdk-amd64/lib/libnio.so
7134fc0ae000-7134fc117000 rw-p 00000000 00:00 0 
7134fc117000-7134fc127000 r--p 00000000 00:1c 223663                     /usr/lib/x86_64-linux-gnu/libm.so.6
7134fc127000-7134fc1a6000 r-xp 00010000 00:1c 223663                     /usr/lib/x86_64-linux-gnu/libm.so.6
7134fc1a6000-7134fc1fe000 r--p 0008f000 00:1c 223663                     /usr/lib/x86_64-linux-gnu/libm.so.6
7134fc1fe000-7134fc1ff000 r--p 000e7000 00:1c 223663                     /usr/lib/x86_64-linux-gnu/libm.so.6
7134fc1ff000-7134fc200000 rw-p 000e8000 00:1c 223663                     /usr/lib/x86_64-linux-gnu/libm.so.6
7134fc200000-7134fc4a2000 r--p 00000000 00:1c 249199                     /usr/lib/jvm/java-21-openjdk-amd64/lib/server/libjvm.so
7134fc4a2000-7134fd317000 r-xp 002a2000 00:1c 249199                     /usr/lib/jvm/java-21-openjdk-amd64/lib/server/libjvm.so
7134fd317000-7134fd5f1000 r--p 01117000 00:1c 249199                     /usr/lib/jvm/java-21-openjdk-amd64/lib/server/libjvm.so
7134fd5f1000-7134fd6c5000 r--p 013f0000 00:1c 249199                     /usr/lib/jvm/java-21-openjdk-amd64/lib/server/libjvm.so
7134fd6c5000-7134fd6f5000 rw-p 014c4000 00:1c 249199                     /usr/lib/jvm/java-21-openjdk-amd64/lib/server/libjvm.so
7134fd6f5000-7134fd75b000 rw-p 00000000 00:00 0 
7134fd75b000-7134fd75c000 r--p 00000000 00:1c 223662                     /usr/lib/x86_64-linux-gnu/libdl.so.2
7134fd75c000-7134fd75d000 r-xp 00001000 00:1c 223662                     /usr/lib/x86_64-linux-gnu/libdl.so.2
7134fd75d000-7134fd75e000 r--p 00002000 00:1c 223662                     /usr/lib/x86_64-linux-gnu/libdl.so.2
7134fd75e000-7134fd75f000 r--p 00002000 00:1c 223662                     /usr/lib/x86_64-linux-gnu/libdl.so.2
7134fd75f000-7134fd760000 rw-p 00003000 00:1c 223662                     /usr/lib/x86_64-linux-gnu/libdl.so.2
7134fd760000-7134fd761000 r--p 00000000 00:1c 223672                     /usr/lib/x86_64-linux-gnu/libpthread.so.0
7134fd761000-7134fd762000 r-xp 00001000 00:1c 223672                     /usr/lib/x86_64-linux-gnu/libpthread.so.0
7134fd762000-7134fd763000 r--p 00002000 00:1c 223672                     /usr/lib/x86_64-linux-gnu/libpthread.so.0
7134fd763000-7134fd764000 r--p 00002000 00:1c 223672                     /usr/lib/x86_64-linux-gnu/libpthread.so.0
7134fd764000-7134fd765000 rw-p 00003000 00:1c 223672                     /usr/lib/x86_64-linux-gnu/libpthread.so.0
7134fd765000-7134fd767000 r--p 00000000 00:1c 178687                     /usr/lib/x86_64-linux-gnu/libnss_sss.so.2
7134fd767000-7134fd76f000 r-xp 00002000 00:1c 178687                     /usr/lib/x86_64-linux-gnu/libnss_sss.so.2
7134fd76f000-7134fd771000 r--p 0000a000 00:1c 178687                     /usr/lib/x86_64-linux-gnu/libnss_sss.so.2
7134fd771000-7134fd772000 r--p 0000b000 00:1c 178687                     /usr/lib/x86_64-linux-gnu/libnss_sss.so.2
7134fd772000-7134fd773000 rw-p 0000c000 00:1c 178687                     /usr/lib/x86_64-linux-gnu/libnss_sss.so.2
7134fd773000-7134fd776000 r--p 00000000 00:1c 14631                      /usr/lib/x86_64-linux-gnu/libcap.so.2.66
7134fd776000-7134fd77c000 r-xp 00003000 00:1c 14631                      /usr/lib/x86_64-linux-gnu/libcap.so.2.66
7134fd77c000-7134fd77e000 r--p 00009000 00:1c 14631                      /usr/lib/x86_64-linux-gnu/libcap.so.2.66
7134fd77e000-7134fd77f000 r--p 0000b000 00:1c 14631                      /usr/lib/x86_64-linux-gnu/libcap.so.2.66
7134fd77f000-7134fd780000 rw-p 0000c000 00:1c 14631                      /usr/lib/x86_64-linux-gnu/libcap.so.2.66
7134fd780000-7134fd788000 r--p 00000000 00:1c 11647307                   /usr/lib/x86_64-linux-gnu/libnss_systemd.so.2
7134fd788000-7134fd7c7000 r-xp 00008000 00:1c 11647307                   /usr/lib/x86_64-linux-gnu/libnss_systemd.so.2
7134fd7c7000-7134fd7d7000 r--p 00047000 00:1c 11647307                   /usr/lib/x86_64-linux-gnu/libnss_systemd.so.2
7134fd7d7000-7134fd7db000 r--p 00056000 00:1c 11647307                   /usr/lib/x86_64-linux-gnu/libnss_systemd.so.2
7134fd7db000-7134fd7dc000 rw-p 0005a000 00:1c 11647307                   /usr/lib/x86_64-linux-gnu/libnss_systemd.so.2
7134fd7dc000-7134fd7e9000 r--p 00000000 00:1c 249169                     /usr/lib/jvm/java-21-openjdk-amd64/lib/libjava.so
7134fd7e9000-7134fd7f8000 r-xp 0000d000 00:1c 249169                     /usr/lib/jvm/java-21-openjdk-amd64/lib/libjava.so
7134fd7f8000-7134fd7fd000 r--p 0001c000 00:1c 249169                     /usr/lib/jvm/java-21-openjdk-amd64/lib/libjava.so
7134fd7fd000-7134fd7fe000 r--p 00021000 00:1c 249169                     /usr/lib/jvm/java-21-openjdk-amd64/lib/libjava.so
7134fd7fe000-7134fd7ff000 rw-p 00022000 00:1c 249169                     /usr/lib/jvm/java-21-openjdk-amd64/lib/libjava.so
7134fd7ff000-7134fd800000 rw-p 00000000 00:00 0 
7134fd800000-7134fd828000 r--p 00000000 00:1c 223660                     /usr/lib/x86_64-linux-gnu/libc.so.6
7134fd828000-7134fd916000 r-xp 00028000 00:1c 223660                     /usr/lib/x86_64-linux-gnu/libc.so.6
7134fd916000-7134fd917000 r-xp 00116000 00:1c 223660                     /usr/lib/x86_64-linux-gnu/libc.so.6
7134fd917000-7134fd9b0000 r-xp 00117000 00:1c 223660                     /usr/lib/x86_64-linux-gnu/libc.so.6
7134fd9b0000-7134fd9ff000 r--p 001b0000 00:1c 223660                     /usr/lib/x86_64-linux-gnu/libc.so.6
7134fd9ff000-7134fda03000 r--p 001fe000 00:1c 223660                     /usr/lib/x86_64-linux-gnu/libc.so.6
7134fda03000-7134fda05000 rw-p 00202000 00:1c 223660                     /usr/lib/x86_64-linux-gnu/libc.so.6
7134fda05000-7134fda12000 rw-p 00000000 00:00 0 
7134fda13000-7134fda15000 r--p 00000000 00:1c 249191                     /usr/lib/jvm/java-21-openjdk-amd64/lib/libzip.so
7134fda15000-7134fda1a000 r-xp 00002000 00:1c 249191                     /usr/lib/jvm/java-21-openjdk-amd64/lib/libzip.so
7134fda1a000-7134fda1c000 r--p 00007000 00:1c 249191                     /usr/lib/jvm/java-21-openjdk-amd64/lib/libzip.so
7134fda1c000-7134fda1d000 r--p 00008000 00:1c 249191                     /usr/lib/jvm/java-21-openjdk-amd64/lib/libzip.so
7134fda1d000-7134fda1e000 rw-p 00009000 00:1c 249191                     /usr/lib/jvm/java-21-openjdk-amd64/lib/libzip.so
7134fda1e000-7134fda23000 rw-p 00000000 00:00 0 
7134fda23000-7134fda2a000 ---p 00000000 00:00 0 
7134fda2a000-7134fda32000 rw-s 00000000 00:1c 12426287                   /tmp/hsperfdata_mulroney/782557
7134fda32000-7134fda36000 r--p 00000000 00:1c 14753                      /usr/lib/x86_64-linux-gnu/libgcc_s.so.1
7134fda36000-7134fda5a000 r-xp 00004000 00:1c 14753                      /usr/lib/x86_64-linux-gnu/libgcc_s.so.1
7134fda5a000-7134fda5e000 r--p 00028000 00:1c 14753                      /usr/lib/x86_64-linux-gnu/libgcc_s.so.1
7134fda5e000-7134fda5f000 r--p 0002b000 00:1c 14753                      /usr/lib/x86_64-linux-gnu/libgcc_s.so.1
7134fda5f000-7134fda60000 rw-p 0002c000 00:1c 14753                      /usr/lib/x86_64-linux-gnu/libgcc_s.so.1
7134fda60000-7134fda62000 rw-p 00000000 00:00 0 
7134fda62000-7134fda64000 r--p 00000000 00:1c 249173                     /usr/lib/jvm/java-21-openjdk-amd64/lib/libjli.so
7134fda64000-7134fda6e000 r-xp 00002000 00:1c 249173                     /usr/lib/jvm/java-21-openjdk-amd64/lib/libjli.so
7134fda6e000-7134fda71000 r--p 0000c000 00:1c 249173                     /usr/lib/jvm/java-21-openjdk-amd64/lib/libjli.so
7134fda71000-7134fda72000 r--p 0000f000 00:1c 249173                     /usr/lib/jvm/java-21-openjdk-amd64/lib/libjli.so
7134fda72000-7134fda73000 rw-p 00010000 00:1c 249173                     /usr/lib/jvm/java-21-openjdk-amd64/lib/libjli.so
7134fda73000-7134fda75000 r--p 00000000 00:1c 15279                      /usr/lib/x86_64-linux-gnu/libz.so.1.3
7134fda75000-7134fda87000 r-xp 00002000 00:1c 15279                      /usr/lib/x86_64-linux-gnu/libz.so.1.3
7134fda87000-7134fda8d000 r--p 00014000 00:1c 15279                      /usr/lib/x86_64-linux-gnu/libz.so.1.3
7134fda8d000-7134fda8e000 r--p 0001a000 00:1c 15279                      /usr/lib/x86_64-linux-gnu/libz.so.1.3
7134fda8e000-7134fda8f000 rw-p 0001b000 00:1c 15279                      /usr/lib/x86_64-linux-gnu/libz.so.1.3
7134fda92000-7134fda93000 r-xp 00000000 00:00 0 
7134fda93000-7134fda94000 r--p 00000000 00:1c 85225                      /usr/share/locale-langpack/en_GB/LC_MESSAGES/libc.mo
7134fda94000-7134fda96000 r--p 00000000 00:1c 249164                     /usr/lib/jvm/java-21-openjdk-amd64/lib/libinstrument.so
7134fda96000-7134fda9c000 r-xp 00002000 00:1c 249164                     /usr/lib/jvm/java-21-openjdk-amd64/lib/libinstrument.so
7134fda9c000-7134fda9f000 r--p 00008000 00:1c 249164                     /usr/lib/jvm/java-21-openjdk-amd64/lib/libinstrument.so
7134fda9f000-7134fdaa0000 r--p 0000a000 00:1c 249164                     /usr/lib/jvm/java-21-openjdk-amd64/lib/libinstrument.so
7134fdaa0000-7134fdaa1000 rw-p 0000b000 00:1c 249164                     /usr/lib/jvm/java-21-openjdk-amd64/lib/libinstrument.so
7134fdaa1000-7134fdaa2000 ---p 00000000 00:00 0 
7134fdaa2000-7134fdaa3000 r--p 00000000 00:00 0 
7134fdaa3000-7134fdaa4000 ---p 00000000 00:00 0 
7134fdaa4000-7134fdaa6000 r--p 00000000 00:1c 249172                     /usr/lib/jvm/java-21-openjdk-amd64/lib/libjimage.so
7134fdaa6000-7134fdaa9000 r-xp 00002000 00:1c 249172                     /usr/lib/jvm/java-21-openjdk-amd64/lib/libjimage.so
7134fdaa9000-7134fdaaa000 r--p 00005000 00:1c 249172                     /usr/lib/jvm/java-21-openjdk-amd64/lib/libjimage.so
7134fdaaa000-7134fdaab000 r--p 00006000 00:1c 249172                     /usr/lib/jvm/java-21-openjdk-amd64/lib/libjimage.so
7134fdaab000-7134fdaac000 rw-p 00007000 00:1c 249172                     /usr/lib/jvm/java-21-openjdk-amd64/lib/libjimage.so
7134fdaac000-7134fdaae000 rw-p 00000000 00:00 0 
7134fdaae000-7134fdab0000 r--p 00000000 00:00 0                          [vvar]
7134fdab0000-7134fdab2000 r--p 00000000 00:00 0                          [vvar_vclock]
7134fdab2000-7134fdab4000 r-xp 00000000 00:00 0                          [vdso]
7134fdab4000-7134fdab5000 r--p 00000000 00:1c 223657                     /usr/lib/x86_64-linux-gnu/ld-linux-x86-64.so.2
7134fdab5000-7134fdae0000 r-xp 00001000 00:1c 223657                     /usr/lib/x86_64-linux-gnu/ld-linux-x86-64.so.2
7134fdae0000-7134fdaea000 r--p 0002c000 00:1c 223657                     /usr/lib/x86_64-linux-gnu/ld-linux-x86-64.so.2
7134fdaea000-7134fdaec000 r--p 00036000 00:1c 223657                     /usr/lib/x86_64-linux-gnu/ld-linux-x86-64.so.2
7134fdaec000-7134fdaee000 rw-p 00038000 00:1c 223657                     /usr/lib/x86_64-linux-gnu/ld-linux-x86-64.so.2
7ffce5d76000-7ffce5d98000 rw-p 00000000 00:00 0                          [stack]
ffffffffff600000-ffffffffff601000 --xp 00000000 00:00 0                  [vsyscall]
Total number of mappings: 404

JVMTI agents:
/home/mulroney/.vscode/extensions/redhat.java-1.46.2025100108/lombok/lombok-1.18.39-4050.jar path:none, loaded, initialized, instrumentlib options:none


VM Arguments:
jvm_args: --add-modules=ALL-SYSTEM --add-opens=java.base/java.util=ALL-UNNAMED --add-opens=java.base/java.lang=ALL-UNNAMED --add-opens=java.base/sun.nio.fs=ALL-UNNAMED -Declipse.application=org.eclipse.jdt.ls.core.id1 -Dosgi.bundles.defaultStartLevel=4 -Declipse.product=org.eclipse.jdt.ls.core.product -Djava.import.generatesMetadataFilesAtProjectRoot=false -DDetectVMInstallationsJob.disabled=true -Dfile.encoding=utf8 -XX:+UseParallelGC -XX:GCTimeRatio=4 -XX:AdaptiveSizePolicyWeight=90 -Dsun.zip.disableMemoryMapping=true -Xmx2G -Xms100m -Xlog:disable -javaagent:/home/mulroney/.vscode/extensions/redhat.java-1.46.2025100108/lombok/lombok-1.18.39-4050.jar -XX:+HeapDumpOnOutOfMemoryError -XX:HeapDumpPath=/home/mulroney/.config/Code/User/workspaceStorage/12b0b9412c28d26dad82d985a9a21889/redhat.java -Daether.dependencyCollector.impl=bf -XX:+UnlockDiagnosticVMOptions -XX:+AllowArchivingWithJavaAgent -XX:+AutoCreateSharedArchive -XX:SharedArchiveFile=/home/mulroney/.config/Code/User/globalStorage/redhat.java/1.46.2025100108/jdtls.jsa 
java_command: /home/mulroney/.vscode/extensions/redhat.java-1.46.2025100108/server/plugins/org.eclipse.equinox.launcher_1.7.0.v20250519-0528.jar -configuration /home/mulroney/.config/Code/User/globalStorage/redhat.java/1.46.2025100108/config_linux -data /home/mulroney/.config/Code/User/workspaceStorage/12b0b9412c28d26dad82d985a9a21889/redhat.java/jdt_ws --pipe=/run/user/226300/lsp-75f26b0302889703141299922bea6799.sock
java_class_path (initial): /home/mulroney/.vscode/extensions/redhat.java-1.46.2025100108/server/plugins/org.eclipse.equinox.launcher_1.7.0.v20250519-0528.jar
Launcher Type: SUN_STANDARD

[Global flags]
    uintx AdaptiveSizePolicyWeight                 = 90                                        {product} {command line}
     bool AllowArchivingWithJavaAgent              = true                             {JVMCI diagnostic} {command line}
     bool AutoCreateSharedArchive                  = false                               {JVMCI product} {command line}
     intx CICompilerCount                          = 4                                         {product} {ergonomic}
    uintx GCTimeRatio                              = 4                                         {product} {command line}
     bool HeapDumpOnOutOfMemoryError               = true                                   {manageable} {command line}
    ccstr HeapDumpPath                             = /home/mulroney/.config/Code/User/workspaceStorage/12b0b9412c28d26dad82d985a9a21889/redhat.java         {manageable} {command line}
   size_t InitialHeapSize                          = 104857600                                 {product} {command line}
   size_t MaxHeapSize                              = 2147483648                                {product} {command line}
   size_t MaxNewSize                               = 715653120                                 {product} {ergonomic}
   size_t MinHeapDeltaBytes                        = 524288                                    {product} {ergonomic}
   size_t MinHeapSize                              = 104857600                                 {product} {command line}
   size_t NewSize                                  = 34603008                                  {product} {ergonomic}
    uintx NonNMethodCodeHeapSize                   = 5839372                                {pd product} {ergonomic}
    uintx NonProfiledCodeHeapSize                  = 122909434                              {pd product} {ergonomic}
   size_t OldSize                                  = 70254592                                  {product} {ergonomic}
    uintx ProfiledCodeHeapSize                     = 122909434                              {pd product} {ergonomic}
    uintx ReservedCodeCacheSize                    = 251658240                              {pd product} {ergonomic}
     bool SegmentedCodeCache                       = true                                      {product} {ergonomic}
    ccstr SharedArchiveFile                        = /home/mulroney/.config/Code/User/globalStorage/redhat.java/1.46.2025100108/jdtls.jsa      {JVMCI product} {command line}
   size_t SoftMaxHeapSize                          = 2147483648                             {manageable} {ergonomic}
     bool THPStackMitigation                       = false                                  {diagnostic} {ergonomic}
     bool UnlockDiagnosticVMOptions                = true                                   {diagnostic} {command line}
     bool UseCompressedOops                        = true                           {product lp64_product} {ergonomic}
     bool UseParallelGC                            = true                                      {product} {command line}

Logging:
Log output configuration:
 #0: stdout all=off uptime,level,tags foldmultilines=false
 #1: stderr all=off uptime,level,tags foldmultilines=false

Environment Variables:
JAVA_HOME=/usr/lib/jvm/java-21-openjdk-amd64
PATH=/usr/local/sbin:/usr/local/bin:/usr/sbin:/usr/bin:/sbin:/bin:/usr/games:/usr/local/games:/snap/bin:/snap/bin
USERNAME=mulroney
SHELL=/bin/bash
DISPLAY=:0
LANG=en_GB.UTF-8

Active Locale:
LC_ALL=en_GB.UTF-8
LC_COLLATE=en_GB.UTF-8
LC_CTYPE=en_GB.UTF-8
LC_MESSAGES=en_GB.UTF-8
LC_MONETARY=en_GB.UTF-8
LC_NUMERIC=en_GB.UTF-8
LC_TIME=en_GB.UTF-8

Signal Handlers:
   SIGSEGV: crash_handler in libjvm.so, mask=11100100010111111101111111111110, flags=SA_RESTART|SA_SIGINFO, unblocked
    SIGBUS: crash_handler in libjvm.so, mask=11100100010111111101111111111110, flags=SA_RESTART|SA_SIGINFO, unblocked
    SIGFPE: crash_handler in libjvm.so, mask=11100100010111111101111111111110, flags=SA_RESTART|SA_SIGINFO, unblocked
   SIGPIPE: javaSignalHandler in libjvm.so, mask=11100100010111111101111111111110, flags=SA_RESTART|SA_SIGINFO, blocked
   SIGXFSZ: javaSignalHandler in libjvm.so, mask=11100100010111111101111111111110, flags=SA_RESTART|SA_SIGINFO, blocked
    SIGILL: crash_handler in libjvm.so, mask=11100100010111111101111111111110, flags=SA_RESTART|SA_SIGINFO, unblocked
   SIGUSR2: SR_handler in libjvm.so, mask=00000000000000000000000000000000, flags=SA_RESTART|SA_SIGINFO, blocked
    SIGHUP: UserHandler in libjvm.so, mask=11100100010111111101111111111110, flags=SA_RESTART|SA_SIGINFO, blocked
    SIGINT: UserHandler in libjvm.so, mask=11100100010111111101111111111110, flags=SA_RESTART|SA_SIGINFO, blocked
   SIGTERM: UserHandler in libjvm.so, mask=11100100010111111101111111111110, flags=SA_RESTART|SA_SIGINFO, blocked
   SIGQUIT: UserHandler in libjvm.so, mask=11100100010111111101111111111110, flags=SA_RESTART|SA_SIGINFO, blocked
   SIGTRAP: crash_handler in libjvm.so, mask=11100100010111111101111111111110, flags=SA_RESTART|SA_SIGINFO, unblocked


Periodic native trim disabled

---------------  S Y S T E M  ---------------

OS:
DISTRIB_ID=Ubuntu
DISTRIB_RELEASE=24.04
DISTRIB_CODENAME=noble
DISTRIB_DESCRIPTION="Ubuntu 24.04.3 LTS"
uname: Linux 6.14.0-35-generic #35~24.04.1-Ubuntu SMP PREEMPT_DYNAMIC Tue Oct 14 13:55:17 UTC 2 x86_64
OS uptime: 0 days 12:43 hours
libc: glibc 2.39 NPTL 2.39 
rlimit (soft/hard): STACK 8192k/infinity , CORE 0k/infinity , NPROC 61848/61848 , NOFILE 1048576/1048576 , AS infinity/infinity , CPU infinity/infinity , DATA infinity/infinity , FSIZE infinity/infinity , MEMLOCK 2006032k/2006032k
load average: 1.78 1.58 1.24

/proc/meminfo:
MemTotal:       16048256 kB
MemFree:          384424 kB
MemAvailable:    7702556 kB
Buffers:            6600 kB
Cached:          7776448 kB
SwapCached:            0 kB
Active:          4541160 kB
Inactive:        8127708 kB
Active(anon):    3477052 kB
Inactive(anon):  2523940 kB
Active(file):    1064108 kB
Inactive(file):  5603768 kB
Unevictable:      821440 kB
Mlocked:              20 kB
SwapTotal:             0 kB
SwapFree:              0 kB
Zswap:                 0 kB
Zswapped:              0 kB
Dirty:             14524 kB
Writeback:             0 kB
AnonPages:       5708124 kB
Mapped:          1538916 kB
Shmem:           1115100 kB
KReclaimable:    1283508 kB
Slab:            1738228 kB
SReclaimable:    1283508 kB
SUnreclaim:       454720 kB
KernelStack:       45488 kB
PageTables:       109620 kB
SecPageTables:      5948 kB
NFS_Unstable:          0 kB
Bounce:                0 kB
WritebackTmp:          0 kB
CommitLimit:     8024128 kB
Committed_AS:   64249624 kB
VmallocTotal:   34359738367 kB
VmallocUsed:      112676 kB
VmallocChunk:          0 kB
Percpu:            13056 kB
HardwareCorrupted:     0 kB
AnonHugePages:         0 kB
ShmemHugePages:        0 kB
ShmemPmdMapped:        0 kB
FileHugePages:         0 kB
FilePmdMapped:         0 kB
Unaccepted:            0 kB
HugePages_Total:       0
HugePages_Free:        0
HugePages_Rsvd:        0
HugePages_Surp:        0
Hugepagesize:       2048 kB
Hugetlb:               0 kB
DirectMap4k:      405476 kB
DirectMap2M:     8706048 kB
DirectMap1G:     7340032 kB

/sys/kernel/mm/transparent_hugepage/enabled: always [madvise] never
/sys/kernel/mm/transparent_hugepage/hpage_pmd_size: 2097152
/sys/kernel/mm/transparent_hugepage/defrag (defrag/compaction efforts parameter): always defer defer+madvise [madvise] never

Process Memory:
Virtual Size: 7585480K (peak: 7633852K)
Resident Set Size: 326216K (peak: 326216K) (anon: 282128K, file: 44088K, shmem: 0K)
Swapped out: 0K
C-Heap outstanding allocations: 85527K, retained: 32396K
glibc malloc tunables: (default)

/proc/sys/kernel/threads-max (system-wide limit on the number of threads): 123696
/proc/sys/vm/max_map_count (maximum number of memory map areas a process may have): 1048576
/proc/sys/vm/swappiness (control to define how aggressively the kernel swaps out anonymous memory): 60
/proc/sys/kernel/pid_max (system-wide limit on number of process identifiers): 4194304

container information not found.
Steal ticks since vm start: 0
Steal ticks percentage since vm start:  0.000

CPU: total 12 (initial active 12) (6 cores per cpu, 2 threads per core) family 6 model 151 stepping 5 microcode 0x3a, cx8, cmov, fxsr, ht, mmx, 3dnowpref, sse, sse2, sse3, ssse3, sse4.1, sse4.2, popcnt, lzcnt, tsc, tscinvbit, avx, avx2, aes, erms, clmul, bmi1, bmi2, adx, sha, fma, vzeroupper, clflush, clflushopt, clwb, serialize, rdtscp, rdpid, fsrm, f16c, pku, ospke, cet_ibt, cet_ss
CPU Model and flags from /proc/cpuinfo:
model name	: 12th Gen Intel(R) Core(TM) i5-12500T
flags		: fpu vme de pse tsc msr pae mce cx8 apic sep mtrr pge mca cmov pat pse36 clflush dts acpi mmx fxsr sse sse2 ss ht tm pbe syscall nx pdpe1gb rdtscp lm constant_tsc art arch_perfmon pebs bts rep_good nopl xtopology nonstop_tsc cpuid aperfmperf tsc_known_freq pni pclmulqdq dtes64 monitor ds_cpl vmx smx est tm2 ssse3 sdbg fma cx16 xtpr pdcm pcid sse4_1 sse4_2 x2apic movbe popcnt tsc_deadline_timer aes xsave avx f16c rdrand lahf_lm abm 3dnowprefetch cpuid_fault epb ssbd ibrs ibpb stibp ibrs_enhanced tpr_shadow flexpriority ept vpid ept_ad fsgsbase tsc_adjust bmi1 avx2 smep bmi2 erms invpcid rdseed adx smap clflushopt clwb intel_pt sha_ni xsaveopt xsavec xgetbv1 xsaves split_lock_detect user_shstk avx_vnni dtherm ida arat pln pts hwp hwp_notify hwp_act_window hwp_epp hwp_pkg_req hfi vnmi umip pku ospke waitpkg gfni vaes vpclmulqdq rdpid movdiri movdir64b fsrm md_clear serialize pconfig arch_lbr ibt flush_l1d arch_capabilities

Online cpus: 0-11
Offline cpus: 
BIOS frequency limitation: <Not Available>
Frequency switch latency (ns): 0
Available cpu frequencies: <Not Available>
Current governor: powersave
Core performance/turbo boost: <Not Available>

Memory: 4k page, physical 16048256k(7702556k free), swap 0k(0k free)
Page Sizes: 4k

vm_info: OpenJDK 64-Bit Server VM (21.0.8+9-Ubuntu-0ubuntu124.04.1) for linux-amd64 JRE (21.0.8+9-Ubuntu-0ubuntu124.04.1), built on 2025-07-16T21:55:59Z by "buildd" with gcc 13.3.0

END.
